id,name,battle,battleScene,heroId,firstRewards-type-1,firstRewards-id-1,firstRewards-value-1,firstRewards-type-2,firstRewards-id-2,firstRewards-value-2,passRewards-type-1,passRewards-id-1,passRewards-value-1,passRewards-type-2,passRewards-id-2,passRewards-value-2,
1,s==6|Tầng 1,30001,50000,22501,2,1001,6,,,,1,8,2000,1,10,800,
2,s==6|Tầng 2,30002,50000,21510,2,1001,6,,,,1,8,2500,1,10,1000,
3,s==6|Tầng 3,30003,50000,24506,2,1001,6,,,,1,8,3000,1,10,1200,
4,s==6|Tầng 4,30004,50000,23504,2,1001,7,,,,1,8,3000,1,10,1200,
5,s==6|Tầng 5,30005,50000,24504,2,1001,7,,,,1,8,3500,1,10,1400,
6,s==6|Tầng 6,30006,50000,24503,2,1001,7,,,,1,8,3500,1,10,1400,
7,s==6|Tầng 7,30007,50000,21505,2,1001,8,,,,1,8,4000,1,10,1600,
8,s==6|Tầng 8,30008,50000,22509,2,1001,8,,,,1,8,4000,1,10,1600,
9,s==6|Tầng 9,30009,50000,21510,2,1001,8,,,,1,8,4500,1,10,1800,
10,s==7|Tầng 10,30010,50000,24503,2,1001,9,,,,1,8,4500,1,10,1800,
11,s==7|Tầng 11,30011,50000,22507,2,1001,9,,,,1,8,5000,1,10,2000,
12,s==7|Tầng 12,30012,50000,22505,2,1001,9,,,,1,8,5000,1,10,2000,
13,s==7|Tầng 13,30013,50000,22507,2,1001,12,,,,1,8,5500,1,10,2200,
14,s==7|Tầng 14,30014,50000,2450110,2,1001,12,,,,1,8,5500,1,10,2200,
15,s==7|Tầng 15,30015,50000,23513,2,1001,13,,,,1,8,6000,1,10,2400,
16,s==7|Tầng 16,30016,50000,24503,2,1001,13,,,,1,8,6000,1,10,2400,
17,s==7|Tầng 17,30017,50000,23506,2,1001,14,,,,1,8,6500,1,10,2600,
18,s==7|Tầng 18,30018,50000,24510,2,1001,14,,,,1,8,6500,1,10,2600,
19,s==7|Tầng 19,30019,50000,2450110,2,1001,15,,,,1,8,7000,1,10,2800,
20,s==7|Tầng 20,30020,50000,22509,2,1001,15,,,,1,8,7000,1,10,2800,
21,s==7|Tầng 21,30021,50000,21510,2,1001,16,,,,1,8,7500,1,10,3000,
22,s==7|Tầng 22,30022,50000,25503,2,1001,16,,,,1,8,7500,1,10,3000,
23,s==7|Tầng 23,30023,50000,21510,2,1001,17,,,,1,8,8000,1,10,3200,
24,s==7|Tầng 24,30024,50000,25506,2,1001,17,,,,1,8,8000,1,10,3200,
25,s==7|Tầng 25,30025,50000,24502,2,1001,18,,,,1,8,8500,1,10,3400,
26,s==7|Tầng 26,30026,50000,22501,2,1001,18,,,,1,8,8500,1,10,3400,
27,s==7|Tầng 27,30027,50000,21510,2,1001,19,,,,1,8,9000,1,10,3600,
28,s==7|Tầng 28,30028,50000,24506,2,1001,19,,,,1,8,9000,1,10,3600,
29,s==7|Tầng 29,30029,50000,23504,2,1001,20,,,,1,8,9500,1,10,3800,
30,s==7|Tầng 30,30030,50000,24504,2,1001,20,,,,1,8,9500,1,10,3800,
31,s==7|Tầng 31,30031,50000,24503,2,1001,21,,,,1,8,10000,1,10,4000,
32,s==7|Tầng 32,30032,50000,21505,2,1001,21,,,,1,8,10000,1,10,4000,
33,s==7|Tầng 33,30033,50000,22509,2,1001,22,,,,1,8,10500,1,10,4200,
34,s==7|Tầng 34,30034,50000,21510,2,1001,22,,,,1,8,10500,1,10,4200,
35,s==7|Tầng 35,30035,50000,24503,2,1001,23,,,,1,8,11000,1,10,4400,
36,s==7|Tầng 36,30036,50000,22507,2,1001,23,,,,1,8,11000,1,10,4400,
37,s==7|Tầng 37,30037,50000,22505,2,1001,24,,,,1,8,11500,1,10,4600,
38,s==7|Tầng 38,30038,50000,22507,2,1001,24,,,,1,8,11500,1,10,4600,
39,s==7|Tầng 39,30039,50000,2450110,2,1001,25,,,,1,8,12000,1,10,4800,
40,s==7|Tầng 40,30040,50000,23513,2,1001,25,,,,1,8,12000,1,10,4800,
41,s==7|Tầng 41,30041,50000,24503,2,1001,26,,,,1,8,12500,1,10,5000,
42,s==7|Tầng 42,30042,50000,23506,2,1001,26,,,,1,8,12500,1,10,5000,
43,s==7|Tầng 43,30043,50000,24510,2,1001,27,,,,1,8,13000,1,10,5200,
44,s==7|Tầng 44,30044,50000,2450110,2,1001,27,,,,1,8,13000,1,10,5200,
45,s==7|Tầng 45,30045,50000,22509,2,1001,28,,,,1,8,13500,1,10,5400,
46,s==7|Tầng 46,30046,50000,21510,2,1001,28,,,,1,8,13500,1,10,5400,
47,s==7|Tầng 47,30047,50000,25503,2,1001,29,,,,1,8,14000,1,10,5600,
48,s==7|Tầng 48,30048,50000,21510,2,1001,29,,,,1,8,14000,1,10,5600,
49,s==7|Tầng 49,30049,50000,25506,2,1001,30,,,,1,8,14500,1,10,5800,
50,s==7|Tầng 50,30050,50000,24502,2,1001,30,,,,1,8,14500,1,10,5800,
51,s==7|Tầng 51,30051,50000,22501,2,1001,31,,,,1,8,15000,1,10,6000,
52,s==7|Tầng 52,30052,50000,21510,2,1001,31,,,,1,8,15000,1,10,6000,
53,s==7|Tầng 53,30053,50000,24506,2,1001,32,,,,1,8,15500,1,10,6200,
54,s==7|Tầng 54,30054,50000,23504,2,1001,32,,,,1,8,15500,1,10,6200,
55,s==7|Tầng 55,30055,50000,24504,2,1001,33,,,,1,8,16000,1,10,6400,
56,s==7|Tầng 56,30056,50000,24503,2,1001,33,,,,1,8,16000,1,10,6400,
57,s==7|Tầng 57,30057,50000,21505,2,1001,34,,,,1,8,16500,1,10,6600,
58,s==7|Tầng 58,30058,50000,22509,2,1001,34,,,,1,8,16500,1,10,6600,
59,s==7|Tầng 59,30059,50000,21510,2,1001,35,,,,1,8,17000,1,10,6800,
60,s==7|Tầng 60,30060,50000,24503,2,1001,35,,,,1,8,17000,1,10,6800,
61,s==7|Tầng 61,30061,50000,22507,2,1001,36,,,,1,8,17500,1,10,7000,
62,s==7|Tầng 62,30062,50000,22505,2,1001,36,,,,1,8,17500,1,10,7000,
63,s==7|Tầng 63,30063,50000,22507,2,1001,37,,,,1,8,18000,1,10,7200,
64,s==7|Tầng 64,30064,50000,2450110,2,1001,37,,,,1,8,18000,1,10,7200,
65,s==7|Tầng 65,30065,50000,23513,2,1001,38,,,,1,8,18500,1,10,7400,
66,s==7|Tầng 66,30066,50000,24503,2,1001,38,,,,1,8,18500,1,10,7400,
67,s==7|Tầng 67,30067,50000,23506,2,1001,39,,,,1,8,19000,1,10,7600,
68,s==7|Tầng 68,30068,50000,24510,2,1001,39,,,,1,8,19000,1,10,7600,
69,s==7|Tầng 69,30069,50000,2450110,2,1001,40,,,,1,8,19500,1,10,7800,
70,s==7|Tầng 70,30070,50000,22509,2,1001,40,,,,1,8,19500,1,10,7800,
71,s==7|Tầng 71,30071,50000,21510,2,1001,41,,,,1,8,20000,1,10,8000,
72,s==7|Tầng 72,30072,50000,25503,2,1001,41,,,,1,8,20000,1,10,8000,
73,s==7|Tầng 73,30073,50000,21510,2,1001,42,,,,1,8,20500,1,10,8200,
74,s==7|Tầng 74,30074,50000,25506,2,1001,42,,,,1,8,20500,1,10,8200,
75,s==7|Tầng 75,30075,50000,24502,2,1001,43,,,,1,8,21000,1,10,8400,
76,s==7|Tầng 76,30076,50000,22501,2,1001,43,,,,1,8,21000,1,10,8400,
77,s==7|Tầng 77,30077,50000,21510,2,1001,44,,,,1,8,21500,1,10,8600,
78,s==7|Tầng 78,30078,50000,24506,2,1001,44,,,,1,8,21500,1,10,8600,
79,s==7|Tầng 79,30079,50000,23504,2,1001,45,,,,1,8,22000,1,10,8800,
80,s==7|Tầng 80,30080,50000,24504,2,1001,45,,,,1,8,22000,1,10,8800,
81,s==7|Tầng 81,30081,50000,24503,2,1001,46,,,,1,8,22500,1,10,9000,
82,s==7|Tầng 82,30082,50000,21505,2,1001,46,,,,1,8,22500,1,10,9000,
83,s==7|Tầng 83,30083,50000,22509,2,1001,47,,,,1,8,23000,1,10,9200,
84,s==7|Tầng 84,30084,50000,21510,2,1001,47,,,,1,8,23000,1,10,9200,
85,s==7|Tầng 85,30085,50000,24503,2,1001,48,,,,1,8,23500,1,10,9400,
86,s==7|Tầng 86,30086,50000,22507,2,1001,48,,,,1,8,23500,1,10,9400,
87,s==7|Tầng 87,30087,50000,22505,2,1001,49,,,,1,8,24000,1,10,9600,
88,s==7|Tầng 88,30088,50000,22507,2,1001,49,,,,1,8,24000,1,10,9600,
89,s==7|Tầng 89,30089,50000,2450110,2,1001,50,,,,1,8,24500,1,10,9800,
90,s==7|Tầng 90,30090,50000,23513,2,1001,50,,,,1,8,24500,1,10,9800,
91,s==7|Tầng 91,30091,50000,24503,2,1001,51,,,,1,8,25000,1,10,10000,
92,s==7|Tầng 92,30092,50000,23506,2,1001,51,,,,1,8,25000,1,10,10000,
93,s==7|Tầng 93,30093,50000,24510,2,1001,52,,,,1,8,25500,1,10,10200,
94,s==7|Tầng 94,30094,50000,2450110,2,1001,52,,,,1,8,25500,1,10,10200,
95,s==7|Tầng 95,30095,50000,22509,2,1001,53,,,,1,8,26000,1,10,10400,
96,s==7|Tầng 96,30096,50000,21510,2,1001,53,,,,1,8,26000,1,10,10400,
97,s==7|Tầng 97,30097,50000,25503,2,1001,54,,,,1,8,26500,1,10,10600,
98,s==7|Tầng 98,30098,50000,21510,2,1001,54,,,,1,8,26500,1,10,10600,
99,s==7|Tầng 99,30099,50000,25506,2,1001,55,,,,1,8,27000,1,10,10800,
100,s==8|Tầng 100,30100,50000,24502,2,1001,55,,,,1,8,27000,1,10,10800,
101,s==8|Tầng 101,30101,50000,22501,2,1001,56,,,,1,8,27500,1,10,11000,
102,s==8|Tầng 102,30102,50000,21510,2,1001,56,,,,1,8,27500,1,10,11000,
103,s==8|Tầng 103,30103,50000,24510,2,1001,57,,,,1,8,28000,1,10,11200,
104,s==8|Tầng 104,30104,50000,23504,2,1001,57,,,,1,8,28000,1,10,11200,
105,s==8|Tầng 105,30105,50000,24504,2,1001,58,,,,1,8,28500,1,10,11400,
106,s==8|Tầng 106,30106,50000,24510,2,1001,58,,,,1,8,28500,1,10,11400,
107,s==8|Tầng 107,30107,50000,21505,2,1001,59,,,,1,8,29000,1,10,11600,
108,s==8|Tầng 108,30108,50000,22509,2,1001,59,,,,1,8,29000,1,10,11600,
109,s==8|Tầng 109,30109,50000,21505,2,1001,60,,,,1,8,29500,1,10,11800,
110,s==8|Tầng 110,30110,50000,24508,2,1001,60,,,,1,8,29500,1,10,11800,
111,s==8|Tầng 111,30111,50000,22507,2,1001,61,,,,1,8,30000,1,10,12000,
112,s==8|Tầng 112,30112,50000,22501,2,1001,61,,,,1,8,30000,1,10,12000,
113,s==8|Tầng 113,30113,50000,22507,2,1001,62,,,,1,8,30500,1,10,12200,
114,s==8|Tầng 114,30114,50000,24513,2,1001,62,,,,1,8,30500,1,10,12200,
115,s==8|Tầng 115,30115,50000,25503,2,1001,63,,,,1,8,31000,1,10,12400,
116,s==8|Tầng 116,30116,50000,24510,2,1001,63,,,,1,8,31000,1,10,12400,
117,s==8|Tầng 117,30117,50000,23503,2,1001,64,,,,1,8,31500,1,10,12600,
118,s==8|Tầng 118,30118,50000,24508,2,1001,64,,,,1,8,31500,1,10,12600,
119,s==8|Tầng 119,30119,50000,24506,2,1001,65,,,,1,8,32000,1,10,12800,
120,s==8|Tầng 120,30120,50000,22509,2,1001,65,,,,1,8,32000,1,10,12800,
121,s==8|Tầng 121,30121,50000,21505,2,1001,66,,,,1,8,32500,1,10,13000,
122,s==8|Tầng 122,30122,50000,25503,2,1001,66,,,,1,8,32500,1,10,13000,
123,s==8|Tầng 123,30123,50000,21508,2,1001,67,,,,1,8,33000,1,10,13200,
124,s==8|Tầng 124,30124,50000,25506,2,1001,67,,,,1,8,33000,1,10,13200,
125,s==8|Tầng 125,30125,50000,24502,2,1001,68,,,,1,8,33500,1,10,13400,
126,s==8|Tầng 126,30126,50000,22501,2,1001,68,,,,1,8,33500,1,10,13400,
127,s==8|Tầng 127,30127,50000,21510,2,1001,69,,,,1,8,34000,1,10,13600,
128,s==8|Tầng 128,30128,50000,24510,2,1001,69,,,,1,8,34000,1,10,13600,
129,s==8|Tầng 129,30129,50000,23504,2,1001,70,,,,1,8,34500,1,10,13800,
130,s==8|Tầng 130,30130,50000,24504,2,1001,70,,,,1,8,34500,1,10,13800,
131,s==8|Tầng 131,30131,50000,24510,2,1001,71,,,,1,8,35000,1,10,14000,
132,s==8|Tầng 132,30132,50000,21505,2,1001,71,,,,1,8,35000,1,10,14000,
133,s==8|Tầng 133,30133,50000,22509,2,1001,72,,,,1,8,35500,1,10,14200,
134,s==8|Tầng 134,30134,50000,21505,2,1001,72,,,,1,8,35500,1,10,14200,
135,s==8|Tầng 135,30135,50000,24508,2,1001,73,,,,1,8,36000,1,10,14400,
136,s==8|Tầng 136,30136,50000,22507,2,1001,73,,,,1,8,36000,1,10,14400,
137,s==8|Tầng 137,30137,50000,22501,2,1001,74,,,,1,8,36500,1,10,14600,
138,s==8|Tầng 138,30138,50000,22507,2,1001,74,,,,1,8,36500,1,10,14600,
139,s==8|Tầng 139,30139,50000,24513,2,1001,75,,,,1,8,37000,1,10,14800,
140,s==8|Tầng 140,30140,50000,25503,2,1001,75,,,,1,8,37000,1,10,14800,
141,s==8|Tầng 141,30141,50000,24510,2,1001,76,,,,1,8,37500,1,10,15000,
142,s==8|Tầng 142,30142,50000,23503,2,1001,76,,,,1,8,37500,1,10,15000,
143,s==8|Tầng 143,30143,50000,24508,2,1001,77,,,,1,8,38000,1,10,15200,
144,s==8|Tầng 144,30144,50000,24506,2,1001,77,,,,1,8,38000,1,10,15200,
145,s==8|Tầng 145,30145,50000,22509,2,1001,78,,,,1,8,38500,1,10,15400,
146,s==8|Tầng 146,30146,50000,21505,2,1001,78,,,,1,8,38500,1,10,15400,
147,s==8|Tầng 147,30147,50000,25503,2,1001,79,,,,1,8,39000,1,10,15600,
148,s==8|Tầng 148,30148,50000,21508,2,1001,79,,,,1,8,39000,1,10,15600,
149,s==8|Tầng 149,30149,50000,25506,2,1001,80,,,,1,8,39500,1,10,15800,
150,s==8|Tầng 150,30150,50000,24502,2,1001,80,,,,1,8,39500,1,10,15800,
151,s==8|Tầng 151,30151,50000,22501,2,1001,81,,,,1,8,40000,1,10,16000,
152,s==8|Tầng 152,30152,50000,21510,2,1001,81,,,,1,8,40000,1,10,16000,
153,s==8|Tầng 153,30153,50000,24510,2,1001,82,,,,1,8,40500,1,10,16200,
154,s==8|Tầng 154,30154,50000,23504,2,1001,82,,,,1,8,40500,1,10,16200,
155,s==8|Tầng 155,30155,50000,24504,2,1001,83,,,,1,8,41000,1,10,16400,
156,s==8|Tầng 156,30156,50000,24510,2,1001,83,,,,1,8,41000,1,10,16400,
157,s==8|Tầng 157,30157,50000,21505,2,1001,84,,,,1,8,41500,1,10,16600,
158,s==8|Tầng 158,30158,50000,22509,2,1001,84,,,,1,8,41500,1,10,16600,
159,s==8|Tầng 159,30159,50000,21505,2,1001,85,,,,1,8,42000,1,10,16800,
160,s==8|Tầng 160,30160,50000,24508,2,1001,85,,,,1,8,42000,1,10,16800,
161,s==8|Tầng 161,30161,50000,22507,2,1001,86,,,,1,8,42500,1,10,17000,
162,s==8|Tầng 162,30162,50000,22501,2,1001,86,,,,1,8,42500,1,10,17000,
163,s==8|Tầng 163,30163,50000,22507,2,1001,87,,,,1,8,43000,1,10,17200,
164,s==8|Tầng 164,30164,50000,24513,2,1001,87,,,,1,8,43000,1,10,17200,
165,s==8|Tầng 165,30165,50000,25503,2,1001,88,,,,1,8,43500,1,10,17400,
166,s==8|Tầng 166,30166,50000,24510,2,1001,88,,,,1,8,43500,1,10,17400,
167,s==8|Tầng 167,30167,50000,23503,2,1001,89,,,,1,8,44000,1,10,17600,
168,s==8|Tầng 168,30168,50000,24508,2,1001,89,,,,1,8,44000,1,10,17600,
169,s==8|Tầng 169,30169,50000,24506,2,1001,90,,,,1,8,44500,1,10,17800,
170,s==8|Tầng 170,30170,50000,22509,2,1001,90,,,,1,8,44500,1,10,17800,
171,s==8|Tầng 171,30171,50000,21505,2,1001,91,,,,1,8,45000,1,10,18000,
172,s==8|Tầng 172,30172,50000,25503,2,1001,91,,,,1,8,45000,1,10,18000,
173,s==8|Tầng 173,30173,50000,21508,2,1001,92,,,,1,8,45500,1,10,18200,
174,s==8|Tầng 174,30174,50000,25506,2,1001,92,,,,1,8,45500,1,10,18200,
175,s==8|Tầng 175,30175,50000,24502,2,1001,93,,,,1,8,46000,1,10,18400,
176,s==8|Tầng 176,30176,50000,22501,2,1001,93,,,,1,8,46000,1,10,18400,
177,s==8|Tầng 177,30177,50000,21510,2,1001,94,,,,1,8,46500,1,10,18600,
178,s==8|Tầng 178,30178,50000,24510,2,1001,94,,,,1,8,46500,1,10,18600,
179,s==8|Tầng 179,30179,50000,23504,2,1001,95,,,,1,8,47000,1,10,18800,
180,s==8|Tầng 180,30180,50000,24504,2,1001,95,,,,1,8,47000,1,10,18800,
181,s==8|Tầng 181,30181,50000,24510,2,1001,96,,,,1,8,47500,1,10,19000,
182,s==8|Tầng 182,30182,50000,21505,2,1001,96,,,,1,8,47500,1,10,19000,
183,s==8|Tầng 183,30183,50000,22509,2,1001,97,,,,1,8,48000,1,10,19200,
184,s==8|Tầng 184,30184,50000,21505,2,1001,97,,,,1,8,48000,1,10,19200,
185,s==8|Tầng 185,30185,50000,24508,2,1001,98,,,,1,8,48500,1,10,19400,
186,s==8|Tầng 186,30186,50000,22507,2,1001,98,,,,1,8,48500,1,10,19400,
187,s==8|Tầng 187,30187,50000,22501,2,1001,99,,,,1,8,49000,1,10,19600,
188,s==8|Tầng 188,30188,50000,22507,2,1001,99,,,,1,8,49000,1,10,19600,
189,s==8|Tầng 189,30189,50000,24513,2,1001,100,,,,1,8,49500,1,10,19800,
190,s==8|Tầng 190,30190,50000,25503,2,1001,100,,,,1,8,49500,1,10,19800,
191,s==8|Tầng 191,30191,50000,24510,2,1001,101,,,,1,8,50000,1,10,20000,
192,s==8|Tầng 192,30192,50000,23503,2,1001,101,,,,1,8,50000,1,10,20000,
193,s==8|Tầng 193,30193,50000,24508,2,1001,102,,,,1,8,50500,1,10,20200,
194,s==8|Tầng 194,30194,50000,24506,2,1001,102,,,,1,8,50500,1,10,20200,
195,s==8|Tầng 195,30195,50000,22509,2,1001,103,,,,1,8,51000,1,10,20400,
196,s==8|Tầng 196,30196,50000,21505,2,1001,103,,,,1,8,51000,1,10,20400,
197,s==8|Tầng 197,30197,50000,25503,2,1001,104,,,,1,8,51500,1,10,20600,
198,s==8|Tầng 198,30198,50000,21508,2,1001,104,,,,1,8,51500,1,10,20600,
199,s==8|Tầng 199,30199,50000,25506,2,1001,105,,,,1,8,52000,1,10,20800,
200,s==8|Tầng 200,30200,50000,24502,2,1001,105,,,,1,8,52000,1,10,20800,
201,s==8|Tầng 201,30201,50000,22501,2,1001,106,,,,1,8,52500,1,10,21000,
202,s==8|Tầng 202,30202,50000,21510,2,1001,106,,,,1,8,52500,1,10,21000,
203,s==8|Tầng 203,30203,50000,24510,2,1001,107,,,,1,8,53000,1,10,21200,
204,s==8|Tầng 204,30204,50000,23504,2,1001,107,,,,1,8,53000,1,10,21200,
205,s==8|Tầng 205,30205,50000,24504,2,1001,108,,,,1,8,53500,1,10,21400,
206,s==8|Tầng 206,30206,50000,24510,2,1001,108,,,,1,8,53500,1,10,21400,
207,s==8|Tầng 207,30207,50000,21505,2,1001,109,,,,1,8,54000,1,10,21600,
208,s==8|Tầng 208,30208,50000,22509,2,1001,109,,,,1,8,54000,1,10,21600,
209,s==8|Tầng 209,30209,50000,21505,2,1001,110,,,,1,8,54500,1,10,21800,
210,s==8|Tầng 210,30210,50000,24508,2,1001,110,,,,1,8,54500,1,10,21800,
211,s==8|Tầng 211,30211,50000,22511,2,1001,111,,,,1,8,55000,1,10,22000,
212,s==8|Tầng 212,30212,50000,22501,2,1001,111,,,,1,8,55000,1,10,22000,
213,s==8|Tầng 213,30213,50000,22507,2,1001,112,,,,1,8,55500,1,10,22200,
214,s==8|Tầng 214,30214,50000,24513,2,1001,112,,,,1,8,55500,1,10,22200,
215,s==8|Tầng 215,30215,50000,25503,2,1001,113,,,,1,8,56000,1,10,22400,
216,s==8|Tầng 216,30216,50000,24510,2,1001,113,,,,1,8,56000,1,10,22400,
217,s==8|Tầng 217,30217,50000,23503,2,1001,114,,,,1,8,56500,1,10,22600,
218,s==8|Tầng 218,30218,50000,24508,2,1001,114,,,,1,8,56500,1,10,22600,
219,s==8|Tầng 219,30219,50000,24506,2,1001,115,,,,1,8,57000,1,10,22800,
220,s==8|Tầng 220,30220,50000,22509,2,1001,115,,,,1,8,57000,1,10,22800,
221,s==8|Tầng 221,30221,50000,21505,2,1001,116,,,,1,8,57500,1,10,23000,
222,s==8|Tầng 222,30222,50000,25503,2,1001,116,,,,1,8,57500,1,10,23000,
223,s==8|Tầng 223,30223,50000,21508,2,1001,117,,,,1,8,58000,1,10,23200,
224,s==8|Tầng 224,30224,50000,25506,2,1001,117,,,,1,8,58000,1,10,23200,
225,s==8|Tầng 225,30225,50000,24502,2,1001,118,,,,1,8,58500,1,10,23400,
226,s==8|Tầng 226,30226,50000,22501,2,1001,118,,,,1,8,58500,1,10,23400,
227,s==8|Tầng 227,30227,50000,21510,2,1001,119,,,,1,8,59000,1,10,23600,
228,s==8|Tầng 228,30228,50000,24510,2,1001,119,,,,1,8,59000,1,10,23600,
229,s==8|Tầng 229,30229,50000,23504,2,1001,120,,,,1,8,59500,1,10,23800,
230,s==8|Tầng 230,30230,50000,24504,2,1001,120,,,,1,8,59500,1,10,23800,
231,s==8|Tầng 231,30231,50000,24510,2,1001,121,,,,1,8,60000,1,10,24000,
232,s==8|Tầng 232,30232,50000,21505,2,1001,121,,,,1,8,60000,1,10,24000,
233,s==8|Tầng 233,30233,50000,22509,2,1001,122,,,,1,8,60500,1,10,24200,
234,s==8|Tầng 234,30234,50000,21505,2,1001,122,,,,1,8,60500,1,10,24200,
235,s==8|Tầng 235,30235,50000,24508,2,1001,123,,,,1,8,61000,1,10,24400,
236,s==8|Tầng 236,30236,50000,22511,2,1001,123,,,,1,8,61000,1,10,24400,
237,s==8|Tầng 237,30237,50000,22501,2,1001,124,,,,1,8,61500,1,10,24600,
238,s==8|Tầng 238,30238,50000,22507,2,1001,124,,,,1,8,61500,1,10,24600,
239,s==8|Tầng 239,30239,50000,24513,2,1001,125,,,,1,8,62000,1,10,24800,
240,s==8|Tầng 240,30240,50000,25503,2,1001,125,,,,1,8,62000,1,10,24800,
241,s==8|Tầng 241,30241,50000,24510,2,1001,126,,,,1,8,62500,1,10,25000,
242,s==8|Tầng 242,30242,50000,23503,2,1001,126,,,,1,8,62500,1,10,25000,
243,s==8|Tầng 243,30243,50000,24508,2,1001,127,,,,1,8,63000,1,10,25200,
244,s==8|Tầng 244,30244,50000,24506,2,1001,127,,,,1,8,63000,1,10,25200,
245,s==8|Tầng 245,30245,50000,22509,2,1001,128,,,,1,8,63500,1,10,25400,
246,s==8|Tầng 246,30246,50000,21505,2,1001,128,,,,1,8,63500,1,10,25400,
247,s==8|Tầng 247,30247,50000,25503,2,1001,129,,,,1,8,64000,1,10,25600,
248,s==8|Tầng 248,30248,50000,21508,2,1001,129,,,,1,8,64000,1,10,25600,
249,s==8|Tầng 249,30249,50000,25506,2,1001,130,,,,1,8,64500,1,10,25800,
250,s==8|Tầng 250,30250,50000,24502,2,1001,130,,,,1,8,64500,1,10,25800,
251,s==8|Tầng 251,30251,50000,22501,2,1001,131,,,,1,8,65000,1,10,26000,
252,s==8|Tầng 252,30252,50000,21510,2,1001,131,,,,1,8,65000,1,10,26000,
253,s==8|Tầng 253,30253,50000,24510,2,1001,132,,,,1,8,65500,1,10,26200,
254,s==8|Tầng 254,30254,50000,23504,2,1001,132,,,,1,8,65500,1,10,26200,
255,s==8|Tầng 255,30255,50000,24504,2,1001,133,,,,1,8,66000,1,10,26400,
256,s==8|Tầng 256,30256,50000,24510,2,1001,133,,,,1,8,66000,1,10,26400,
257,s==8|Tầng 257,30257,50000,21505,2,1001,134,,,,1,8,66500,1,10,26600,
258,s==8|Tầng 258,30258,50000,22509,2,1001,134,,,,1,8,66500,1,10,26600,
259,s==8|Tầng 259,30259,50000,21505,2,1001,135,,,,1,8,67000,1,10,26800,
260,s==8|Tầng 260,30260,50000,24508,2,1001,135,,,,1,8,67000,1,10,26800,
261,s==8|Tầng 261,30261,50000,22511,2,1001,136,,,,1,8,67500,1,10,27000,
262,s==8|Tầng 262,30262,50000,22501,2,1001,136,,,,1,8,67500,1,10,27000,
263,s==8|Tầng 263,30263,50000,22507,2,1001,137,,,,1,8,68000,1,10,27200,
264,s==8|Tầng 264,30264,50000,24513,2,1001,137,,,,1,8,68000,1,10,27200,
265,s==8|Tầng 265,30265,50000,25503,2,1001,138,,,,1,8,68500,1,10,27400,
266,s==8|Tầng 266,30266,50000,24510,2,1001,138,,,,1,8,68500,1,10,27400,
267,s==8|Tầng 267,30267,50000,23503,2,1001,139,,,,1,8,69000,1,10,27600,
268,s==8|Tầng 268,30268,50000,24508,2,1001,139,,,,1,8,69000,1,10,27600,
269,s==8|Tầng 269,30269,50000,24506,2,1001,140,,,,1,8,69500,1,10,27800,
270,s==8|Tầng 270,30270,50000,22509,2,1001,140,,,,1,8,69500,1,10,27800,
271,s==8|Tầng 271,30271,50000,21505,2,1001,141,,,,1,8,70000,1,10,28000,
272,s==8|Tầng 272,30272,50000,25503,2,1001,141,,,,1,8,70000,1,10,28000,
273,s==8|Tầng 273,30273,50000,21508,2,1001,142,,,,1,8,70500,1,10,28200,
274,s==8|Tầng 274,30274,50000,25506,2,1001,142,,,,1,8,70500,1,10,28200,
275,s==8|Tầng 275,30275,50000,24502,2,1001,143,,,,1,8,71000,1,10,28400,
276,s==8|Tầng 276,30276,50000,22501,2,1001,143,,,,1,8,71000,1,10,28400,
277,s==8|Tầng 277,30277,50000,21510,2,1001,144,,,,1,8,71500,1,10,28600,
278,s==8|Tầng 278,30278,50000,24510,2,1001,144,,,,1,8,71500,1,10,28600,
279,s==8|Tầng 279,30279,50000,23504,2,1001,145,,,,1,8,72000,1,10,28800,
280,s==8|Tầng 280,30280,50000,24504,2,1001,145,,,,1,8,72000,1,10,28800,
281,s==8|Tầng 281,30281,50000,24510,2,1001,146,,,,1,8,72500,1,10,29000,
282,s==8|Tầng 282,30282,50000,21505,2,1001,146,,,,1,8,72500,1,10,29000,
283,s==8|Tầng 283,30283,50000,22509,2,1001,147,,,,1,8,73000,1,10,29200,
284,s==8|Tầng 284,30284,50000,21505,2,1001,147,,,,1,8,73000,1,10,29200,
285,s==8|Tầng 285,30285,50000,24508,2,1001,148,,,,1,8,73500,1,10,29400,
286,s==8|Tầng 286,30286,50000,22511,2,1001,148,,,,1,8,73500,1,10,29400,
287,s==8|Tầng 287,30287,50000,22501,2,1001,149,,,,1,8,74000,1,10,29600,
288,s==8|Tầng 288,30288,50000,22507,2,1001,149,,,,1,8,74000,1,10,29600,
289,s==8|Tầng 289,30289,50000,24513,2,1001,150,,,,1,8,74500,1,10,29800,
290,s==8|Tầng 290,30290,50000,25503,2,1001,150,,,,1,8,74500,1,10,29800,
291,s==8|Tầng 291,30291,50000,24510,2,1001,151,,,,1,8,75000,1,10,30000,
292,s==8|Tầng 292,30292,50000,23503,2,1001,151,,,,1,8,75000,1,10,30000,
293,s==8|Tầng 293,30293,50000,24508,2,1001,152,,,,1,8,75500,1,10,30200,
294,s==8|Tầng 294,30294,50000,24506,2,1001,152,,,,1,8,75500,1,10,30200,
295,s==8|Tầng 295,30295,50000,22509,2,1001,153,,,,1,8,76000,1,10,30400,
296,s==8|Tầng 296,30296,50000,21505,2,1001,153,,,,1,8,76000,1,10,30400,
297,s==8|Tầng 297,30297,50000,25503,2,1001,154,,,,1,8,76500,1,10,30600,
298,s==8|Tầng 298,30298,50000,21508,2,1001,154,,,,1,8,76500,1,10,30600,
299,s==8|Tầng 299,30299,50000,25506,2,1001,155,,,,1,8,77000,1,10,30800,
300,s==8|Tầng 300,30300,50000,24502,2,1001,155,,,,1,8,77000,1,10,30800,
301,s==8|Tầng 301,30301,50000,22501,2,1001,156,,,,1,8,77500,1,10,31000,
302,s==8|Tầng 302,30302,50000,21510,2,1001,156,,,,1,8,77500,1,10,31000,
303,s==8|Tầng 303,30303,50000,24510,2,1001,157,,,,1,8,78000,1,10,31200,
304,s==8|Tầng 304,30304,50000,23504,2,1001,157,,,,1,8,78000,1,10,31200,
305,s==8|Tầng 305,30305,50000,24504,2,1001,158,,,,1,8,78500,1,10,31400,
306,s==8|Tầng 306,30306,50000,24510,2,1001,158,,,,1,8,78500,1,10,31400,
307,s==8|Tầng 307,30307,50000,21505,2,1001,159,,,,1,8,79000,1,10,31600,
308,s==8|Tầng 308,30308,50000,22509,2,1001,159,,,,1,8,79000,1,10,31600,
309,s==8|Tầng 309,30309,50000,21505,2,1001,160,,,,1,8,79500,1,10,31800,
310,s==8|Tầng 310,30310,50000,24508,2,1001,160,,,,1,8,79500,1,10,31800,
311,s==8|Tầng 311,30311,50000,22511,2,1001,161,,,,1,8,80000,1,10,32000,
312,s==8|Tầng 312,30312,50000,22501,2,1001,161,,,,1,8,80000,1,10,32000,
313,s==8|Tầng 313,30313,50000,22507,2,1001,162,,,,1,8,80500,1,10,32200,
314,s==8|Tầng 314,30314,50000,24513,2,1001,162,,,,1,8,80500,1,10,32200,
315,s==8|Tầng 315,30315,50000,25503,2,1001,163,,,,1,8,81000,1,10,32400,
316,s==8|Tầng 316,30316,50000,24510,2,1001,163,,,,1,8,81000,1,10,32400,
317,s==8|Tầng 317,30317,50000,23503,2,1001,164,,,,1,8,81500,1,10,32600,
318,s==8|Tầng 318,30318,50000,24508,2,1001,164,,,,1,8,81500,1,10,32600,
319,s==8|Tầng 319,30319,50000,24506,2,1001,165,,,,1,8,82000,1,10,32800,
320,s==8|Tầng 320,30320,50000,22509,2,1001,165,,,,1,8,82000,1,10,32800,
321,s==8|Tầng 321,30321,50000,21505,2,1001,166,,,,1,8,82500,1,10,33000,
322,s==8|Tầng 322,30322,50000,25503,2,1001,166,,,,1,8,82500,1,10,33000,
323,s==8|Tầng 323,30323,50000,21508,2,1001,167,,,,1,8,83000,1,10,33200,
324,s==8|Tầng 324,30324,50000,25506,2,1001,167,,,,1,8,83000,1,10,33200,
325,s==8|Tầng 325,30325,50000,24502,2,1001,168,,,,1,8,83500,1,10,33400,
326,s==8|Tầng 326,30326,50000,22501,2,1001,168,,,,1,8,83500,1,10,33400,
327,s==8|Tầng 327,30327,50000,21510,2,1001,169,,,,1,8,84000,1,10,33600,
328,s==8|Tầng 328,30328,50000,24510,2,1001,169,,,,1,8,84000,1,10,33600,
329,s==8|Tầng 329,30329,50000,23504,2,1001,170,,,,1,8,84500,1,10,33800,
330,s==8|Tầng 330,30330,50000,24504,2,1001,170,,,,1,8,84500,1,10,33800,
331,s==8|Tầng 331,30331,50000,24510,2,1001,171,,,,1,8,85000,1,10,34000,
332,s==8|Tầng 332,30332,50000,21505,2,1001,171,,,,1,8,85000,1,10,34000,
333,s==8|Tầng 333,30333,50000,22509,2,1001,172,,,,1,8,85500,1,10,34200,
334,s==8|Tầng 334,30334,50000,21505,2,1001,172,,,,1,8,85500,1,10,34200,
335,s==8|Tầng 335,30335,50000,24508,2,1001,173,,,,1,8,86000,1,10,34400,
336,s==8|Tầng 336,30336,50000,22511,2,1001,173,,,,1,8,86000,1,10,34400,
337,s==8|Tầng 337,30337,50000,22501,2,1001,174,,,,1,8,86500,1,10,34600,
338,s==8|Tầng 338,30338,50000,22507,2,1001,174,,,,1,8,86500,1,10,34600,
339,s==8|Tầng 339,30339,50000,24513,2,1001,175,,,,1,8,87000,1,10,34800,
340,s==8|Tầng 340,30340,50000,25503,2,1001,175,,,,1,8,87000,1,10,34800,
341,s==8|Tầng 341,30341,50000,24510,2,1001,176,,,,1,8,87500,1,10,35000,
342,s==8|Tầng 342,30342,50000,23503,2,1001,176,,,,1,8,87500,1,10,35000,
343,s==8|Tầng 343,30343,50000,24508,2,1001,177,,,,1,8,88000,1,10,35200,
344,s==8|Tầng 344,30344,50000,24506,2,1001,177,,,,1,8,88000,1,10,35200,
345,s==8|Tầng 345,30345,50000,22509,2,1001,178,,,,1,8,88500,1,10,35400,
346,s==8|Tầng 346,30346,50000,21505,2,1001,178,,,,1,8,88500,1,10,35400,
347,s==8|Tầng 347,30347,50000,25503,2,1001,179,,,,1,8,89000,1,10,35600,
348,s==8|Tầng 348,30348,50000,21508,2,1001,179,,,,1,8,89000,1,10,35600,
349,s==8|Tầng 349,30349,50000,25506,2,1001,180,,,,1,8,89500,1,10,35800,
350,s==8|Tầng 350,30350,50000,24502,2,1001,180,,,,1,8,89500,1,10,35800,
351,s==8|Tầng 351,30351,50000,22501,2,1001,181,,,,1,8,90000,1,10,36000,
352,s==8|Tầng 352,30352,50000,21510,2,1001,181,,,,1,8,90000,1,10,36000,
353,s==8|Tầng 353,30353,50000,24510,2,1001,182,,,,1,8,90500,1,10,36200,
354,s==8|Tầng 354,30354,50000,23504,2,1001,182,,,,1,8,90500,1,10,36200,
355,s==8|Tầng 355,30355,50000,24504,2,1001,183,,,,1,8,91000,1,10,36400,
356,s==8|Tầng 356,30356,50000,24510,2,1001,183,,,,1,8,91000,1,10,36400,
357,s==8|Tầng 357,30357,50000,21505,2,1001,184,,,,1,8,91500,1,10,36600,
358,s==8|Tầng 358,30358,50000,22509,2,1001,184,,,,1,8,91500,1,10,36600,
359,s==8|Tầng 359,30359,50000,21505,2,1001,185,,,,1,8,92000,1,10,36800,
360,s==8|Tầng 360,30360,50000,24508,2,1001,185,,,,1,8,92000,1,10,36800,
361,s==8|Tầng 361,30361,50000,22511,2,1001,186,,,,1,8,92500,1,10,37000,
362,s==8|Tầng 362,30362,50000,22501,2,1001,186,,,,1,8,92500,1,10,37000,
363,s==8|Tầng 363,30363,50000,22507,2,1001,187,,,,1,8,93000,1,10,37200,
364,s==8|Tầng 364,30364,50000,24513,2,1001,187,,,,1,8,93000,1,10,37200,
365,s==8|Tầng 365,30365,50000,25503,2,1001,188,,,,1,8,93500,1,10,37400,
366,s==8|Tầng 366,30366,50000,24510,2,1001,188,,,,1,8,93500,1,10,37400,
367,s==8|Tầng 367,30367,50000,23503,2,1001,189,,,,1,8,94000,1,10,37600,
368,s==8|Tầng 368,30368,50000,24508,2,1001,189,,,,1,8,94000,1,10,37600,
369,s==8|Tầng 369,30369,50000,24506,2,1001,190,,,,1,8,94500,1,10,37800,
370,s==8|Tầng 370,30370,50000,22509,2,1001,190,,,,1,8,94500,1,10,37800,
371,s==8|Tầng 371,30371,50000,21505,2,1001,191,,,,1,8,95000,1,10,38000,
372,s==8|Tầng 372,30372,50000,25503,2,1001,191,,,,1,8,95000,1,10,38000,
373,s==8|Tầng 373,30373,50000,21508,2,1001,192,,,,1,8,95500,1,10,38200,
374,s==8|Tầng 374,30374,50000,25506,2,1001,192,,,,1,8,95500,1,10,38200,
375,s==8|Tầng 375,30375,50000,24502,2,1001,193,,,,1,8,96000,1,10,38400,
376,s==8|Tầng 376,30376,50000,22501,2,1001,193,,,,1,8,96000,1,10,38400,
377,s==8|Tầng 377,30377,50000,21510,2,1001,194,,,,1,8,96500,1,10,38600,
378,s==8|Tầng 378,30378,50000,24510,2,1001,194,,,,1,8,96500,1,10,38600,
379,s==8|Tầng 379,30379,50000,23504,2,1001,195,,,,1,8,97000,1,10,38800,
380,s==8|Tầng 380,30380,50000,24504,2,1001,195,,,,1,8,97000,1,10,38800,
381,s==8|Tầng 381,30381,50000,24510,2,1001,196,,,,1,8,97500,1,10,39000,
382,s==8|Tầng 382,30382,50000,21505,2,1001,196,,,,1,8,97500,1,10,39000,
383,s==8|Tầng 383,30383,50000,22509,2,1001,197,,,,1,8,98000,1,10,39200,
384,s==8|Tầng 384,30384,50000,21505,2,1001,197,,,,1,8,98000,1,10,39200,
385,s==8|Tầng 385,30385,50000,24508,2,1001,198,,,,1,8,98500,1,10,39400,
386,s==8|Tầng 386,30386,50000,22511,2,1001,198,,,,1,8,98500,1,10,39400,
387,s==8|Tầng 387,30387,50000,22501,2,1001,199,,,,1,8,99000,1,10,39600,
388,s==8|Tầng 388,30388,50000,22507,2,1001,199,,,,1,8,99000,1,10,39600,
389,s==8|Tầng 389,30389,50000,24513,2,1001,200,,,,1,8,99500,1,10,39800,
390,s==8|Tầng 390,30390,50000,25503,2,1001,200,,,,1,8,99500,1,10,39800,
391,s==8|Tầng 391,30391,50000,24510,2,1001,201,,,,1,8,100000,1,10,40000,
392,s==8|Tầng 392,30392,50000,23503,2,1001,201,,,,1,8,100000,1,10,40000,
393,s==8|Tầng 393,30393,50000,24508,2,1001,202,,,,1,8,100500,1,10,40200,
394,s==8|Tầng 394,30394,50000,24506,2,1001,202,,,,1,8,100500,1,10,40200,
395,s==8|Tầng 395,30395,50000,22509,2,1001,203,,,,1,8,101000,1,10,40400,
396,s==8|Tầng 396,30396,50000,21505,2,1001,203,,,,1,8,101000,1,10,40400,
397,s==8|Tầng 397,30397,50000,25503,2,1001,204,,,,1,8,101500,1,10,40600,
398,s==8|Tầng 398,30398,50000,21508,2,1001,204,,,,1,8,101500,1,10,40600,
399,s==8|Tầng 399,30399,50000,25506,2,1001,205,,,,1,8,102000,1,10,40800,
400,s==8|Tầng 400,30400,50000,24502,2,1001,205,,,,1,8,102000,1,10,40800,
401,s==8|Tầng 401,30401,50000,22501,2,1001,206,,,,1,8,102500,1,10,41000,
402,s==8|Tầng 402,30402,50000,21510,2,1001,206,,,,1,8,102500,1,10,41000,
403,s==8|Tầng 403,30403,50000,24510,2,1001,207,,,,1,8,103000,1,10,41200,
404,s==8|Tầng 404,30404,50000,23504,2,1001,207,,,,1,8,103000,1,10,41200,
405,s==8|Tầng 405,30405,50000,24504,2,1001,208,,,,1,8,103500,1,10,41400,
406,s==8|Tầng 406,30406,50000,24510,2,1001,208,,,,1,8,103500,1,10,41400,
407,s==8|Tầng 407,30407,50000,21505,2,1001,209,,,,1,8,104000,1,10,41600,
408,s==8|Tầng 408,30408,50000,22509,2,1001,209,,,,1,8,104000,1,10,41600,
409,s==8|Tầng 409,30409,50000,21505,2,1001,210,,,,1,8,104500,1,10,41800,
410,s==8|Tầng 410,30410,50000,24508,2,1001,210,,,,1,8,104500,1,10,41800,
411,s==8|Tầng 411,30411,50000,22511,2,1001,211,,,,1,8,105000,1,10,42000,
412,s==8|Tầng 412,30412,50000,22501,2,1001,211,,,,1,8,105000,1,10,42000,
413,s==8|Tầng 413,30413,50000,22507,2,1001,212,,,,1,8,105500,1,10,42200,
414,s==8|Tầng 414,30414,50000,24513,2,1001,212,,,,1,8,105500,1,10,42200,
415,s==8|Tầng 415,30415,50000,25503,2,1001,213,,,,1,8,106000,1,10,42400,
416,s==8|Tầng 416,30416,50000,24510,2,1001,213,,,,1,8,106000,1,10,42400,
417,s==8|Tầng 417,30417,50000,23503,2,1001,214,,,,1,8,106500,1,10,42600,
418,s==8|Tầng 418,30418,50000,24508,2,1001,214,,,,1,8,106500,1,10,42600,
419,s==8|Tầng 419,30419,50000,24506,2,1001,215,,,,1,8,107000,1,10,42800,
420,s==8|Tầng 420,30420,50000,22509,2,1001,215,,,,1,8,107000,1,10,42800,
421,s==8|Tầng 421,30421,50000,21505,2,1001,216,,,,1,8,107500,1,10,43000,
422,s==8|Tầng 422,30422,50000,25503,2,1001,216,,,,1,8,107500,1,10,43000,
423,s==8|Tầng 423,30423,50000,21508,2,1001,217,,,,1,8,108000,1,10,43200,
424,s==8|Tầng 424,30424,50000,25506,2,1001,217,,,,1,8,108000,1,10,43200,
425,s==8|Tầng 425,30425,50000,24502,2,1001,218,,,,1,8,108500,1,10,43400,
426,s==8|Tầng 426,30426,50000,22501,2,1001,218,,,,1,8,108500,1,10,43400,
427,s==8|Tầng 427,30427,50000,21510,2,1001,219,,,,1,8,109000,1,10,43600,
428,s==8|Tầng 428,30428,50000,24510,2,1001,219,,,,1,8,109000,1,10,43600,
429,s==8|Tầng 429,30429,50000,23504,2,1001,220,,,,1,8,109500,1,10,43800,
430,s==8|Tầng 430,30430,50000,24504,2,1001,220,,,,1,8,109500,1,10,43800,
431,s==8|Tầng 431,30431,50000,24510,2,1001,221,,,,1,8,110000,1,10,44000,
432,s==8|Tầng 432,30432,50000,21505,2,1001,221,,,,1,8,110000,1,10,44000,
433,s==8|Tầng 433,30433,50000,22509,2,1001,222,,,,1,8,110500,1,10,44200,
434,s==8|Tầng 434,30434,50000,21505,2,1001,222,,,,1,8,110500,1,10,44200,
435,s==8|Tầng 435,30435,50000,24508,2,1001,223,,,,1,8,111000,1,10,44400,
436,s==8|Tầng 436,30436,50000,22511,2,1001,223,,,,1,8,111000,1,10,44400,
437,s==8|Tầng 437,30437,50000,22501,2,1001,224,,,,1,8,111500,1,10,44600,
438,s==8|Tầng 438,30438,50000,22507,2,1001,224,,,,1,8,111500,1,10,44600,
439,s==8|Tầng 439,30439,50000,24513,2,1001,225,,,,1,8,112000,1,10,44800,
440,s==8|Tầng 440,30440,50000,25503,2,1001,225,,,,1,8,112000,1,10,44800,
441,s==8|Tầng 441,30441,50000,24510,2,1001,226,,,,1,8,112500,1,10,45000,
442,s==8|Tầng 442,30442,50000,23503,2,1001,226,,,,1,8,112500,1,10,45000,
443,s==8|Tầng 443,30443,50000,24508,2,1001,227,,,,1,8,113000,1,10,45200,
444,s==8|Tầng 444,30444,50000,24506,2,1001,227,,,,1,8,113000,1,10,45200,
445,s==8|Tầng 445,30445,50000,22509,2,1001,228,,,,1,8,113500,1,10,45400,
446,s==8|Tầng 446,30446,50000,21505,2,1001,228,,,,1,8,113500,1,10,45400,
447,s==8|Tầng 447,30447,50000,25503,2,1001,229,,,,1,8,114000,1,10,45600,
448,s==8|Tầng 448,30448,50000,21508,2,1001,229,,,,1,8,114000,1,10,45600,
449,s==8|Tầng 449,30449,50000,25506,2,1001,230,,,,1,8,114500,1,10,45800,
450,s==8|Tầng 450,30450,50000,24502,2,1001,230,,,,1,8,114500,1,10,45800,
451,s==8|Tầng 451,30451,50000,22501,2,1001,231,,,,1,8,115000,1,10,46000,
452,s==8|Tầng 452,30452,50000,21510,2,1001,231,,,,1,8,115000,1,10,46000,
453,s==8|Tầng 453,30453,50000,24510,2,1001,232,,,,1,8,115500,1,10,46200,
454,s==8|Tầng 454,30454,50000,23504,2,1001,232,,,,1,8,115500,1,10,46200,
455,s==8|Tầng 455,30455,50000,24504,2,1001,233,,,,1,8,116000,1,10,46400,
456,s==8|Tầng 456,30456,50000,24510,2,1001,233,,,,1,8,116000,1,10,46400,
457,s==8|Tầng 457,30457,50000,21505,2,1001,234,,,,1,8,116500,1,10,46600,
458,s==8|Tầng 458,30458,50000,22509,2,1001,234,,,,1,8,116500,1,10,46600,
459,s==8|Tầng 459,30459,50000,21505,2,1001,235,,,,1,8,117000,1,10,46800,
460,s==8|Tầng 460,30460,50000,24508,2,1001,235,,,,1,8,117000,1,10,46800,
461,s==8|Tầng 461,30461,50000,22511,2,1001,236,,,,1,8,117500,1,10,47000,
462,s==8|Tầng 462,30462,50000,22501,2,1001,236,,,,1,8,117500,1,10,47000,
463,s==8|Tầng 463,30463,50000,22507,2,1001,237,,,,1,8,118000,1,10,47200,
464,s==8|Tầng 464,30464,50000,24513,2,1001,237,,,,1,8,118000,1,10,47200,
465,s==8|Tầng 465,30465,50000,25503,2,1001,238,,,,1,8,118500,1,10,47400,
466,s==8|Tầng 466,30466,50000,24510,2,1001,238,,,,1,8,118500,1,10,47400,
467,s==8|Tầng 467,30467,50000,23503,2,1001,239,,,,1,8,119000,1,10,47600,
468,s==8|Tầng 468,30468,50000,24508,2,1001,239,,,,1,8,119000,1,10,47600,
469,s==8|Tầng 469,30469,50000,24506,2,1001,240,,,,1,8,119500,1,10,47800,
470,s==8|Tầng 470,30470,50000,22509,2,1001,240,,,,1,8,119500,1,10,47800,
471,s==8|Tầng 471,30471,50000,21505,2,1001,241,,,,1,8,120000,1,10,48000,
472,s==8|Tầng 472,30472,50000,25503,2,1001,241,,,,1,8,120000,1,10,48000,
473,s==8|Tầng 473,30473,50000,21508,2,1001,242,,,,1,8,120500,1,10,48200,
474,s==8|Tầng 474,30474,50000,25506,2,1001,242,,,,1,8,120500,1,10,48200,
475,s==8|Tầng 475,30475,50000,24502,2,1001,243,,,,1,8,121000,1,10,48400,
476,s==8|Tầng 476,30476,50000,22501,2,1001,243,,,,1,8,121000,1,10,48400,
477,s==8|Tầng 477,30477,50000,21510,2,1001,244,,,,1,8,121500,1,10,48600,
478,s==8|Tầng 478,30478,50000,24510,2,1001,244,,,,1,8,121500,1,10,48600,
479,s==8|Tầng 479,30479,50000,23504,2,1001,245,,,,1,8,122000,1,10,48800,
480,s==8|Tầng 480,30480,50000,24504,2,1001,245,,,,1,8,122000,1,10,48800,
481,s==8|Tầng 481,30481,50000,24510,2,1001,246,,,,1,8,122500,1,10,49000,
482,s==8|Tầng 482,30482,50000,21505,2,1001,246,,,,1,8,122500,1,10,49000,
483,s==8|Tầng 483,30483,50000,22509,2,1001,247,,,,1,8,123000,1,10,49200,
484,s==8|Tầng 484,30484,50000,21505,2,1001,247,,,,1,8,123000,1,10,49200,
485,s==8|Tầng 485,30485,50000,24508,2,1001,248,,,,1,8,123500,1,10,49400,
486,s==8|Tầng 486,30486,50000,22511,2,1001,248,,,,1,8,123500,1,10,49400,
487,s==8|Tầng 487,30487,50000,22501,2,1001,249,,,,1,8,124000,1,10,49600,
488,s==8|Tầng 488,30488,50000,22507,2,1001,249,,,,1,8,124000,1,10,49600,
489,s==8|Tầng 489,30489,50000,24513,2,1001,250,,,,1,8,124500,1,10,49800,
490,s==8|Tầng 490,30490,50000,25503,2,1001,250,,,,1,8,124500,1,10,49800,
491,s==8|Tầng 491,30491,50000,24510,2,1001,251,,,,1,8,125000,1,10,50000,
492,s==8|Tầng 492,30492,50000,23503,2,1001,251,,,,1,8,125000,1,10,50000,
493,s==8|Tầng 493,30493,50000,24508,2,1001,252,,,,1,8,125500,1,10,50200,
494,s==8|Tầng 494,30494,50000,24506,2,1001,252,,,,1,8,125500,1,10,50200,
495,s==8|Tầng 495,30495,50000,22509,2,1001,253,,,,1,8,126000,1,10,50400,
496,s==8|Tầng 496,30496,50000,21505,2,1001,253,,,,1,8,126000,1,10,50400,
497,s==8|Tầng 497,30497,50000,25503,2,1001,254,,,,1,8,126500,1,10,50600,
498,s==8|Tầng 498,30498,50000,21508,2,1001,254,,,,1,8,126500,1,10,50600,
499,s==8|Tầng 499,30499,50000,25506,2,1001,255,,,,1,8,127000,1,10,50800,
500,s==8|Tầng 500,30500,50000,24502,2,1001,255,,,,1,8,127000,1,10,50800,
501,s==8|Tầng 501,30501,50000,22501,2,1001,255,,,,1,8,127500,1,10,51000,
502,s==8|Tầng 502,30502,50000,21510,2,1001,255,,,,1,8,127500,1,10,51000,
503,s==8|Tầng 503,30503,50000,24510,2,1001,255,,,,1,8,128000,1,10,51200,
504,s==8|Tầng 504,30504,50000,23504,2,1001,255,,,,1,8,128000,1,10,51200,
505,s==8|Tầng 505,30505,50000,24504,2,1001,255,,,,1,8,128500,1,10,51400,
506,s==8|Tầng 506,30506,50000,24510,2,1001,255,,,,1,8,128500,1,10,51400,
507,s==8|Tầng 507,30507,50000,21505,2,1001,255,,,,1,8,129000,1,10,51600,
508,s==8|Tầng 508,30508,50000,22509,2,1001,255,,,,1,8,129000,1,10,51600,
509,s==8|Tầng 509,30509,50000,21505,2,1001,255,,,,1,8,129500,1,10,51800,
510,s==8|Tầng 510,30510,50000,24508,2,1001,255,,,,1,8,129500,1,10,51800,
511,s==8|Tầng 511,30511,50000,22511,2,1001,255,,,,1,8,130000,1,10,52000,
512,s==8|Tầng 512,30512,50000,22501,2,1001,255,,,,1,8,130000,1,10,52000,
513,s==8|Tầng 513,30513,50000,22507,2,1001,255,,,,1,8,130500,1,10,52200,
514,s==8|Tầng 514,30514,50000,24513,2,1001,255,,,,1,8,130500,1,10,52200,
515,s==8|Tầng 515,30515,50000,25503,2,1001,255,,,,1,8,131000,1,10,52400,
516,s==8|Tầng 516,30516,50000,24510,2,1001,255,,,,1,8,131000,1,10,52400,
517,s==8|Tầng 517,30517,50000,23503,2,1001,255,,,,1,8,131500,1,10,52600,
518,s==8|Tầng 518,30518,50000,24508,2,1001,255,,,,1,8,131500,1,10,52600,
519,s==8|Tầng 519,30519,50000,24506,2,1001,255,,,,1,8,132000,1,10,52800,
520,s==8|Tầng 520,30520,50000,22509,2,1001,255,,,,1,8,132000,1,10,52800,
521,s==8|Tầng 521,30521,50000,21505,2,1001,255,,,,1,8,132500,1,10,53000,
522,s==8|Tầng 522,30522,50000,25503,2,1001,255,,,,1,8,132500,1,10,53000,
523,s==8|Tầng 523,30523,50000,21508,2,1001,255,,,,1,8,133000,1,10,53200,
524,s==8|Tầng 524,30524,50000,25506,2,1001,255,,,,1,8,133000,1,10,53200,
525,s==8|Tầng 525,30525,50000,24502,2,1001,255,,,,1,8,133500,1,10,53400,
526,s==8|Tầng 526,30526,50000,22501,2,1001,255,,,,1,8,133500,1,10,53400,
527,s==8|Tầng 527,30527,50000,21510,2,1001,255,,,,1,8,134000,1,10,53600,
528,s==8|Tầng 528,30528,50000,24510,2,1001,255,,,,1,8,134000,1,10,53600,
529,s==8|Tầng 529,30529,50000,23504,2,1001,255,,,,1,8,134500,1,10,53800,
530,s==8|Tầng 530,30530,50000,24504,2,1001,255,,,,1,8,134500,1,10,53800,
531,s==8|Tầng 531,30531,50000,24510,2,1001,255,,,,1,8,135000,1,10,54000,
532,s==8|Tầng 532,30532,50000,21505,2,1001,255,,,,1,8,135000,1,10,54000,
533,s==8|Tầng 533,30533,50000,22509,2,1001,255,,,,1,8,135500,1,10,54200,
534,s==8|Tầng 534,30534,50000,21505,2,1001,255,,,,1,8,135500,1,10,54200,
535,s==8|Tầng 535,30535,50000,24508,2,1001,255,,,,1,8,136000,1,10,54400,
536,s==8|Tầng 536,30536,50000,22511,2,1001,255,,,,1,8,136000,1,10,54400,
537,s==8|Tầng 537,30537,50000,22501,2,1001,255,,,,1,8,136500,1,10,54600,
538,s==8|Tầng 538,30538,50000,22507,2,1001,255,,,,1,8,136500,1,10,54600,
539,s==8|Tầng 539,30539,50000,24513,2,1001,255,,,,1,8,137000,1,10,54800,
540,s==8|Tầng 540,30540,50000,25503,2,1001,255,,,,1,8,137000,1,10,54800,
541,s==8|Tầng 541,30541,50000,24510,2,1001,255,,,,1,8,137500,1,10,55000,
542,s==8|Tầng 542,30542,50000,23503,2,1001,255,,,,1,8,137500,1,10,55000,
543,s==8|Tầng 543,30543,50000,24508,2,1001,255,,,,1,8,138000,1,10,55200,
544,s==8|Tầng 544,30544,50000,24506,2,1001,255,,,,1,8,138000,1,10,55200,
545,s==8|Tầng 545,30545,50000,22509,2,1001,255,,,,1,8,138500,1,10,55400,
546,s==8|Tầng 546,30546,50000,21505,2,1001,255,,,,1,8,138500,1,10,55400,
547,s==8|Tầng 547,30547,50000,25503,2,1001,255,,,,1,8,139000,1,10,55600,
548,s==8|Tầng 548,30548,50000,21508,2,1001,255,,,,1,8,139000,1,10,55600,
549,s==8|Tầng 549,30549,50000,25506,2,1001,255,,,,1,8,139500,1,10,55800,
550,s==8|Tầng 550,30550,50000,24502,2,1001,255,,,,1,8,139500,1,10,55800,
551,s==8|Tầng 551,30551,50000,22501,2,1001,255,,,,1,8,140000,1,10,56000,
552,s==8|Tầng 552,30552,50000,21510,2,1001,255,,,,1,8,140000,1,10,56000,
553,s==8|Tầng 553,30553,50000,24510,2,1001,255,,,,1,8,140500,1,10,56200,
554,s==8|Tầng 554,30554,50000,23504,2,1001,255,,,,1,8,140500,1,10,56200,
555,s==8|Tầng 555,30555,50000,24504,2,1001,255,,,,1,8,141000,1,10,56400,
556,s==8|Tầng 556,30556,50000,24510,2,1001,255,,,,1,8,141000,1,10,56400,
557,s==8|Tầng 557,30557,50000,21505,2,1001,255,,,,1,8,141500,1,10,56600,
558,s==8|Tầng 558,30558,50000,22509,2,1001,255,,,,1,8,141500,1,10,56600,
559,s==8|Tầng 559,30559,50000,21505,2,1001,255,,,,1,8,142000,1,10,56800,
560,s==8|Tầng 560,30560,50000,24508,2,1001,255,,,,1,8,142000,1,10,56800,
561,s==8|Tầng 561,30561,50000,22511,2,1001,255,,,,1,8,142500,1,10,57000,
562,s==8|Tầng 562,30562,50000,22501,2,1001,255,,,,1,8,142500,1,10,57000,
563,s==8|Tầng 563,30563,50000,22507,2,1001,255,,,,1,8,143000,1,10,57200,
564,s==8|Tầng 564,30564,50000,24513,2,1001,255,,,,1,8,143000,1,10,57200,
565,s==8|Tầng 565,30565,50000,25503,2,1001,255,,,,1,8,143500,1,10,57400,
566,s==8|Tầng 566,30566,50000,24510,2,1001,255,,,,1,8,143500,1,10,57400,
567,s==8|Tầng 567,30567,50000,23503,2,1001,255,,,,1,8,144000,1,10,57600,
568,s==8|Tầng 568,30568,50000,24508,2,1001,255,,,,1,8,144000,1,10,57600,
569,s==8|Tầng 569,30569,50000,24506,2,1001,255,,,,1,8,144500,1,10,57800,
570,s==8|Tầng 570,30570,50000,22509,2,1001,255,,,,1,8,144500,1,10,57800,
571,s==8|Tầng 571,30571,50000,21505,2,1001,255,,,,1,8,145000,1,10,58000,
572,s==8|Tầng 572,30572,50000,25503,2,1001,255,,,,1,8,145000,1,10,58000,
573,s==8|Tầng 573,30573,50000,21508,2,1001,255,,,,1,8,145500,1,10,58200,
574,s==8|Tầng 574,30574,50000,25506,2,1001,255,,,,1,8,145500,1,10,58200,
575,s==8|Tầng 575,30575,50000,24502,2,1001,255,,,,1,8,146000,1,10,58400,
576,s==8|Tầng 576,30576,50000,22501,2,1001,255,,,,1,8,146000,1,10,58400,
577,s==8|Tầng 577,30577,50000,21510,2,1001,255,,,,1,8,146500,1,10,58600,
578,s==8|Tầng 578,30578,50000,24510,2,1001,255,,,,1,8,146500,1,10,58600,
579,s==8|Tầng 579,30579,50000,23504,2,1001,255,,,,1,8,147000,1,10,58800,
580,s==8|Tầng 580,30580,50000,24504,2,1001,255,,,,1,8,147000,1,10,58800,
581,s==8|Tầng 581,30581,50000,24510,2,1001,255,,,,1,8,147500,1,10,59000,
582,s==8|Tầng 582,30582,50000,21505,2,1001,255,,,,1,8,147500,1,10,59000,
583,s==8|Tầng 583,30583,50000,22509,2,1001,255,,,,1,8,148000,1,10,59200,
584,s==8|Tầng 584,30584,50000,21505,2,1001,255,,,,1,8,148000,1,10,59200,
585,s==8|Tầng 585,30585,50000,24508,2,1001,255,,,,1,8,148500,1,10,59400,
586,s==8|Tầng 586,30586,50000,22511,2,1001,255,,,,1,8,148500,1,10,59400,
587,s==8|Tầng 587,30587,50000,22501,2,1001,255,,,,1,8,149000,1,10,59600,
588,s==8|Tầng 588,30588,50000,22507,2,1001,255,,,,1,8,149000,1,10,59600,
589,s==8|Tầng 589,30589,50000,24513,2,1001,255,,,,1,8,149500,1,10,59800,
590,s==8|Tầng 590,30590,50000,25503,2,1001,255,,,,1,8,149500,1,10,59800,
591,s==8|Tầng 591,30591,50000,24510,2,1001,255,,,,1,8,150000,1,10,60000,
592,s==8|Tầng 592,30592,50000,23503,2,1001,255,,,,1,8,150000,1,10,60000,
593,s==8|Tầng 593,30593,50000,24508,2,1001,255,,,,1,8,150500,1,10,60200,
594,s==8|Tầng 594,30594,50000,24506,2,1001,255,,,,1,8,150500,1,10,60200,
595,s==8|Tầng 595,30595,50000,22509,2,1001,255,,,,1,8,151000,1,10,60400,
596,s==8|Tầng 596,30596,50000,21505,2,1001,255,,,,1,8,151000,1,10,60400,
597,s==8|Tầng 597,30597,50000,25503,2,1001,255,,,,1,8,151500,1,10,60600,
598,s==8|Tầng 598,30598,50000,21508,2,1001,255,,,,1,8,151500,1,10,60600,
599,s==8|Tầng 599,30599,50000,25506,2,1001,255,,,,1,8,152000,1,10,60800,
600,s==8|Tầng 600,30600,50000,24502,2,1001,255,,,,1,8,152000,1,10,60800,
601,s==8|Tầng 601,30601,50000,22501,2,1001,255,,,,1,8,152500,1,10,61000,
602,s==8|Tầng 602,30602,50000,21510,2,1001,255,,,,1,8,152500,1,10,61000,
603,s==8|Tầng 603,30603,50000,24510,2,1001,255,,,,1,8,153000,1,10,61200,
604,s==8|Tầng 604,30604,50000,23504,2,1001,255,,,,1,8,153000,1,10,61200,
605,s==8|Tầng 605,30605,50000,24504,2,1001,255,,,,1,8,153500,1,10,61400,
606,s==8|Tầng 606,30606,50000,24510,2,1001,255,,,,1,8,153500,1,10,61400,
607,s==8|Tầng 607,30607,50000,21505,2,1001,255,,,,1,8,154000,1,10,61600,
608,s==8|Tầng 608,30608,50000,22509,2,1001,255,,,,1,8,154000,1,10,61600,
609,s==8|Tầng 609,30609,50000,21505,2,1001,255,,,,1,8,154500,1,10,61800,
610,s==8|Tầng 610,30610,50000,24508,2,1001,255,,,,1,8,154500,1,10,61800,
611,s==8|Tầng 611,30611,50000,22511,2,1001,255,,,,1,8,155000,1,10,62000,
612,s==8|Tầng 612,30612,50000,22501,2,1001,255,,,,1,8,155000,1,10,62000,
613,s==8|Tầng 613,30613,50000,22507,2,1001,255,,,,1,8,155500,1,10,62200,
614,s==8|Tầng 614,30614,50000,24513,2,1001,255,,,,1,8,155500,1,10,62200,
615,s==8|Tầng 615,30615,50000,25503,2,1001,255,,,,1,8,156000,1,10,62400,
616,s==8|Tầng 616,30616,50000,24510,2,1001,255,,,,1,8,156000,1,10,62400,
617,s==8|Tầng 617,30617,50000,23503,2,1001,255,,,,1,8,156500,1,10,62600,
618,s==8|Tầng 618,30618,50000,24508,2,1001,255,,,,1,8,156500,1,10,62600,
619,s==8|Tầng 619,30619,50000,24506,2,1001,255,,,,1,8,157000,1,10,62800,
620,s==8|Tầng 620,30620,50000,22509,2,1001,255,,,,1,8,157000,1,10,62800,
621,s==8|Tầng 621,30621,50000,21505,2,1001,255,,,,1,8,157500,1,10,63000,
622,s==8|Tầng 622,30622,50000,25503,2,1001,255,,,,1,8,157500,1,10,63000,
623,s==8|Tầng 623,30623,50000,21508,2,1001,255,,,,1,8,158000,1,10,63200,
624,s==8|Tầng 624,30624,50000,25506,2,1001,255,,,,1,8,158000,1,10,63200,
625,s==8|Tầng 625,30625,50000,24502,2,1001,255,,,,1,8,158500,1,10,63400,
626,s==8|Tầng 626,30626,50000,22501,2,1001,255,,,,1,8,158500,1,10,63400,
627,s==8|Tầng 627,30627,50000,21510,2,1001,255,,,,1,8,159000,1,10,63600,
628,s==8|Tầng 628,30628,50000,24510,2,1001,255,,,,1,8,159000,1,10,63600,
629,s==8|Tầng 629,30629,50000,23504,2,1001,255,,,,1,8,159500,1,10,63800,
630,s==8|Tầng 630,30630,50000,24504,2,1001,255,,,,1,8,159500,1,10,63800,
631,s==8|Tầng 631,30631,50000,24510,2,1001,255,,,,1,8,160000,1,10,64000,
632,s==8|Tầng 632,30632,50000,21505,2,1001,255,,,,1,8,160000,1,10,64000,
633,s==8|Tầng 633,30633,50000,22509,2,1001,255,,,,1,8,160500,1,10,64200,
634,s==8|Tầng 634,30634,50000,21505,2,1001,255,,,,1,8,160500,1,10,64200,
635,s==8|Tầng 635,30635,50000,24508,2,1001,255,,,,1,8,161000,1,10,64400,
636,s==8|Tầng 636,30636,50000,22511,2,1001,255,,,,1,8,161000,1,10,64400,
637,s==8|Tầng 637,30637,50000,22501,2,1001,255,,,,1,8,161500,1,10,64600,
638,s==8|Tầng 638,30638,50000,22507,2,1001,255,,,,1,8,161500,1,10,64600,
639,s==8|Tầng 639,30639,50000,24513,2,1001,255,,,,1,8,162000,1,10,64800,
640,s==8|Tầng 640,30640,50000,25503,2,1001,255,,,,1,8,162000,1,10,64800,
641,s==8|Tầng 641,30641,50000,24510,2,1001,255,,,,1,8,162500,1,10,65000,
642,s==8|Tầng 642,30642,50000,23503,2,1001,255,,,,1,8,162500,1,10,65000,
643,s==8|Tầng 643,30643,50000,24508,2,1001,255,,,,1,8,163000,1,10,65200,
644,s==8|Tầng 644,30644,50000,24506,2,1001,255,,,,1,8,163000,1,10,65200,
645,s==8|Tầng 645,30645,50000,22509,2,1001,255,,,,1,8,163500,1,10,65400,
646,s==8|Tầng 646,30646,50000,21505,2,1001,255,,,,1,8,163500,1,10,65400,
647,s==8|Tầng 647,30647,50000,25503,2,1001,255,,,,1,8,164000,1,10,65600,
648,s==8|Tầng 648,30648,50000,21508,2,1001,255,,,,1,8,164000,1,10,65600,
649,s==8|Tầng 649,30649,50000,25506,2,1001,255,,,,1,8,164500,1,10,65800,
650,s==8|Tầng 650,30650,50000,24502,2,1001,255,,,,1,8,164500,1,10,65800,
651,s==8|Tầng 651,30651,50000,22501,2,1001,255,,,,1,8,165000,1,10,66000,
652,s==8|Tầng 652,30652,50000,21510,2,1001,255,,,,1,8,165000,1,10,66000,
653,s==8|Tầng 653,30653,50000,24510,2,1001,255,,,,1,8,165500,1,10,66200,
654,s==8|Tầng 654,30654,50000,23504,2,1001,255,,,,1,8,165500,1,10,66200,
655,s==8|Tầng 655,30655,50000,24504,2,1001,255,,,,1,8,166000,1,10,66400,
656,s==8|Tầng 656,30656,50000,24510,2,1001,255,,,,1,8,166000,1,10,66400,
657,s==8|Tầng 657,30657,50000,21505,2,1001,255,,,,1,8,166500,1,10,66600,
658,s==8|Tầng 658,30658,50000,22509,2,1001,255,,,,1,8,166500,1,10,66600,
659,s==8|Tầng 659,30659,50000,21505,2,1001,255,,,,1,8,167000,1,10,66800,
660,s==8|Tầng 660,30660,50000,24508,2,1001,255,,,,1,8,167000,1,10,66800,
661,s==8|Tầng 661,30661,50000,22511,2,1001,255,,,,1,8,167500,1,10,67000,
662,s==8|Tầng 662,30662,50000,22501,2,1001,255,,,,1,8,167500,1,10,67000,
663,s==8|Tầng 663,30663,50000,22507,2,1001,255,,,,1,8,168000,1,10,67200,
664,s==8|Tầng 664,30664,50000,24513,2,1001,255,,,,1,8,168000,1,10,67200,
665,s==8|Tầng 665,30665,50000,25503,2,1001,255,,,,1,8,168500,1,10,67400,
666,s==8|Tầng 666,30666,50000,24510,2,1001,255,,,,1,8,168500,1,10,67400,
667,s==8|Tầng 667,30667,50000,23503,2,1001,255,,,,1,8,169000,1,10,67600,
668,s==8|Tầng 668,30668,50000,24508,2,1001,255,,,,1,8,169000,1,10,67600,
669,s==8|Tầng 669,30669,50000,24506,2,1001,255,,,,1,8,169500,1,10,67800,
670,s==8|Tầng 670,30670,50000,22509,2,1001,255,,,,1,8,169500,1,10,67800,
671,s==8|Tầng 671,30671,50000,21505,2,1001,255,,,,1,8,170000,1,10,68000,
672,s==8|Tầng 672,30672,50000,25503,2,1001,255,,,,1,8,170000,1,10,68000,
673,s==8|Tầng 673,30673,50000,21508,2,1001,255,,,,1,8,170500,1,10,68200,
674,s==8|Tầng 674,30674,50000,25506,2,1001,255,,,,1,8,170500,1,10,68200,
675,s==8|Tầng 675,30675,50000,24502,2,1001,255,,,,1,8,171000,1,10,68400,
676,s==8|Tầng 676,30676,50000,22501,2,1001,255,,,,1,8,171000,1,10,68400,
677,s==8|Tầng 677,30677,50000,21510,2,1001,255,,,,1,8,171500,1,10,68600,
678,s==8|Tầng 678,30678,50000,24510,2,1001,255,,,,1,8,171500,1,10,68600,
679,s==8|Tầng 679,30679,50000,23504,2,1001,255,,,,1,8,172000,1,10,68800,
680,s==8|Tầng 680,30680,50000,24504,2,1001,255,,,,1,8,172000,1,10,68800,
681,s==8|Tầng 681,30681,50000,24510,2,1001,255,,,,1,8,172500,1,10,69000,
682,s==8|Tầng 682,30682,50000,21505,2,1001,255,,,,1,8,172500,1,10,69000,
683,s==8|Tầng 683,30683,50000,22509,2,1001,255,,,,1,8,173000,1,10,69200,
684,s==8|Tầng 684,30684,50000,21505,2,1001,255,,,,1,8,173000,1,10,69200,
685,s==8|Tầng 685,30685,50000,24508,2,1001,255,,,,1,8,173500,1,10,69400,
686,s==8|Tầng 686,30686,50000,22511,2,1001,255,,,,1,8,173500,1,10,69400,
687,s==8|Tầng 687,30687,50000,22501,2,1001,255,,,,1,8,174000,1,10,69600,
688,s==8|Tầng 688,30688,50000,22507,2,1001,255,,,,1,8,174000,1,10,69600,
689,s==8|Tầng 689,30689,50000,24513,2,1001,255,,,,1,8,174500,1,10,69800,
690,s==8|Tầng 690,30690,50000,25503,2,1001,255,,,,1,8,174500,1,10,69800,
691,s==8|Tầng 691,30691,50000,24510,2,1001,255,,,,1,8,175000,1,10,70000,
692,s==8|Tầng 692,30692,50000,23503,2,1001,255,,,,1,8,175000,1,10,70000,
693,s==8|Tầng 693,30693,50000,24508,2,1001,255,,,,1,8,175500,1,10,70200,
694,s==8|Tầng 694,30694,50000,24506,2,1001,255,,,,1,8,175500,1,10,70200,
695,s==8|Tầng 695,30695,50000,22509,2,1001,255,,,,1,8,176000,1,10,70400,
696,s==8|Tầng 696,30696,50000,21505,2,1001,255,,,,1,8,176000,1,10,70400,
697,s==8|Tầng 697,30697,50000,25503,2,1001,255,,,,1,8,176500,1,10,70600,
698,s==8|Tầng 698,30698,50000,21508,2,1001,255,,,,1,8,176500,1,10,70600,
699,s==8|Tầng 699,30699,50000,25506,2,1001,255,,,,1,8,177000,1,10,70800,
700,s==8|Tầng 700,30700,50000,24502,2,1001,255,,,,1,8,177000,1,10,70800,
701,s==8|Tầng 701,30701,50000,22501,2,1001,255,,,,1,8,177500,1,10,71000,
702,s==8|Tầng 702,30702,50000,21510,2,1001,255,,,,1,8,177500,1,10,71000,
703,s==8|Tầng 703,30703,50000,24510,2,1001,255,,,,1,8,178000,1,10,71200,
704,s==8|Tầng 704,30704,50000,23504,2,1001,255,,,,1,8,178000,1,10,71200,
705,s==8|Tầng 705,30705,50000,24504,2,1001,255,,,,1,8,178500,1,10,71400,
706,s==8|Tầng 706,30706,50000,24510,2,1001,255,,,,1,8,178500,1,10,71400,
707,s==8|Tầng 707,30707,50000,21505,2,1001,255,,,,1,8,179000,1,10,71600,
708,s==8|Tầng 708,30708,50000,22509,2,1001,255,,,,1,8,179000,1,10,71600,
709,s==8|Tầng 709,30709,50000,21505,2,1001,255,,,,1,8,179500,1,10,71800,
710,s==8|Tầng 710,30710,50000,24508,2,1001,255,,,,1,8,179500,1,10,71800,
711,s==8|Tầng 711,30711,50000,22511,2,1001,255,,,,1,8,180000,1,10,72000,
712,s==8|Tầng 712,30712,50000,22501,2,1001,255,,,,1,8,180000,1,10,72000,
713,s==8|Tầng 713,30713,50000,22507,2,1001,255,,,,1,8,180500,1,10,72200,
714,s==8|Tầng 714,30714,50000,24513,2,1001,255,,,,1,8,180500,1,10,72200,
715,s==8|Tầng 715,30715,50000,25503,2,1001,255,,,,1,8,181000,1,10,72400,
716,s==8|Tầng 716,30716,50000,24510,2,1001,255,,,,1,8,181000,1,10,72400,
717,s==8|Tầng 717,30717,50000,23503,2,1001,255,,,,1,8,181500,1,10,72600,
718,s==8|Tầng 718,30718,50000,24508,2,1001,255,,,,1,8,181500,1,10,72600,
719,s==8|Tầng 719,30719,50000,24506,2,1001,255,,,,1,8,182000,1,10,72800,
720,s==8|Tầng 720,30720,50000,22509,2,1001,255,,,,1,8,182000,1,10,72800,
721,s==8|Tầng 721,30721,50000,21505,2,1001,255,,,,1,8,182500,1,10,73000,
722,s==8|Tầng 722,30722,50000,25503,2,1001,255,,,,1,8,182500,1,10,73000,
723,s==8|Tầng 723,30723,50000,21508,2,1001,255,,,,1,8,183000,1,10,73200,
724,s==8|Tầng 724,30724,50000,25506,2,1001,255,,,,1,8,183000,1,10,73200,
725,s==8|Tầng 725,30725,50000,24502,2,1001,255,,,,1,8,183500,1,10,73400,
726,s==8|Tầng 726,30726,50000,22501,2,1001,255,,,,1,8,183500,1,10,73400,
727,s==8|Tầng 727,30727,50000,21510,2,1001,255,,,,1,8,184000,1,10,73600,
728,s==8|Tầng 728,30728,50000,24510,2,1001,255,,,,1,8,184000,1,10,73600,
729,s==8|Tầng 729,30729,50000,23504,2,1001,255,,,,1,8,184500,1,10,73800,
730,s==8|Tầng 730,30730,50000,24504,2,1001,255,,,,1,8,184500,1,10,73800,
731,s==8|Tầng 731,30731,50000,24510,2,1001,255,,,,1,8,185000,1,10,74000,
732,s==8|Tầng 732,30732,50000,21505,2,1001,255,,,,1,8,185000,1,10,74000,
733,s==8|Tầng 733,30733,50000,22509,2,1001,255,,,,1,8,185500,1,10,74200,
734,s==8|Tầng 734,30734,50000,21505,2,1001,255,,,,1,8,185500,1,10,74200,
735,s==8|Tầng 735,30735,50000,24508,2,1001,255,,,,1,8,186000,1,10,74400,
736,s==8|Tầng 736,30736,50000,22511,2,1001,255,,,,1,8,186000,1,10,74400,
737,s==8|Tầng 737,30737,50000,22501,2,1001,255,,,,1,8,186500,1,10,74600,
738,s==8|Tầng 738,30738,50000,22507,2,1001,255,,,,1,8,186500,1,10,74600,
739,s==8|Tầng 739,30739,50000,24513,2,1001,255,,,,1,8,187000,1,10,74800,
740,s==8|Tầng 740,30740,50000,25503,2,1001,255,,,,1,8,187000,1,10,74800,
741,s==8|Tầng 741,30741,50000,24510,2,1001,255,,,,1,8,187500,1,10,75000,
742,s==8|Tầng 742,30742,50000,23503,2,1001,255,,,,1,8,187500,1,10,75000,
743,s==8|Tầng 743,30743,50000,24508,2,1001,255,,,,1,8,188000,1,10,75200,
744,s==8|Tầng 744,30744,50000,24506,2,1001,255,,,,1,8,188000,1,10,75200,
745,s==8|Tầng 745,30745,50000,22509,2,1001,255,,,,1,8,188500,1,10,75400,
746,s==8|Tầng 746,30746,50000,21505,2,1001,255,,,,1,8,188500,1,10,75400,
747,s==8|Tầng 747,30747,50000,25503,2,1001,255,,,,1,8,189000,1,10,75600,
748,s==8|Tầng 748,30748,50000,21508,2,1001,255,,,,1,8,189000,1,10,75600,
749,s==8|Tầng 749,30749,50000,25506,2,1001,255,,,,1,8,189500,1,10,75800,
750,s==8|Tầng 750,30750,50000,24502,2,1001,255,,,,1,8,189500,1,10,75800,
751,s==8|Tầng 751,30751,50000,22501,2,1001,255,,,,1,8,190000,1,10,76000,
752,s==8|Tầng 752,30752,50000,21510,2,1001,255,,,,1,8,190000,1,10,76000,
753,s==8|Tầng 753,30753,50000,24510,2,1001,255,,,,1,8,190500,1,10,76200,
754,s==8|Tầng 754,30754,50000,23504,2,1001,255,,,,1,8,190500,1,10,76200,
755,s==8|Tầng 755,30755,50000,24504,2,1001,255,,,,1,8,191000,1,10,76400,
756,s==8|Tầng 756,30756,50000,24510,2,1001,255,,,,1,8,191000,1,10,76400,
757,s==8|Tầng 757,30757,50000,21505,2,1001,255,,,,1,8,191500,1,10,76600,
758,s==8|Tầng 758,30758,50000,22509,2,1001,255,,,,1,8,191500,1,10,76600,
759,s==8|Tầng 759,30759,50000,21505,2,1001,255,,,,1,8,192000,1,10,76800,
760,s==8|Tầng 760,30760,50000,24508,2,1001,255,,,,1,8,192000,1,10,76800,
761,s==8|Tầng 761,30761,50000,22511,2,1001,255,,,,1,8,192500,1,10,77000,
762,s==8|Tầng 762,30762,50000,22501,2,1001,255,,,,1,8,192500,1,10,77000,
763,s==8|Tầng 763,30763,50000,22507,2,1001,255,,,,1,8,193000,1,10,77200,
764,s==8|Tầng 764,30764,50000,24513,2,1001,255,,,,1,8,193000,1,10,77200,
765,s==8|Tầng 765,30765,50000,25503,2,1001,255,,,,1,8,193500,1,10,77400,
766,s==8|Tầng 766,30766,50000,24510,2,1001,255,,,,1,8,193500,1,10,77400,
767,s==8|Tầng 767,30767,50000,23503,2,1001,255,,,,1,8,194000,1,10,77600,
768,s==8|Tầng 768,30768,50000,24508,2,1001,255,,,,1,8,194000,1,10,77600,
769,s==8|Tầng 769,30769,50000,24506,2,1001,255,,,,1,8,194500,1,10,77800,
770,s==8|Tầng 770,30770,50000,22509,2,1001,255,,,,1,8,194500,1,10,77800,
771,s==8|Tầng 771,30771,50000,21505,2,1001,255,,,,1,8,195000,1,10,78000,
772,s==8|Tầng 772,30772,50000,25503,2,1001,255,,,,1,8,195000,1,10,78000,
773,s==8|Tầng 773,30773,50000,21508,2,1001,255,,,,1,8,195500,1,10,78200,
774,s==8|Tầng 774,30774,50000,25506,2,1001,255,,,,1,8,195500,1,10,78200,
775,s==8|Tầng 775,30775,50000,24502,2,1001,255,,,,1,8,196000,1,10,78400,
776,s==8|Tầng 776,30776,50000,22501,2,1001,255,,,,1,8,196000,1,10,78400,
777,s==8|Tầng 777,30777,50000,21510,2,1001,255,,,,1,8,196500,1,10,78600,
778,s==8|Tầng 778,30778,50000,24510,2,1001,255,,,,1,8,196500,1,10,78600,
779,s==8|Tầng 779,30779,50000,23504,2,1001,255,,,,1,8,197000,1,10,78800,
780,s==8|Tầng 780,30780,50000,24504,2,1001,255,,,,1,8,197000,1,10,78800,
781,s==8|Tầng 781,30781,50000,24510,2,1001,255,,,,1,8,197500,1,10,79000,
782,s==8|Tầng 782,30782,50000,21505,2,1001,255,,,,1,8,197500,1,10,79000,
783,s==8|Tầng 783,30783,50000,22509,2,1001,255,,,,1,8,198000,1,10,79200,
784,s==8|Tầng 784,30784,50000,21505,2,1001,255,,,,1,8,198000,1,10,79200,
785,s==8|Tầng 785,30785,50000,24508,2,1001,255,,,,1,8,198500,1,10,79400,
786,s==8|Tầng 786,30786,50000,22511,2,1001,255,,,,1,8,198500,1,10,79400,
787,s==8|Tầng 787,30787,50000,22501,2,1001,255,,,,1,8,199000,1,10,79600,
788,s==8|Tầng 788,30788,50000,22507,2,1001,255,,,,1,8,199000,1,10,79600,
789,s==8|Tầng 789,30789,50000,24513,2,1001,255,,,,1,8,199500,1,10,79800,
790,s==8|Tầng 790,30790,50000,25503,2,1001,255,,,,1,8,199500,1,10,79800,
791,s==8|Tầng 791,30791,50000,24510,2,1001,255,,,,1,8,200000,1,10,80000,
792,s==8|Tầng 792,30792,50000,23503,2,1001,255,,,,1,8,200000,1,10,80000,
793,s==8|Tầng 793,30793,50000,24508,2,1001,255,,,,1,8,200500,1,10,80200,
794,s==8|Tầng 794,30794,50000,24506,2,1001,255,,,,1,8,200500,1,10,80200,
795,s==8|Tầng 795,30795,50000,22509,2,1001,255,,,,1,8,201000,1,10,80400,
796,s==8|Tầng 796,30796,50000,21505,2,1001,255,,,,1,8,201000,1,10,80400,
797,s==8|Tầng 797,30797,50000,25503,2,1001,255,,,,1,8,201500,1,10,80600,
798,s==8|Tầng 798,30798,50000,21508,2,1001,255,,,,1,8,201500,1,10,80600,
799,s==8|Tầng 799,30799,50000,25506,2,1001,255,,,,1,8,202000,1,10,80800,
800,s==8|Tầng 800,30800,50000,24502,2,1001,255,,,,1,8,202000,1,10,80800,
801,s==8|Tầng 801,30801,50000,22501,2,1001,255,,,,1,8,202000,1,10,80800,
802,s==8|Tầng 802,30802,50000,21510,2,1001,255,,,,1,8,202000,1,10,80800,
803,s==8|Tầng 803,30803,50000,24510,2,1001,255,,,,1,8,202000,1,10,80800,
804,s==8|Tầng 804,30804,50000,23504,2,1001,255,,,,1,8,202000,1,10,80800,
805,s==8|Tầng 805,30805,50000,24504,2,1001,255,,,,1,8,202000,1,10,80800,
806,s==8|Tầng 806,30806,50000,24510,2,1001,255,,,,1,8,202000,1,10,80800,
807,s==8|Tầng 807,30807,50000,21505,2,1001,255,,,,1,8,202000,1,10,80800,
808,s==8|Tầng 808,30808,50000,22509,2,1001,255,,,,1,8,202000,1,10,80800,
809,s==8|Tầng 809,30809,50000,21505,2,1001,255,,,,1,8,202000,1,10,80800,
810,s==8|Tầng 810,30810,50000,24508,2,1001,255,,,,1,8,202000,1,10,80800,
811,s==8|Tầng 811,30811,50000,22511,2,1001,255,,,,1,8,202000,1,10,80800,
812,s==8|Tầng 812,30812,50000,22501,2,1001,255,,,,1,8,202000,1,10,80800,
813,s==8|Tầng 813,30813,50000,22507,2,1001,255,,,,1,8,202000,1,10,80800,
814,s==8|Tầng 814,30814,50000,24513,2,1001,255,,,,1,8,202000,1,10,80800,
815,s==8|Tầng 815,30815,50000,25503,2,1001,255,,,,1,8,202000,1,10,80800,
816,s==8|Tầng 816,30816,50000,24510,2,1001,255,,,,1,8,202000,1,10,80800,
817,s==8|Tầng 817,30817,50000,23503,2,1001,255,,,,1,8,202000,1,10,80800,
818,s==8|Tầng 818,30818,50000,24508,2,1001,255,,,,1,8,202000,1,10,80800,
819,s==8|Tầng 819,30819,50000,24506,2,1001,255,,,,1,8,202000,1,10,80800,
820,s==8|Tầng 820,30820,50000,22509,2,1001,255,,,,1,8,202000,1,10,80800,
821,s==8|Tầng 821,30821,50000,21505,2,1001,255,,,,1,8,202000,1,10,80800,
822,s==8|Tầng 822,30822,50000,25503,2,1001,255,,,,1,8,202000,1,10,80800,
823,s==8|Tầng 823,30823,50000,21508,2,1001,255,,,,1,8,202000,1,10,80800,
824,s==8|Tầng 824,30824,50000,25506,2,1001,255,,,,1,8,202000,1,10,80800,
825,s==8|Tầng 825,30825,50000,24502,2,1001,255,,,,1,8,202000,1,10,80800,
826,s==8|Tầng 826,30826,50000,22501,2,1001,255,,,,1,8,202000,1,10,80800,
827,s==8|Tầng 827,30827,50000,21510,2,1001,255,,,,1,8,202000,1,10,80800,
828,s==8|Tầng 828,30828,50000,24510,2,1001,255,,,,1,8,202000,1,10,80800,
829,s==8|Tầng 829,30829,50000,23504,2,1001,255,,,,1,8,202000,1,10,80800,
830,s==8|Tầng 830,30830,50000,24504,2,1001,255,,,,1,8,202000,1,10,80800,
831,s==8|Tầng 831,30831,50000,24510,2,1001,255,,,,1,8,202000,1,10,80800,
832,s==8|Tầng 832,30832,50000,21505,2,1001,255,,,,1,8,202000,1,10,80800,
833,s==8|Tầng 833,30833,50000,22509,2,1001,255,,,,1,8,202000,1,10,80800,
834,s==8|Tầng 834,30834,50000,21505,2,1001,255,,,,1,8,202000,1,10,80800,
835,s==8|Tầng 835,30835,50000,24508,2,1001,255,,,,1,8,202000,1,10,80800,
836,s==8|Tầng 836,30836,50000,22511,2,1001,255,,,,1,8,202000,1,10,80800,
837,s==8|Tầng 837,30837,50000,22501,2,1001,255,,,,1,8,202000,1,10,80800,
838,s==8|Tầng 838,30838,50000,22507,2,1001,255,,,,1,8,202000,1,10,80800,
839,s==8|Tầng 839,30839,50000,24513,2,1001,255,,,,1,8,202000,1,10,80800,
840,s==8|Tầng 840,30840,50000,25503,2,1001,255,,,,1,8,202000,1,10,80800,
841,s==8|Tầng 841,30841,50000,24510,2,1001,255,,,,1,8,202000,1,10,80800,
842,s==8|Tầng 842,30842,50000,23503,2,1001,255,,,,1,8,202000,1,10,80800,
843,s==8|Tầng 843,30843,50000,24508,2,1001,255,,,,1,8,202000,1,10,80800,
844,s==8|Tầng 844,30844,50000,24506,2,1001,255,,,,1,8,202000,1,10,80800,
845,s==8|Tầng 845,30845,50000,22509,2,1001,255,,,,1,8,202000,1,10,80800,
846,s==8|Tầng 846,30846,50000,21505,2,1001,255,,,,1,8,202000,1,10,80800,
847,s==8|Tầng 847,30847,50000,25503,2,1001,255,,,,1,8,202000,1,10,80800,
848,s==8|Tầng 848,30848,50000,21508,2,1001,255,,,,1,8,202000,1,10,80800,
849,s==8|Tầng 849,30849,50000,25506,2,1001,255,,,,1,8,202000,1,10,80800,
850,s==8|Tầng 850,30850,50000,24502,2,1001,255,,,,1,8,202000,1,10,80800,
851,s==8|Tầng 851,30851,50000,22501,2,1001,255,,,,1,8,202000,1,10,80800,
852,s==8|Tầng 852,30852,50000,21510,2,1001,255,,,,1,8,202000,1,10,80800,
853,s==8|Tầng 853,30853,50000,24510,2,1001,255,,,,1,8,202000,1,10,80800,
854,s==8|Tầng 854,30854,50000,23504,2,1001,255,,,,1,8,202000,1,10,80800,
855,s==8|Tầng 855,30855,50000,24504,2,1001,255,,,,1,8,202000,1,10,80800,
856,s==8|Tầng 856,30856,50000,24510,2,1001,255,,,,1,8,202000,1,10,80800,
857,s==8|Tầng 857,30857,50000,21505,2,1001,255,,,,1,8,202000,1,10,80800,
858,s==8|Tầng 858,30858,50000,22509,2,1001,255,,,,1,8,202000,1,10,80800,
859,s==8|Tầng 859,30859,50000,21505,2,1001,255,,,,1,8,202000,1,10,80800,
860,s==8|Tầng 860,30860,50000,24508,2,1001,255,,,,1,8,202000,1,10,80800,
861,s==8|Tầng 861,30861,50000,22511,2,1001,255,,,,1,8,202000,1,10,80800,
862,s==8|Tầng 862,30862,50000,22501,2,1001,255,,,,1,8,202000,1,10,80800,
863,s==8|Tầng 863,30863,50000,22507,2,1001,255,,,,1,8,202000,1,10,80800,
864,s==8|Tầng 864,30864,50000,24513,2,1001,255,,,,1,8,202000,1,10,80800,
865,s==8|Tầng 865,30865,50000,25503,2,1001,255,,,,1,8,202000,1,10,80800,
866,s==8|Tầng 866,30866,50000,24510,2,1001,255,,,,1,8,202000,1,10,80800,
867,s==8|Tầng 867,30867,50000,23503,2,1001,255,,,,1,8,202000,1,10,80800,
868,s==8|Tầng 868,30868,50000,24508,2,1001,255,,,,1,8,202000,1,10,80800,
869,s==8|Tầng 869,30869,50000,24506,2,1001,255,,,,1,8,202000,1,10,80800,
870,s==8|Tầng 870,30870,50000,22509,2,1001,255,,,,1,8,202000,1,10,80800,
871,s==8|Tầng 871,30871,50000,21505,2,1001,255,,,,1,8,202000,1,10,80800,
872,s==8|Tầng 872,30872,50000,25503,2,1001,255,,,,1,8,202000,1,10,80800,
873,s==8|Tầng 873,30873,50000,21508,2,1001,255,,,,1,8,202000,1,10,80800,
874,s==8|Tầng 874,30874,50000,25506,2,1001,255,,,,1,8,202000,1,10,80800,
875,s==8|Tầng 875,30875,50000,24502,2,1001,255,,,,1,8,202000,1,10,80800,
876,s==8|Tầng 876,30876,50000,22501,2,1001,255,,,,1,8,202000,1,10,80800,
877,s==8|Tầng 877,30877,50000,21510,2,1001,255,,,,1,8,202000,1,10,80800,
878,s==8|Tầng 878,30878,50000,24510,2,1001,255,,,,1,8,202000,1,10,80800,
879,s==8|Tầng 879,30879,50000,23504,2,1001,255,,,,1,8,202000,1,10,80800,
880,s==8|Tầng 880,30880,50000,24504,2,1001,255,,,,1,8,202000,1,10,80800,
881,s==8|Tầng 881,30881,50000,24510,2,1001,255,,,,1,8,202000,1,10,80800,
882,s==8|Tầng 882,30882,50000,21505,2,1001,255,,,,1,8,202000,1,10,80800,
883,s==8|Tầng 883,30883,50000,22509,2,1001,255,,,,1,8,202000,1,10,80800,
884,s==8|Tầng 884,30884,50000,21505,2,1001,255,,,,1,8,202000,1,10,80800,
885,s==8|Tầng 885,30885,50000,24508,2,1001,255,,,,1,8,202000,1,10,80800,
886,s==8|Tầng 886,30886,50000,22511,2,1001,255,,,,1,8,202000,1,10,80800,
887,s==8|Tầng 887,30887,50000,22501,2,1001,255,,,,1,8,202000,1,10,80800,
888,s==8|Tầng 888,30888,50000,22507,2,1001,255,,,,1,8,202000,1,10,80800,
889,s==8|Tầng 889,30889,50000,24513,2,1001,255,,,,1,8,202000,1,10,80800,
890,s==8|Tầng 890,30890,50000,25503,2,1001,255,,,,1,8,202000,1,10,80800,
891,s==8|Tầng 891,30891,50000,24510,2,1001,255,,,,1,8,202000,1,10,80800,
892,s==8|Tầng 892,30892,50000,23503,2,1001,255,,,,1,8,202000,1,10,80800,
893,s==8|Tầng 893,30893,50000,24508,2,1001,255,,,,1,8,202000,1,10,80800,
894,s==8|Tầng 894,30894,50000,24506,2,1001,255,,,,1,8,202000,1,10,80800,
895,s==8|Tầng 895,30895,50000,22509,2,1001,255,,,,1,8,202000,1,10,80800,
896,s==8|Tầng 896,30896,50000,21505,2,1001,255,,,,1,8,202000,1,10,80800,
897,s==8|Tầng 897,30897,50000,25503,2,1001,255,,,,1,8,202000,1,10,80800,
898,s==8|Tầng 898,30898,50000,21508,2,1001,255,,,,1,8,202000,1,10,80800,
899,s==8|Tầng 899,30899,50000,25506,2,1001,255,,,,1,8,202000,1,10,80800,
900,s==8|Tầng 900,30900,50000,24502,2,1001,255,,,,1,8,202000,1,10,80800,
901,s==8|Tầng 901,30901,50000,22501,2,1001,255,,,,1,8,202000,1,10,80800,
902,s==8|Tầng 902,30902,50000,21510,2,1001,255,,,,1,8,202000,1,10,80800,
903,s==8|Tầng 903,30903,50000,24510,2,1001,255,,,,1,8,202000,1,10,80800,
904,s==8|Tầng 904,30904,50000,23504,2,1001,255,,,,1,8,202000,1,10,80800,
905,s==8|Tầng 905,30905,50000,24504,2,1001,255,,,,1,8,202000,1,10,80800,
906,s==8|Tầng 906,30906,50000,24510,2,1001,255,,,,1,8,202000,1,10,80800,
907,s==8|Tầng 907,30907,50000,21505,2,1001,255,,,,1,8,202000,1,10,80800,
908,s==8|Tầng 908,30908,50000,22509,2,1001,255,,,,1,8,202000,1,10,80800,
909,s==8|Tầng 909,30909,50000,21505,2,1001,255,,,,1,8,202000,1,10,80800,
910,s==8|Tầng 910,30910,50000,24508,2,1001,255,,,,1,8,202000,1,10,80800,
911,s==8|Tầng 911,30911,50000,22511,2,1001,255,,,,1,8,202000,1,10,80800,
912,s==8|Tầng 912,30912,50000,22501,2,1001,255,,,,1,8,202000,1,10,80800,
913,s==8|Tầng 913,30913,50000,22507,2,1001,255,,,,1,8,202000,1,10,80800,
914,s==8|Tầng 914,30914,50000,24513,2,1001,255,,,,1,8,202000,1,10,80800,
915,s==8|Tầng 915,30915,50000,25503,2,1001,255,,,,1,8,202000,1,10,80800,
916,s==8|Tầng 916,30916,50000,24510,2,1001,255,,,,1,8,202000,1,10,80800,
917,s==8|Tầng 917,30917,50000,23503,2,1001,255,,,,1,8,202000,1,10,80800,
918,s==8|Tầng 918,30918,50000,24508,2,1001,255,,,,1,8,202000,1,10,80800,
919,s==8|Tầng 919,30919,50000,24506,2,1001,255,,,,1,8,202000,1,10,80800,
920,s==8|Tầng 920,30920,50000,22509,2,1001,255,,,,1,8,202000,1,10,80800,
921,s==8|Tầng 921,30921,50000,21505,2,1001,255,,,,1,8,202000,1,10,80800,
922,s==8|Tầng 922,30922,50000,25503,2,1001,255,,,,1,8,202000,1,10,80800,
923,s==8|Tầng 923,30923,50000,21508,2,1001,255,,,,1,8,202000,1,10,80800,
924,s==8|Tầng 924,30924,50000,25506,2,1001,255,,,,1,8,202000,1,10,80800,
925,s==8|Tầng 925,30925,50000,24502,2,1001,255,,,,1,8,202000,1,10,80800,
926,s==8|Tầng 926,30926,50000,22501,2,1001,255,,,,1,8,202000,1,10,80800,
927,s==8|Tầng 927,30927,50000,21510,2,1001,255,,,,1,8,202000,1,10,80800,
928,s==8|Tầng 928,30928,50000,24510,2,1001,255,,,,1,8,202000,1,10,80800,
929,s==8|Tầng 929,30929,50000,23504,2,1001,255,,,,1,8,202000,1,10,80800,
930,s==8|Tầng 930,30930,50000,24504,2,1001,255,,,,1,8,202000,1,10,80800,
931,s==8|Tầng 931,30931,50000,24510,2,1001,255,,,,1,8,202000,1,10,80800,
932,s==8|Tầng 932,30932,50000,21505,2,1001,255,,,,1,8,202000,1,10,80800,
933,s==8|Tầng 933,30933,50000,22509,2,1001,255,,,,1,8,202000,1,10,80800,
934,s==8|Tầng 934,30934,50000,21505,2,1001,255,,,,1,8,202000,1,10,80800,
935,s==8|Tầng 935,30935,50000,24508,2,1001,255,,,,1,8,202000,1,10,80800,
936,s==8|Tầng 936,30936,50000,22511,2,1001,255,,,,1,8,202000,1,10,80800,
937,s==8|Tầng 937,30937,50000,22501,2,1001,255,,,,1,8,202000,1,10,80800,
938,s==8|Tầng 938,30938,50000,22507,2,1001,255,,,,1,8,202000,1,10,80800,
939,s==8|Tầng 939,30939,50000,24513,2,1001,255,,,,1,8,202000,1,10,80800,
940,s==8|Tầng 940,30940,50000,25503,2,1001,255,,,,1,8,202000,1,10,80800,
941,s==8|Tầng 941,30941,50000,24510,2,1001,255,,,,1,8,202000,1,10,80800,
942,s==8|Tầng 942,30942,50000,23503,2,1001,255,,,,1,8,202000,1,10,80800,
943,s==8|Tầng 943,30943,50000,24508,2,1001,255,,,,1,8,202000,1,10,80800,
944,s==8|Tầng 944,30944,50000,24506,2,1001,255,,,,1,8,202000,1,10,80800,
945,s==8|Tầng 945,30945,50000,22509,2,1001,255,,,,1,8,202000,1,10,80800,
946,s==8|Tầng 946,30946,50000,21505,2,1001,255,,,,1,8,202000,1,10,80800,
947,s==8|Tầng 947,30947,50000,25503,2,1001,255,,,,1,8,202000,1,10,80800,
948,s==8|Tầng 948,30948,50000,21508,2,1001,255,,,,1,8,202000,1,10,80800,
949,s==8|Tầng 949,30949,50000,25506,2,1001,255,,,,1,8,202000,1,10,80800,
950,s==8|Tầng 950,30950,50000,24502,2,1001,255,,,,1,8,202000,1,10,80800,
951,s==8|Tầng 951,30951,50000,22501,2,1001,255,,,,1,8,202000,1,10,80800,
952,s==8|Tầng 952,30952,50000,21510,2,1001,255,,,,1,8,202000,1,10,80800,
953,s==8|Tầng 953,30953,50000,24510,2,1001,255,,,,1,8,202000,1,10,80800,
954,s==8|Tầng 954,30954,50000,23504,2,1001,255,,,,1,8,202000,1,10,80800,
955,s==8|Tầng 955,30955,50000,24504,2,1001,255,,,,1,8,202000,1,10,80800,
956,s==8|Tầng 956,30956,50000,24510,2,1001,255,,,,1,8,202000,1,10,80800,
957,s==8|Tầng 957,30957,50000,21505,2,1001,255,,,,1,8,202000,1,10,80800,
958,s==8|Tầng 958,30958,50000,22509,2,1001,255,,,,1,8,202000,1,10,80800,
959,s==8|Tầng 959,30959,50000,21505,2,1001,255,,,,1,8,202000,1,10,80800,
960,s==8|Tầng 960,30960,50000,24508,2,1001,255,,,,1,8,202000,1,10,80800,
961,s==8|Tầng 961,30961,50000,22511,2,1001,255,,,,1,8,202000,1,10,80800,
962,s==8|Tầng 962,30962,50000,22501,2,1001,255,,,,1,8,202000,1,10,80800,
963,s==8|Tầng 963,30963,50000,22507,2,1001,255,,,,1,8,202000,1,10,80800,
964,s==8|Tầng 964,30964,50000,24513,2,1001,255,,,,1,8,202000,1,10,80800,
965,s==8|Tầng 965,30965,50000,25503,2,1001,255,,,,1,8,202000,1,10,80800,
966,s==8|Tầng 966,30966,50000,24510,2,1001,255,,,,1,8,202000,1,10,80800,
967,s==8|Tầng 967,30967,50000,23503,2,1001,255,,,,1,8,202000,1,10,80800,
968,s==8|Tầng 968,30968,50000,24508,2,1001,255,,,,1,8,202000,1,10,80800,
969,s==8|Tầng 969,30969,50000,24506,2,1001,255,,,,1,8,202000,1,10,80800,
970,s==8|Tầng 970,30970,50000,22509,2,1001,255,,,,1,8,202000,1,10,80800,
971,s==8|Tầng 971,30971,50000,21505,2,1001,255,,,,1,8,202000,1,10,80800,
972,s==8|Tầng 972,30972,50000,25503,2,1001,255,,,,1,8,202000,1,10,80800,
973,s==8|Tầng 973,30973,50000,21508,2,1001,255,,,,1,8,202000,1,10,80800,
974,s==8|Tầng 974,30974,50000,25506,2,1001,255,,,,1,8,202000,1,10,80800,
975,s==8|Tầng 975,30975,50000,24502,2,1001,255,,,,1,8,202000,1,10,80800,
976,s==8|Tầng 976,30976,50000,22501,2,1001,255,,,,1,8,202000,1,10,80800,
977,s==8|Tầng 977,30977,50000,21510,2,1001,255,,,,1,8,202000,1,10,80800,
978,s==8|Tầng 978,30978,50000,24510,2,1001,255,,,,1,8,202000,1,10,80800,
979,s==8|Tầng 979,30979,50000,23504,2,1001,255,,,,1,8,202000,1,10,80800,
980,s==8|Tầng 980,30980,50000,24504,2,1001,255,,,,1,8,202000,1,10,80800,
981,s==8|Tầng 981,30981,50000,24510,2,1001,255,,,,1,8,202000,1,10,80800,
982,s==8|Tầng 982,30982,50000,21505,2,1001,255,,,,1,8,202000,1,10,80800,
983,s==8|Tầng 983,30983,50000,22509,2,1001,255,,,,1,8,202000,1,10,80800,
984,s==8|Tầng 984,30984,50000,21505,2,1001,255,,,,1,8,202000,1,10,80800,
985,s==8|Tầng 985,30985,50000,24508,2,1001,255,,,,1,8,202000,1,10,80800,
986,s==8|Tầng 986,30986,50000,22511,2,1001,255,,,,1,8,202000,1,10,80800,
987,s==8|Tầng 987,30987,50000,22501,2,1001,255,,,,1,8,202000,1,10,80800,
988,s==8|Tầng 988,30988,50000,22507,2,1001,255,,,,1,8,202000,1,10,80800,
989,s==8|Tầng 989,30989,50000,24513,2,1001,255,,,,1,8,202000,1,10,80800,
990,s==8|Tầng 990,30990,50000,25503,2,1001,255,,,,1,8,202000,1,10,80800,
991,s==8|Tầng 991,30991,50000,24510,2,1001,255,,,,1,8,202000,1,10,80800,
992,s==8|Tầng 992,30992,50000,23503,2,1001,255,,,,1,8,202000,1,10,80800,
993,s==8|Tầng 993,30993,50000,24508,2,1001,255,,,,1,8,202000,1,10,80800,
994,s==8|Tầng 994,30994,50000,24506,2,1001,255,,,,1,8,202000,1,10,80800,
995,s==8|Tầng 995,30995,50000,22509,2,1001,255,,,,1,8,202000,1,10,80800,
996,s==8|Tầng 996,30996,50000,21505,2,1001,255,,,,1,8,202000,1,10,80800,
997,s==8|Tầng 997,30997,50000,25503,2,1001,255,,,,1,8,202000,1,10,80800,
998,s==8|Tầng 998,30998,50000,21508,2,1001,255,,,,1,8,202000,1,10,80800,
999,s==8|Tầng 999,30999,50000,25506,2,1001,255,,,,1,8,202000,1,10,80800,
1000,s==9|Tầng 1000,31000,50000,24502,2,1001,255,,,,1,8,202000,1,10,80800,
1001,s==9|Tầng 1001,31001,50000,22501,2,1001,255,,,,1,8,202000,1,10,80800,
1002,s==9|Tầng 1002,31002,50000,21510,2,1001,255,,,,1,8,202000,1,10,80800,
1003,s==9|Tầng 1003,31003,50000,24510,2,1001,255,,,,1,8,202000,1,10,80800,
1004,s==9|Tầng 1004,31004,50000,23504,2,1001,255,,,,1,8,202000,1,10,80800,
1005,s==9|Tầng 1005,31005,50000,24504,2,1001,255,,,,1,8,202000,1,10,80800,
1006,s==9|Tầng 1006,31006,50000,24510,2,1001,255,,,,1,8,202000,1,10,80800,
1007,s==9|Tầng 1007,31007,50000,21505,2,1001,255,,,,1,8,202000,1,10,80800,
1008,s==9|Tầng 1008,31008,50000,22509,2,1001,255,,,,1,8,202000,1,10,80800,
1009,s==9|Tầng 1009,31009,50000,21505,2,1001,255,,,,1,8,202000,1,10,80800,
1010,s==9|Tầng 1010,31010,50000,24508,2,1001,255,,,,1,8,202000,1,10,80800,
1011,s==9|Tầng 1011,31011,50000,22511,2,1001,255,,,,1,8,202000,1,10,80800,
1012,s==9|Tầng 1012,31012,50000,22501,2,1001,255,,,,1,8,202000,1,10,80800,
1013,s==9|Tầng 1013,31013,50000,22507,2,1001,255,,,,1,8,202000,1,10,80800,
1014,s==9|Tầng 1014,31014,50000,24513,2,1001,255,,,,1,8,202000,1,10,80800,
1015,s==9|Tầng 1015,31015,50000,25503,2,1001,255,,,,1,8,202000,1,10,80800,
1016,s==9|Tầng 1016,31016,50000,24510,2,1001,255,,,,1,8,202000,1,10,80800,
1017,s==9|Tầng 1017,31017,50000,23503,2,1001,255,,,,1,8,202000,1,10,80800,
1018,s==9|Tầng 1018,31018,50000,24508,2,1001,255,,,,1,8,202000,1,10,80800,
1019,s==9|Tầng 1019,31019,50000,24506,2,1001,255,,,,1,8,202000,1,10,80800,
1020,s==9|Tầng 1020,31020,50000,22509,2,1001,255,,,,1,8,202000,1,10,80800,
1021,s==9|Tầng 1021,31021,50000,21505,2,1001,255,,,,1,8,202000,1,10,80800,
1022,s==9|Tầng 1022,31022,50000,25503,2,1001,255,,,,1,8,202000,1,10,80800,
1023,s==9|Tầng 1023,31023,50000,21508,2,1001,255,,,,1,8,202000,1,10,80800,
1024,s==9|Tầng 1024,31024,50000,25506,2,1001,255,,,,1,8,202000,1,10,80800,
1025,s==9|Tầng 1025,31025,50000,24502,2,1001,255,,,,1,8,202000,1,10,80800,
1026,s==9|Tầng 1026,31026,50000,22501,2,1001,255,,,,1,8,202000,1,10,80800,
1027,s==9|Tầng 1027,31027,50000,21510,2,1001,255,,,,1,8,202000,1,10,80800,
1028,s==9|Tầng 1028,31028,50000,24510,2,1001,255,,,,1,8,202000,1,10,80800,
1029,s==9|Tầng 1029,31029,50000,23504,2,1001,255,,,,1,8,202000,1,10,80800,
1030,s==9|Tầng 1030,31030,50000,24504,2,1001,255,,,,1,8,202000,1,10,80800,
1031,s==9|Tầng 1031,31031,50000,24510,2,1001,255,,,,1,8,202000,1,10,80800,
1032,s==9|Tầng 1032,31032,50000,21505,2,1001,255,,,,1,8,202000,1,10,80800,
1033,s==9|Tầng 1033,31033,50000,22509,2,1001,255,,,,1,8,202000,1,10,80800,
1034,s==9|Tầng 1034,31034,50000,21505,2,1001,255,,,,1,8,202000,1,10,80800,
1035,s==9|Tầng 1035,31035,50000,24508,2,1001,255,,,,1,8,202000,1,10,80800,
1036,s==9|Tầng 1036,31036,50000,22511,2,1001,255,,,,1,8,202000,1,10,80800,
1037,s==9|Tầng 1037,31037,50000,22501,2,1001,255,,,,1,8,202000,1,10,80800,
1038,s==9|Tầng 1038,31038,50000,22507,2,1001,255,,,,1,8,202000,1,10,80800,
1039,s==9|Tầng 1039,31039,50000,24513,2,1001,255,,,,1,8,202000,1,10,80800,
1040,s==9|Tầng 1040,31040,50000,25503,2,1001,255,,,,1,8,202000,1,10,80800,
1041,s==9|Tầng 1041,31041,50000,24510,2,1001,255,,,,1,8,202000,1,10,80800,
1042,s==9|Tầng 1042,31042,50000,23503,2,1001,255,,,,1,8,202000,1,10,80800,
1043,s==9|Tầng 1043,31043,50000,24508,2,1001,255,,,,1,8,202000,1,10,80800,
1044,s==9|Tầng 1044,31044,50000,24506,2,1001,255,,,,1,8,202000,1,10,80800,
1045,s==9|Tầng 1045,31045,50000,22509,2,1001,255,,,,1,8,202000,1,10,80800,
1046,s==9|Tầng 1046,31046,50000,21505,2,1001,255,,,,1,8,202000,1,10,80800,
1047,s==9|Tầng 1047,31047,50000,25503,2,1001,255,,,,1,8,202000,1,10,80800,
1048,s==9|Tầng 1048,31048,50000,21508,2,1001,255,,,,1,8,202000,1,10,80800,
1049,s==9|Tầng 1049,31049,50000,25506,2,1001,255,,,,1,8,202000,1,10,80800,
1050,s==9|Tầng 1050,31050,50000,24502,2,1001,255,,,,1,8,202000,1,10,80800,
1051,s==9|Tầng 1051,31051,50000,22501,2,1001,255,,,,1,8,202000,1,10,80800,
1052,s==9|Tầng 1052,31052,50000,21510,2,1001,255,,,,1,8,202000,1,10,80800,
1053,s==9|Tầng 1053,31053,50000,24510,2,1001,255,,,,1,8,202000,1,10,80800,
1054,s==9|Tầng 1054,31054,50000,23504,2,1001,255,,,,1,8,202000,1,10,80800,
1055,s==9|Tầng 1055,31055,50000,24504,2,1001,255,,,,1,8,202000,1,10,80800,
1056,s==9|Tầng 1056,31056,50000,24510,2,1001,255,,,,1,8,202000,1,10,80800,
1057,s==9|Tầng 1057,31057,50000,21505,2,1001,255,,,,1,8,202000,1,10,80800,
1058,s==9|Tầng 1058,31058,50000,22509,2,1001,255,,,,1,8,202000,1,10,80800,
1059,s==9|Tầng 1059,31059,50000,21505,2,1001,255,,,,1,8,202000,1,10,80800,
1060,s==9|Tầng 1060,31060,50000,24508,2,1001,255,,,,1,8,202000,1,10,80800,
1061,s==9|Tầng 1061,31061,50000,22511,2,1001,255,,,,1,8,202000,1,10,80800,
1062,s==9|Tầng 1062,31062,50000,22501,2,1001,255,,,,1,8,202000,1,10,80800,
1063,s==9|Tầng 1063,31063,50000,22507,2,1001,255,,,,1,8,202000,1,10,80800,
1064,s==9|Tầng 1064,31064,50000,24513,2,1001,255,,,,1,8,202000,1,10,80800,
1065,s==9|Tầng 1065,31065,50000,25503,2,1001,255,,,,1,8,202000,1,10,80800,
1066,s==9|Tầng 1066,31066,50000,24510,2,1001,255,,,,1,8,202000,1,10,80800,
1067,s==9|Tầng 1067,31067,50000,23503,2,1001,255,,,,1,8,202000,1,10,80800,
1068,s==9|Tầng 1068,31068,50000,24508,2,1001,255,,,,1,8,202000,1,10,80800,
1069,s==9|Tầng 1069,31069,50000,24506,2,1001,255,,,,1,8,202000,1,10,80800,
1070,s==9|Tầng 1070,31070,50000,22509,2,1001,255,,,,1,8,202000,1,10,80800,
1071,s==9|Tầng 1071,31071,50000,21505,2,1001,255,,,,1,8,202000,1,10,80800,
1072,s==9|Tầng 1072,31072,50000,25503,2,1001,255,,,,1,8,202000,1,10,80800,
1073,s==9|Tầng 1073,31073,50000,21508,2,1001,255,,,,1,8,202000,1,10,80800,
1074,s==9|Tầng 1074,31074,50000,25506,2,1001,255,,,,1,8,202000,1,10,80800,
1075,s==9|Tầng 1075,31075,50000,24502,2,1001,255,,,,1,8,202000,1,10,80800,
1076,s==9|Tầng 1076,31076,50000,22501,2,1001,255,,,,1,8,202000,1,10,80800,
1077,s==9|Tầng 1077,31077,50000,21510,2,1001,255,,,,1,8,202000,1,10,80800,
1078,s==9|Tầng 1078,31078,50000,24510,2,1001,255,,,,1,8,202000,1,10,80800,
1079,s==9|Tầng 1079,31079,50000,23504,2,1001,255,,,,1,8,202000,1,10,80800,
1080,s==9|Tầng 1080,31080,50000,24504,2,1001,255,,,,1,8,202000,1,10,80800,
1081,s==9|Tầng 1081,31081,50000,24510,2,1001,255,,,,1,8,202000,1,10,80800,
1082,s==9|Tầng 1082,31082,50000,21505,2,1001,255,,,,1,8,202000,1,10,80800,
1083,s==9|Tầng 1083,31083,50000,22509,2,1001,255,,,,1,8,202000,1,10,80800,
1084,s==9|Tầng 1084,31084,50000,21505,2,1001,255,,,,1,8,202000,1,10,80800,
1085,s==9|Tầng 1085,31085,50000,24508,2,1001,255,,,,1,8,202000,1,10,80800,
1086,s==9|Tầng 1086,31086,50000,22511,2,1001,255,,,,1,8,202000,1,10,80800,
1087,s==9|Tầng 1087,31087,50000,22501,2,1001,255,,,,1,8,202000,1,10,80800,
1088,s==9|Tầng 1088,31088,50000,22507,2,1001,255,,,,1,8,202000,1,10,80800,
1089,s==9|Tầng 1089,31089,50000,24513,2,1001,255,,,,1,8,202000,1,10,80800,
1090,s==9|Tầng 1090,31090,50000,25503,2,1001,255,,,,1,8,202000,1,10,80800,
1091,s==9|Tầng 1091,31091,50000,24510,2,1001,255,,,,1,8,202000,1,10,80800,
1092,s==9|Tầng 1092,31092,50000,23503,2,1001,255,,,,1,8,202000,1,10,80800,
1093,s==9|Tầng 1093,31093,50000,24508,2,1001,255,,,,1,8,202000,1,10,80800,
1094,s==9|Tầng 1094,31094,50000,24506,2,1001,255,,,,1,8,202000,1,10,80800,
1095,s==9|Tầng 1095,31095,50000,22509,2,1001,255,,,,1,8,202000,1,10,80800,
1096,s==9|Tầng 1096,31096,50000,21505,2,1001,255,,,,1,8,202000,1,10,80800,
1097,s==9|Tầng 1097,31097,50000,25503,2,1001,255,,,,1,8,202000,1,10,80800,
1098,s==9|Tầng 1098,31098,50000,21508,2,1001,255,,,,1,8,202000,1,10,80800,
1099,s==9|Tầng 1099,31099,50000,25506,2,1001,255,,,,1,8,202000,1,10,80800,
1100,s==9|Tầng 1100,31100,50000,24502,2,1001,255,,,,1,8,202000,1,10,80800,
1101,s==9|Tầng 1101,31101,50000,22501,2,1001,255,,,,1,8,202000,1,10,80800,
1102,s==9|Tầng 1102,31102,50000,21510,2,1001,255,,,,1,8,202000,1,10,80800,
1103,s==9|Tầng 1103,31103,50000,24510,2,1001,255,,,,1,8,202000,1,10,80800,
1104,s==9|Tầng 1104,31104,50000,23504,2,1001,255,,,,1,8,202000,1,10,80800,
1105,s==9|Tầng 1105,31105,50000,24504,2,1001,255,,,,1,8,202000,1,10,80800,
1106,s==9|Tầng 1106,31106,50000,24510,2,1001,255,,,,1,8,202000,1,10,80800,
1107,s==9|Tầng 1107,31107,50000,21505,2,1001,255,,,,1,8,202000,1,10,80800,
1108,s==9|Tầng 1108,31108,50000,22509,2,1001,255,,,,1,8,202000,1,10,80800,
1109,s==9|Tầng 1109,31109,50000,21505,2,1001,255,,,,1,8,202000,1,10,80800,
1110,s==9|Tầng 1110,31110,50000,24508,2,1001,255,,,,1,8,202000,1,10,80800,
1111,s==9|Tầng 1111,31111,50000,22511,2,1001,255,,,,1,8,202000,1,10,80800,
1112,s==9|Tầng 1112,31112,50000,22501,2,1001,255,,,,1,8,202000,1,10,80800,
1113,s==9|Tầng 1113,31113,50000,22507,2,1001,255,,,,1,8,202000,1,10,80800,
1114,s==9|Tầng 1114,31114,50000,24513,2,1001,255,,,,1,8,202000,1,10,80800,
1115,s==9|Tầng 1115,31115,50000,25503,2,1001,255,,,,1,8,202000,1,10,80800,
1116,s==9|Tầng 1116,31116,50000,24510,2,1001,255,,,,1,8,202000,1,10,80800,
1117,s==9|Tầng 1117,31117,50000,23503,2,1001,255,,,,1,8,202000,1,10,80800,
1118,s==9|Tầng 1118,31118,50000,24508,2,1001,255,,,,1,8,202000,1,10,80800,
1119,s==9|Tầng 1119,31119,50000,24506,2,1001,255,,,,1,8,202000,1,10,80800,
1120,s==9|Tầng 1120,31120,50000,22509,2,1001,255,,,,1,8,202000,1,10,80800,
1121,s==9|Tầng 1121,31121,50000,21505,2,1001,255,,,,1,8,202000,1,10,80800,
1122,s==9|Tầng 1122,31122,50000,25503,2,1001,255,,,,1,8,202000,1,10,80800,
1123,s==9|Tầng 1123,31123,50000,21508,2,1001,255,,,,1,8,202000,1,10,80800,
1124,s==9|Tầng 1124,31124,50000,25506,2,1001,255,,,,1,8,202000,1,10,80800,
1125,s==9|Tầng 1125,31125,50000,24502,2,1001,255,,,,1,8,202000,1,10,80800,
1126,s==9|Tầng 1126,31126,50000,22501,2,1001,255,,,,1,8,202000,1,10,80800,
1127,s==9|Tầng 1127,31127,50000,21510,2,1001,255,,,,1,8,202000,1,10,80800,
1128,s==9|Tầng 1128,31128,50000,24510,2,1001,255,,,,1,8,202000,1,10,80800,
1129,s==9|Tầng 1129,31129,50000,23504,2,1001,255,,,,1,8,202000,1,10,80800,
1130,s==9|Tầng 1130,31130,50000,24504,2,1001,255,,,,1,8,202000,1,10,80800,
1131,s==9|Tầng 1131,31131,50000,24510,2,1001,255,,,,1,8,202000,1,10,80800,
1132,s==9|Tầng 1132,31132,50000,21505,2,1001,255,,,,1,8,202000,1,10,80800,
1133,s==9|Tầng 1133,31133,50000,22509,2,1001,255,,,,1,8,202000,1,10,80800,
1134,s==9|Tầng 1134,31134,50000,21505,2,1001,255,,,,1,8,202000,1,10,80800,
1135,s==9|Tầng 1135,31135,50000,24508,2,1001,255,,,,1,8,202000,1,10,80800,
1136,s==9|Tầng 1136,31136,50000,22511,2,1001,255,,,,1,8,202000,1,10,80800,
1137,s==9|Tầng 1137,31137,50000,22501,2,1001,255,,,,1,8,202000,1,10,80800,
1138,s==9|Tầng 1138,31138,50000,22507,2,1001,255,,,,1,8,202000,1,10,80800,
1139,s==9|Tầng 1139,31139,50000,24513,2,1001,255,,,,1,8,202000,1,10,80800,
1140,s==9|Tầng 1140,31140,50000,25503,2,1001,255,,,,1,8,202000,1,10,80800,
1141,s==9|Tầng 1141,31141,50000,24510,2,1001,255,,,,1,8,202000,1,10,80800,
1142,s==9|Tầng 1142,31142,50000,23503,2,1001,255,,,,1,8,202000,1,10,80800,
1143,s==9|Tầng 1143,31143,50000,24508,2,1001,255,,,,1,8,202000,1,10,80800,
1144,s==9|Tầng 1144,31144,50000,24506,2,1001,255,,,,1,8,202000,1,10,80800,
1145,s==9|Tầng 1145,31145,50000,22509,2,1001,255,,,,1,8,202000,1,10,80800,
1146,s==9|Tầng 1146,31146,50000,21505,2,1001,255,,,,1,8,202000,1,10,80800,
1147,s==9|Tầng 1147,31147,50000,25503,2,1001,255,,,,1,8,202000,1,10,80800,
1148,s==9|Tầng 1148,31148,50000,21508,2,1001,255,,,,1,8,202000,1,10,80800,
1149,s==9|Tầng 1149,31149,50000,25506,2,1001,255,,,,1,8,202000,1,10,80800,
1150,s==9|Tầng 1150,31150,50000,24502,2,1001,255,,,,1,8,202000,1,10,80800,
1151,s==9|Tầng 1151,31151,50000,22501,2,1001,255,,,,1,8,202000,1,10,80800,
1152,s==9|Tầng 1152,31152,50000,21510,2,1001,255,,,,1,8,202000,1,10,80800,
1153,s==9|Tầng 1153,31153,50000,24510,2,1001,255,,,,1,8,202000,1,10,80800,
1154,s==9|Tầng 1154,31154,50000,23504,2,1001,255,,,,1,8,202000,1,10,80800,
1155,s==9|Tầng 1155,31155,50000,24504,2,1001,255,,,,1,8,202000,1,10,80800,
1156,s==9|Tầng 1156,31156,50000,24510,2,1001,255,,,,1,8,202000,1,10,80800,
1157,s==9|Tầng 1157,31157,50000,21505,2,1001,255,,,,1,8,202000,1,10,80800,
1158,s==9|Tầng 1158,31158,50000,22509,2,1001,255,,,,1,8,202000,1,10,80800,
1159,s==9|Tầng 1159,31159,50000,21505,2,1001,255,,,,1,8,202000,1,10,80800,
1160,s==9|Tầng 1160,31160,50000,24508,2,1001,255,,,,1,8,202000,1,10,80800,
1161,s==9|Tầng 1161,31161,50000,22511,2,1001,255,,,,1,8,202000,1,10,80800,
1162,s==9|Tầng 1162,31162,50000,22501,2,1001,255,,,,1,8,202000,1,10,80800,
1163,s==9|Tầng 1163,31163,50000,22507,2,1001,255,,,,1,8,202000,1,10,80800,
1164,s==9|Tầng 1164,31164,50000,24513,2,1001,255,,,,1,8,202000,1,10,80800,
1165,s==9|Tầng 1165,31165,50000,25503,2,1001,255,,,,1,8,202000,1,10,80800,
1166,s==9|Tầng 1166,31166,50000,24510,2,1001,255,,,,1,8,202000,1,10,80800,
1167,s==9|Tầng 1167,31167,50000,23503,2,1001,255,,,,1,8,202000,1,10,80800,
1168,s==9|Tầng 1168,31168,50000,24508,2,1001,255,,,,1,8,202000,1,10,80800,
1169,s==9|Tầng 1169,31169,50000,24506,2,1001,255,,,,1,8,202000,1,10,80800,
1170,s==9|Tầng 1170,31170,50000,22509,2,1001,255,,,,1,8,202000,1,10,80800,
1171,s==9|Tầng 1171,31171,50000,21505,2,1001,255,,,,1,8,202000,1,10,80800,
1172,s==9|Tầng 1172,31172,50000,25503,2,1001,255,,,,1,8,202000,1,10,80800,
1173,s==9|Tầng 1173,31173,50000,21508,2,1001,255,,,,1,8,202000,1,10,80800,
1174,s==9|Tầng 1174,31174,50000,25506,2,1001,255,,,,1,8,202000,1,10,80800,
1175,s==9|Tầng 1175,31175,50000,24502,2,1001,255,,,,1,8,202000,1,10,80800,
1176,s==9|Tầng 1176,31176,50000,22501,2,1001,255,,,,1,8,202000,1,10,80800,
1177,s==9|Tầng 1177,31177,50000,21510,2,1001,255,,,,1,8,202000,1,10,80800,
1178,s==9|Tầng 1178,31178,50000,24510,2,1001,255,,,,1,8,202000,1,10,80800,
1179,s==9|Tầng 1179,31179,50000,23504,2,1001,255,,,,1,8,202000,1,10,80800,
1180,s==9|Tầng 1180,31180,50000,24504,2,1001,255,,,,1,8,202000,1,10,80800,
1181,s==9|Tầng 1181,31181,50000,24510,2,1001,255,,,,1,8,202000,1,10,80800,
1182,s==9|Tầng 1182,31182,50000,21505,2,1001,255,,,,1,8,202000,1,10,80800,
1183,s==9|Tầng 1183,31183,50000,22509,2,1001,255,,,,1,8,202000,1,10,80800,
1184,s==9|Tầng 1184,31184,50000,21505,2,1001,255,,,,1,8,202000,1,10,80800,
1185,s==9|Tầng 1185,31185,50000,24508,2,1001,255,,,,1,8,202000,1,10,80800,
1186,s==9|Tầng 1186,31186,50000,22511,2,1001,255,,,,1,8,202000,1,10,80800,
1187,s==9|Tầng 1187,31187,50000,22501,2,1001,255,,,,1,8,202000,1,10,80800,
1188,s==9|Tầng 1188,31188,50000,22507,2,1001,255,,,,1,8,202000,1,10,80800,
1189,s==9|Tầng 1189,31189,50000,24513,2,1001,255,,,,1,8,202000,1,10,80800,
1190,s==9|Tầng 1190,31190,50000,25503,2,1001,255,,,,1,8,202000,1,10,80800,
1191,s==9|Tầng 1191,31191,50000,24510,2,1001,255,,,,1,8,202000,1,10,80800,
1192,s==9|Tầng 1192,31192,50000,23503,2,1001,255,,,,1,8,202000,1,10,80800,
1193,s==9|Tầng 1193,31193,50000,24508,2,1001,255,,,,1,8,202000,1,10,80800,
1194,s==9|Tầng 1194,31194,50000,24506,2,1001,255,,,,1,8,202000,1,10,80800,
1195,s==9|Tầng 1195,31195,50000,22509,2,1001,255,,,,1,8,202000,1,10,80800,
1196,s==9|Tầng 1196,31196,50000,21505,2,1001,255,,,,1,8,202000,1,10,80800,
1197,s==9|Tầng 1197,31197,50000,25503,2,1001,255,,,,1,8,202000,1,10,80800,
1198,s==9|Tầng 1198,31198,50000,21508,2,1001,255,,,,1,8,202000,1,10,80800,
1199,s==9|Tầng 1199,31199,50000,25506,2,1001,255,,,,1,8,202000,1,10,80800,
1200,s==9|Tầng 1200,31200,50000,24502,2,1001,255,,,,1,8,202000,1,10,80800,
1201,s==9|Tầng 1201,31201,50000,22501,2,1001,255,,,,1,8,202000,1,10,80800,
1202,s==9|Tầng 1202,31202,50000,21510,2,1001,255,,,,1,8,202000,1,10,80800,
1203,s==9|Tầng 1203,31203,50000,24510,2,1001,255,,,,1,8,202000,1,10,80800,
1204,s==9|Tầng 1204,31204,50000,23504,2,1001,255,,,,1,8,202000,1,10,80800,
1205,s==9|Tầng 1205,31205,50000,24504,2,1001,255,,,,1,8,202000,1,10,80800,
1206,s==9|Tầng 1206,31206,50000,24510,2,1001,255,,,,1,8,202000,1,10,80800,
1207,s==9|Tầng 1207,31207,50000,21505,2,1001,255,,,,1,8,202000,1,10,80800,
1208,s==9|Tầng 1208,31208,50000,22509,2,1001,255,,,,1,8,202000,1,10,80800,
1209,s==9|Tầng 1209,31209,50000,21505,2,1001,255,,,,1,8,202000,1,10,80800,
1210,s==9|Tầng 1210,31210,50000,24508,2,1001,255,,,,1,8,202000,1,10,80800,
1211,s==9|Tầng 1211,31211,50000,22511,2,1001,255,,,,1,8,202000,1,10,80800,
1212,s==9|Tầng 1212,31212,50000,22501,2,1001,255,,,,1,8,202000,1,10,80800,
1213,s==9|Tầng 1213,31213,50000,22507,2,1001,255,,,,1,8,202000,1,10,80800,
1214,s==9|Tầng 1214,31214,50000,24513,2,1001,255,,,,1,8,202000,1,10,80800,
1215,s==9|Tầng 1215,31215,50000,25503,2,1001,255,,,,1,8,202000,1,10,80800,
1216,s==9|Tầng 1216,31216,50000,24510,2,1001,255,,,,1,8,202000,1,10,80800,
1217,s==9|Tầng 1217,31217,50000,23503,2,1001,255,,,,1,8,202000,1,10,80800,
1218,s==9|Tầng 1218,31218,50000,24508,2,1001,255,,,,1,8,202000,1,10,80800,
1219,s==9|Tầng 1219,31219,50000,24506,2,1001,255,,,,1,8,202000,1,10,80800,
1220,s==9|Tầng 1220,31220,50000,22509,2,1001,255,,,,1,8,202000,1,10,80800,
1221,s==9|Tầng 1221,31221,50000,21505,2,1001,255,,,,1,8,202000,1,10,80800,
1222,s==9|Tầng 1222,31222,50000,25503,2,1001,255,,,,1,8,202000,1,10,80800,
1223,s==9|Tầng 1223,31223,50000,21508,2,1001,255,,,,1,8,202000,1,10,80800,
1224,s==9|Tầng 1224,31224,50000,25506,2,1001,255,,,,1,8,202000,1,10,80800,
1225,s==9|Tầng 1225,31225,50000,24502,2,1001,255,,,,1,8,202000,1,10,80800,
1226,s==9|Tầng 1226,31226,50000,22501,2,1001,255,,,,1,8,202000,1,10,80800,
1227,s==9|Tầng 1227,31227,50000,21510,2,1001,255,,,,1,8,202000,1,10,80800,
1228,s==9|Tầng 1228,31228,50000,24510,2,1001,255,,,,1,8,202000,1,10,80800,
1229,s==9|Tầng 1229,31229,50000,23504,2,1001,255,,,,1,8,202000,1,10,80800,
1230,s==9|Tầng 1230,31230,50000,24504,2,1001,255,,,,1,8,202000,1,10,80800,
1231,s==9|Tầng 1231,31231,50000,24510,2,1001,255,,,,1,8,202000,1,10,80800,
1232,s==9|Tầng 1232,31232,50000,21505,2,1001,255,,,,1,8,202000,1,10,80800,
1233,s==9|Tầng 1233,31233,50000,22509,2,1001,255,,,,1,8,202000,1,10,80800,
1234,s==9|Tầng 1234,31234,50000,21505,2,1001,255,,,,1,8,202000,1,10,80800,
1235,s==9|Tầng 1235,31235,50000,24508,2,1001,255,,,,1,8,202000,1,10,80800,
1236,s==9|Tầng 1236,31236,50000,22511,2,1001,255,,,,1,8,202000,1,10,80800,
1237,s==9|Tầng 1237,31237,50000,22501,2,1001,255,,,,1,8,202000,1,10,80800,
1238,s==9|Tầng 1238,31238,50000,22507,2,1001,255,,,,1,8,202000,1,10,80800,
1239,s==9|Tầng 1239,31239,50000,24513,2,1001,255,,,,1,8,202000,1,10,80800,
1240,s==9|Tầng 1240,31240,50000,25503,2,1001,255,,,,1,8,202000,1,10,80800,
1241,s==9|Tầng 1241,31241,50000,24510,2,1001,255,,,,1,8,202000,1,10,80800,
1242,s==9|Tầng 1242,31242,50000,23503,2,1001,255,,,,1,8,202000,1,10,80800,
1243,s==9|Tầng 1243,31243,50000,24508,2,1001,255,,,,1,8,202000,1,10,80800,
1244,s==9|Tầng 1244,31244,50000,24506,2,1001,255,,,,1,8,202000,1,10,80800,
1245,s==9|Tầng 1245,31245,50000,22509,2,1001,255,,,,1,8,202000,1,10,80800,
1246,s==9|Tầng 1246,31246,50000,21505,2,1001,255,,,,1,8,202000,1,10,80800,
1247,s==9|Tầng 1247,31247,50000,25503,2,1001,255,,,,1,8,202000,1,10,80800,
1248,s==9|Tầng 1248,31248,50000,21508,2,1001,255,,,,1,8,202000,1,10,80800,
1249,s==9|Tầng 1249,31249,50000,25506,2,1001,255,,,,1,8,202000,1,10,80800,
1250,s==9|Tầng 1250,31250,50000,24502,2,1001,255,,,,1,8,202000,1,10,80800,
1251,s==9|Tầng 1251,31251,50000,22501,2,1001,255,,,,1,8,202000,1,10,80800,
1252,s==9|Tầng 1252,31252,50000,21510,2,1001,255,,,,1,8,202000,1,10,80800,
1253,s==9|Tầng 1253,31253,50000,24510,2,1001,255,,,,1,8,202000,1,10,80800,
1254,s==9|Tầng 1254,31254,50000,23504,2,1001,255,,,,1,8,202000,1,10,80800,
1255,s==9|Tầng 1255,31255,50000,24504,2,1001,255,,,,1,8,202000,1,10,80800,
1256,s==9|Tầng 1256,31256,50000,24510,2,1001,255,,,,1,8,202000,1,10,80800,
1257,s==9|Tầng 1257,31257,50000,21505,2,1001,255,,,,1,8,202000,1,10,80800,
1258,s==9|Tầng 1258,31258,50000,22509,2,1001,255,,,,1,8,202000,1,10,80800,
1259,s==9|Tầng 1259,31259,50000,21505,2,1001,255,,,,1,8,202000,1,10,80800,
1260,s==9|Tầng 1260,31260,50000,24508,2,1001,255,,,,1,8,202000,1,10,80800,
1261,s==9|Tầng 1261,31261,50000,22511,2,1001,255,,,,1,8,202000,1,10,80800,
1262,s==9|Tầng 1262,31262,50000,22501,2,1001,255,,,,1,8,202000,1,10,80800,
1263,s==9|Tầng 1263,31263,50000,22507,2,1001,255,,,,1,8,202000,1,10,80800,
1264,s==9|Tầng 1264,31264,50000,24513,2,1001,255,,,,1,8,202000,1,10,80800,
1265,s==9|Tầng 1265,31265,50000,25503,2,1001,255,,,,1,8,202000,1,10,80800,
1266,s==9|Tầng 1266,31266,50000,24510,2,1001,255,,,,1,8,202000,1,10,80800,
1267,s==9|Tầng 1267,31267,50000,23503,2,1001,255,,,,1,8,202000,1,10,80800,
1268,s==9|Tầng 1268,31268,50000,24508,2,1001,255,,,,1,8,202000,1,10,80800,
1269,s==9|Tầng 1269,31269,50000,24506,2,1001,255,,,,1,8,202000,1,10,80800,
1270,s==9|Tầng 1270,31270,50000,22509,2,1001,255,,,,1,8,202000,1,10,80800,
1271,s==9|Tầng 1271,31271,50000,21505,2,1001,255,,,,1,8,202000,1,10,80800,
1272,s==9|Tầng 1272,31272,50000,25503,2,1001,255,,,,1,8,202000,1,10,80800,
1273,s==9|Tầng 1273,31273,50000,21508,2,1001,255,,,,1,8,202000,1,10,80800,
1274,s==9|Tầng 1274,31274,50000,25506,2,1001,255,,,,1,8,202000,1,10,80800,
1275,s==9|Tầng 1275,31275,50000,24502,2,1001,255,,,,1,8,202000,1,10,80800,
1276,s==9|Tầng 1276,31276,50000,22501,2,1001,255,,,,1,8,202000,1,10,80800,
1277,s==9|Tầng 1277,31277,50000,21510,2,1001,255,,,,1,8,202000,1,10,80800,
1278,s==9|Tầng 1278,31278,50000,24510,2,1001,255,,,,1,8,202000,1,10,80800,
1279,s==9|Tầng 1279,31279,50000,23504,2,1001,255,,,,1,8,202000,1,10,80800,
1280,s==9|Tầng 1280,31280,50000,24504,2,1001,255,,,,1,8,202000,1,10,80800,
1281,s==9|Tầng 1281,31281,50000,24510,2,1001,255,,,,1,8,202000,1,10,80800,
1282,s==9|Tầng 1282,31282,50000,21505,2,1001,255,,,,1,8,202000,1,10,80800,
1283,s==9|Tầng 1283,31283,50000,22509,2,1001,255,,,,1,8,202000,1,10,80800,
1284,s==9|Tầng 1284,31284,50000,21505,2,1001,255,,,,1,8,202000,1,10,80800,
1285,s==9|Tầng 1285,31285,50000,24508,2,1001,255,,,,1,8,202000,1,10,80800,
1286,s==9|Tầng 1286,31286,50000,22511,2,1001,255,,,,1,8,202000,1,10,80800,
1287,s==9|Tầng 1287,31287,50000,22501,2,1001,255,,,,1,8,202000,1,10,80800,
1288,s==9|Tầng 1288,31288,50000,22507,2,1001,255,,,,1,8,202000,1,10,80800,
1289,s==9|Tầng 1289,31289,50000,24513,2,1001,255,,,,1,8,202000,1,10,80800,
1290,s==9|Tầng 1290,31290,50000,25503,2,1001,255,,,,1,8,202000,1,10,80800,
1291,s==9|Tầng 1291,31291,50000,24510,2,1001,255,,,,1,8,202000,1,10,80800,
1292,s==9|Tầng 1292,31292,50000,23503,2,1001,255,,,,1,8,202000,1,10,80800,
1293,s==9|Tầng 1293,31293,50000,24508,2,1001,255,,,,1,8,202000,1,10,80800,
1294,s==9|Tầng 1294,31294,50000,24506,2,1001,255,,,,1,8,202000,1,10,80800,
1295,s==9|Tầng 1295,31295,50000,22509,2,1001,255,,,,1,8,202000,1,10,80800,
1296,s==9|Tầng 1296,31296,50000,21505,2,1001,255,,,,1,8,202000,1,10,80800,
1297,s==9|Tầng 1297,31297,50000,25503,2,1001,255,,,,1,8,202000,1,10,80800,
1298,s==9|Tầng 1298,31298,50000,21508,2,1001,255,,,,1,8,202000,1,10,80800,
1299,s==9|Tầng 1299,31299,50000,25506,2,1001,255,,,,1,8,202000,1,10,80800,
1300,s==9|Tầng 1300,31300,50000,24502,2,1001,255,,,,1,8,202000,1,10,80800,
1301,s==9|Tầng 1301,31301,50000,22501,2,1001,255,,,,1,8,202000,1,10,80800,
1302,s==9|Tầng 1302,31302,50000,21510,2,1001,255,,,,1,8,202000,1,10,80800,
1303,s==9|Tầng 1303,31303,50000,24510,2,1001,255,,,,1,8,202000,1,10,80800,
1304,s==9|Tầng 1304,31304,50000,23504,2,1001,255,,,,1,8,202000,1,10,80800,
1305,s==9|Tầng 1305,31305,50000,24504,2,1001,255,,,,1,8,202000,1,10,80800,
1306,s==9|Tầng 1306,31306,50000,24510,2,1001,255,,,,1,8,202000,1,10,80800,
1307,s==9|Tầng 1307,31307,50000,21505,2,1001,255,,,,1,8,202000,1,10,80800,
1308,s==9|Tầng 1308,31308,50000,22509,2,1001,255,,,,1,8,202000,1,10,80800,
1309,s==9|Tầng 1309,31309,50000,21505,2,1001,255,,,,1,8,202000,1,10,80800,
1310,s==9|Tầng 1310,31310,50000,24508,2,1001,255,,,,1,8,202000,1,10,80800,
1311,s==9|Tầng 1311,31311,50000,22511,2,1001,255,,,,1,8,202000,1,10,80800,
1312,s==9|Tầng 1312,31312,50000,22501,2,1001,255,,,,1,8,202000,1,10,80800,
1313,s==9|Tầng 1313,31313,50000,22507,2,1001,255,,,,1,8,202000,1,10,80800,
1314,s==9|Tầng 1314,31314,50000,24513,2,1001,255,,,,1,8,202000,1,10,80800,
1315,s==9|Tầng 1315,31315,50000,25503,2,1001,255,,,,1,8,202000,1,10,80800,
1316,s==9|Tầng 1316,31316,50000,24510,2,1001,255,,,,1,8,202000,1,10,80800,
1317,s==9|Tầng 1317,31317,50000,23503,2,1001,255,,,,1,8,202000,1,10,80800,
1318,s==9|Tầng 1318,31318,50000,24508,2,1001,255,,,,1,8,202000,1,10,80800,
1319,s==9|Tầng 1319,31319,50000,24506,2,1001,255,,,,1,8,202000,1,10,80800,
1320,s==9|Tầng 1320,31320,50000,22509,2,1001,255,,,,1,8,202000,1,10,80800,
1321,s==9|Tầng 1321,31321,50000,21505,2,1001,255,,,,1,8,202000,1,10,80800,
1322,s==9|Tầng 1322,31322,50000,25503,2,1001,255,,,,1,8,202000,1,10,80800,
1323,s==9|Tầng 1323,31323,50000,21508,2,1001,255,,,,1,8,202000,1,10,80800,
1324,s==9|Tầng 1324,31324,50000,25506,2,1001,255,,,,1,8,202000,1,10,80800,
1325,s==9|Tầng 1325,31325,50000,24502,2,1001,255,,,,1,8,202000,1,10,80800,
1326,s==9|Tầng 1326,31326,50000,22501,2,1001,255,,,,1,8,202000,1,10,80800,
1327,s==9|Tầng 1327,31327,50000,21510,2,1001,255,,,,1,8,202000,1,10,80800,
1328,s==9|Tầng 1328,31328,50000,24510,2,1001,255,,,,1,8,202000,1,10,80800,
1329,s==9|Tầng 1329,31329,50000,23504,2,1001,255,,,,1,8,202000,1,10,80800,
1330,s==9|Tầng 1330,31330,50000,24504,2,1001,255,,,,1,8,202000,1,10,80800,
1331,s==9|Tầng 1331,31331,50000,24510,2,1001,255,,,,1,8,202000,1,10,80800,
1332,s==9|Tầng 1332,31332,50000,21505,2,1001,255,,,,1,8,202000,1,10,80800,
1333,s==9|Tầng 1333,31333,50000,22509,2,1001,255,,,,1,8,202000,1,10,80800,
1334,s==9|Tầng 1334,31334,50000,21505,2,1001,255,,,,1,8,202000,1,10,80800,
1335,s==9|Tầng 1335,31335,50000,24508,2,1001,255,,,,1,8,202000,1,10,80800,
1336,s==9|Tầng 1336,31336,50000,22511,2,1001,255,,,,1,8,202000,1,10,80800,
1337,s==9|Tầng 1337,31337,50000,22501,2,1001,255,,,,1,8,202000,1,10,80800,
1338,s==9|Tầng 1338,31338,50000,22507,2,1001,255,,,,1,8,202000,1,10,80800,
1339,s==9|Tầng 1339,31339,50000,24513,2,1001,255,,,,1,8,202000,1,10,80800,
1340,s==9|Tầng 1340,31340,50000,25503,2,1001,255,,,,1,8,202000,1,10,80800,
1341,s==9|Tầng 1341,31341,50000,24510,2,1001,255,,,,1,8,202000,1,10,80800,
1342,s==9|Tầng 1342,31342,50000,23503,2,1001,255,,,,1,8,202000,1,10,80800,
1343,s==9|Tầng 1343,31343,50000,24508,2,1001,255,,,,1,8,202000,1,10,80800,
1344,s==9|Tầng 1344,31344,50000,24506,2,1001,255,,,,1,8,202000,1,10,80800,
1345,s==9|Tầng 1345,31345,50000,22509,2,1001,255,,,,1,8,202000,1,10,80800,
1346,s==9|Tầng 1346,31346,50000,21505,2,1001,255,,,,1,8,202000,1,10,80800,
1347,s==9|Tầng 1347,31347,50000,25503,2,1001,255,,,,1,8,202000,1,10,80800,
1348,s==9|Tầng 1348,31348,50000,21508,2,1001,255,,,,1,8,202000,1,10,80800,
1349,s==9|Tầng 1349,31349,50000,25506,2,1001,255,,,,1,8,202000,1,10,80800,
1350,s==9|Tầng 1350,31350,50000,24502,2,1001,255,,,,1,8,202000,1,10,80800,
1351,s==9|Tầng 1351,31351,50000,22501,2,1001,255,,,,1,8,202000,1,10,80800,
1352,s==9|Tầng 1352,31352,50000,21510,2,1001,255,,,,1,8,202000,1,10,80800,
1353,s==9|Tầng 1353,31353,50000,24510,2,1001,255,,,,1,8,202000,1,10,80800,
1354,s==9|Tầng 1354,31354,50000,23504,2,1001,255,,,,1,8,202000,1,10,80800,
1355,s==9|Tầng 1355,31355,50000,24504,2,1001,255,,,,1,8,202000,1,10,80800,
1356,s==9|Tầng 1356,31356,50000,24510,2,1001,255,,,,1,8,202000,1,10,80800,
1357,s==9|Tầng 1357,31357,50000,21505,2,1001,255,,,,1,8,202000,1,10,80800,
1358,s==9|Tầng 1358,31358,50000,22509,2,1001,255,,,,1,8,202000,1,10,80800,
1359,s==9|Tầng 1359,31359,50000,21505,2,1001,255,,,,1,8,202000,1,10,80800,
1360,s==9|Tầng 1360,31360,50000,24508,2,1001,255,,,,1,8,202000,1,10,80800,
1361,s==9|Tầng 1361,31361,50000,22511,2,1001,255,,,,1,8,202000,1,10,80800,
1362,s==9|Tầng 1362,31362,50000,22501,2,1001,255,,,,1,8,202000,1,10,80800,
1363,s==9|Tầng 1363,31363,50000,22507,2,1001,255,,,,1,8,202000,1,10,80800,
1364,s==9|Tầng 1364,31364,50000,24513,2,1001,255,,,,1,8,202000,1,10,80800,
1365,s==9|Tầng 1365,31365,50000,25503,2,1001,255,,,,1,8,202000,1,10,80800,
1366,s==9|Tầng 1366,31366,50000,24510,2,1001,255,,,,1,8,202000,1,10,80800,
1367,s==9|Tầng 1367,31367,50000,23503,2,1001,255,,,,1,8,202000,1,10,80800,
1368,s==9|Tầng 1368,31368,50000,24508,2,1001,255,,,,1,8,202000,1,10,80800,
1369,s==9|Tầng 1369,31369,50000,24506,2,1001,255,,,,1,8,202000,1,10,80800,
1370,s==9|Tầng 1370,31370,50000,22509,2,1001,255,,,,1,8,202000,1,10,80800,
1371,s==9|Tầng 1371,31371,50000,21505,2,1001,255,,,,1,8,202000,1,10,80800,
1372,s==9|Tầng 1372,31372,50000,25503,2,1001,255,,,,1,8,202000,1,10,80800,
1373,s==9|Tầng 1373,31373,50000,21508,2,1001,255,,,,1,8,202000,1,10,80800,
1374,s==9|Tầng 1374,31374,50000,25506,2,1001,255,,,,1,8,202000,1,10,80800,
1375,s==9|Tầng 1375,31375,50000,24502,2,1001,255,,,,1,8,202000,1,10,80800,
1376,s==9|Tầng 1376,31376,50000,22501,2,1001,255,,,,1,8,202000,1,10,80800,
1377,s==9|Tầng 1377,31377,50000,21510,2,1001,255,,,,1,8,202000,1,10,80800,
1378,s==9|Tầng 1378,31378,50000,24510,2,1001,255,,,,1,8,202000,1,10,80800,
1379,s==9|Tầng 1379,31379,50000,23504,2,1001,255,,,,1,8,202000,1,10,80800,
1380,s==9|Tầng 1380,31380,50000,24504,2,1001,255,,,,1,8,202000,1,10,80800,
1381,s==9|Tầng 1381,31381,50000,24510,2,1001,255,,,,1,8,202000,1,10,80800,
1382,s==9|Tầng 1382,31382,50000,21505,2,1001,255,,,,1,8,202000,1,10,80800,
1383,s==9|Tầng 1383,31383,50000,22509,2,1001,255,,,,1,8,202000,1,10,80800,
1384,s==9|Tầng 1384,31384,50000,21505,2,1001,255,,,,1,8,202000,1,10,80800,
1385,s==9|Tầng 1385,31385,50000,24508,2,1001,255,,,,1,8,202000,1,10,80800,
1386,s==9|Tầng 1386,31386,50000,22511,2,1001,255,,,,1,8,202000,1,10,80800,
1387,s==9|Tầng 1387,31387,50000,22501,2,1001,255,,,,1,8,202000,1,10,80800,
1388,s==9|Tầng 1388,31388,50000,22507,2,1001,255,,,,1,8,202000,1,10,80800,
1389,s==9|Tầng 1389,31389,50000,24513,2,1001,255,,,,1,8,202000,1,10,80800,
1390,s==9|Tầng 1390,31390,50000,25503,2,1001,255,,,,1,8,202000,1,10,80800,
1391,s==9|Tầng 1391,31391,50000,24510,2,1001,255,,,,1,8,202000,1,10,80800,
1392,s==9|Tầng 1392,31392,50000,23503,2,1001,255,,,,1,8,202000,1,10,80800,
1393,s==9|Tầng 1393,31393,50000,24508,2,1001,255,,,,1,8,202000,1,10,80800,
1394,s==9|Tầng 1394,31394,50000,24506,2,1001,255,,,,1,8,202000,1,10,80800,
1395,s==9|Tầng 1395,31395,50000,22509,2,1001,255,,,,1,8,202000,1,10,80800,
1396,s==9|Tầng 1396,31396,50000,21505,2,1001,255,,,,1,8,202000,1,10,80800,
1397,s==9|Tầng 1397,31397,50000,25503,2,1001,255,,,,1,8,202000,1,10,80800,
1398,s==9|Tầng 1398,31398,50000,21508,2,1001,255,,,,1,8,202000,1,10,80800,
1399,s==9|Tầng 1399,31399,50000,25506,2,1001,255,,,,1,8,202000,1,10,80800,
1400,s==9|Tầng 1400,31400,50000,24502,2,1001,255,,,,1,8,202000,1,10,80800,
1401,s==9|Tầng 1401,31401,50000,22501,2,1001,255,,,,1,8,202000,1,10,80800,
1402,s==9|Tầng 1402,31402,50000,21510,2,1001,255,,,,1,8,202000,1,10,80800,
1403,s==9|Tầng 1403,31403,50000,24510,2,1001,255,,,,1,8,202000,1,10,80800,
1404,s==9|Tầng 1404,31404,50000,23504,2,1001,255,,,,1,8,202000,1,10,80800,
1405,s==9|Tầng 1405,31405,50000,24504,2,1001,255,,,,1,8,202000,1,10,80800,
1406,s==9|Tầng 1406,31406,50000,24510,2,1001,255,,,,1,8,202000,1,10,80800,
1407,s==9|Tầng 1407,31407,50000,21505,2,1001,255,,,,1,8,202000,1,10,80800,
1408,s==9|Tầng 1408,31408,50000,22509,2,1001,255,,,,1,8,202000,1,10,80800,
1409,s==9|Tầng 1409,31409,50000,21505,2,1001,255,,,,1,8,202000,1,10,80800,
1410,s==9|Tầng 1410,31410,50000,24508,2,1001,255,,,,1,8,202000,1,10,80800,
1411,s==9|Tầng 1411,31411,50000,22511,2,1001,255,,,,1,8,202000,1,10,80800,
1412,s==9|Tầng 1412,31412,50000,22501,2,1001,255,,,,1,8,202000,1,10,80800,
1413,s==9|Tầng 1413,31413,50000,22507,2,1001,255,,,,1,8,202000,1,10,80800,
1414,s==9|Tầng 1414,31414,50000,24513,2,1001,255,,,,1,8,202000,1,10,80800,
1415,s==9|Tầng 1415,31415,50000,25503,2,1001,255,,,,1,8,202000,1,10,80800,
1416,s==9|Tầng 1416,31416,50000,24510,2,1001,255,,,,1,8,202000,1,10,80800,
1417,s==9|Tầng 1417,31417,50000,23503,2,1001,255,,,,1,8,202000,1,10,80800,
1418,s==9|Tầng 1418,31418,50000,24508,2,1001,255,,,,1,8,202000,1,10,80800,
1419,s==9|Tầng 1419,31419,50000,24506,2,1001,255,,,,1,8,202000,1,10,80800,
1420,s==9|Tầng 1420,31420,50000,22509,2,1001,255,,,,1,8,202000,1,10,80800,
1421,s==9|Tầng 1421,31421,50000,21505,2,1001,255,,,,1,8,202000,1,10,80800,
1422,s==9|Tầng 1422,31422,50000,25503,2,1001,255,,,,1,8,202000,1,10,80800,
1423,s==9|Tầng 1423,31423,50000,21508,2,1001,255,,,,1,8,202000,1,10,80800,
1424,s==9|Tầng 1424,31424,50000,25506,2,1001,255,,,,1,8,202000,1,10,80800,
1425,s==9|Tầng 1425,31425,50000,24502,2,1001,255,,,,1,8,202000,1,10,80800,
1426,s==9|Tầng 1426,31426,50000,22501,2,1001,255,,,,1,8,202000,1,10,80800,
1427,s==9|Tầng 1427,31427,50000,21510,2,1001,255,,,,1,8,202000,1,10,80800,
1428,s==9|Tầng 1428,31428,50000,24510,2,1001,255,,,,1,8,202000,1,10,80800,
1429,s==9|Tầng 1429,31429,50000,23504,2,1001,255,,,,1,8,202000,1,10,80800,
1430,s==9|Tầng 1430,31430,50000,24504,2,1001,255,,,,1,8,202000,1,10,80800,
1431,s==9|Tầng 1431,31431,50000,24510,2,1001,255,,,,1,8,202000,1,10,80800,
1432,s==9|Tầng 1432,31432,50000,21505,2,1001,255,,,,1,8,202000,1,10,80800,
1433,s==9|Tầng 1433,31433,50000,22509,2,1001,255,,,,1,8,202000,1,10,80800,
1434,s==9|Tầng 1434,31434,50000,21505,2,1001,255,,,,1,8,202000,1,10,80800,
1435,s==9|Tầng 1435,31435,50000,24508,2,1001,255,,,,1,8,202000,1,10,80800,
1436,s==9|Tầng 1436,31436,50000,22511,2,1001,255,,,,1,8,202000,1,10,80800,
1437,s==9|Tầng 1437,31437,50000,22501,2,1001,255,,,,1,8,202000,1,10,80800,
1438,s==9|Tầng 1438,31438,50000,22507,2,1001,255,,,,1,8,202000,1,10,80800,
1439,s==9|Tầng 1439,31439,50000,24513,2,1001,255,,,,1,8,202000,1,10,80800,
1440,s==9|Tầng 1440,31440,50000,25503,2,1001,255,,,,1,8,202000,1,10,80800,
1441,s==9|Tầng 1441,31441,50000,24510,2,1001,255,,,,1,8,202000,1,10,80800,
1442,s==9|Tầng 1442,31442,50000,23503,2,1001,255,,,,1,8,202000,1,10,80800,
1443,s==9|Tầng 1443,31443,50000,24508,2,1001,255,,,,1,8,202000,1,10,80800,
1444,s==9|Tầng 1444,31444,50000,24506,2,1001,255,,,,1,8,202000,1,10,80800,
1445,s==9|Tầng 1445,31445,50000,22509,2,1001,255,,,,1,8,202000,1,10,80800,
1446,s==9|Tầng 1446,31446,50000,21505,2,1001,255,,,,1,8,202000,1,10,80800,
1447,s==9|Tầng 1447,31447,50000,25503,2,1001,255,,,,1,8,202000,1,10,80800,
1448,s==9|Tầng 1448,31448,50000,21508,2,1001,255,,,,1,8,202000,1,10,80800,
1449,s==9|Tầng 1449,31449,50000,25506,2,1001,255,,,,1,8,202000,1,10,80800,
1450,s==9|Tầng 1450,31450,50000,24502,2,1001,255,,,,1,8,202000,1,10,80800,
1451,s==9|Tầng 1451,31451,50000,22501,2,1001,255,,,,1,8,202000,1,10,80800,
1452,s==9|Tầng 1452,31452,50000,21510,2,1001,255,,,,1,8,202000,1,10,80800,
1453,s==9|Tầng 1453,31453,50000,24510,2,1001,255,,,,1,8,202000,1,10,80800,
1454,s==9|Tầng 1454,31454,50000,23504,2,1001,255,,,,1,8,202000,1,10,80800,
1455,s==9|Tầng 1455,31455,50000,24504,2,1001,255,,,,1,8,202000,1,10,80800,
1456,s==9|Tầng 1456,31456,50000,24510,2,1001,255,,,,1,8,202000,1,10,80800,
1457,s==9|Tầng 1457,31457,50000,21505,2,1001,255,,,,1,8,202000,1,10,80800,
1458,s==9|Tầng 1458,31458,50000,22509,2,1001,255,,,,1,8,202000,1,10,80800,
1459,s==9|Tầng 1459,31459,50000,21505,2,1001,255,,,,1,8,202000,1,10,80800,
1460,s==9|Tầng 1460,31460,50000,24508,2,1001,255,,,,1,8,202000,1,10,80800,
1461,s==9|Tầng 1461,31461,50000,22511,2,1001,255,,,,1,8,202000,1,10,80800,
1462,s==9|Tầng 1462,31462,50000,22501,2,1001,255,,,,1,8,202000,1,10,80800,
1463,s==9|Tầng 1463,31463,50000,22507,2,1001,255,,,,1,8,202000,1,10,80800,
1464,s==9|Tầng 1464,31464,50000,24513,2,1001,255,,,,1,8,202000,1,10,80800,
1465,s==9|Tầng 1465,31465,50000,25503,2,1001,255,,,,1,8,202000,1,10,80800,
1466,s==9|Tầng 1466,31466,50000,24510,2,1001,255,,,,1,8,202000,1,10,80800,
1467,s==9|Tầng 1467,31467,50000,23503,2,1001,255,,,,1,8,202000,1,10,80800,
1468,s==9|Tầng 1468,31468,50000,24508,2,1001,255,,,,1,8,202000,1,10,80800,
1469,s==9|Tầng 1469,31469,50000,24506,2,1001,255,,,,1,8,202000,1,10,80800,
1470,s==9|Tầng 1470,31470,50000,22509,2,1001,255,,,,1,8,202000,1,10,80800,
1471,s==9|Tầng 1471,31471,50000,21505,2,1001,255,,,,1,8,202000,1,10,80800,
1472,s==9|Tầng 1472,31472,50000,25503,2,1001,255,,,,1,8,202000,1,10,80800,
1473,s==9|Tầng 1473,31473,50000,21508,2,1001,255,,,,1,8,202000,1,10,80800,
1474,s==9|Tầng 1474,31474,50000,25506,2,1001,255,,,,1,8,202000,1,10,80800,
1475,s==9|Tầng 1475,31475,50000,24502,2,1001,255,,,,1,8,202000,1,10,80800,
1476,s==9|Tầng 1476,31476,50000,22501,2,1001,255,,,,1,8,202000,1,10,80800,
1477,s==9|Tầng 1477,31477,50000,21510,2,1001,255,,,,1,8,202000,1,10,80800,
1478,s==9|Tầng 1478,31478,50000,24510,2,1001,255,,,,1,8,202000,1,10,80800,
1479,s==9|Tầng 1479,31479,50000,23504,2,1001,255,,,,1,8,202000,1,10,80800,
1480,s==9|Tầng 1480,31480,50000,24504,2,1001,255,,,,1,8,202000,1,10,80800,
1481,s==9|Tầng 1481,31481,50000,24510,2,1001,255,,,,1,8,202000,1,10,80800,
1482,s==9|Tầng 1482,31482,50000,21505,2,1001,255,,,,1,8,202000,1,10,80800,
1483,s==9|Tầng 1483,31483,50000,22509,2,1001,255,,,,1,8,202000,1,10,80800,
1484,s==9|Tầng 1484,31484,50000,21505,2,1001,255,,,,1,8,202000,1,10,80800,
1485,s==9|Tầng 1485,31485,50000,24508,2,1001,255,,,,1,8,202000,1,10,80800,
1486,s==9|Tầng 1486,31486,50000,22511,2,1001,255,,,,1,8,202000,1,10,80800,
1487,s==9|Tầng 1487,31487,50000,22501,2,1001,255,,,,1,8,202000,1,10,80800,
1488,s==9|Tầng 1488,31488,50000,22507,2,1001,255,,,,1,8,202000,1,10,80800,
1489,s==9|Tầng 1489,31489,50000,24513,2,1001,255,,,,1,8,202000,1,10,80800,
1490,s==9|Tầng 1490,31490,50000,25503,2,1001,255,,,,1,8,202000,1,10,80800,
1491,s==9|Tầng 1491,31491,50000,24510,2,1001,255,,,,1,8,202000,1,10,80800,
1492,s==9|Tầng 1492,31492,50000,23503,2,1001,255,,,,1,8,202000,1,10,80800,
1493,s==9|Tầng 1493,31493,50000,24508,2,1001,255,,,,1,8,202000,1,10,80800,
1494,s==9|Tầng 1494,31494,50000,24506,2,1001,255,,,,1,8,202000,1,10,80800,
1495,s==9|Tầng 1495,31495,50000,22509,2,1001,255,,,,1,8,202000,1,10,80800,
1496,s==9|Tầng 1496,31496,50000,21505,2,1001,255,,,,1,8,202000,1,10,80800,
1497,s==9|Tầng 1497,31497,50000,25503,2,1001,255,,,,1,8,202000,1,10,80800,
1498,s==9|Tầng 1498,31498,50000,21508,2,1001,255,,,,1,8,202000,1,10,80800,
1499,s==9|Tầng 1499,31499,50000,25506,2,1001,255,,,,1,8,202000,1,10,80800,
1500,s==9|Tầng 1500,31500,50000,24502,2,1001,255,,,,1,8,202000,1,10,80800,
1501,s==9|Tầng 1501,31501,50000,22501,2,1001,255,,,,1,8,202000,1,10,80800,
1502,s==9|Tầng 1502,31502,50000,21510,2,1001,255,,,,1,8,202000,1,10,80800,
1503,s==9|Tầng 1503,31503,50000,24510,2,1001,255,,,,1,8,202000,1,10,80800,
1504,s==9|Tầng 1504,31504,50000,23504,2,1001,255,,,,1,8,202000,1,10,80800,
1505,s==9|Tầng 1505,31505,50000,24504,2,1001,255,,,,1,8,202000,1,10,80800,
1506,s==9|Tầng 1506,31506,50000,24510,2,1001,255,,,,1,8,202000,1,10,80800,
1507,s==9|Tầng 1507,31507,50000,21505,2,1001,255,,,,1,8,202000,1,10,80800,
1508,s==9|Tầng 1508,31508,50000,22509,2,1001,255,,,,1,8,202000,1,10,80800,
1509,s==9|Tầng 1509,31509,50000,21505,2,1001,255,,,,1,8,202000,1,10,80800,
1510,s==9|Tầng 1510,31510,50000,24508,2,1001,255,,,,1,8,202000,1,10,80800,
1511,s==9|Tầng 1511,31511,50000,22511,2,1001,255,,,,1,8,202000,1,10,80800,
1512,s==9|Tầng 1512,31512,50000,22501,2,1001,255,,,,1,8,202000,1,10,80800,
1513,s==9|Tầng 1513,31513,50000,22507,2,1001,255,,,,1,8,202000,1,10,80800,
1514,s==9|Tầng 1514,31514,50000,24513,2,1001,255,,,,1,8,202000,1,10,80800,
1515,s==9|Tầng 1515,31515,50000,25503,2,1001,255,,,,1,8,202000,1,10,80800,
1516,s==9|Tầng 1516,31516,50000,24510,2,1001,255,,,,1,8,202000,1,10,80800,
1517,s==9|Tầng 1517,31517,50000,23503,2,1001,255,,,,1,8,202000,1,10,80800,
1518,s==9|Tầng 1518,31518,50000,24508,2,1001,255,,,,1,8,202000,1,10,80800,
1519,s==9|Tầng 1519,31519,50000,24506,2,1001,255,,,,1,8,202000,1,10,80800,
1520,s==9|Tầng 1520,31520,50000,22509,2,1001,255,,,,1,8,202000,1,10,80800,
1521,s==9|Tầng 1521,31521,50000,21505,2,1001,255,,,,1,8,202000,1,10,80800,
1522,s==9|Tầng 1522,31522,50000,25503,2,1001,255,,,,1,8,202000,1,10,80800,
1523,s==9|Tầng 1523,31523,50000,21508,2,1001,255,,,,1,8,202000,1,10,80800,
1524,s==9|Tầng 1524,31524,50000,25506,2,1001,255,,,,1,8,202000,1,10,80800,
1525,s==9|Tầng 1525,31525,50000,24502,2,1001,255,,,,1,8,202000,1,10,80800,
1526,s==9|Tầng 1526,31526,50000,22501,2,1001,255,,,,1,8,202000,1,10,80800,
1527,s==9|Tầng 1527,31527,50000,21510,2,1001,255,,,,1,8,202000,1,10,80800,
1528,s==9|Tầng 1528,31528,50000,24510,2,1001,255,,,,1,8,202000,1,10,80800,
1529,s==9|Tầng 1529,31529,50000,23504,2,1001,255,,,,1,8,202000,1,10,80800,
1530,s==9|Tầng 1530,31530,50000,24504,2,1001,255,,,,1,8,202000,1,10,80800,
1531,s==9|Tầng 1531,31531,50000,24510,2,1001,255,,,,1,8,202000,1,10,80800,
1532,s==9|Tầng 1532,31532,50000,21505,2,1001,255,,,,1,8,202000,1,10,80800,
1533,s==9|Tầng 1533,31533,50000,22509,2,1001,255,,,,1,8,202000,1,10,80800,
1534,s==9|Tầng 1534,31534,50000,21505,2,1001,255,,,,1,8,202000,1,10,80800,
1535,s==9|Tầng 1535,31535,50000,24508,2,1001,255,,,,1,8,202000,1,10,80800,
1536,s==9|Tầng 1536,31536,50000,22511,2,1001,255,,,,1,8,202000,1,10,80800,
1537,s==9|Tầng 1537,31537,50000,22501,2,1001,255,,,,1,8,202000,1,10,80800,
1538,s==9|Tầng 1538,31538,50000,22507,2,1001,255,,,,1,8,202000,1,10,80800,
1539,s==9|Tầng 1539,31539,50000,24513,2,1001,255,,,,1,8,202000,1,10,80800,
1540,s==9|Tầng 1540,31540,50000,25503,2,1001,255,,,,1,8,202000,1,10,80800,
1541,s==9|Tầng 1541,31541,50000,24510,2,1001,255,,,,1,8,202000,1,10,80800,
1542,s==9|Tầng 1542,31542,50000,23503,2,1001,255,,,,1,8,202000,1,10,80800,
1543,s==9|Tầng 1543,31543,50000,24508,2,1001,255,,,,1,8,202000,1,10,80800,
1544,s==9|Tầng 1544,31544,50000,24506,2,1001,255,,,,1,8,202000,1,10,80800,
1545,s==9|Tầng 1545,31545,50000,22509,2,1001,255,,,,1,8,202000,1,10,80800,
1546,s==9|Tầng 1546,31546,50000,21505,2,1001,255,,,,1,8,202000,1,10,80800,
1547,s==9|Tầng 1547,31547,50000,25503,2,1001,255,,,,1,8,202000,1,10,80800,
1548,s==9|Tầng 1548,31548,50000,21508,2,1001,255,,,,1,8,202000,1,10,80800,
1549,s==9|Tầng 1549,31549,50000,25506,2,1001,255,,,,1,8,202000,1,10,80800,
1550,s==9|Tầng 1550,31550,50000,24502,2,1001,255,,,,1,8,202000,1,10,80800,
1551,s==9|Tầng 1551,31551,50000,22501,2,1001,255,,,,1,8,202000,1,10,80800,
1552,s==9|Tầng 1552,31552,50000,21510,2,1001,255,,,,1,8,202000,1,10,80800,
1553,s==9|Tầng 1553,31553,50000,24510,2,1001,255,,,,1,8,202000,1,10,80800,
1554,s==9|Tầng 1554,31554,50000,23504,2,1001,255,,,,1,8,202000,1,10,80800,
1555,s==9|Tầng 1555,31555,50000,24504,2,1001,255,,,,1,8,202000,1,10,80800,
1556,s==9|Tầng 1556,31556,50000,24510,2,1001,255,,,,1,8,202000,1,10,80800,
1557,s==9|Tầng 1557,31557,50000,21505,2,1001,255,,,,1,8,202000,1,10,80800,
1558,s==9|Tầng 1558,31558,50000,22509,2,1001,255,,,,1,8,202000,1,10,80800,
1559,s==9|Tầng 1559,31559,50000,21505,2,1001,255,,,,1,8,202000,1,10,80800,
1560,s==9|Tầng 1560,31560,50000,24508,2,1001,255,,,,1,8,202000,1,10,80800,
1561,s==9|Tầng 1561,31561,50000,22511,2,1001,255,,,,1,8,202000,1,10,80800,
1562,s==9|Tầng 1562,31562,50000,22501,2,1001,255,,,,1,8,202000,1,10,80800,
1563,s==9|Tầng 1563,31563,50000,22507,2,1001,255,,,,1,8,202000,1,10,80800,
1564,s==9|Tầng 1564,31564,50000,24513,2,1001,255,,,,1,8,202000,1,10,80800,
1565,s==9|Tầng 1565,31565,50000,25503,2,1001,255,,,,1,8,202000,1,10,80800,
1566,s==9|Tầng 1566,31566,50000,24510,2,1001,255,,,,1,8,202000,1,10,80800,
1567,s==9|Tầng 1567,31567,50000,23503,2,1001,255,,,,1,8,202000,1,10,80800,
1568,s==9|Tầng 1568,31568,50000,24508,2,1001,255,,,,1,8,202000,1,10,80800,
1569,s==9|Tầng 1569,31569,50000,24506,2,1001,255,,,,1,8,202000,1,10,80800,
1570,s==9|Tầng 1570,31570,50000,22509,2,1001,255,,,,1,8,202000,1,10,80800,
1571,s==9|Tầng 1571,31571,50000,21505,2,1001,255,,,,1,8,202000,1,10,80800,
1572,s==9|Tầng 1572,31572,50000,25503,2,1001,255,,,,1,8,202000,1,10,80800,
1573,s==9|Tầng 1573,31573,50000,21508,2,1001,255,,,,1,8,202000,1,10,80800,
1574,s==9|Tầng 1574,31574,50000,25506,2,1001,255,,,,1,8,202000,1,10,80800,
1575,s==9|Tầng 1575,31575,50000,24502,2,1001,255,,,,1,8,202000,1,10,80800,
1576,s==9|Tầng 1576,31576,50000,22501,2,1001,255,,,,1,8,202000,1,10,80800,
1577,s==9|Tầng 1577,31577,50000,21510,2,1001,255,,,,1,8,202000,1,10,80800,
1578,s==9|Tầng 1578,31578,50000,24510,2,1001,255,,,,1,8,202000,1,10,80800,
1579,s==9|Tầng 1579,31579,50000,23504,2,1001,255,,,,1,8,202000,1,10,80800,
1580,s==9|Tầng 1580,31580,50000,24504,2,1001,255,,,,1,8,202000,1,10,80800,
1581,s==9|Tầng 1581,31581,50000,24510,2,1001,255,,,,1,8,202000,1,10,80800,
1582,s==9|Tầng 1582,31582,50000,21505,2,1001,255,,,,1,8,202000,1,10,80800,
1583,s==9|Tầng 1583,31583,50000,22509,2,1001,255,,,,1,8,202000,1,10,80800,
1584,s==9|Tầng 1584,31584,50000,21505,2,1001,255,,,,1,8,202000,1,10,80800,
1585,s==9|Tầng 1585,31585,50000,24508,2,1001,255,,,,1,8,202000,1,10,80800,
1586,s==9|Tầng 1586,31586,50000,22511,2,1001,255,,,,1,8,202000,1,10,80800,
1587,s==9|Tầng 1587,31587,50000,22501,2,1001,255,,,,1,8,202000,1,10,80800,
1588,s==9|Tầng 1588,31588,50000,22507,2,1001,255,,,,1,8,202000,1,10,80800,
1589,s==9|Tầng 1589,31589,50000,24513,2,1001,255,,,,1,8,202000,1,10,80800,
1590,s==9|Tầng 1590,31590,50000,25503,2,1001,255,,,,1,8,202000,1,10,80800,
1591,s==9|Tầng 1591,31591,50000,24510,2,1001,255,,,,1,8,202000,1,10,80800,
1592,s==9|Tầng 1592,31592,50000,23503,2,1001,255,,,,1,8,202000,1,10,80800,
1593,s==9|Tầng 1593,31593,50000,24508,2,1001,255,,,,1,8,202000,1,10,80800,
1594,s==9|Tầng 1594,31594,50000,24506,2,1001,255,,,,1,8,202000,1,10,80800,
1595,s==9|Tầng 1595,31595,50000,22509,2,1001,255,,,,1,8,202000,1,10,80800,
1596,s==9|Tầng 1596,31596,50000,21505,2,1001,255,,,,1,8,202000,1,10,80800,
1597,s==9|Tầng 1597,31597,50000,25503,2,1001,255,,,,1,8,202000,1,10,80800,
1598,s==9|Tầng 1598,31598,50000,21508,2,1001,255,,,,1,8,202000,1,10,80800,
1599,s==9|Tầng 1599,31599,50000,25506,2,1001,255,,,,1,8,202000,1,10,80800,
1600,s==9|Tầng 1600,31600,50000,24502,2,1001,255,,,,1,8,202000,1,10,80800,
1601,s==9|Tầng 1601,31601,50000,22501,2,1001,255,,,,1,8,202000,1,10,80800,
1602,s==9|Tầng 1602,31602,50000,21510,2,1001,255,,,,1,8,202000,1,10,80800,
1603,s==9|Tầng 1603,31603,50000,24510,2,1001,255,,,,1,8,202000,1,10,80800,
1604,s==9|Tầng 1604,31604,50000,23504,2,1001,255,,,,1,8,202000,1,10,80800,
1605,s==9|Tầng 1605,31605,50000,24504,2,1001,255,,,,1,8,202000,1,10,80800,
1606,s==9|Tầng 1606,31606,50000,24510,2,1001,255,,,,1,8,202000,1,10,80800,
1607,s==9|Tầng 1607,31607,50000,21505,2,1001,255,,,,1,8,202000,1,10,80800,
1608,s==9|Tầng 1608,31608,50000,22509,2,1001,255,,,,1,8,202000,1,10,80800,
1609,s==9|Tầng 1609,31609,50000,21505,2,1001,255,,,,1,8,202000,1,10,80800,
1610,s==9|Tầng 1610,31610,50000,24508,2,1001,255,,,,1,8,202000,1,10,80800,
1611,s==9|Tầng 1611,31611,50000,22511,2,1001,255,,,,1,8,202000,1,10,80800,
1612,s==9|Tầng 1612,31612,50000,22501,2,1001,255,,,,1,8,202000,1,10,80800,
1613,s==9|Tầng 1613,31613,50000,22507,2,1001,255,,,,1,8,202000,1,10,80800,
1614,s==9|Tầng 1614,31614,50000,24513,2,1001,255,,,,1,8,202000,1,10,80800,
1615,s==9|Tầng 1615,31615,50000,25503,2,1001,255,,,,1,8,202000,1,10,80800,
1616,s==9|Tầng 1616,31616,50000,24510,2,1001,255,,,,1,8,202000,1,10,80800,
1617,s==9|Tầng 1617,31617,50000,23503,2,1001,255,,,,1,8,202000,1,10,80800,
1618,s==9|Tầng 1618,31618,50000,24508,2,1001,255,,,,1,8,202000,1,10,80800,
1619,s==9|Tầng 1619,31619,50000,24506,2,1001,255,,,,1,8,202000,1,10,80800,
1620,s==9|Tầng 1620,31620,50000,22509,2,1001,255,,,,1,8,202000,1,10,80800,
1621,s==9|Tầng 1621,31621,50000,21505,2,1001,255,,,,1,8,202000,1,10,80800,
1622,s==9|Tầng 1622,31622,50000,25503,2,1001,255,,,,1,8,202000,1,10,80800,
1623,s==9|Tầng 1623,31623,50000,21508,2,1001,255,,,,1,8,202000,1,10,80800,
1624,s==9|Tầng 1624,31624,50000,25506,2,1001,255,,,,1,8,202000,1,10,80800,
1625,s==9|Tầng 1625,31625,50000,24502,2,1001,255,,,,1,8,202000,1,10,80800,
1626,s==9|Tầng 1626,31626,50000,22501,2,1001,255,,,,1,8,202000,1,10,80800,
1627,s==9|Tầng 1627,31627,50000,21510,2,1001,255,,,,1,8,202000,1,10,80800,
1628,s==9|Tầng 1628,31628,50000,24510,2,1001,255,,,,1,8,202000,1,10,80800,
1629,s==9|Tầng 1629,31629,50000,23504,2,1001,255,,,,1,8,202000,1,10,80800,
1630,s==9|Tầng 1630,31630,50000,24504,2,1001,255,,,,1,8,202000,1,10,80800,
1631,s==9|Tầng 1631,31631,50000,24510,2,1001,255,,,,1,8,202000,1,10,80800,
1632,s==9|Tầng 1632,31632,50000,21505,2,1001,255,,,,1,8,202000,1,10,80800,
1633,s==9|Tầng 1633,31633,50000,22509,2,1001,255,,,,1,8,202000,1,10,80800,
1634,s==9|Tầng 1634,31634,50000,21505,2,1001,255,,,,1,8,202000,1,10,80800,
1635,s==9|Tầng 1635,31635,50000,24508,2,1001,255,,,,1,8,202000,1,10,80800,
1636,s==9|Tầng 1636,31636,50000,22511,2,1001,255,,,,1,8,202000,1,10,80800,
1637,s==9|Tầng 1637,31637,50000,22501,2,1001,255,,,,1,8,202000,1,10,80800,
1638,s==9|Tầng 1638,31638,50000,22507,2,1001,255,,,,1,8,202000,1,10,80800,
1639,s==9|Tầng 1639,31639,50000,24513,2,1001,255,,,,1,8,202000,1,10,80800,
1640,s==9|Tầng 1640,31640,50000,25503,2,1001,255,,,,1,8,202000,1,10,80800,
1641,s==9|Tầng 1641,31641,50000,24510,2,1001,255,,,,1,8,202000,1,10,80800,
1642,s==9|Tầng 1642,31642,50000,23503,2,1001,255,,,,1,8,202000,1,10,80800,
1643,s==9|Tầng 1643,31643,50000,24508,2,1001,255,,,,1,8,202000,1,10,80800,
1644,s==9|Tầng 1644,31644,50000,24506,2,1001,255,,,,1,8,202000,1,10,80800,
1645,s==9|Tầng 1645,31645,50000,22509,2,1001,255,,,,1,8,202000,1,10,80800,
1646,s==9|Tầng 1646,31646,50000,21505,2,1001,255,,,,1,8,202000,1,10,80800,
1647,s==9|Tầng 1647,31647,50000,25503,2,1001,255,,,,1,8,202000,1,10,80800,
1648,s==9|Tầng 1648,31648,50000,21508,2,1001,255,,,,1,8,202000,1,10,80800,
1649,s==9|Tầng 1649,31649,50000,25506,2,1001,255,,,,1,8,202000,1,10,80800,
1650,s==9|Tầng 1650,31650,50000,24502,2,1001,255,,,,1,8,202000,1,10,80800,
1651,s==9|Tầng 1651,31651,50000,22501,2,1001,255,,,,1,8,202000,1,10,80800,
1652,s==9|Tầng 1652,31652,50000,21510,2,1001,255,,,,1,8,202000,1,10,80800,
1653,s==9|Tầng 1653,31653,50000,24510,2,1001,255,,,,1,8,202000,1,10,80800,
1654,s==9|Tầng 1654,31654,50000,23504,2,1001,255,,,,1,8,202000,1,10,80800,
1655,s==9|Tầng 1655,31655,50000,24504,2,1001,255,,,,1,8,202000,1,10,80800,
1656,s==9|Tầng 1656,31656,50000,24510,2,1001,255,,,,1,8,202000,1,10,80800,
1657,s==9|Tầng 1657,31657,50000,21505,2,1001,255,,,,1,8,202000,1,10,80800,
1658,s==9|Tầng 1658,31658,50000,22509,2,1001,255,,,,1,8,202000,1,10,80800,
1659,s==9|Tầng 1659,31659,50000,21505,2,1001,255,,,,1,8,202000,1,10,80800,
1660,s==9|Tầng 1660,31660,50000,24508,2,1001,255,,,,1,8,202000,1,10,80800,
1661,s==9|Tầng 1661,31661,50000,22511,2,1001,255,,,,1,8,202000,1,10,80800,
1662,s==9|Tầng 1662,31662,50000,22501,2,1001,255,,,,1,8,202000,1,10,80800,
1663,s==9|Tầng 1663,31663,50000,22507,2,1001,255,,,,1,8,202000,1,10,80800,
1664,s==9|Tầng 1664,31664,50000,24513,2,1001,255,,,,1,8,202000,1,10,80800,
1665,s==9|Tầng 1665,31665,50000,25503,2,1001,255,,,,1,8,202000,1,10,80800,
1666,s==9|Tầng 1666,31666,50000,24510,2,1001,255,,,,1,8,202000,1,10,80800,
1667,s==9|Tầng 1667,31667,50000,23503,2,1001,255,,,,1,8,202000,1,10,80800,
1668,s==9|Tầng 1668,31668,50000,24508,2,1001,255,,,,1,8,202000,1,10,80800,
1669,s==9|Tầng 1669,31669,50000,24506,2,1001,255,,,,1,8,202000,1,10,80800,
1670,s==9|Tầng 1670,31670,50000,22509,2,1001,255,,,,1,8,202000,1,10,80800,
1671,s==9|Tầng 1671,31671,50000,21505,2,1001,255,,,,1,8,202000,1,10,80800,
1672,s==9|Tầng 1672,31672,50000,25503,2,1001,255,,,,1,8,202000,1,10,80800,
1673,s==9|Tầng 1673,31673,50000,21508,2,1001,255,,,,1,8,202000,1,10,80800,
1674,s==9|Tầng 1674,31674,50000,25506,2,1001,255,,,,1,8,202000,1,10,80800,
1675,s==9|Tầng 1675,31675,50000,24502,2,1001,255,,,,1,8,202000,1,10,80800,
1676,s==9|Tầng 1676,31676,50000,22501,2,1001,255,,,,1,8,202000,1,10,80800,
1677,s==9|Tầng 1677,31677,50000,21510,2,1001,255,,,,1,8,202000,1,10,80800,
1678,s==9|Tầng 1678,31678,50000,24510,2,1001,255,,,,1,8,202000,1,10,80800,
1679,s==9|Tầng 1679,31679,50000,23504,2,1001,255,,,,1,8,202000,1,10,80800,
1680,s==9|Tầng 1680,31680,50000,24504,2,1001,255,,,,1,8,202000,1,10,80800,
1681,s==9|Tầng 1681,31681,50000,24510,2,1001,255,,,,1,8,202000,1,10,80800,
1682,s==9|Tầng 1682,31682,50000,21505,2,1001,255,,,,1,8,202000,1,10,80800,
1683,s==9|Tầng 1683,31683,50000,22509,2,1001,255,,,,1,8,202000,1,10,80800,
1684,s==9|Tầng 1684,31684,50000,21505,2,1001,255,,,,1,8,202000,1,10,80800,
1685,s==9|Tầng 1685,31685,50000,24508,2,1001,255,,,,1,8,202000,1,10,80800,
1686,s==9|Tầng 1686,31686,50000,22511,2,1001,255,,,,1,8,202000,1,10,80800,
1687,s==9|Tầng 1687,31687,50000,22501,2,1001,255,,,,1,8,202000,1,10,80800,
1688,s==9|Tầng 1688,31688,50000,22507,2,1001,255,,,,1,8,202000,1,10,80800,
1689,s==9|Tầng 1689,31689,50000,24513,2,1001,255,,,,1,8,202000,1,10,80800,
1690,s==9|Tầng 1690,31690,50000,25503,2,1001,255,,,,1,8,202000,1,10,80800,
1691,s==9|Tầng 1691,31691,50000,24510,2,1001,255,,,,1,8,202000,1,10,80800,
1692,s==9|Tầng 1692,31692,50000,23503,2,1001,255,,,,1,8,202000,1,10,80800,
1693,s==9|Tầng 1693,31693,50000,24508,2,1001,255,,,,1,8,202000,1,10,80800,
1694,s==9|Tầng 1694,31694,50000,24506,2,1001,255,,,,1,8,202000,1,10,80800,
1695,s==9|Tầng 1695,31695,50000,22509,2,1001,255,,,,1,8,202000,1,10,80800,
1696,s==9|Tầng 1696,31696,50000,21505,2,1001,255,,,,1,8,202000,1,10,80800,
1697,s==9|Tầng 1697,31697,50000,25503,2,1001,255,,,,1,8,202000,1,10,80800,
1698,s==9|Tầng 1698,31698,50000,21508,2,1001,255,,,,1,8,202000,1,10,80800,
1699,s==9|Tầng 1699,31699,50000,25506,2,1001,255,,,,1,8,202000,1,10,80800,
1700,s==9|Tầng 1700,31700,50000,24502,2,1001,255,,,,1,8,202000,1,10,80800,
1701,s==9|Tầng 1701,31701,50000,22501,2,1001,255,,,,1,8,202000,1,10,80800,
1702,s==9|Tầng 1702,31702,50000,21510,2,1001,255,,,,1,8,202000,1,10,80800,
1703,s==9|Tầng 1703,31703,50000,24510,2,1001,255,,,,1,8,202000,1,10,80800,
1704,s==9|Tầng 1704,31704,50000,23504,2,1001,255,,,,1,8,202000,1,10,80800,
1705,s==9|Tầng 1705,31705,50000,24504,2,1001,255,,,,1,8,202000,1,10,80800,
1706,s==9|Tầng 1706,31706,50000,24510,2,1001,255,,,,1,8,202000,1,10,80800,
1707,s==9|Tầng 1707,31707,50000,21505,2,1001,255,,,,1,8,202000,1,10,80800,
1708,s==9|Tầng 1708,31708,50000,22509,2,1001,255,,,,1,8,202000,1,10,80800,
1709,s==9|Tầng 1709,31709,50000,21505,2,1001,255,,,,1,8,202000,1,10,80800,
1710,s==9|Tầng 1710,31710,50000,24508,2,1001,255,,,,1,8,202000,1,10,80800,
1711,s==9|Tầng 1711,31711,50000,22511,2,1001,255,,,,1,8,202000,1,10,80800,
1712,s==9|Tầng 1712,31712,50000,22501,2,1001,255,,,,1,8,202000,1,10,80800,
1713,s==9|Tầng 1713,31713,50000,22507,2,1001,255,,,,1,8,202000,1,10,80800,
1714,s==9|Tầng 1714,31714,50000,24513,2,1001,255,,,,1,8,202000,1,10,80800,
1715,s==9|Tầng 1715,31715,50000,25503,2,1001,255,,,,1,8,202000,1,10,80800,
1716,s==9|Tầng 1716,31716,50000,24510,2,1001,255,,,,1,8,202000,1,10,80800,
1717,s==9|Tầng 1717,31717,50000,23503,2,1001,255,,,,1,8,202000,1,10,80800,
1718,s==9|Tầng 1718,31718,50000,24508,2,1001,255,,,,1,8,202000,1,10,80800,
1719,s==9|Tầng 1719,31719,50000,24506,2,1001,255,,,,1,8,202000,1,10,80800,
1720,s==9|Tầng 1720,31720,50000,22509,2,1001,255,,,,1,8,202000,1,10,80800,
1721,s==9|Tầng 1721,31721,50000,21505,2,1001,255,,,,1,8,202000,1,10,80800,
1722,s==9|Tầng 1722,31722,50000,25503,2,1001,255,,,,1,8,202000,1,10,80800,
1723,s==9|Tầng 1723,31723,50000,21508,2,1001,255,,,,1,8,202000,1,10,80800,
1724,s==9|Tầng 1724,31724,50000,25506,2,1001,255,,,,1,8,202000,1,10,80800,
1725,s==9|Tầng 1725,31725,50000,24502,2,1001,255,,,,1,8,202000,1,10,80800,
1726,s==9|Tầng 1726,31726,50000,22501,2,1001,255,,,,1,8,202000,1,10,80800,
1727,s==9|Tầng 1727,31727,50000,21510,2,1001,255,,,,1,8,202000,1,10,80800,
1728,s==9|Tầng 1728,31728,50000,24510,2,1001,255,,,,1,8,202000,1,10,80800,
1729,s==9|Tầng 1729,31729,50000,23504,2,1001,255,,,,1,8,202000,1,10,80800,
1730,s==9|Tầng 1730,31730,50000,24504,2,1001,255,,,,1,8,202000,1,10,80800,
1731,s==9|Tầng 1731,31731,50000,24510,2,1001,255,,,,1,8,202000,1,10,80800,
1732,s==9|Tầng 1732,31732,50000,21505,2,1001,255,,,,1,8,202000,1,10,80800,
1733,s==9|Tầng 1733,31733,50000,22509,2,1001,255,,,,1,8,202000,1,10,80800,
1734,s==9|Tầng 1734,31734,50000,21505,2,1001,255,,,,1,8,202000,1,10,80800,
1735,s==9|Tầng 1735,31735,50000,24508,2,1001,255,,,,1,8,202000,1,10,80800,
1736,s==9|Tầng 1736,31736,50000,22511,2,1001,255,,,,1,8,202000,1,10,80800,
1737,s==9|Tầng 1737,31737,50000,22501,2,1001,255,,,,1,8,202000,1,10,80800,
1738,s==9|Tầng 1738,31738,50000,22507,2,1001,255,,,,1,8,202000,1,10,80800,
1739,s==9|Tầng 1739,31739,50000,24513,2,1001,255,,,,1,8,202000,1,10,80800,
1740,s==9|Tầng 1740,31740,50000,25503,2,1001,255,,,,1,8,202000,1,10,80800,
1741,s==9|Tầng 1741,31741,50000,24510,2,1001,255,,,,1,8,202000,1,10,80800,
1742,s==9|Tầng 1742,31742,50000,23503,2,1001,255,,,,1,8,202000,1,10,80800,
1743,s==9|Tầng 1743,31743,50000,24508,2,1001,255,,,,1,8,202000,1,10,80800,
1744,s==9|Tầng 1744,31744,50000,24506,2,1001,255,,,,1,8,202000,1,10,80800,
1745,s==9|Tầng 1745,31745,50000,22509,2,1001,255,,,,1,8,202000,1,10,80800,
1746,s==9|Tầng 1746,31746,50000,21505,2,1001,255,,,,1,8,202000,1,10,80800,
1747,s==9|Tầng 1747,31747,50000,25503,2,1001,255,,,,1,8,202000,1,10,80800,
1748,s==9|Tầng 1748,31748,50000,21508,2,1001,255,,,,1,8,202000,1,10,80800,
1749,s==9|Tầng 1749,31749,50000,25506,2,1001,255,,,,1,8,202000,1,10,80800,
1750,s==9|Tầng 1750,31750,50000,24502,2,1001,255,,,,1,8,202000,1,10,80800,
1751,s==9|Tầng 1751,31751,50000,22501,2,1001,255,,,,1,8,202000,1,10,80800,
1752,s==9|Tầng 1752,31752,50000,21510,2,1001,255,,,,1,8,202000,1,10,80800,
1753,s==9|Tầng 1753,31753,50000,24510,2,1001,255,,,,1,8,202000,1,10,80800,
1754,s==9|Tầng 1754,31754,50000,23504,2,1001,255,,,,1,8,202000,1,10,80800,
1755,s==9|Tầng 1755,31755,50000,24504,2,1001,255,,,,1,8,202000,1,10,80800,
1756,s==9|Tầng 1756,31756,50000,24510,2,1001,255,,,,1,8,202000,1,10,80800,
1757,s==9|Tầng 1757,31757,50000,21505,2,1001,255,,,,1,8,202000,1,10,80800,
1758,s==9|Tầng 1758,31758,50000,22509,2,1001,255,,,,1,8,202000,1,10,80800,
1759,s==9|Tầng 1759,31759,50000,21505,2,1001,255,,,,1,8,202000,1,10,80800,
1760,s==9|Tầng 1760,31760,50000,24508,2,1001,255,,,,1,8,202000,1,10,80800,
1761,s==9|Tầng 1761,31761,50000,22511,2,1001,255,,,,1,8,202000,1,10,80800,
1762,s==9|Tầng 1762,31762,50000,22501,2,1001,255,,,,1,8,202000,1,10,80800,
1763,s==9|Tầng 1763,31763,50000,22507,2,1001,255,,,,1,8,202000,1,10,80800,
1764,s==9|Tầng 1764,31764,50000,24513,2,1001,255,,,,1,8,202000,1,10,80800,
1765,s==9|Tầng 1765,31765,50000,25503,2,1001,255,,,,1,8,202000,1,10,80800,
1766,s==9|Tầng 1766,31766,50000,24510,2,1001,255,,,,1,8,202000,1,10,80800,
1767,s==9|Tầng 1767,31767,50000,23503,2,1001,255,,,,1,8,202000,1,10,80800,
1768,s==9|Tầng 1768,31768,50000,24508,2,1001,255,,,,1,8,202000,1,10,80800,
1769,s==9|Tầng 1769,31769,50000,24506,2,1001,255,,,,1,8,202000,1,10,80800,
1770,s==9|Tầng 1770,31770,50000,22509,2,1001,255,,,,1,8,202000,1,10,80800,
1771,s==9|Tầng 1771,31771,50000,21505,2,1001,255,,,,1,8,202000,1,10,80800,
1772,s==9|Tầng 1772,31772,50000,25503,2,1001,255,,,,1,8,202000,1,10,80800,
1773,s==9|Tầng 1773,31773,50000,21508,2,1001,255,,,,1,8,202000,1,10,80800,
1774,s==9|Tầng 1774,31774,50000,25506,2,1001,255,,,,1,8,202000,1,10,80800,
1775,s==9|Tầng 1775,31775,50000,24502,2,1001,255,,,,1,8,202000,1,10,80800,
1776,s==9|Tầng 1776,31776,50000,22501,2,1001,255,,,,1,8,202000,1,10,80800,
1777,s==9|Tầng 1777,31777,50000,21510,2,1001,255,,,,1,8,202000,1,10,80800,
1778,s==9|Tầng 1778,31778,50000,24510,2,1001,255,,,,1,8,202000,1,10,80800,
1779,s==9|Tầng 1779,31779,50000,23504,2,1001,255,,,,1,8,202000,1,10,80800,
1780,s==9|Tầng 1780,31780,50000,24504,2,1001,255,,,,1,8,202000,1,10,80800,
1781,s==9|Tầng 1781,31781,50000,24510,2,1001,255,,,,1,8,202000,1,10,80800,
1782,s==9|Tầng 1782,31782,50000,21505,2,1001,255,,,,1,8,202000,1,10,80800,
1783,s==9|Tầng 1783,31783,50000,22509,2,1001,255,,,,1,8,202000,1,10,80800,
1784,s==9|Tầng 1784,31784,50000,21505,2,1001,255,,,,1,8,202000,1,10,80800,
1785,s==9|Tầng 1785,31785,50000,24508,2,1001,255,,,,1,8,202000,1,10,80800,
1786,s==9|Tầng 1786,31786,50000,22511,2,1001,255,,,,1,8,202000,1,10,80800,
1787,s==9|Tầng 1787,31787,50000,22501,2,1001,255,,,,1,8,202000,1,10,80800,
1788,s==9|Tầng 1788,31788,50000,22507,2,1001,255,,,,1,8,202000,1,10,80800,
1789,s==9|Tầng 1789,31789,50000,24513,2,1001,255,,,,1,8,202000,1,10,80800,
1790,s==9|Tầng 1790,31790,50000,25503,2,1001,255,,,,1,8,202000,1,10,80800,
1791,s==9|Tầng 1791,31791,50000,24510,2,1001,255,,,,1,8,202000,1,10,80800,
1792,s==9|Tầng 1792,31792,50000,23503,2,1001,255,,,,1,8,202000,1,10,80800,
1793,s==9|Tầng 1793,31793,50000,24508,2,1001,255,,,,1,8,202000,1,10,80800,
1794,s==9|Tầng 1794,31794,50000,24506,2,1001,255,,,,1,8,202000,1,10,80800,
1795,s==9|Tầng 1795,31795,50000,22509,2,1001,255,,,,1,8,202000,1,10,80800,
1796,s==9|Tầng 1796,31796,50000,21505,2,1001,255,,,,1,8,202000,1,10,80800,
1797,s==9|Tầng 1797,31797,50000,25503,2,1001,255,,,,1,8,202000,1,10,80800,
1798,s==9|Tầng 1798,31798,50000,21508,2,1001,255,,,,1,8,202000,1,10,80800,
1799,s==9|Tầng 1799,31799,50000,25506,2,1001,255,,,,1,8,202000,1,10,80800,
1800,s==9|Tầng 1800,31800,50000,24502,2,1001,255,,,,1,8,202000,1,10,80800,
1801,s==9|Tầng 1801,31801,50000,22501,2,1001,255,,,,1,8,202000,1,10,80800,
1802,s==9|Tầng 1802,31802,50000,21510,2,1001,255,,,,1,8,202000,1,10,80800,
1803,s==9|Tầng 1803,31803,50000,24510,2,1001,255,,,,1,8,202000,1,10,80800,
1804,s==9|Tầng 1804,31804,50000,23504,2,1001,255,,,,1,8,202000,1,10,80800,
1805,s==9|Tầng 1805,31805,50000,24504,2,1001,255,,,,1,8,202000,1,10,80800,
1806,s==9|Tầng 1806,31806,50000,24510,2,1001,255,,,,1,8,202000,1,10,80800,
1807,s==9|Tầng 1807,31807,50000,21505,2,1001,255,,,,1,8,202000,1,10,80800,
1808,s==9|Tầng 1808,31808,50000,22509,2,1001,255,,,,1,8,202000,1,10,80800,
1809,s==9|Tầng 1809,31809,50000,21505,2,1001,255,,,,1,8,202000,1,10,80800,
1810,s==9|Tầng 1810,31810,50000,24508,2,1001,255,,,,1,8,202000,1,10,80800,
1811,s==9|Tầng 1811,31811,50000,22511,2,1001,255,,,,1,8,202000,1,10,80800,
1812,s==9|Tầng 1812,31812,50000,22501,2,1001,255,,,,1,8,202000,1,10,80800,
1813,s==9|Tầng 1813,31813,50000,22507,2,1001,255,,,,1,8,202000,1,10,80800,
1814,s==9|Tầng 1814,31814,50000,24513,2,1001,255,,,,1,8,202000,1,10,80800,
1815,s==9|Tầng 1815,31815,50000,25503,2,1001,255,,,,1,8,202000,1,10,80800,
1816,s==9|Tầng 1816,31816,50000,24510,2,1001,255,,,,1,8,202000,1,10,80800,
1817,s==9|Tầng 1817,31817,50000,23503,2,1001,255,,,,1,8,202000,1,10,80800,
1818,s==9|Tầng 1818,31818,50000,24508,2,1001,255,,,,1,8,202000,1,10,80800,
1819,s==9|Tầng 1819,31819,50000,24506,2,1001,255,,,,1,8,202000,1,10,80800,
1820,s==9|Tầng 1820,31820,50000,22509,2,1001,255,,,,1,8,202000,1,10,80800,
1821,s==9|Tầng 1821,31821,50000,21505,2,1001,255,,,,1,8,202000,1,10,80800,
1822,s==9|Tầng 1822,31822,50000,25503,2,1001,255,,,,1,8,202000,1,10,80800,
1823,s==9|Tầng 1823,31823,50000,21508,2,1001,255,,,,1,8,202000,1,10,80800,
1824,s==9|Tầng 1824,31824,50000,25506,2,1001,255,,,,1,8,202000,1,10,80800,
1825,s==9|Tầng 1825,31825,50000,24502,2,1001,255,,,,1,8,202000,1,10,80800,
1826,s==9|Tầng 1826,31826,50000,22501,2,1001,255,,,,1,8,202000,1,10,80800,
1827,s==9|Tầng 1827,31827,50000,21510,2,1001,255,,,,1,8,202000,1,10,80800,
1828,s==9|Tầng 1828,31828,50000,24510,2,1001,255,,,,1,8,202000,1,10,80800,
1829,s==9|Tầng 1829,31829,50000,23504,2,1001,255,,,,1,8,202000,1,10,80800,
1830,s==9|Tầng 1830,31830,50000,24504,2,1001,255,,,,1,8,202000,1,10,80800,
1831,s==9|Tầng 1831,31831,50000,24510,2,1001,255,,,,1,8,202000,1,10,80800,
1832,s==9|Tầng 1832,31832,50000,21505,2,1001,255,,,,1,8,202000,1,10,80800,
1833,s==9|Tầng 1833,31833,50000,22509,2,1001,255,,,,1,8,202000,1,10,80800,
1834,s==9|Tầng 1834,31834,50000,21505,2,1001,255,,,,1,8,202000,1,10,80800,
1835,s==9|Tầng 1835,31835,50000,24508,2,1001,255,,,,1,8,202000,1,10,80800,
1836,s==9|Tầng 1836,31836,50000,22511,2,1001,255,,,,1,8,202000,1,10,80800,
1837,s==9|Tầng 1837,31837,50000,22501,2,1001,255,,,,1,8,202000,1,10,80800,
1838,s==9|Tầng 1838,31838,50000,22507,2,1001,255,,,,1,8,202000,1,10,80800,
1839,s==9|Tầng 1839,31839,50000,24513,2,1001,255,,,,1,8,202000,1,10,80800,
1840,s==9|Tầng 1840,31840,50000,25503,2,1001,255,,,,1,8,202000,1,10,80800,
1841,s==9|Tầng 1841,31841,50000,24510,2,1001,255,,,,1,8,202000,1,10,80800,
1842,s==9|Tầng 1842,31842,50000,23503,2,1001,255,,,,1,8,202000,1,10,80800,
1843,s==9|Tầng 1843,31843,50000,24508,2,1001,255,,,,1,8,202000,1,10,80800,
1844,s==9|Tầng 1844,31844,50000,24506,2,1001,255,,,,1,8,202000,1,10,80800,
1845,s==9|Tầng 1845,31845,50000,22509,2,1001,255,,,,1,8,202000,1,10,80800,
1846,s==9|Tầng 1846,31846,50000,21505,2,1001,255,,,,1,8,202000,1,10,80800,
1847,s==9|Tầng 1847,31847,50000,25503,2,1001,255,,,,1,8,202000,1,10,80800,
1848,s==9|Tầng 1848,31848,50000,21508,2,1001,255,,,,1,8,202000,1,10,80800,
1849,s==9|Tầng 1849,31849,50000,25506,2,1001,255,,,,1,8,202000,1,10,80800,
1850,s==9|Tầng 1850,31850,50000,24502,2,1001,255,,,,1,8,202000,1,10,80800,
1851,s==9|Tầng 1851,31851,50000,22501,2,1001,255,,,,1,8,202000,1,10,80800,
1852,s==9|Tầng 1852,31852,50000,21510,2,1001,255,,,,1,8,202000,1,10,80800,
1853,s==9|Tầng 1853,31853,50000,24510,2,1001,255,,,,1,8,202000,1,10,80800,
1854,s==9|Tầng 1854,31854,50000,23504,2,1001,255,,,,1,8,202000,1,10,80800,
1855,s==9|Tầng 1855,31855,50000,24504,2,1001,255,,,,1,8,202000,1,10,80800,
1856,s==9|Tầng 1856,31856,50000,24510,2,1001,255,,,,1,8,202000,1,10,80800,
1857,s==9|Tầng 1857,31857,50000,21505,2,1001,255,,,,1,8,202000,1,10,80800,
1858,s==9|Tầng 1858,31858,50000,22509,2,1001,255,,,,1,8,202000,1,10,80800,
1859,s==9|Tầng 1859,31859,50000,21505,2,1001,255,,,,1,8,202000,1,10,80800,
1860,s==9|Tầng 1860,31860,50000,24508,2,1001,255,,,,1,8,202000,1,10,80800,
1861,s==9|Tầng 1861,31861,50000,22511,2,1001,255,,,,1,8,202000,1,10,80800,
1862,s==9|Tầng 1862,31862,50000,22501,2,1001,255,,,,1,8,202000,1,10,80800,
1863,s==9|Tầng 1863,31863,50000,22507,2,1001,255,,,,1,8,202000,1,10,80800,
1864,s==9|Tầng 1864,31864,50000,24513,2,1001,255,,,,1,8,202000,1,10,80800,
1865,s==9|Tầng 1865,31865,50000,25503,2,1001,255,,,,1,8,202000,1,10,80800,
1866,s==9|Tầng 1866,31866,50000,24510,2,1001,255,,,,1,8,202000,1,10,80800,
1867,s==9|Tầng 1867,31867,50000,23503,2,1001,255,,,,1,8,202000,1,10,80800,
1868,s==9|Tầng 1868,31868,50000,24508,2,1001,255,,,,1,8,202000,1,10,80800,
1869,s==9|Tầng 1869,31869,50000,24506,2,1001,255,,,,1,8,202000,1,10,80800,
1870,s==9|Tầng 1870,31870,50000,22509,2,1001,255,,,,1,8,202000,1,10,80800,
1871,s==9|Tầng 1871,31871,50000,21505,2,1001,255,,,,1,8,202000,1,10,80800,
1872,s==9|Tầng 1872,31872,50000,25503,2,1001,255,,,,1,8,202000,1,10,80800,
1873,s==9|Tầng 1873,31873,50000,21508,2,1001,255,,,,1,8,202000,1,10,80800,
1874,s==9|Tầng 1874,31874,50000,25506,2,1001,255,,,,1,8,202000,1,10,80800,
1875,s==9|Tầng 1875,31875,50000,24502,2,1001,255,,,,1,8,202000,1,10,80800,
1876,s==9|Tầng 1876,31876,50000,22501,2,1001,255,,,,1,8,202000,1,10,80800,
1877,s==9|Tầng 1877,31877,50000,21510,2,1001,255,,,,1,8,202000,1,10,80800,
1878,s==9|Tầng 1878,31878,50000,24510,2,1001,255,,,,1,8,202000,1,10,80800,
1879,s==9|Tầng 1879,31879,50000,23504,2,1001,255,,,,1,8,202000,1,10,80800,
1880,s==9|Tầng 1880,31880,50000,24504,2,1001,255,,,,1,8,202000,1,10,80800,
1881,s==9|Tầng 1881,31881,50000,24510,2,1001,255,,,,1,8,202000,1,10,80800,
1882,s==9|Tầng 1882,31882,50000,21505,2,1001,255,,,,1,8,202000,1,10,80800,
1883,s==9|Tầng 1883,31883,50000,22509,2,1001,255,,,,1,8,202000,1,10,80800,
1884,s==9|Tầng 1884,31884,50000,21505,2,1001,255,,,,1,8,202000,1,10,80800,
1885,s==9|Tầng 1885,31885,50000,24508,2,1001,255,,,,1,8,202000,1,10,80800,
1886,s==9|Tầng 1886,31886,50000,22511,2,1001,255,,,,1,8,202000,1,10,80800,
1887,s==9|Tầng 1887,31887,50000,22501,2,1001,255,,,,1,8,202000,1,10,80800,
1888,s==9|Tầng 1888,31888,50000,22507,2,1001,255,,,,1,8,202000,1,10,80800,
1889,s==9|Tầng 1889,31889,50000,24513,2,1001,255,,,,1,8,202000,1,10,80800,
1890,s==9|Tầng 1890,31890,50000,25503,2,1001,255,,,,1,8,202000,1,10,80800,
1891,s==9|Tầng 1891,31891,50000,24510,2,1001,255,,,,1,8,202000,1,10,80800,
1892,s==9|Tầng 1892,31892,50000,23503,2,1001,255,,,,1,8,202000,1,10,80800,
1893,s==9|Tầng 1893,31893,50000,24508,2,1001,255,,,,1,8,202000,1,10,80800,
1894,s==9|Tầng 1894,31894,50000,24506,2,1001,255,,,,1,8,202000,1,10,80800,
1895,s==9|Tầng 1895,31895,50000,22509,2,1001,255,,,,1,8,202000,1,10,80800,
1896,s==9|Tầng 1896,31896,50000,21505,2,1001,255,,,,1,8,202000,1,10,80800,
1897,s==9|Tầng 1897,31897,50000,25503,2,1001,255,,,,1,8,202000,1,10,80800,
1898,s==9|Tầng 1898,31898,50000,21508,2,1001,255,,,,1,8,202000,1,10,80800,
1899,s==9|Tầng 1899,31899,50000,25506,2,1001,255,,,,1,8,202000,1,10,80800,
1900,s==9|Tầng 1900,31900,50000,24502,2,1001,255,,,,1,8,202000,1,10,80800,
1901,s==9|Tầng 1901,31901,50000,22501,2,1001,255,,,,1,8,202000,1,10,80800,
1902,s==9|Tầng 1902,31902,50000,21510,2,1001,255,,,,1,8,202000,1,10,80800,
1903,s==9|Tầng 1903,31903,50000,24510,2,1001,255,,,,1,8,202000,1,10,80800,
1904,s==9|Tầng 1904,31904,50000,23504,2,1001,255,,,,1,8,202000,1,10,80800,
1905,s==9|Tầng 1905,31905,50000,24504,2,1001,255,,,,1,8,202000,1,10,80800,
1906,s==9|Tầng 1906,31906,50000,24510,2,1001,255,,,,1,8,202000,1,10,80800,
1907,s==9|Tầng 1907,31907,50000,21505,2,1001,255,,,,1,8,202000,1,10,80800,
1908,s==9|Tầng 1908,31908,50000,22509,2,1001,255,,,,1,8,202000,1,10,80800,
1909,s==9|Tầng 1909,31909,50000,21505,2,1001,255,,,,1,8,202000,1,10,80800,
1910,s==9|Tầng 1910,31910,50000,24508,2,1001,255,,,,1,8,202000,1,10,80800,
1911,s==9|Tầng 1911,31911,50000,22511,2,1001,255,,,,1,8,202000,1,10,80800,
1912,s==9|Tầng 1912,31912,50000,22501,2,1001,255,,,,1,8,202000,1,10,80800,
1913,s==9|Tầng 1913,31913,50000,22507,2,1001,255,,,,1,8,202000,1,10,80800,
1914,s==9|Tầng 1914,31914,50000,24513,2,1001,255,,,,1,8,202000,1,10,80800,
1915,s==9|Tầng 1915,31915,50000,25503,2,1001,255,,,,1,8,202000,1,10,80800,
1916,s==9|Tầng 1916,31916,50000,24510,2,1001,255,,,,1,8,202000,1,10,80800,
1917,s==9|Tầng 1917,31917,50000,23503,2,1001,255,,,,1,8,202000,1,10,80800,
1918,s==9|Tầng 1918,31918,50000,24508,2,1001,255,,,,1,8,202000,1,10,80800,
1919,s==9|Tầng 1919,31919,50000,24506,2,1001,255,,,,1,8,202000,1,10,80800,
1920,s==9|Tầng 1920,31920,50000,22509,2,1001,255,,,,1,8,202000,1,10,80800,
1921,s==9|Tầng 1921,31921,50000,21505,2,1001,255,,,,1,8,202000,1,10,80800,
1922,s==9|Tầng 1922,31922,50000,25503,2,1001,255,,,,1,8,202000,1,10,80800,
1923,s==9|Tầng 1923,31923,50000,21508,2,1001,255,,,,1,8,202000,1,10,80800,
1924,s==9|Tầng 1924,31924,50000,25506,2,1001,255,,,,1,8,202000,1,10,80800,
1925,s==9|Tầng 1925,31925,50000,24502,2,1001,255,,,,1,8,202000,1,10,80800,
1926,s==9|Tầng 1926,31926,50000,22501,2,1001,255,,,,1,8,202000,1,10,80800,
1927,s==9|Tầng 1927,31927,50000,21510,2,1001,255,,,,1,8,202000,1,10,80800,
1928,s==9|Tầng 1928,31928,50000,24510,2,1001,255,,,,1,8,202000,1,10,80800,
1929,s==9|Tầng 1929,31929,50000,23504,2,1001,255,,,,1,8,202000,1,10,80800,
1930,s==9|Tầng 1930,31930,50000,24504,2,1001,255,,,,1,8,202000,1,10,80800,
1931,s==9|Tầng 1931,31931,50000,24510,2,1001,255,,,,1,8,202000,1,10,80800,
1932,s==9|Tầng 1932,31932,50000,21505,2,1001,255,,,,1,8,202000,1,10,80800,
1933,s==9|Tầng 1933,31933,50000,22509,2,1001,255,,,,1,8,202000,1,10,80800,
1934,s==9|Tầng 1934,31934,50000,21505,2,1001,255,,,,1,8,202000,1,10,80800,
1935,s==9|Tầng 1935,31935,50000,24508,2,1001,255,,,,1,8,202000,1,10,80800,
1936,s==9|Tầng 1936,31936,50000,22511,2,1001,255,,,,1,8,202000,1,10,80800,
1937,s==9|Tầng 1937,31937,50000,22501,2,1001,255,,,,1,8,202000,1,10,80800,
1938,s==9|Tầng 1938,31938,50000,22507,2,1001,255,,,,1,8,202000,1,10,80800,
1939,s==9|Tầng 1939,31939,50000,24513,2,1001,255,,,,1,8,202000,1,10,80800,
1940,s==9|Tầng 1940,31940,50000,25503,2,1001,255,,,,1,8,202000,1,10,80800,
1941,s==9|Tầng 1941,31941,50000,24510,2,1001,255,,,,1,8,202000,1,10,80800,
1942,s==9|Tầng 1942,31942,50000,23503,2,1001,255,,,,1,8,202000,1,10,80800,
1943,s==9|Tầng 1943,31943,50000,24508,2,1001,255,,,,1,8,202000,1,10,80800,
1944,s==9|Tầng 1944,31944,50000,24506,2,1001,255,,,,1,8,202000,1,10,80800,
1945,s==9|Tầng 1945,31945,50000,22509,2,1001,255,,,,1,8,202000,1,10,80800,
1946,s==9|Tầng 1946,31946,50000,21505,2,1001,255,,,,1,8,202000,1,10,80800,
1947,s==9|Tầng 1947,31947,50000,25503,2,1001,255,,,,1,8,202000,1,10,80800,
1948,s==9|Tầng 1948,31948,50000,21508,2,1001,255,,,,1,8,202000,1,10,80800,
1949,s==9|Tầng 1949,31949,50000,25506,2,1001,255,,,,1,8,202000,1,10,80800,
1950,s==9|Tầng 1950,31950,50000,24502,2,1001,255,,,,1,8,202000,1,10,80800,
1951,s==9|Tầng 1951,31951,50000,22501,2,1001,255,,,,1,8,202000,1,10,80800,
1952,s==9|Tầng 1952,31952,50000,21510,2,1001,255,,,,1,8,202000,1,10,80800,
1953,s==9|Tầng 1953,31953,50000,24510,2,1001,255,,,,1,8,202000,1,10,80800,
1954,s==9|Tầng 1954,31954,50000,23504,2,1001,255,,,,1,8,202000,1,10,80800,
1955,s==9|Tầng 1955,31955,50000,24504,2,1001,255,,,,1,8,202000,1,10,80800,
1956,s==9|Tầng 1956,31956,50000,24510,2,1001,255,,,,1,8,202000,1,10,80800,
1957,s==9|Tầng 1957,31957,50000,21505,2,1001,255,,,,1,8,202000,1,10,80800,
1958,s==9|Tầng 1958,31958,50000,22509,2,1001,255,,,,1,8,202000,1,10,80800,
1959,s==9|Tầng 1959,31959,50000,21505,2,1001,255,,,,1,8,202000,1,10,80800,
1960,s==9|Tầng 1960,31960,50000,24508,2,1001,255,,,,1,8,202000,1,10,80800,
1961,s==9|Tầng 1961,31961,50000,22511,2,1001,255,,,,1,8,202000,1,10,80800,
1962,s==9|Tầng 1962,31962,50000,22501,2,1001,255,,,,1,8,202000,1,10,80800,
1963,s==9|Tầng 1963,31963,50000,22507,2,1001,255,,,,1,8,202000,1,10,80800,
1964,s==9|Tầng 1964,31964,50000,24513,2,1001,255,,,,1,8,202000,1,10,80800,
1965,s==9|Tầng 1965,31965,50000,25503,2,1001,255,,,,1,8,202000,1,10,80800,
1966,s==9|Tầng 1966,31966,50000,24510,2,1001,255,,,,1,8,202000,1,10,80800,
1967,s==9|Tầng 1967,31967,50000,23503,2,1001,255,,,,1,8,202000,1,10,80800,
1968,s==9|Tầng 1968,31968,50000,24508,2,1001,255,,,,1,8,202000,1,10,80800,
1969,s==9|Tầng 1969,31969,50000,24506,2,1001,255,,,,1,8,202000,1,10,80800,
1970,s==9|Tầng 1970,31970,50000,22509,2,1001,255,,,,1,8,202000,1,10,80800,
1971,s==9|Tầng 1971,31971,50000,21505,2,1001,255,,,,1,8,202000,1,10,80800,
1972,s==9|Tầng 1972,31972,50000,25503,2,1001,255,,,,1,8,202000,1,10,80800,
1973,s==9|Tầng 1973,31973,50000,21508,2,1001,255,,,,1,8,202000,1,10,80800,
1974,s==9|Tầng 1974,31974,50000,25506,2,1001,255,,,,1,8,202000,1,10,80800,
1975,s==9|Tầng 1975,31975,50000,24502,2,1001,255,,,,1,8,202000,1,10,80800,
1976,s==9|Tầng 1976,31976,50000,22501,2,1001,255,,,,1,8,202000,1,10,80800,
1977,s==9|Tầng 1977,31977,50000,21510,2,1001,255,,,,1,8,202000,1,10,80800,
1978,s==9|Tầng 1978,31978,50000,24510,2,1001,255,,,,1,8,202000,1,10,80800,
1979,s==9|Tầng 1979,31979,50000,23504,2,1001,255,,,,1,8,202000,1,10,80800,
1980,s==9|Tầng 1980,31980,50000,24504,2,1001,255,,,,1,8,202000,1,10,80800,
1981,s==9|Tầng 1981,31981,50000,24510,2,1001,255,,,,1,8,202000,1,10,80800,
1982,s==9|Tầng 1982,31982,50000,21505,2,1001,255,,,,1,8,202000,1,10,80800,
1983,s==9|Tầng 1983,31983,50000,22509,2,1001,255,,,,1,8,202000,1,10,80800,
1984,s==9|Tầng 1984,31984,50000,21505,2,1001,255,,,,1,8,202000,1,10,80800,
1985,s==9|Tầng 1985,31985,50000,24508,2,1001,255,,,,1,8,202000,1,10,80800,
1986,s==9|Tầng 1986,31986,50000,22511,2,1001,255,,,,1,8,202000,1,10,80800,
1987,s==9|Tầng 1987,31987,50000,22501,2,1001,255,,,,1,8,202000,1,10,80800,
1988,s==9|Tầng 1988,31988,50000,22507,2,1001,255,,,,1,8,202000,1,10,80800,
1989,s==9|Tầng 1989,31989,50000,24513,2,1001,255,,,,1,8,202000,1,10,80800,
1990,s==9|Tầng 1990,31990,50000,25503,2,1001,255,,,,1,8,202000,1,10,80800,
1991,s==9|Tầng 1991,31991,50000,24510,2,1001,255,,,,1,8,202000,1,10,80800,
1992,s==9|Tầng 1992,31992,50000,23503,2,1001,255,,,,1,8,202000,1,10,80800,
1993,s==9|Tầng 1993,31993,50000,24508,2,1001,255,,,,1,8,202000,1,10,80800,
1994,s==9|Tầng 1994,31994,50000,24506,2,1001,255,,,,1,8,202000,1,10,80800,
1995,s==9|Tầng 1995,31995,50000,22509,2,1001,255,,,,1,8,202000,1,10,80800,
1996,s==9|Tầng 1996,31996,50000,21505,2,1001,255,,,,1,8,202000,1,10,80800,
1997,s==9|Tầng 1997,31997,50000,25503,2,1001,255,,,,1,8,202000,1,10,80800,
1998,s==9|Tầng 1998,31998,50000,21508,2,1001,255,,,,1,8,202000,1,10,80800,
1999,s==9|Tầng 1999,31999,50000,25506,2,1001,255,,,,1,8,202000,1,10,80800,
2000,s==9|Tầng 2000,32000,50000,24502,2,1001,255,,,,1,8,202000,1,10,80800,