id,type,minRank,maxRank,items-type-1,items-id-1,items-value-1,items-type-2,items-id-2,items-value-2,items-type-3,items-id-3,items-value-3,items-type-4,items-id-4,items-value-4,items-type-5,items-id-5,items-value-5,items-type-6,items-id-6,items-value-6,title,desc,
1,1,1,1,1,17,1250,1,8,410000,,,,,,,,,,,,,s==47|Phần thưởng xếp hạng chiến tích Quân Đoàn Chiến,s==48|Phần thưởng hạng nhất chiến tích Quân Đoàn Chiến,
2,1,2,2,1,17,1050,1,8,360000,,,,,,,,,,,,,s==47|Phần thưởng xếp hạng chiến tích Quân Đoàn Chiến,s==47|Phần thưởng hạng nhì chiến tích Quân Đoàn Chiến,
3,1,3,3,1,17,850,1,8,310000,,,,,,,,,,,,,s==47|Phần thưởng xếp hạng chiến tích Quân Đoàn Chiến,s==46|Phần thưởng hạng ba chiến tích Quân Đoàn Chiến,
4,1,4,10,1,17,650,1,8,260000,,,,,,,,,,,,,s==47|Phần thưởng xếp hạng chiến tích Quân Đoàn Chiến,s==48|Phần thưởng hạng 4~10 chiến tích Quân Đoàn Chiến,
5,1,11,20,1,17,550,1,8,210000,,,,,,,,,,,,,s==47|Phần thưởng xếp hạng chiến tích Quân Đoàn Chiến,s==49|Phần thưởng hạng 11~20 chiến tích Quân Đoàn Chiến,
6,1,21,50,1,17,450,1,8,160000,,,,,,,,,,,,,s==47|Phần thưởng xếp hạng chiến tích Quân Đoàn Chiến,s==49|Phần thưởng hạng 21~50 chiến tích Quân Đoàn Chiến,
7,1,51,100,1,17,350,1,8,110000,,,,,,,,,,,,,s==47|Phần thưởng xếp hạng chiến tích Quân Đoàn Chiến,s==50|Phần thưởng hạng 51~100 chiến tích Quân Đoàn Chiến,
8,2,1,1,1,39,10500,2,1459,12,2,19507,1,2,19802,1,,,,,,,s==36|Phần thưởng xếp hạng Thiên Đình Bảng,s==37|Phần thưởng hạng nhất Thiên Đình Bảng,
9,2,2,2,1,39,9000,2,1459,10,2,19508,1,,,,,,,,,,s==36|Phần thưởng xếp hạng Thiên Đình Bảng,s==36|Phần thưởng hạng nhì Thiên Đình Bảng,
10,2,3,3,1,39,7500,2,1459,9,2,19509,1,,,,,,,,,,s==36|Phần thưởng xếp hạng Thiên Đình Bảng,s==35|Phần thưởng hạng ba Thiên Đình Bảng,
11,2,4,5,1,39,6500,2,1459,8,,,,,,,,,,,,,s==36|Phần thưởng xếp hạng Thiên Đình Bảng,s==36|Phần thưởng hạng 4~5 Thiên Đình Bảng,
12,2,6,10,1,39,5000,2,1459,7,,,,,,,,,,,,,s==36|Phần thưởng xếp hạng Thiên Đình Bảng,s==37|Phần thưởng hạng 6~10 Thiên Đình Bảng,
13,2,11,20,1,39,4500,2,1459,6,,,,,,,,,,,,,s==36|Phần thưởng xếp hạng Thiên Đình Bảng,s==38|Phần thưởng hạng 11~20 Thiên Đình Bảng,
14,2,21,50,1,39,4000,2,1459,5,,,,,,,,,,,,,s==36|Phần thưởng xếp hạng Thiên Đình Bảng,s==38|Phần thưởng hạng 21~50 Thiên Đình Bảng,
15,2,51,100,1,39,3500,2,1459,4,,,,,,,,,,,,,s==36|Phần thưởng xếp hạng Thiên Đình Bảng,s==39|Phần thưởng hạng 51~100 Thiên Đình Bảng,
16,2,101,200,1,39,3000,2,1459,3,,,,,,,,,,,,,s==36|Phần thưởng xếp hạng Thiên Đình Bảng,s==40|Phần thưởng hạng 101~200 Thiên Đình Bảng,
17,2,201,300,1,39,2500,2,1459,2,,,,,,,,,,,,,s==36|Phần thưởng xếp hạng Thiên Đình Bảng,s==40|Phần thưởng hạng 201~300 Thiên Đình Bảng,
18,2,301,600,1,39,2000,2,1459,1,,,,,,,,,,,,,s==36|Phần thưởng xếp hạng Thiên Đình Bảng,s==40|Phần thưởng hạng 301~600 Thiên Đình Bảng,
19,2,601,1000,1,39,1500,,,,,,,,,,,,,,,,s==36|Phần thưởng xếp hạng Thiên Đình Bảng,s==41|Phần thưởng hạng 601~1000 Thiên Đình Bảng,
20,3,1,1,2,19516,1,2,1453,1,1,9,2000,2,19814,1,,,,,,,s==41|Phần thưởng xếp hạng đỉnh phong đối quyết,s==176|Kính thưa Chủ công:<br/>Chúc mừng ngài đã đạt hạng {0} trong kỳ đỉnh phong đối quyết của lối chơi đỉnh phong kỳ này， sau đây là phần thưởng xếp hạng của ngài， xin mời nhận lấy!,
21,3,2,2,2,19517,1,2,1076,4,1,9,1800,,,,,,,,,,s==41|Phần thưởng xếp hạng đỉnh phong đối quyết,s==176|Kính thưa Chủ công:<br/>Chúc mừng ngài đã đạt hạng {0} trong kỳ đỉnh phong đối quyết của lối chơi đỉnh phong kỳ này， sau đây là phần thưởng xếp hạng của ngài， xin mời nhận lấy!,
22,3,3,3,2,19518,1,2,1076,3,1,9,1600,,,,,,,,,,s==41|Phần thưởng xếp hạng đỉnh phong đối quyết,s==176|Kính thưa Chủ công:<br/>Chúc mừng ngài đã đạt hạng {0} trong kỳ đỉnh phong đối quyết của lối chơi đỉnh phong kỳ này， sau đây là phần thưởng xếp hạng của ngài， xin mời nhận lấy!,
23,3,4,5,2,1076,2,1,9,1400,,,,,,,,,,,,,s==41|Phần thưởng xếp hạng đỉnh phong đối quyết,s==176|Kính thưa Chủ công:<br/>Chúc mừng ngài đã đạt hạng {0} trong kỳ đỉnh phong đối quyết của lối chơi đỉnh phong kỳ này， sau đây là phần thưởng xếp hạng của ngài， xin mời nhận lấy!,
24,3,6,10,2,1076,1,1,9,1200,,,,,,,,,,,,,s==41|Phần thưởng xếp hạng đỉnh phong đối quyết,s==176|Kính thưa Chủ công:<br/>Chúc mừng ngài đã đạt hạng {0} trong kỳ đỉnh phong đối quyết của lối chơi đỉnh phong kỳ này， sau đây là phần thưởng xếp hạng của ngài， xin mời nhận lấy!,
25,3,11,20,2,1075,1,1,9,1000,,,,,,,,,,,,,s==41|Phần thưởng xếp hạng đỉnh phong đối quyết,s==176|Kính thưa Chủ công:<br/>Chúc mừng ngài đã đạt hạng {0} trong kỳ đỉnh phong đối quyết của lối chơi đỉnh phong kỳ này， sau đây là phần thưởng xếp hạng của ngài， xin mời nhận lấy!,
26,3,21,50,2,1086,50,1,9,800,,,,,,,,,,,,,s==41|Phần thưởng xếp hạng đỉnh phong đối quyết,s==176|Kính thưa Chủ công:<br/>Chúc mừng ngài đã đạt hạng {0} trong kỳ đỉnh phong đối quyết của lối chơi đỉnh phong kỳ này， sau đây là phần thưởng xếp hạng của ngài， xin mời nhận lấy!,
27,3,51,128,2,1086,30,1,9,600,,,,,,,,,,,,,s==41|Phần thưởng xếp hạng đỉnh phong đối quyết,s==176|Kính thưa Chủ công:<br/>Chúc mừng ngài đã đạt hạng {0} trong kỳ đỉnh phong đối quyết của lối chơi đỉnh phong kỳ này， sau đây là phần thưởng xếp hạng của ngài， xin mời nhận lấy!,
35,20,1,1,2,1014,10,1,9,1000,2,4030,2,,,,,,,,,,s==20|Xếp hạng sự kiện {0},s==145|Kính thưa Chủ công:<br/>Kỳ hoạt động <color=#a75f2f>{0}</c> đã kết thúc， ngài xếp hạng thứ <color=#a75f2f>{1}</c>， nhận được phần thưởng sau đây。,
36,20,2,2,2,1014,8,1,9,800,2,4030,1,,,,,,,,,,s==20|Xếp hạng sự kiện {0},s==145|Kính thưa Chủ công:<br/>Kỳ hoạt động <color=#a75f2f>{0}</c> đã kết thúc， ngài xếp hạng thứ <color=#a75f2f>{1}</c>， nhận được phần thưởng sau đây。,
37,20,3,3,2,1014,7,1,9,500,2,4030,1,,,,,,,,,,s==20|Xếp hạng sự kiện {0},s==145|Kính thưa Chủ công:<br/>Kỳ hoạt động <color=#a75f2f>{0}</c> đã kết thúc， ngài xếp hạng thứ <color=#a75f2f>{1}</c>， nhận được phần thưởng sau đây。,
38,20,4,10,2,1014,6,1,9,300,,,,,,,,,,,,,s==20|Xếp hạng sự kiện {0},s==145|Kính thưa Chủ công:<br/>Kỳ hoạt động <color=#a75f2f>{0}</c> đã kết thúc， ngài xếp hạng thứ <color=#a75f2f>{1}</c>， nhận được phần thưởng sau đây。,
39,20,11,20,2,1014,5,1,9,150,,,,,,,,,,,,,s==20|Xếp hạng sự kiện {0},s==145|Kính thưa Chủ công:<br/>Kỳ hoạt động <color=#a75f2f>{0}</c> đã kết thúc， ngài xếp hạng thứ <color=#a75f2f>{1}</c>， nhận được phần thưởng sau đây。,
40,20,21,50,2,1014,4,1,9,100,,,,,,,,,,,,,s==20|Xếp hạng sự kiện {0},s==145|Kính thưa Chủ công:<br/>Kỳ hoạt động <color=#a75f2f>{0}</c> đã kết thúc， ngài xếp hạng thứ <color=#a75f2f>{1}</c>， nhận được phần thưởng sau đây。,
41,20,51,100,2,1014,3,1,9,100,,,,,,,,,,,,,s==20|Xếp hạng sự kiện {0},s==145|Kính thưa Chủ công:<br/>Kỳ hoạt động <color=#a75f2f>{0}</c> đã kết thúc， ngài xếp hạng thứ <color=#a75f2f>{1}</c>， nhận được phần thưởng sau đây。,
42,20,101,200,2,1014,2,1,9,100,,,,,,,,,,,,,s==20|Xếp hạng sự kiện {0},s==145|Kính thưa Chủ công:<br/>Kỳ hoạt động <color=#a75f2f>{0}</c> đã kết thúc， ngài xếp hạng thứ <color=#a75f2f>{1}</c>， nhận được phần thưởng sau đây。,
43,20,201,999,2,1014,1,1,9,50,,,,,,,,,,,,,s==20|Xếp hạng sự kiện {0},s==145|Kính thưa Chủ công:<br/>Kỳ hoạt động <color=#a75f2f>{0}</c> đã kết thúc， ngài xếp hạng thứ <color=#a75f2f>{1}</c>， nhận được phần thưởng sau đây。,
44,5001,1,1,2,1006,350,1,10,510000,,,,,,,,,,,,,s==53|Phần thưởng xếp hạng hàng ngày Huyết Chiến Trường Bản,s==167|Kính thưa Chủ công:<br/>Hàng ngày trong Xích Chiến Trường Bản， ngài xếp hạng <color=#a75f2f>{0}</c>， sau đây là phần thưởng xếp hạng của ngài， xin hãy cố gắng hơn nữa!,
45,5001,2,2,2,1006,300,1,10,410000,,,,,,,,,,,,,s==53|Phần thưởng xếp hạng hàng ngày Huyết Chiến Trường Bản,s==167|Kính thưa Chủ công:<br/>Hàng ngày trong Xích Chiến Trường Bản， ngài xếp hạng <color=#a75f2f>{0}</c>， sau đây là phần thưởng xếp hạng của ngài， xin hãy cố gắng hơn nữa!,
46,5001,3,3,2,1006,250,1,10,310000,,,,,,,,,,,,,s==53|Phần thưởng xếp hạng hàng ngày Huyết Chiến Trường Bản,s==167|Kính thưa Chủ công:<br/>Hàng ngày trong Xích Chiến Trường Bản， ngài xếp hạng <color=#a75f2f>{0}</c>， sau đây là phần thưởng xếp hạng của ngài， xin hãy cố gắng hơn nữa!,
47,5001,4,10,2,1006,200,1,10,260000,,,,,,,,,,,,,s==53|Phần thưởng xếp hạng hàng ngày Huyết Chiến Trường Bản,s==167|Kính thưa Chủ công:<br/>Hàng ngày trong Xích Chiến Trường Bản， ngài xếp hạng <color=#a75f2f>{0}</c>， sau đây là phần thưởng xếp hạng của ngài， xin hãy cố gắng hơn nữa!,
48,5001,11,20,2,1006,150,1,10,210000,,,,,,,,,,,,,s==53|Phần thưởng xếp hạng hàng ngày Huyết Chiến Trường Bản,s==167|Kính thưa Chủ công:<br/>Hàng ngày trong Xích Chiến Trường Bản， ngài xếp hạng <color=#a75f2f>{0}</c>， sau đây là phần thưởng xếp hạng của ngài， xin hãy cố gắng hơn nữa!,
49,5001,21,50,2,1006,125,1,10,160000,,,,,,,,,,,,,s==53|Phần thưởng xếp hạng hàng ngày Huyết Chiến Trường Bản,s==167|Kính thưa Chủ công:<br/>Hàng ngày trong Xích Chiến Trường Bản， ngài xếp hạng <color=#a75f2f>{0}</c>， sau đây là phần thưởng xếp hạng của ngài， xin hãy cố gắng hơn nữa!,
50,6003,,,1,8,3000000,1,9,500,,,,,,,,,,,,,s==53|Phần thưởng đại giải may mắn xếp hạng Xâm Lăng Man Di,s==244|Kính thưa Chủ công:<br/>Đinh đinh đinh đinh~ Ngôi sao may mắn siêu cấp chính là Chủ công! Chúc mừng ngài đã trúng đại giải may mắn trong lần xâm lăng Man Di này， thật là vận may trời cho~ sau đây là phần thưởng của ngài， xin hãy chú ý nhận lấy~,
51,6003,1,1,1,33,3000,1,9,250,,,,,,,,,,,,,s==36|Phần thưởng xếp hạng Xâm Lăng Man Di,s==150|Kính thưa Chủ công:<br/>Chúc mừng ngài đã đạt thành tích hạng 1 Tầng trong lần xâm lăng Man Di này， sau đây là phần thưởng của ngài， xin mời nhận lấy!,
52,6003,2,2,1,33,2000,1,9,200,,,,,,,,,,,,,s==36|Phần thưởng xếp hạng Xâm Lăng Man Di,s==150|Kính thưa Chủ công:<br/>Chúc mừng ngài đã đạt thành tích hạng 2 Tầng trong lần xâm lăng Man Di này， sau đây là phần thưởng của ngài， xin mời nhận lấy!,
53,6003,3,3,1,33,1500,1,9,150,,,,,,,,,,,,,s==36|Phần thưởng xếp hạng Xâm Lăng Man Di,s==150|Kính thưa Chủ công:<br/>Chúc mừng ngài đã đạt thành tích hạng 3 Tầng trong lần xâm lăng Man Di này， sau đây là phần thưởng của ngài， xin mời nhận lấy!,
54,6003,4,5,1,33,1200,1,9,125,,,,,,,,,,,,,s==36|Phần thưởng xếp hạng Xâm Lăng Man Di,s==152|Kính thưa Chủ công:<br/>Chúc mừng ngài đã đạt thành tích hạng 4~5 Tầng trong lần xâm lăng Man Di này， sau đây là phần thưởng của ngài， xin mời nhận lấy!,
55,6003,6,10,1,33,900,1,9,100,,,,,,,,,,,,,s==36|Phần thưởng xếp hạng Xâm Lăng Man Di,s==153|Kính thưa Chủ công:<br/>Chúc mừng ngài đã đạt thành tích hạng 6~10 Tầng trong lần xâm lăng Man Di này， sau đây là phần thưởng của ngài， xin mời nhận lấy!,
56,6003,11,20,1,33,700,1,9,75,,,,,,,,,,,,,s==36|Phần thưởng xếp hạng Xâm Lăng Man Di,s==154|Kính thưa Chủ công:<br/>Chúc mừng ngài đã đạt thành tích hạng 11~20 Tầng trong lần xâm lăng Man Di này， sau đây là phần thưởng của ngài， xin mời nhận lấy!,
57,6003,21,50,1,33,500,1,9,50,,,,,,,,,,,,,s==36|Phần thưởng xếp hạng Xâm Lăng Man Di,s==154|Kính thưa Chủ công:<br/>Chúc mừng ngài đã đạt thành tích hạng 21~50 Tầng trong lần xâm lăng Man Di này， sau đây là phần thưởng của ngài， xin mời nhận lấy!,
58,6003,51,100,1,33,400,1,9,35,,,,,,,,,,,,,s==36|Phần thưởng xếp hạng Xâm Lăng Man Di,s==155|Kính thưa Chủ công:<br/>Chúc mừng ngài đã đạt thành tích hạng 51~100 Tầng trong lần xâm lăng Man Di này， sau đây là phần thưởng của ngài， xin mời nhận lấy!,
59,6003,101,200,1,33,300,1,9,25,,,,,,,,,,,,,s==36|Phần thưởng xếp hạng Xâm Lăng Man Di,s==156|Kính thưa Chủ công:<br/>Chúc mừng ngài đã đạt thành tích hạng 101~200 Tầng trong lần xâm lăng Man Di này， sau đây là phần thưởng của ngài， xin mời nhận lấy!,
60,6003,201,500,1,33,200,1,9,20,,,,,,,,,,,,,s==36|Phần thưởng xếp hạng Xâm Lăng Man Di,s==156|Kính thưa Chủ công:<br/>Chúc mừng ngài đã đạt thành tích hạng 201~500 Tầng trong lần xâm lăng Man Di này， sau đây là phần thưởng của ngài， xin mời nhận lấy!,
61,6003,501,99999,1,33,150,1,9,15,,,,,,,,,,,,,s==36|Phần thưởng xếp hạng Xâm Lăng Man Di,s==157|Kính thưa Chủ công:<br/>Chúc mừng ngài đã đạt thành tích hạng 501~9999 Tầng trong lần xâm lăng Man Di này， sau đây là phần thưởng của ngài， xin mời nhận lấy!,
62,60031,1,100000000,1,33,200,1,8,100000,,,,,,,,,,,,,s==51|Phần thưởng tổng sát thương máy chủ Xâm Lăng Man Di,s==171|Kính thưa Chủ công:<br/>Máy chủ ngài đang ở đã gây tổng sát thương từ 1 đến 1 ức trong trận chiến Man Di lần này， sau đây là phần thưởng của ngài， xin hãy cố gắng hơn nữa!,
63,60031,100000001,200000000,1,33,250,1,8,150000,,,,,,,,,,,,,s==51|Phần thưởng tổng sát thương máy chủ Xâm Lăng Man Di,s==171|Kính thưa Chủ công:<br/>Máy chủ ngài đang ở đã gây tổng sát thương từ 1 đến 2 ức trong trận chiến Man Di lần này， sau đây là phần thưởng của ngài， xin hãy cố gắng hơn nữa!,
64,60031,200000001,300000000,1,33,300,1,8,200000,,,,,,,,,,,,,s==51|Phần thưởng tổng sát thương máy chủ Xâm Lăng Man Di,s==171|Kính thưa Chủ công:<br/>Máy chủ ngài đang ở đã gây tổng sát thương từ 2 đến 3 ức trong trận chiến Man Di lần này， sau đây là phần thưởng của ngài， xin hãy cố gắng hơn nữa!,
65,60031,300000001,500000000,1,33,400,1,8,250000,,,,,,,,,,,,,s==51|Phần thưởng tổng sát thương máy chủ Xâm Lăng Man Di,s==171|Kính thưa Chủ công:<br/>Máy chủ ngài đang ở đã gây tổng sát thương từ 3 đến 5 ức trong trận chiến Man Di lần này， sau đây là phần thưởng của ngài， xin hãy cố gắng hơn nữa!,
66,60031,500000001,700000000,1,33,500,1,8,300000,,,,,,,,,,,,,s==51|Phần thưởng tổng sát thương máy chủ Xâm Lăng Man Di,s==171|Kính thưa Chủ công:<br/>Máy chủ ngài đang ở đã gây tổng sát thương từ 5 đến 7 ức trong trận chiến Man Di lần này， sau đây là phần thưởng của ngài， xin hãy cố gắng hơn nữa!,
67,60031,700000001,1000000000,1,33,700,1,8,350000,,,,,,,,,,,,,s==51|Phần thưởng tổng sát thương máy chủ Xâm Lăng Man Di,s==172|Kính thưa Chủ công:<br/>Máy chủ ngài đang ở đã gây tổng sát thương từ 7 đến 10 ức trong trận chiến Man Di lần này， sau đây là phần thưởng của ngài， xin hãy cố gắng hơn nữa!,
68,60031,1000000001,1300000000,1,33,900,1,8,400000,,,,,,,,,,,,,s==51|Phần thưởng tổng sát thương máy chủ Xâm Lăng Man Di,s==173|Kính thưa Chủ công:<br/>Máy chủ ngài đang ở đã gây tổng sát thương từ 10 đến 13 ức trong trận chiến Man Di lần này， sau đây là phần thưởng của ngài， xin hãy cố gắng hơn nữa!,
69,60031,1300000001,1800000000,1,33,1200,1,8,450000,,,,,,,,,,,,,s==51|Phần thưởng tổng sát thương máy chủ Xâm Lăng Man Di,s==173|Kính thưa Chủ công:<br/>Máy chủ ngài đang ở đã gây tổng sát thương từ 13 đến 18 ức trong trận chiến Man Di lần này， sau đây là phần thưởng của ngài， xin hãy cố gắng hơn nữa!,
70,60031,1800000001,2100000000,1,33,1500,1,8,500000,,,,,,,,,,,,,s==51|Phần thưởng tổng sát thương máy chủ Xâm Lăng Man Di,s==258|Kính thưa Chủ công:<br/>Máy chủ ngài đang ở đã gây tổng sát thương từ 18 đến 21 ức (nếu vượt quá phạm vi sát thương này， phần thưởng cũng sẽ phát theo mức này)， đã đạt phần thưởng cao nhất。 sau đây là phần thưởng xứng đáng của ngài， xin hãy tiếp tục duy trì!,
71,1111,1,1,1,9,250,1,16,600,,,,,,,,,,,,,s==40|Phát thưởng xếp hạng hàng ngày Trường Võ,s==178|Kính thưa Chủ công:<br/>Tính đến 21 giờ ngày kết toán， xếp hạng so tài trường huấn luyện của ngài là thứ {0}， sau đây là phần thưởng thường nhật của ngài， xin hãy chú ý nhận lấy。,
72,1111,2,2,1,9,200,1,16,500,,,,,,,,,,,,,s==40|Phát thưởng xếp hạng hàng ngày Trường Võ,s==178|Kính thưa Chủ công:<br/>Tính đến 21 giờ ngày kết toán， xếp hạng so tài trường huấn luyện của ngài là thứ {0}， sau đây là phần thưởng thường nhật của ngài， xin hãy chú ý nhận lấy。,
73,1111,3,3,1,9,150,1,16,400,,,,,,,,,,,,,s==40|Phát thưởng xếp hạng hàng ngày Trường Võ,s==178|Kính thưa Chủ công:<br/>Tính đến 21 giờ ngày kết toán， xếp hạng so tài trường huấn luyện của ngài là thứ {0}， sau đây là phần thưởng thường nhật của ngài， xin hãy chú ý nhận lấy。,
74,1111,4,5,1,9,100,1,16,350,,,,,,,,,,,,,s==40|Phát thưởng xếp hạng hàng ngày Trường Võ,s==178|Kính thưa Chủ công:<br/>Tính đến 21 giờ ngày kết toán， xếp hạng so tài trường huấn luyện của ngài là thứ {0}， sau đây là phần thưởng thường nhật của ngài， xin hãy chú ý nhận lấy。,
75,1111,6,10,1,9,80,1,16,300,,,,,,,,,,,,,s==40|Phát thưởng xếp hạng hàng ngày Trường Võ,s==178|Kính thưa Chủ công:<br/>Tính đến 21 giờ ngày kết toán， xếp hạng so tài trường huấn luyện của ngài là thứ {0}， sau đây là phần thưởng thường nhật của ngài， xin hãy chú ý nhận lấy。,
76,1111,11,20,1,9,60,1,16,250,,,,,,,,,,,,,s==40|Phát thưởng xếp hạng hàng ngày Trường Võ,s==178|Kính thưa Chủ công:<br/>Tính đến 21 giờ ngày kết toán， xếp hạng so tài trường huấn luyện của ngài là thứ {0}， sau đây là phần thưởng thường nhật của ngài， xin hãy chú ý nhận lấy。,
77,1111,21,50,1,9,50,1,16,200,,,,,,,,,,,,,s==40|Phát thưởng xếp hạng hàng ngày Trường Võ,s==178|Kính thưa Chủ công:<br/>Tính đến 21 giờ ngày kết toán， xếp hạng so tài trường huấn luyện của ngài là thứ {0}， sau đây là phần thưởng thường nhật của ngài， xin hãy chú ý nhận lấy。,
78,1111,51,100,1,9,40,1,16,180,,,,,,,,,,,,,s==40|Phát thưởng xếp hạng hàng ngày Trường Võ,s==178|Kính thưa Chủ công:<br/>Tính đến 21 giờ ngày kết toán， xếp hạng so tài trường huấn luyện của ngài là thứ {0}， sau đây là phần thưởng thường nhật của ngài， xin hãy chú ý nhận lấy。,
79,1111,101,200,1,9,30,1,16,160,,,,,,,,,,,,,s==40|Phát thưởng xếp hạng hàng ngày Trường Võ,s==178|Kính thưa Chủ công:<br/>Tính đến 21 giờ ngày kết toán， xếp hạng so tài trường huấn luyện của ngài là thứ {0}， sau đây là phần thưởng thường nhật của ngài， xin hãy chú ý nhận lấy。,
80,1111,201,500,1,9,20,1,16,140,,,,,,,,,,,,,s==40|Phát thưởng xếp hạng hàng ngày Trường Võ,s==178|Kính thưa Chủ công:<br/>Tính đến 21 giờ ngày kết toán， xếp hạng so tài trường huấn luyện của ngài là thứ {0}， sau đây là phần thưởng thường nhật của ngài， xin hãy chú ý nhận lấy。,
81,1111,501,1000,1,9,10,1,16,120,,,,,,,,,,,,,s==40|Phát thưởng xếp hạng hàng ngày Trường Võ,s==178|Kính thưa Chủ công:<br/>Tính đến 21 giờ ngày kết toán， xếp hạng so tài trường huấn luyện của ngài là thứ {0}， sau đây là phần thưởng thường nhật của ngài， xin hãy chú ý nhận lấy。,
82,1111,1001,99999,1,9,5,1,16,100,,,,,,,,,,,,,s==40|Phát thưởng xếp hạng hàng ngày Trường Võ,s==178|Kính thưa Chủ công:<br/>Tính đến 21 giờ ngày kết toán， xếp hạng so tài trường huấn luyện của ngài là thứ {0}， sau đây là phần thưởng thường nhật của ngài， xin hãy chú ý nhận lấy。,
83,1112,1,1,2,30010,1,1,9,650,1,16,10000,,,,,,,,,,s==43|Phát thưởng xếp hạng kết toán mùa Trường Võ,s==193|Kính thưa Chủ công:<br/>Tính đến đúng 21 giờ ngày kết thúc mùa giải này， xếp hạng so tài trường huấn luyện của ngài là thứ {0}， sau đây là phần thưởng xếp hạng của ngài， xin hãy chú ý nhận lấy。,
84,1112,2,2,2,30015,1,1,9,450,1,16,9000,,,,,,,,,,s==43|Phát thưởng xếp hạng kết toán mùa Trường Võ,s==193|Kính thưa Chủ công:<br/>Tính đến đúng 21 giờ ngày kết thúc mùa giải này， xếp hạng so tài trường huấn luyện của ngài là thứ {0}， sau đây là phần thưởng xếp hạng của ngài， xin hãy chú ý nhận lấy。,
85,1112,3,3,2,30008,1,1,9,350,1,16,8000,,,,,,,,,,s==43|Phát thưởng xếp hạng kết toán mùa Trường Võ,s==193|Kính thưa Chủ công:<br/>Tính đến đúng 21 giờ ngày kết thúc mùa giải này， xếp hạng so tài trường huấn luyện của ngài là thứ {0}， sau đây là phần thưởng xếp hạng của ngài， xin hãy chú ý nhận lấy。,
86,1112,4,5,1,9,300,1,16,7000,,,,,,,,,,,,,s==43|Phát thưởng xếp hạng kết toán mùa Trường Võ,s==193|Kính thưa Chủ công:<br/>Tính đến đúng 21 giờ ngày kết thúc mùa giải này， xếp hạng so tài trường huấn luyện của ngài là thứ {0}， sau đây là phần thưởng xếp hạng của ngài， xin hãy chú ý nhận lấy。,
87,1112,6,10,1,9,250,1,16,6500,,,,,,,,,,,,,s==43|Phát thưởng xếp hạng kết toán mùa Trường Võ,s==193|Kính thưa Chủ công:<br/>Tính đến đúng 21 giờ ngày kết thúc mùa giải này， xếp hạng so tài trường huấn luyện của ngài là thứ {0}， sau đây là phần thưởng xếp hạng của ngài， xin hãy chú ý nhận lấy。,
88,1112,11,20,1,9,200,1,16,6000,,,,,,,,,,,,,s==43|Phát thưởng xếp hạng kết toán mùa Trường Võ,s==193|Kính thưa Chủ công:<br/>Tính đến đúng 21 giờ ngày kết thúc mùa giải này， xếp hạng so tài trường huấn luyện của ngài là thứ {0}， sau đây là phần thưởng xếp hạng của ngài， xin hãy chú ý nhận lấy。,
89,1112,21,50,1,9,180,1,16,5500,,,,,,,,,,,,,s==43|Phát thưởng xếp hạng kết toán mùa Trường Võ,s==193|Kính thưa Chủ công:<br/>Tính đến đúng 21 giờ ngày kết thúc mùa giải này， xếp hạng so tài trường huấn luyện của ngài là thứ {0}， sau đây là phần thưởng xếp hạng của ngài， xin hãy chú ý nhận lấy。,
90,1112,51,100,1,9,160,1,16,5000,,,,,,,,,,,,,s==43|Phát thưởng xếp hạng kết toán mùa Trường Võ,s==193|Kính thưa Chủ công:<br/>Tính đến đúng 21 giờ ngày kết thúc mùa giải này， xếp hạng so tài trường huấn luyện của ngài là thứ {0}， sau đây là phần thưởng xếp hạng của ngài， xin hãy chú ý nhận lấy。,
91,1112,101,200,1,9,140,1,16,4500,,,,,,,,,,,,,s==43|Phát thưởng xếp hạng kết toán mùa Trường Võ,s==193|Kính thưa Chủ công:<br/>Tính đến đúng 21 giờ ngày kết thúc mùa giải này， xếp hạng so tài trường huấn luyện của ngài là thứ {0}， sau đây là phần thưởng xếp hạng của ngài， xin hãy chú ý nhận lấy。,
92,1112,201,500,1,9,120,1,16,4000,,,,,,,,,,,,,s==43|Phát thưởng xếp hạng kết toán mùa Trường Võ,s==193|Kính thưa Chủ công:<br/>Tính đến đúng 21 giờ ngày kết thúc mùa giải này， xếp hạng so tài trường huấn luyện của ngài là thứ {0}， sau đây là phần thưởng xếp hạng của ngài， xin hãy chú ý nhận lấy。,
93,1112,501,1000,1,9,100,1,16,3500,,,,,,,,,,,,,s==43|Phát thưởng xếp hạng kết toán mùa Trường Võ,s==193|Kính thưa Chủ công:<br/>Tính đến đúng 21 giờ ngày kết thúc mùa giải này， xếp hạng so tài trường huấn luyện của ngài là thứ {0}， sau đây là phần thưởng xếp hạng của ngài， xin hãy chú ý nhận lấy。,
94,1112,1001,99999,1,9,80,1,16,3000,,,,,,,,,,,,,s==43|Phát thưởng xếp hạng kết toán mùa Trường Võ,s==193|Kính thưa Chủ công:<br/>Tính đến đúng 21 giờ ngày kết thúc mùa giải này， xếp hạng so tài trường huấn luyện của ngài là thứ {0}， sau đây là phần thưởng xếp hạng của ngài， xin hãy chú ý nhận lấy。,
95,5,1,1,1,16,7000,1,8,300000,2,19504,1,2,19820,1,,,,,,,s==51|Phát thưởng xếp hạng kết toán Vấn Đỉnh Trung Nguyên,s==139|Kính thưa Chủ công:<br/>Chúc mừng ngài đã đạt hạng thứ {0} trong kỳ tranh bá Trung Nguyên lần này， sau đây là phần thưởng xếp hạng của ngài,
96,5,2,2,1,16,6000,1,8,250000,2,19505,1,,,,,,,,,,s==51|Phát thưởng xếp hạng kết toán Vấn Đỉnh Trung Nguyên,s==139|Kính thưa Chủ công:<br/>Chúc mừng ngài đã đạt hạng thứ {0} trong kỳ tranh bá Trung Nguyên lần này， sau đây là phần thưởng xếp hạng của ngài,
97,5,3,3,1,16,5000,1,8,220000,2,19506,1,,,,,,,,,,s==51|Phát thưởng xếp hạng kết toán Vấn Đỉnh Trung Nguyên,s==139|Kính thưa Chủ công:<br/>Chúc mừng ngài đã đạt hạng thứ {0} trong kỳ tranh bá Trung Nguyên lần này， sau đây là phần thưởng xếp hạng của ngài,
98,5,4,4,1,16,4500,1,8,190000,,,,,,,,,,,,,s==51|Phát thưởng xếp hạng kết toán Vấn Đỉnh Trung Nguyên,s==139|Kính thưa Chủ công:<br/>Chúc mừng ngài đã đạt hạng thứ {0} trong kỳ tranh bá Trung Nguyên lần này， sau đây là phần thưởng xếp hạng của ngài,
99,5,5,8,1,16,4000,1,8,180000,,,,,,,,,,,,,s==51|Phát thưởng xếp hạng kết toán Vấn Đỉnh Trung Nguyên,s==139|Kính thưa Chủ công:<br/>Chúc mừng ngài đã đạt hạng thứ {0} trong kỳ tranh bá Trung Nguyên lần này， sau đây là phần thưởng xếp hạng của ngài,
100,5,9,16,1,16,3800,1,8,170000,,,,,,,,,,,,,s==51|Phát thưởng xếp hạng kết toán Vấn Đỉnh Trung Nguyên,s==139|Kính thưa Chủ công:<br/>Chúc mừng ngài đã đạt hạng thứ {0} trong kỳ tranh bá Trung Nguyên lần này， sau đây là phần thưởng xếp hạng của ngài,
101,5,17,32,1,16,3600,1,8,160000,,,,,,,,,,,,,s==51|Phát thưởng xếp hạng kết toán Vấn Đỉnh Trung Nguyên,s==139|Kính thưa Chủ công:<br/>Chúc mừng ngài đã đạt hạng thứ {0} trong kỳ tranh bá Trung Nguyên lần này， sau đây là phần thưởng xếp hạng của ngài,
102,5,33,50,1,16,3400,1,8,150000,,,,,,,,,,,,,s==51|Phát thưởng xếp hạng kết toán Vấn Đỉnh Trung Nguyên,s==139|Kính thưa Chủ công:<br/>Chúc mừng ngài đã đạt hạng thứ {0} trong kỳ tranh bá Trung Nguyên lần này， sau đây là phần thưởng xếp hạng của ngài,
103,5,51,80,1,16,3200,1,8,140000,,,,,,,,,,,,,s==51|Phát thưởng xếp hạng kết toán Vấn Đỉnh Trung Nguyên,s==139|Kính thưa Chủ công:<br/>Chúc mừng ngài đã đạt hạng thứ {0} trong kỳ tranh bá Trung Nguyên lần này， sau đây là phần thưởng xếp hạng của ngài,
104,5,81,100,1,16,3000,1,8,130000,,,,,,,,,,,,,s==51|Phát thưởng xếp hạng kết toán Vấn Đỉnh Trung Nguyên,s==139|Kính thưa Chủ công:<br/>Chúc mừng ngài đã đạt hạng thứ {0} trong kỳ tranh bá Trung Nguyên lần này， sau đây là phần thưởng xếp hạng của ngài,
105,5,101,128,1,16,2800,1,8,120000,,,,,,,,,,,,,s==51|Phát thưởng xếp hạng kết toán Vấn Đỉnh Trung Nguyên,s==139|Kính thưa Chủ công:<br/>Chúc mừng ngài đã đạt hạng thứ {0} trong kỳ tranh bá Trung Nguyên lần này， sau đây là phần thưởng xếp hạng của ngài,
106,6,1,1,,,,,,,,,,,,,,,,,,,s==45|Phần thưởng sát địch trong Liên Minh Đối Trận,s==149|Kính thưa Chủ công:<br/>Ngài trong kỳ liên minh đối trận lần này như gió cuốn mây tan， đã đánh bại tổng cộng {0} đội quân địch， nhận được phần thưởng,
107,6,2,2,,,,,,,,,,,,,,,,,,,s==39|Phần thưởng phá trận Liên Minh Đối Trận,s==164|Kính thưa Chủ công:<br/>Máy chủ của ngài trong kỳ liên minh đối trận lần này， tổng cộng phá hủy {0} doanh trại địch， bị phá hủy {1} doanh trại， tích lũy nhận thưởng,
108,6,3,3,,,,,,,,,,,,,,,,,,,s==38|Phần thưởng dự đoán Liên Minh Đối Trận,s==120|Kính thưa Chủ công:<br/>Ngài trong kỳ liên minh đối trận đã thu thập được tổng cộng {0} cược mã， đổi lấy phần thưởng sau,
109,7,1,1,,,,,,,,,,,,,,,,,,,s==49|Phát thưởng xếp hạng sát thương phó bản Quân Đoàn,s==155|Kính thưa Chủ công:<br/>Các binh sĩ quân đoàn đồng lòng đánh bại tướng thủ lĩnh chương thứ {0}， ngài xếp hạng sát thương thứ {1}， nhận được phần thưởng sau,
110,8,1,1,,,,,,,,,,,,,,,,,,,s==48|Phần thưởng hạ tướng thủ thành phó bản Quân Đoàn,s==116|Chúc mừng ngài trong thử thách phó bản quân đoàn， đã thành công hạ gục tướng thủ lĩnh， nhận thêm phần thưởng hạ gục!,
111,7100,1,1,2,1077,150,1,9,350,,,,,,,,,,,,,s==53|Phần thưởng xếp hạng hàng tuần Chiến Trường Kinh Châu,s==162|Kính thưa Chủ công:<br/>Xếp hạng của ngài trong trận chiến Kinh Châu tuần này là <color=#a75f2f>{0}</c>， sau đây là phần thưởng xếp hạng， xin hãy cố gắng hơn nữa!,
112,7100,2,2,2,1077,120,1,9,320,,,,,,,,,,,,,s==53|Phần thưởng xếp hạng hàng tuần Chiến Trường Kinh Châu,s==162|Kính thưa Chủ công:<br/>Xếp hạng của ngài trong trận chiến Kinh Châu tuần này là <color=#a75f2f>{0}</c>， sau đây là phần thưởng xếp hạng， xin hãy cố gắng hơn nữa!,
113,7100,3,3,2,1077,100,1,9,280,,,,,,,,,,,,,s==53|Phần thưởng xếp hạng hàng tuần Chiến Trường Kinh Châu,s==162|Kính thưa Chủ công:<br/>Xếp hạng của ngài trong trận chiến Kinh Châu tuần này là <color=#a75f2f>{0}</c>， sau đây là phần thưởng xếp hạng， xin hãy cố gắng hơn nữa!,
114,7100,4,10,2,1077,80,1,9,260,,,,,,,,,,,,,s==53|Phần thưởng xếp hạng hàng tuần Chiến Trường Kinh Châu,s==162|Kính thưa Chủ công:<br/>Xếp hạng của ngài trong trận chiến Kinh Châu tuần này là <color=#a75f2f>{0}</c>， sau đây là phần thưởng xếp hạng， xin hãy cố gắng hơn nữa!,
115,7100,11,20,2,1077,60,1,9,230,,,,,,,,,,,,,s==53|Phần thưởng xếp hạng hàng tuần Chiến Trường Kinh Châu,s==162|Kính thưa Chủ công:<br/>Xếp hạng của ngài trong trận chiến Kinh Châu tuần này là <color=#a75f2f>{0}</c>， sau đây là phần thưởng xếp hạng， xin hãy cố gắng hơn nữa!,
116,7100,21,50,2,1077,40,1,9,200,,,,,,,,,,,,,s==53|Phần thưởng xếp hạng hàng tuần Chiến Trường Kinh Châu,s==162|Kính thưa Chủ công:<br/>Xếp hạng của ngài trong trận chiến Kinh Châu tuần này là <color=#a75f2f>{0}</c>， sau đây là phần thưởng xếp hạng， xin hãy cố gắng hơn nữa!,
117,7100,50,100,2,1077,30,1,9,170,,,,,,,,,,,,,s==53|Phần thưởng xếp hạng hàng tuần Chiến Trường Kinh Châu,s==162|Kính thưa Chủ công:<br/>Xếp hạng của ngài trong trận chiến Kinh Châu tuần này là <color=#a75f2f>{0}</c>， sau đây là phần thưởng xếp hạng， xin hãy cố gắng hơn nữa!,
118,9,1,1,,,,,,,,,,,,,,,,,,,s==46|Đổi筹码 Vấn Đỉnh Trung Nguyên nhận điểm tích lũy,s==190|Kính thưa Chủ công:<br/>Đây là điểm tích lũy tại trường tập dựa theo cược mã ngài thu được trong kỳ tranh bá Trung Nguyên lần này， có thể dùng điểm đổi vật phẩm trong thương thành trường tập,
119,520,,,1,17,10,1,8,10000,1,10,10000,,,,,,,,,,s==28|Quà tặng nuôi dưỡng võ tướng,s==181|Kính thưa Chủ công:<br/>Đồng minh của ngài <color=#a75f2f>{0}</c> đã mua gói quà siêu giá trị： Luyện binh tướng， và tặng ngài một món quà bí ẩn， ngài may mắn nhận được vật phẩm sau：,
120,520,,,1,17,10,1,8,10000,1,10,10000,,,,,,,,,,s==25|Quà tặng đồng tiền đầy ắp,s==181|Kính thưa Chủ công:<br/>Đồng minh của ngài <color=#a75f2f>{0}</c> đã mua gói quà siêu giá trị： Đồng tiền đầy ắp， và tặng ngài một món quà bí ẩn， ngài may mắn nhận được vật phẩm sau：,
121,520,,,1,17,10,1,8,10000,1,10,10000,,,,,,,,,,s==29|Quà tặng nuôi dưỡng thần binh,s==180|Kính thưa Chủ công:<br/>Đồng minh của ngài <color=#a75f2f>{0}</c> đã mua gói quà siêu giá trị： Luyện thần binh， và tặng ngài một món quà bí ẩn， ngài may mắn nhận được vật phẩm sau：,
122,520,,,1,17,10,1,8,10000,1,10,10000,,,,,,,,,,s==27|Quà tặng nuôi dưỡng bảo vật,s==178|Kính thưa Chủ công:<br/>Đồng minh của ngài <color=#a75f2f>{0}</c> đã mua gói quà siêu giá trị： Luyện bảo vật， và tặng ngài một món quà bí ẩn， ngài may mắn nhận được vật phẩm sau：,
123,1991,1,1,1,9,400,2,1078,1980,2,1080,20,,,,,,,,,,s==46|Phần thưởng xếp hạng vận chuyển thuyền Tào Vận,s==142|Kính thưa Chủ công:<br/>Ngài đã đạt thành tích xuất sắc hạng {0} trong sự kiện Tàu Thuyền Tuần Vận tuần này， xin nhận phần thưởng vinh dự này!,
124,1991,2,2,1,9,350,2,1078,1560,2,1080,16,,,,,,,,,,s==46|Phần thưởng xếp hạng vận chuyển thuyền Tào Vận,s==142|Kính thưa Chủ công:<br/>Ngài đã đạt thành tích xuất sắc hạng {0} trong sự kiện Tàu Thuyền Tuần Vận tuần này， xin nhận phần thưởng vinh dự này!,
125,1991,3,3,1,9,300,2,1078,1180,2,1080,12,,,,,,,,,,s==46|Phần thưởng xếp hạng vận chuyển thuyền Tào Vận,s==142|Kính thưa Chủ công:<br/>Ngài đã đạt thành tích xuất sắc hạng {0} trong sự kiện Tàu Thuyền Tuần Vận tuần này， xin nhận phần thưởng vinh dự này!,
126,1991,4,10,1,9,220,2,1078,980,2,1080,10,,,,,,,,,,s==46|Phần thưởng xếp hạng vận chuyển thuyền Tào Vận,s==142|Kính thưa Chủ công:<br/>Ngài đã đạt thành tích xuất sắc hạng {0} trong sự kiện Tàu Thuyền Tuần Vận tuần này， xin nhận phần thưởng vinh dự này!,
127,1991,11,20,1,9,160,2,1078,770,2,1080,8,,,,,,,,,,s==46|Phần thưởng xếp hạng vận chuyển thuyền Tào Vận,s==142|Kính thưa Chủ công:<br/>Ngài đã đạt thành tích xuất sắc hạng {0} trong sự kiện Tàu Thuyền Tuần Vận tuần này， xin nhận phần thưởng vinh dự này!,
128,1991,21,50,1,9,120,2,1078,660,2,1080,7,,,,,,,,,,s==46|Phần thưởng xếp hạng vận chuyển thuyền Tào Vận,s==142|Kính thưa Chủ công:<br/>Ngài đã đạt thành tích xuất sắc hạng {0} trong sự kiện Tàu Thuyền Tuần Vận tuần này， xin nhận phần thưởng vinh dự này!,
129,1991,51,100,1,9,100,2,1078,550,2,1080,6,,,,,,,,,,s==46|Phần thưởng xếp hạng vận chuyển thuyền Tào Vận,s==142|Kính thưa Chủ công:<br/>Ngài đã đạt thành tích xuất sắc hạng {0} trong sự kiện Tàu Thuyền Tuần Vận tuần này， xin nhận phần thưởng vinh dự này!,
130,1991,101,99999,1,9,80,2,1078,460,2,1080,5,,,,,,,,,,s==46|Phần thưởng xếp hạng vận chuyển thuyền Tào Vận,s==142|Kính thưa Chủ công:<br/>Ngài đã đạt thành tích xuất sắc hạng {0} trong sự kiện Tàu Thuyền Tuần Vận tuần này， xin nhận phần thưởng vinh dự này!,
131,2500,,,,,,,,,,,,,,,,,,,,,s==20|Vật phẩm trong ba lô,s==97|Kính thưa Chủ công:<br/>Những vật phẩm sau đây do túi đồ quá tải， xin mau dọn dẹp túi để nhận lấy,
132,2501,,,,,,,,,,,,,,,,,,,,,s==38|Phần thưởng phái cử thử luyện Cửu Châu,s==138|Kính thưa Chủ công:<br/>Tướng ngài phái đi thử thách Cửu Châu đã bị mượn tổng cộng {0} lần， sau đây là phần thưởng thu được， xin nhận lấy!,
133,10,1,1,2,1006,305,2,1091,6,1,8,1300000,,,,,,,,,,s==39|Phần thưởng xếp hạng thử luyện Cửu Châu,s==160|Kính thưa Chủ công:<br/>Ngài hôm nay trong thử thách Cửu Châu đã vượt qua tầng cao nhất là {0}， xếp hạng thứ {1}， sau đây là phần thưởng thu được， xin nhận lấy!,
134,10,2,2,2,1006,255,2,1091,5,1,8,1100000,,,,,,,,,,s==39|Phần thưởng xếp hạng thử luyện Cửu Châu,s==160|Kính thưa Chủ công:<br/>Ngài hôm nay trong thử thách Cửu Châu đã vượt qua tầng cao nhất là {0}， xếp hạng thứ {1}， sau đây là phần thưởng thu được， xin nhận lấy!,
135,10,3,3,2,1006,205,2,1091,4,1,8,900000,,,,,,,,,,s==39|Phần thưởng xếp hạng thử luyện Cửu Châu,s==160|Kính thưa Chủ công:<br/>Ngài hôm nay trong thử thách Cửu Châu đã vượt qua tầng cao nhất là {0}， xếp hạng thứ {1}， sau đây là phần thưởng thu được， xin nhận lấy!,
136,10,4,10,2,1006,155,2,1091,3,1,8,800000,,,,,,,,,,s==39|Phần thưởng xếp hạng thử luyện Cửu Châu,s==160|Kính thưa Chủ công:<br/>Ngài hôm nay trong thử thách Cửu Châu đã vượt qua tầng cao nhất là {0}， xếp hạng thứ {1}， sau đây là phần thưởng thu được， xin nhận lấy!,
137,10,11,20,2,1006,125,2,1091,2,1,8,700000,,,,,,,,,,s==39|Phần thưởng xếp hạng thử luyện Cửu Châu,s==160|Kính thưa Chủ công:<br/>Ngài hôm nay trong thử thách Cửu Châu đã vượt qua tầng cao nhất là {0}， xếp hạng thứ {1}， sau đây là phần thưởng thu được， xin nhận lấy!,
138,10,21,50,2,1006,105,2,1091,1,1,8,600000,,,,,,,,,,s==39|Phần thưởng xếp hạng thử luyện Cửu Châu,s==160|Kính thưa Chủ công:<br/>Ngài hôm nay trong thử thách Cửu Châu đã vượt qua tầng cao nhất là {0}， xếp hạng thứ {1}， sau đây là phần thưởng thu được， xin nhận lấy!,
139,11,,,,,,,,,,,,,,,,,,,,,s==57|Bổ phát phần thưởng hành trình thường thức Đỉnh Phong Tái,s==138|Kính thưa Chủ công:<br/>Sau đây là phần thưởng hành trình thường của ngài trong mùa giải đỉnh phong trước chưa kịp nhận， xin mau nhận lấy!,
140,12,,,,,,,,,,,,,,,,,,,,,s==56|Bổ phát phần thưởng hành trình đỉnh phong Đỉnh Phong Tái,s==142|Kính thưa Chủ công:<br/>Sau đây là phần thưởng hành trình đỉnh phong của ngài trong mùa giải đỉnh phong trước chưa kịp nhận， xin mau nhận lấy!,
141,13,,,,,,,,,,,,,,,,,,,,,s==51|Bổ phát phần thưởng lần đầu đạt hạng Đỉnh Phong Tái,s==137|Kính thưa Chủ công:<br/>Sau đây là phần thưởng đầu tiên đạt bậc của ngài trong mùa giải đỉnh phong trước chưa kịp nhận， xin mau nhận lấy!,
142,14,22,22,2,30007,1,1,19,10000,1,9,1800,,,,,,,,,,s==35|Phần thưởng kết toán Đỉnh Phong Tái,s==152|Kính thưa Chủ công:<br/>Chúc mừng ngài đã đạt bậc {0} trong kỳ đỉnh phong đối quyết lần này， sau đây là phần thưởng kết toán bậc của ngài， xin nhận lấy!,
143,14,21,21,2,30007,1,1,19,9000,1,9,1600,,,,,,,,,,s==35|Phần thưởng kết toán Đỉnh Phong Tái,s==152|Kính thưa Chủ công:<br/>Chúc mừng ngài đã đạt bậc {0} trong kỳ đỉnh phong đối quyết lần này， sau đây là phần thưởng kết toán bậc của ngài， xin nhận lấy!,
144,14,20,20,2,30007,1,1,19,8000,1,9,1400,,,,,,,,,,s==35|Phần thưởng kết toán Đỉnh Phong Tái,s==152|Kính thưa Chủ công:<br/>Chúc mừng ngài đã đạt bậc {0} trong kỳ đỉnh phong đối quyết lần này， sau đây là phần thưởng kết toán bậc của ngài， xin nhận lấy!,
145,14,19,19,1,19,7000,1,9,1200,,,,,,,,,,,,,s==35|Phần thưởng kết toán Đỉnh Phong Tái,s==152|Kính thưa Chủ công:<br/>Chúc mừng ngài đã đạt bậc {0} trong kỳ đỉnh phong đối quyết lần này， sau đây là phần thưởng kết toán bậc của ngài， xin nhận lấy!,
146,14,18,18,1,19,6000,1,9,1000,,,,,,,,,,,,,s==35|Phần thưởng kết toán Đỉnh Phong Tái,s==152|Kính thưa Chủ công:<br/>Chúc mừng ngài đã đạt bậc {0} trong kỳ đỉnh phong đối quyết lần này， sau đây là phần thưởng kết toán bậc của ngài， xin nhận lấy!,
147,14,17,17,1,19,5000,1,9,800,,,,,,,,,,,,,s==35|Phần thưởng kết toán Đỉnh Phong Tái,s==152|Kính thưa Chủ công:<br/>Chúc mừng ngài đã đạt bậc {0} trong kỳ đỉnh phong đối quyết lần này， sau đây là phần thưởng kết toán bậc của ngài， xin nhận lấy!,
148,14,16,16,1,19,4500,1,9,700,,,,,,,,,,,,,s==35|Phần thưởng kết toán Đỉnh Phong Tái,s==152|Kính thưa Chủ công:<br/>Chúc mừng ngài đã đạt bậc {0} trong kỳ đỉnh phong đối quyết lần này， sau đây là phần thưởng kết toán bậc của ngài， xin nhận lấy!,
149,14,15,15,1,19,4000,1,9,600,,,,,,,,,,,,,s==35|Phần thưởng kết toán Đỉnh Phong Tái,s==152|Kính thưa Chủ công:<br/>Chúc mừng ngài đã đạt bậc {0} trong kỳ đỉnh phong đối quyết lần này， sau đây là phần thưởng kết toán bậc của ngài， xin nhận lấy!,
150,14,14,14,1,19,3500,1,9,500,,,,,,,,,,,,,s==35|Phần thưởng kết toán Đỉnh Phong Tái,s==152|Kính thưa Chủ công:<br/>Chúc mừng ngài đã đạt bậc {0} trong kỳ đỉnh phong đối quyết lần này， sau đây là phần thưởng kết toán bậc của ngài， xin nhận lấy!,
151,14,13,13,1,19,3200,1,9,450,,,,,,,,,,,,,s==35|Phần thưởng kết toán Đỉnh Phong Tái,s==152|Kính thưa Chủ công:<br/>Chúc mừng ngài đã đạt bậc {0} trong kỳ đỉnh phong đối quyết lần này， sau đây là phần thưởng kết toán bậc của ngài， xin nhận lấy!,
152,14,12,12,1,19,3000,1,9,400,,,,,,,,,,,,,s==35|Phần thưởng kết toán Đỉnh Phong Tái,s==152|Kính thưa Chủ công:<br/>Chúc mừng ngài đã đạt bậc {0} trong kỳ đỉnh phong đối quyết lần này， sau đây là phần thưởng kết toán bậc của ngài， xin nhận lấy!,
153,14,11,11,1,19,2800,1,9,350,,,,,,,,,,,,,s==35|Phần thưởng kết toán Đỉnh Phong Tái,s==152|Kính thưa Chủ công:<br/>Chúc mừng ngài đã đạt bậc {0} trong kỳ đỉnh phong đối quyết lần này， sau đây là phần thưởng kết toán bậc của ngài， xin nhận lấy!,
154,14,10,10,1,19,2600,1,9,300,,,,,,,,,,,,,s==35|Phần thưởng kết toán Đỉnh Phong Tái,s==152|Kính thưa Chủ công:<br/>Chúc mừng ngài đã đạt bậc {0} trong kỳ đỉnh phong đối quyết lần này， sau đây là phần thưởng kết toán bậc của ngài， xin nhận lấy!,
155,14,9,9,1,19,2400,1,9,250,,,,,,,,,,,,,s==35|Phần thưởng kết toán Đỉnh Phong Tái,s==152|Kính thưa Chủ công:<br/>Chúc mừng ngài đã đạt bậc {0} trong kỳ đỉnh phong đối quyết lần này， sau đây là phần thưởng kết toán bậc của ngài， xin nhận lấy!,
156,14,8,8,1,19,2200,1,9,230,,,,,,,,,,,,,s==35|Phần thưởng kết toán Đỉnh Phong Tái,s==152|Kính thưa Chủ công:<br/>Chúc mừng ngài đã đạt bậc {0} trong kỳ đỉnh phong đối quyết lần này， sau đây là phần thưởng kết toán bậc của ngài， xin nhận lấy!,
157,14,7,7,1,19,1800,1,9,200,,,,,,,,,,,,,s==35|Phần thưởng kết toán Đỉnh Phong Tái,s==152|Kính thưa Chủ công:<br/>Chúc mừng ngài đã đạt bậc {0} trong kỳ đỉnh phong đối quyết lần này， sau đây là phần thưởng kết toán bậc của ngài， xin nhận lấy!,
158,14,6,6,1,19,1600,1,9,180,,,,,,,,,,,,,s==35|Phần thưởng kết toán Đỉnh Phong Tái,s==152|Kính thưa Chủ công:<br/>Chúc mừng ngài đã đạt bậc {0} trong kỳ đỉnh phong đối quyết lần này， sau đây là phần thưởng kết toán bậc của ngài， xin nhận lấy!,
159,14,5,5,1,19,1200,1,9,160,,,,,,,,,,,,,s==35|Phần thưởng kết toán Đỉnh Phong Tái,s==152|Kính thưa Chủ công:<br/>Chúc mừng ngài đã đạt bậc {0} trong kỳ đỉnh phong đối quyết lần này， sau đây là phần thưởng kết toán bậc của ngài， xin nhận lấy!,
160,14,4,4,1,19,1000,1,9,130,,,,,,,,,,,,,s==35|Phần thưởng kết toán Đỉnh Phong Tái,s==152|Kính thưa Chủ công:<br/>Chúc mừng ngài đã đạt bậc {0} trong kỳ đỉnh phong đối quyết lần này， sau đây là phần thưởng kết toán bậc của ngài， xin nhận lấy!,
161,14,3,3,1,19,800,1,9,100,,,,,,,,,,,,,s==35|Phần thưởng kết toán Đỉnh Phong Tái,s==152|Kính thưa Chủ công:<br/>Chúc mừng ngài đã đạt bậc {0} trong kỳ đỉnh phong đối quyết lần này， sau đây là phần thưởng kết toán bậc của ngài， xin nhận lấy!,
162,14,2,2,1,19,600,1,9,60,,,,,,,,,,,,,s==35|Phần thưởng kết toán Đỉnh Phong Tái,s==152|Kính thưa Chủ công:<br/>Chúc mừng ngài đã đạt bậc {0} trong kỳ đỉnh phong đối quyết lần này， sau đây là phần thưởng kết toán bậc của ngài， xin nhận lấy!,
163,14,1,1,1,19,500,1,9,50,,,,,,,,,,,,,s==35|Phần thưởng kết toán Đỉnh Phong Tái,s==152|Kính thưa Chủ công:<br/>Chúc mừng ngài đã đạt bậc {0} trong kỳ đỉnh phong đối quyết lần này， sau đây là phần thưởng kết toán bậc của ngài， xin nhận lấy!,
164,1993,,,,,,,,,,,,,,,,,,,,,s==40|Phần thưởng vận chuyển Tào Vận Phong Vân,s==179|Kính thưa Chủ công:<br/>Tàu vận chuyển ngài thuê trong sự kiện Tàu Thuyền Tuần Vận， được {0} vệ sĩ hộ tống， đã bị chặn đánh {1} lần。 Sau đây là phần thưởng thu được， xin nhận lấy!,
165,1994,,,,,,,,,,,,,,,,,,,,,s==27|Phần thưởng hộ tống Tào Vận,s==170|Kính thưa Chủ công:<br/>Ngài trong sự kiện Tàu Thuyền Tuần Vận được bằng hữu thuê， đã tham gia chặn đánh tổng cộng {0} lần。 Sau đây là phần thưởng thu được， xin nhận lấy!,
166,15,,,,,,,,,,,,,,,,,,,,,s==47|Phần thưởng thành tích sát thương loạn Thất Man,s==161|Kính thưa Chủ công:<br/>Trong trận chiến hôm nay chống lại boss man tộc {0}， ngài tổng cộng gây ra {1} sát thương。 Sau đây là phần thưởng thu được， xin nhận lấy!,
167,16,1,1,2,30007,1,1,58,1000,2,1465,3500,,,,,,,,,,s==45|Phần thưởng xếp hạng sát thương loạn Thất Man,s==2|  ,
168,16,2,2,2,30007,1,1,58,700,2,1465,3000,,,,,,,,,,s==45|Phần thưởng xếp hạng sát thương loạn Thất Man,s==184|Kính thưa Chủ công:<br/>Hôm nay trong trận chiến chống lại boss man tộc {0}， ngài tổng cộng gây ra {1} sát thương， xếp hạng thứ {2}。 Dưới đây là phần thưởng thu được， xin mời nhận lấy!,
169,16,3,3,2,30007,1,1,58,500,2,1465,2500,,,,,,,,,,s==45|Phần thưởng xếp hạng sát thương loạn Thất Man,s==184|Kính thưa Chủ công:<br/>Hôm nay trong trận chiến chống lại boss man tộc {0}， ngài tổng cộng gây ra {1} sát thương， xếp hạng thứ {2}。 Dưới đây là phần thưởng thu được， xin mời nhận lấy!,
170,16,4,5,1,58,300,2,1465,2300,,,,,,,,,,,,,s==45|Phần thưởng xếp hạng sát thương loạn Thất Man,s==184|Kính thưa Chủ công:<br/>Hôm nay trong trận chiến chống lại boss man tộc {0}， ngài tổng cộng gây ra {1} sát thương， xếp hạng thứ {2}。 Dưới đây là phần thưởng thu được， xin mời nhận lấy!,
171,16,6,10,1,58,200,2,1465,2100,,,,,,,,,,,,,s==45|Phần thưởng xếp hạng sát thương loạn Thất Man,s==184|Kính thưa Chủ công:<br/>Hôm nay trong trận chiến chống lại boss man tộc {0}， ngài tổng cộng gây ra {1} sát thương， xếp hạng thứ {2}。 Dưới đây là phần thưởng thu được， xin mời nhận lấy!,
172,16,11,20,1,58,150,2,1465,1900,,,,,,,,,,,,,s==45|Phần thưởng xếp hạng sát thương loạn Thất Man,s==184|Kính thưa Chủ công:<br/>Hôm nay trong trận chiến chống lại boss man tộc {0}， ngài tổng cộng gây ra {1} sát thương， xếp hạng thứ {2}。 Dưới đây là phần thưởng thu được， xin mời nhận lấy!,
173,16,21,50,1,58,120,2,1465,1700,,,,,,,,,,,,,s==45|Phần thưởng xếp hạng sát thương loạn Thất Man,s==184|Kính thưa Chủ công:<br/>Hôm nay trong trận chiến chống lại boss man tộc {0}， ngài tổng cộng gây ra {1} sát thương， xếp hạng thứ {2}。 Dưới đây là phần thưởng thu được， xin mời nhận lấy!,
174,16,51,100,1,58,90,2,1465,1600,,,,,,,,,,,,,s==45|Phần thưởng xếp hạng sát thương loạn Thất Man,s==184|Kính thưa Chủ công:<br/>Hôm nay trong trận chiến chống lại boss man tộc {0}， ngài tổng cộng gây ra {1} sát thương， xếp hạng thứ {2}。 Dưới đây là phần thưởng thu được， xin mời nhận lấy!,
175,16,101,200,1,58,60,2,1465,1500,,,,,,,,,,,,,s==45|Phần thưởng xếp hạng sát thương loạn Thất Man,s==184|Kính thưa Chủ công:<br/>Hôm nay trong trận chiến chống lại boss man tộc {0}， ngài tổng cộng gây ra {1} sát thương， xếp hạng thứ {2}。 Dưới đây là phần thưởng thu được， xin mời nhận lấy!,
176,16,201,500,1,58,40,2,1465,1400,,,,,,,,,,,,,s==45|Phần thưởng xếp hạng sát thương loạn Thất Man,s==184|Kính thưa Chủ công:<br/>Hôm nay trong trận chiến chống lại boss man tộc {0}， ngài tổng cộng gây ra {1} sát thương， xếp hạng thứ {2}。 Dưới đây là phần thưởng thu được， xin mời nhận lấy!,
177,16,501,1000,1,58,30,2,1465,1300,,,,,,,,,,,,,s==45|Phần thưởng xếp hạng sát thương loạn Thất Man,s==184|Kính thưa Chủ công:<br/>Hôm nay trong trận chiến chống lại boss man tộc {0}， ngài tổng cộng gây ra {1} sát thương， xếp hạng thứ {2}。 Dưới đây là phần thưởng thu được， xin mời nhận lấy!,
178,16,1001,99999,1,58,20,2,1465,1200,,,,,,,,,,,,,s==45|Phần thưởng xếp hạng sát thương loạn Thất Man,s==184|Kính thưa Chủ công:<br/>Hôm nay trong trận chiến chống lại boss man tộc {0}， ngài tổng cộng gây ra {1} sát thương， xếp hạng thứ {2}。 Dưới đây là phần thưởng thu được， xin mời nhận lấy!,
200,17,,,,,,,,,,,,,,,,,,,,,s==40|Phần thưởng tích nạp hàng ngày chưa nhận,s==111|Kính thưa Chủ công:<br/>Dưới đây là phần thưởng tích nạp chưa nhận của ngài vào ngày hôm qua， xin mời nhận lấy!,
201,18,,,,,,,,,,,,,,,,,,,,,s==15|Đại giải Kim Lý,s==138|Kính thưa Chủ công:<br/>Chúc mừng ngài đã trúng đại giải cá chép may mắn kỳ này， dưới đây là phần thưởng ngài nhận được， xin mời nhận lấy!,
300,300,,,,,,,,,,,,,,,,,,,,,s==17|Lợi tức mỏ khoáng,s==76|Dưới đây là lợi tức ngài thu được từ việc chiếm lĩnh mỏ， xin chú ý nhận lấy。,
301,19,1,1,1,9,500,1,60,25000,2,1760,3,2,19550,1,,,,,,,s==49|Phần thưởng cá nhân xếp hạng tranh đoạt mỏ khoáng,s==172|Kính thưa Chủ công:<br/>Tính đến 21 giờ ngày kết thúc mùa giải này， xếp hạng tranh đoạt mỏ của ngài là {0}， dưới đây là phần thưởng hằng ngày theo hạng， xin chú ý nhận lấy。,
302,19,2,2,1,9,400,1,60,20000,2,1760,2,,,,,,,,,,s==49|Phần thưởng cá nhân xếp hạng tranh đoạt mỏ khoáng,s==172|Kính thưa Chủ công:<br/>Tính đến 21 giờ ngày kết thúc mùa giải này， xếp hạng tranh đoạt mỏ của ngài là {0}， dưới đây là phần thưởng hằng ngày theo hạng， xin chú ý nhận lấy。,
303,19,3,3,1,9,300,1,60,15000,2,1760,1,,,,,,,,,,s==49|Phần thưởng cá nhân xếp hạng tranh đoạt mỏ khoáng,s==172|Kính thưa Chủ công:<br/>Tính đến 21 giờ ngày kết thúc mùa giải này， xếp hạng tranh đoạt mỏ của ngài là {0}， dưới đây là phần thưởng hằng ngày theo hạng， xin chú ý nhận lấy。,
304,19,4,5,1,9,250,1,60,12500,2,1900,3,,,,,,,,,,s==49|Phần thưởng cá nhân xếp hạng tranh đoạt mỏ khoáng,s==172|Kính thưa Chủ công:<br/>Tính đến 21 giờ ngày kết thúc mùa giải này， xếp hạng tranh đoạt mỏ của ngài là {0}， dưới đây là phần thưởng hằng ngày theo hạng， xin chú ý nhận lấy。,
305,19,6,10,1,9,220,1,60,10000,2,1900,2,,,,,,,,,,s==49|Phần thưởng cá nhân xếp hạng tranh đoạt mỏ khoáng,s==172|Kính thưa Chủ công:<br/>Tính đến 21 giờ ngày kết thúc mùa giải này， xếp hạng tranh đoạt mỏ của ngài là {0}， dưới đây là phần thưởng hằng ngày theo hạng， xin chú ý nhận lấy。,
306,19,11,20,1,9,190,1,60,9000,2,1900,1,,,,,,,,,,s==49|Phần thưởng cá nhân xếp hạng tranh đoạt mỏ khoáng,s==172|Kính thưa Chủ công:<br/>Tính đến 21 giờ ngày kết thúc mùa giải này， xếp hạng tranh đoạt mỏ của ngài là {0}， dưới đây là phần thưởng hằng ngày theo hạng， xin chú ý nhận lấy。,
307,19,21,50,1,9,160,1,60,8000,2,1759,3,,,,,,,,,,s==49|Phần thưởng cá nhân xếp hạng tranh đoạt mỏ khoáng,s==172|Kính thưa Chủ công:<br/>Tính đến 21 giờ ngày kết thúc mùa giải này， xếp hạng tranh đoạt mỏ của ngài là {0}， dưới đây là phần thưởng hằng ngày theo hạng， xin chú ý nhận lấy。,
308,19,51,1000,1,9,130,1,60,7000,2,1759,2,,,,,,,,,,s==49|Phần thưởng cá nhân xếp hạng tranh đoạt mỏ khoáng,s==172|Kính thưa Chủ công:<br/>Tính đến 21 giờ ngày kết thúc mùa giải này， xếp hạng tranh đoạt mỏ của ngài là {0}， dưới đây là phần thưởng hằng ngày theo hạng， xin chú ý nhận lấy。,
309,309,,,,,,,,,,,,,,,,,,,,,s==36|Thanh toán lợi tức mỏ khoáng hợp phó,s==122|Kính thưa bằng hữu， việc hợp nhất máy chủ đã hoàn tất， kèm theo là lợi tức tích lũy từ mạch mỏ của ngài， xin mời nhận lấy!,
310,27,,,,,,,,,,,,,,,,,,,,,s==18|Ngọa Long Xuất Thế,s==146|Kính thưa Chủ công:<br/>Dưới đây là phần thưởng chưa nhận của ngài sau khi hoàn thành nhiệm vụ hoạt động “Ngọa Long xuất thế”， xin chú ý nhận lấy。,
351,32,1,1,1,60,8000,2,1037,3,2,1104,3,2,19547,1,,,,,,,s==51|Phần thưởng quân đoàn xếp hạng tranh đoạt mỏ khoáng,s==182|Kính thưa Chủ công:<br/>Tính đến 21 giờ ngày kết thúc mùa giải này， xếp hạng tranh đoạt mỏ của quân đoàn ngài là {0}， dưới đây là phần thưởng hằng ngày theo hạng， xin chú ý nhận lấy。,
352,32,2,2,1,60,7000,2,1037,2,2,1104,2,,,,,,,,,,s==51|Phần thưởng quân đoàn xếp hạng tranh đoạt mỏ khoáng,s==182|Kính thưa Chủ công:<br/>Tính đến 21 giờ ngày kết thúc mùa giải này， xếp hạng tranh đoạt mỏ của quân đoàn ngài là {0}， dưới đây là phần thưởng hằng ngày theo hạng， xin chú ý nhận lấy。,
353,32,3,3,1,60,6000,2,1037,1,2,1104,1,,,,,,,,,,s==51|Phần thưởng quân đoàn xếp hạng tranh đoạt mỏ khoáng,s==182|Kính thưa Chủ công:<br/>Tính đến 21 giờ ngày kết thúc mùa giải này， xếp hạng tranh đoạt mỏ của quân đoàn ngài là {0}， dưới đây là phần thưởng hằng ngày theo hạng， xin chú ý nhận lấy。,
354,32,4,5,1,60,5800,2,1036,3,2,1103,3,,,,,,,,,,s==51|Phần thưởng quân đoàn xếp hạng tranh đoạt mỏ khoáng,s==182|Kính thưa Chủ công:<br/>Tính đến 21 giờ ngày kết thúc mùa giải này， xếp hạng tranh đoạt mỏ của quân đoàn ngài là {0}， dưới đây là phần thưởng hằng ngày theo hạng， xin chú ý nhận lấy。,
355,32,6,10,1,60,5600,2,1036,2,2,1103,2,,,,,,,,,,s==51|Phần thưởng quân đoàn xếp hạng tranh đoạt mỏ khoáng,s==182|Kính thưa Chủ công:<br/>Tính đến 21 giờ ngày kết thúc mùa giải này， xếp hạng tranh đoạt mỏ của quân đoàn ngài là {0}， dưới đây là phần thưởng hằng ngày theo hạng， xin chú ý nhận lấy。,
356,32,11,20,1,60,5400,2,1036,1,2,1103,1,,,,,,,,,,s==51|Phần thưởng quân đoàn xếp hạng tranh đoạt mỏ khoáng,s==182|Kính thưa Chủ công:<br/>Tính đến 21 giờ ngày kết thúc mùa giải này， xếp hạng tranh đoạt mỏ của quân đoàn ngài là {0}， dưới đây là phần thưởng hằng ngày theo hạng， xin chú ý nhận lấy。,
400,400,1,1,2,19510,1,1,9,1000,1,29,8800,2,19811,1,,,,,,,s==39|Phần thưởng xếp hạng Hợp Tông Liên Hành,s==158|Kính thưa Chủ công:<br/>Chúc mừng ngài đã đạt hạng {0} trong mùa giải Hợp Tòng Liên Hành lần này， dưới đây là phần thưởng xếp hạng của ngài， xin mời nhận lấy!,
401,400,2,3,2,19512,1,1,9,800,1,29,6600,,,,,,,,,,s==39|Phần thưởng xếp hạng Hợp Tông Liên Hành,s==158|Kính thưa Chủ công:<br/>Chúc mừng ngài đã đạt hạng {0} trong mùa giải Hợp Tòng Liên Hành lần này， dưới đây là phần thưởng xếp hạng của ngài， xin mời nhận lấy!,
402,400,4,5,2,19511,1,1,9,600,1,29,4400,,,,,,,,,,s==39|Phần thưởng xếp hạng Hợp Tông Liên Hành,s==158|Kính thưa Chủ công:<br/>Chúc mừng ngài đã đạt hạng {0} trong mùa giải Hợp Tòng Liên Hành lần này， dưới đây là phần thưởng xếp hạng của ngài， xin mời nhận lấy!,
403,400,6,10,1,9,500,1,29,4000,,,,,,,,,,,,,s==39|Phần thưởng xếp hạng Hợp Tông Liên Hành,s==158|Kính thưa Chủ công:<br/>Chúc mừng ngài đã đạt hạng {0} trong mùa giải Hợp Tòng Liên Hành lần này， dưới đây là phần thưởng xếp hạng của ngài， xin mời nhận lấy!,
404,400,11,20,1,9,400,1,29,3300,,,,,,,,,,,,,s==39|Phần thưởng xếp hạng Hợp Tông Liên Hành,s==158|Kính thưa Chủ công:<br/>Chúc mừng ngài đã đạt hạng {0} trong mùa giải Hợp Tòng Liên Hành lần này， dưới đây là phần thưởng xếp hạng của ngài， xin mời nhận lấy!,
405,400,21,50,1,9,300,1,29,2400,,,,,,,,,,,,,s==39|Phần thưởng xếp hạng Hợp Tông Liên Hành,s==158|Kính thưa Chủ công:<br/>Chúc mừng ngài đã đạt hạng {0} trong mùa giải Hợp Tòng Liên Hành lần này， dưới đây là phần thưởng xếp hạng của ngài， xin mời nhận lấy!,
406,400,51,100,1,9,200,1,29,1600,,,,,,,,,,,,,s==39|Phần thưởng xếp hạng Hợp Tông Liên Hành,s==155|Kính thưa Chủ công:<br/>Chúc mừng ngài xếp hạng {0} trong mùa giải Hợp Tòng Liên Hành lần này， dưới đây là phần thưởng xếp hạng của ngài， xin mời nhận lấy!,
407,400,101,99999,1,9,100,1,29,800,,,,,,,,,,,,,s==39|Phần thưởng xếp hạng Hợp Tông Liên Hành,s==155|Kính thưa Chủ công:<br/>Chúc mừng ngài xếp hạng {0} trong mùa giải Hợp Tòng Liên Hành lần này， dưới đây là phần thưởng xếp hạng của ngài， xin mời nhận lấy!,
408,21,1,1,2,30016,1,1,9,380,2,1084,2100,,,,,,,,,,s==39|Phần thưởng xếp hạng Quần Hùng Tranh Bá,s==167|Kính thưa Chủ công:<br/>Chúc mừng ngài đạt hạng {1} trong bậc {0} của mùa giải Quần Hùng Tranh Bá lần này， dưới đây là phần thưởng xếp hạng của ngài， xin mời nhận lấy!,
409,21,2,2,2,30016,1,1,9,330,2,1084,1800,,,,,,,,,,s==39|Phần thưởng xếp hạng Quần Hùng Tranh Bá,s==167|Kính thưa Chủ công:<br/>Chúc mừng ngài đạt hạng {1} trong bậc {0} của mùa giải Quần Hùng Tranh Bá lần này， dưới đây là phần thưởng xếp hạng của ngài， xin mời nhận lấy!,
410,21,3,3,2,30016,1,1,9,300,2,1084,1650,,,,,,,,,,s==39|Phần thưởng xếp hạng Quần Hùng Tranh Bá,s==167|Kính thưa Chủ công:<br/>Chúc mừng ngài đạt hạng {1} trong bậc {0} của mùa giải Quần Hùng Tranh Bá lần này， dưới đây là phần thưởng xếp hạng của ngài， xin mời nhận lấy!,
411,21,4,4,1,9,270,2,1084,1500,,,,,,,,,,,,,s==39|Phần thưởng xếp hạng Quần Hùng Tranh Bá,s==167|Kính thưa Chủ công:<br/>Chúc mừng ngài đạt hạng {1} trong bậc {0} của mùa giải Quần Hùng Tranh Bá lần này， dưới đây là phần thưởng xếp hạng của ngài， xin mời nhận lấy!,
412,21,5,5,1,9,250,2,1084,1400,,,,,,,,,,,,,s==39|Phần thưởng xếp hạng Quần Hùng Tranh Bá,s==167|Kính thưa Chủ công:<br/>Chúc mừng ngài đạt hạng {1} trong bậc {0} của mùa giải Quần Hùng Tranh Bá lần này， dưới đây là phần thưởng xếp hạng của ngài， xin mời nhận lấy!,
413,21,6,6,1,9,230,2,1084,1300,,,,,,,,,,,,,s==39|Phần thưởng xếp hạng Quần Hùng Tranh Bá,s==167|Kính thưa Chủ công:<br/>Chúc mừng ngài đạt hạng {1} trong bậc {0} của mùa giải Quần Hùng Tranh Bá lần này， dưới đây là phần thưởng xếp hạng của ngài， xin mời nhận lấy!,
414,21,7,7,1,9,210,2,1084,1200,,,,,,,,,,,,,s==39|Phần thưởng xếp hạng Quần Hùng Tranh Bá,s==167|Kính thưa Chủ công:<br/>Chúc mừng ngài đạt hạng {1} trong bậc {0} của mùa giải Quần Hùng Tranh Bá lần này， dưới đây là phần thưởng xếp hạng của ngài， xin mời nhận lấy!,
415,21,8,8,1,9,190,2,1084,1100,,,,,,,,,,,,,s==39|Phần thưởng xếp hạng Quần Hùng Tranh Bá,s==167|Kính thưa Chủ công:<br/>Chúc mừng ngài đạt hạng {1} trong bậc {0} của mùa giải Quần Hùng Tranh Bá lần này， dưới đây là phần thưởng xếp hạng của ngài， xin mời nhận lấy!,
416,21,9,9,1,9,170,2,1084,1000,,,,,,,,,,,,,s==39|Phần thưởng xếp hạng Quần Hùng Tranh Bá,s==167|Kính thưa Chủ công:<br/>Chúc mừng ngài đạt hạng {1} trong bậc {0} của mùa giải Quần Hùng Tranh Bá lần này， dưới đây là phần thưởng xếp hạng của ngài， xin mời nhận lấy!,
417,21,10,10,1,9,150,2,1084,900,,,,,,,,,,,,,s==39|Phần thưởng xếp hạng Quần Hùng Tranh Bá,s==167|Kính thưa Chủ công:<br/>Chúc mừng ngài đạt hạng {1} trong bậc {0} của mùa giải Quần Hùng Tranh Bá lần này， dưới đây là phần thưởng xếp hạng của ngài， xin mời nhận lấy!,
418,21,11,20,1,9,140,2,1084,850,,,,,,,,,,,,,s==39|Phần thưởng xếp hạng Quần Hùng Tranh Bá,s==167|Kính thưa Chủ công:<br/>Chúc mừng ngài đạt hạng {1} trong bậc {0} của mùa giải Quần Hùng Tranh Bá lần này， dưới đây là phần thưởng xếp hạng của ngài， xin mời nhận lấy!,
419,21,21,50,1,9,130,2,1084,800,,,,,,,,,,,,,s==39|Phần thưởng xếp hạng Quần Hùng Tranh Bá,s==167|Kính thưa Chủ công:<br/>Chúc mừng ngài đạt hạng {1} trong bậc {0} của mùa giải Quần Hùng Tranh Bá lần này， dưới đây là phần thưởng xếp hạng của ngài， xin mời nhận lấy!,
420,21,51,100,1,9,120,2,1084,750,,,,,,,,,,,,,s==39|Phần thưởng xếp hạng Quần Hùng Tranh Bá,s==167|Kính thưa Chủ công:<br/>Chúc mừng ngài đạt hạng {1} trong bậc {0} của mùa giải Quần Hùng Tranh Bá lần này， dưới đây là phần thưởng xếp hạng của ngài， xin mời nhận lấy!,
421,21,101,300,1,9,110,2,1084,700,,,,,,,,,,,,,s==39|Phần thưởng xếp hạng Quần Hùng Tranh Bá,s==167|Kính thưa Chủ công:<br/>Chúc mừng ngài đạt hạng {1} trong bậc {0} của mùa giải Quần Hùng Tranh Bá lần này， dưới đây là phần thưởng xếp hạng của ngài， xin mời nhận lấy!,
422,22,1,1,2,30017,1,1,9,710,2,1084,4600,,,,,,,,,,s==39|Phần thưởng xếp hạng Quần Hùng Tranh Bá,s==167|Kính thưa Chủ công:<br/>Chúc mừng ngài đạt hạng {1} trong bậc {0} của mùa giải Quần Hùng Tranh Bá lần này， dưới đây là phần thưởng xếp hạng của ngài， xin mời nhận lấy!,
423,22,2,2,2,30017,1,1,9,630,2,1084,4200,,,,,,,,,,s==39|Phần thưởng xếp hạng Quần Hùng Tranh Bá,s==167|Kính thưa Chủ công:<br/>Chúc mừng ngài đạt hạng {1} trong bậc {0} của mùa giải Quần Hùng Tranh Bá lần này， dưới đây là phần thưởng xếp hạng của ngài， xin mời nhận lấy!,
424,22,3,3,2,30017,1,1,9,590,2,1084,4000,,,,,,,,,,s==39|Phần thưởng xếp hạng Quần Hùng Tranh Bá,s==167|Kính thưa Chủ công:<br/>Chúc mừng ngài đạt hạng {1} trong bậc {0} của mùa giải Quần Hùng Tranh Bá lần này， dưới đây là phần thưởng xếp hạng của ngài， xin mời nhận lấy!,
425,22,4,4,1,9,550,2,1084,3800,,,,,,,,,,,,,s==39|Phần thưởng xếp hạng Quần Hùng Tranh Bá,s==167|Kính thưa Chủ công:<br/>Chúc mừng ngài đạt hạng {1} trong bậc {0} của mùa giải Quần Hùng Tranh Bá lần này， dưới đây là phần thưởng xếp hạng của ngài， xin mời nhận lấy!,
426,22,5,5,1,9,530,2,1084,3600,,,,,,,,,,,,,s==39|Phần thưởng xếp hạng Quần Hùng Tranh Bá,s==167|Kính thưa Chủ công:<br/>Chúc mừng ngài đạt hạng {1} trong bậc {0} của mùa giải Quần Hùng Tranh Bá lần này， dưới đây là phần thưởng xếp hạng của ngài， xin mời nhận lấy!,
427,22,6,6,1,9,510,2,1084,3400,,,,,,,,,,,,,s==39|Phần thưởng xếp hạng Quần Hùng Tranh Bá,s==167|Kính thưa Chủ công:<br/>Chúc mừng ngài đạt hạng {1} trong bậc {0} của mùa giải Quần Hùng Tranh Bá lần này， dưới đây là phần thưởng xếp hạng của ngài， xin mời nhận lấy!,
428,22,7,7,1,9,490,2,1084,3200,,,,,,,,,,,,,s==39|Phần thưởng xếp hạng Quần Hùng Tranh Bá,s==167|Kính thưa Chủ công:<br/>Chúc mừng ngài đạt hạng {1} trong bậc {0} của mùa giải Quần Hùng Tranh Bá lần này， dưới đây là phần thưởng xếp hạng của ngài， xin mời nhận lấy!,
429,22,8,8,1,9,470,2,1084,3000,,,,,,,,,,,,,s==39|Phần thưởng xếp hạng Quần Hùng Tranh Bá,s==167|Kính thưa Chủ công:<br/>Chúc mừng ngài đạt hạng {1} trong bậc {0} của mùa giải Quần Hùng Tranh Bá lần này， dưới đây là phần thưởng xếp hạng của ngài， xin mời nhận lấy!,
430,22,9,9,1,9,450,2,1084,2800,,,,,,,,,,,,,s==39|Phần thưởng xếp hạng Quần Hùng Tranh Bá,s==167|Kính thưa Chủ công:<br/>Chúc mừng ngài đạt hạng {1} trong bậc {0} của mùa giải Quần Hùng Tranh Bá lần này， dưới đây là phần thưởng xếp hạng của ngài， xin mời nhận lấy!,
431,22,10,10,1,9,430,2,1084,2600,,,,,,,,,,,,,s==39|Phần thưởng xếp hạng Quần Hùng Tranh Bá,s==167|Kính thưa Chủ công:<br/>Chúc mừng ngài đạt hạng {1} trong bậc {0} của mùa giải Quần Hùng Tranh Bá lần này， dưới đây là phần thưởng xếp hạng của ngài， xin mời nhận lấy!,
432,22,11,20,1,9,420,2,1084,2500,,,,,,,,,,,,,s==39|Phần thưởng xếp hạng Quần Hùng Tranh Bá,s==167|Kính thưa Chủ công:<br/>Chúc mừng ngài đạt hạng {1} trong bậc {0} của mùa giải Quần Hùng Tranh Bá lần này， dưới đây là phần thưởng xếp hạng của ngài， xin mời nhận lấy!,
433,22,21,50,1,9,410,2,1084,2400,,,,,,,,,,,,,s==39|Phần thưởng xếp hạng Quần Hùng Tranh Bá,s==167|Kính thưa Chủ công:<br/>Chúc mừng ngài đạt hạng {1} trong bậc {0} của mùa giải Quần Hùng Tranh Bá lần này， dưới đây là phần thưởng xếp hạng của ngài， xin mời nhận lấy!,
434,22,51,100,1,9,400,2,1084,2300,,,,,,,,,,,,,s==39|Phần thưởng xếp hạng Quần Hùng Tranh Bá,s==167|Kính thưa Chủ công:<br/>Chúc mừng ngài đạt hạng {1} trong bậc {0} của mùa giải Quần Hùng Tranh Bá lần này， dưới đây là phần thưởng xếp hạng của ngài， xin mời nhận lấy!,
435,22,101,300,1,9,390,2,1084,2200,,,,,,,,,,,,,s==39|Phần thưởng xếp hạng Quần Hùng Tranh Bá,s==167|Kính thưa Chủ công:<br/>Chúc mừng ngài đạt hạng {1} trong bậc {0} của mùa giải Quần Hùng Tranh Bá lần này， dưới đây là phần thưởng xếp hạng của ngài， xin mời nhận lấy!,
436,23,1,1,2,30018,1,1,9,1140,2,1084,7900,,,,,,,,,,s==39|Phần thưởng xếp hạng Quần Hùng Tranh Bá,s==167|Kính thưa Chủ công:<br/>Chúc mừng ngài đạt hạng {1} trong bậc {0} của mùa giải Quần Hùng Tranh Bá lần này， dưới đây là phần thưởng xếp hạng của ngài， xin mời nhận lấy!,
437,23,2,2,2,30018,1,1,9,1040,2,1084,7300,,,,,,,,,,s==39|Phần thưởng xếp hạng Quần Hùng Tranh Bá,s==167|Kính thưa Chủ công:<br/>Chúc mừng ngài đạt hạng {1} trong bậc {0} của mùa giải Quần Hùng Tranh Bá lần này， dưới đây là phần thưởng xếp hạng của ngài， xin mời nhận lấy!,
438,23,3,3,2,30018,1,1,9,990,2,1084,6900,,,,,,,,,,s==39|Phần thưởng xếp hạng Quần Hùng Tranh Bá,s==167|Kính thưa Chủ công:<br/>Chúc mừng ngài đạt hạng {1} trong bậc {0} của mùa giải Quần Hùng Tranh Bá lần này， dưới đây là phần thưởng xếp hạng của ngài， xin mời nhận lấy!,
439,23,4,4,1,9,940,2,1084,6600,,,,,,,,,,,,,s==39|Phần thưởng xếp hạng Quần Hùng Tranh Bá,s==167|Kính thưa Chủ công:<br/>Chúc mừng ngài đạt hạng {1} trong bậc {0} của mùa giải Quần Hùng Tranh Bá lần này， dưới đây là phần thưởng xếp hạng của ngài， xin mời nhận lấy!,
440,23,5,5,1,9,910,2,1084,6400,,,,,,,,,,,,,s==39|Phần thưởng xếp hạng Quần Hùng Tranh Bá,s==167|Kính thưa Chủ công:<br/>Chúc mừng ngài đạt hạng {1} trong bậc {0} của mùa giải Quần Hùng Tranh Bá lần này， dưới đây là phần thưởng xếp hạng của ngài， xin mời nhận lấy!,
441,23,6,6,1,9,880,2,1084,6200,,,,,,,,,,,,,s==39|Phần thưởng xếp hạng Quần Hùng Tranh Bá,s==167|Kính thưa Chủ công:<br/>Chúc mừng ngài đạt hạng {1} trong bậc {0} của mùa giải Quần Hùng Tranh Bá lần này， dưới đây là phần thưởng xếp hạng của ngài， xin mời nhận lấy!,
442,23,7,7,1,9,850,2,1084,6000,,,,,,,,,,,,,s==39|Phần thưởng xếp hạng Quần Hùng Tranh Bá,s==167|Kính thưa Chủ công:<br/>Chúc mừng ngài đạt hạng {1} trong bậc {0} của mùa giải Quần Hùng Tranh Bá lần này， dưới đây là phần thưởng xếp hạng của ngài， xin mời nhận lấy!,
443,23,8,8,1,9,820,2,1084,5800,,,,,,,,,,,,,s==39|Phần thưởng xếp hạng Quần Hùng Tranh Bá,s==167|Kính thưa Chủ công:<br/>Chúc mừng ngài đạt hạng {1} trong bậc {0} của mùa giải Quần Hùng Tranh Bá lần này， dưới đây là phần thưởng xếp hạng của ngài， xin mời nhận lấy!,
444,23,9,9,1,9,790,2,1084,5600,,,,,,,,,,,,,s==39|Phần thưởng xếp hạng Quần Hùng Tranh Bá,s==167|Kính thưa Chủ công:<br/>Chúc mừng ngài đạt hạng {1} trong bậc {0} của mùa giải Quần Hùng Tranh Bá lần này， dưới đây là phần thưởng xếp hạng của ngài， xin mời nhận lấy!,
445,23,10,10,1,9,760,2,1084,5400,,,,,,,,,,,,,s==39|Phần thưởng xếp hạng Quần Hùng Tranh Bá,s==167|Kính thưa Chủ công:<br/>Chúc mừng ngài đạt hạng {1} trong bậc {0} của mùa giải Quần Hùng Tranh Bá lần này， dưới đây là phần thưởng xếp hạng của ngài， xin mời nhận lấy!,
446,23,11,20,1,9,750,2,1084,5200,,,,,,,,,,,,,s==39|Phần thưởng xếp hạng Quần Hùng Tranh Bá,s==167|Kính thưa Chủ công:<br/>Chúc mừng ngài đạt hạng {1} trong bậc {0} của mùa giải Quần Hùng Tranh Bá lần này， dưới đây là phần thưởng xếp hạng của ngài， xin mời nhận lấy!,
447,23,21,50,1,9,740,2,1084,5050,,,,,,,,,,,,,s==39|Phần thưởng xếp hạng Quần Hùng Tranh Bá,s==167|Kính thưa Chủ công:<br/>Chúc mừng ngài đạt hạng {1} trong bậc {0} của mùa giải Quần Hùng Tranh Bá lần này， dưới đây là phần thưởng xếp hạng của ngài， xin mời nhận lấy!,
448,23,51,100,1,9,730,2,1084,4900,,,,,,,,,,,,,s==39|Phần thưởng xếp hạng Quần Hùng Tranh Bá,s==167|Kính thưa Chủ công:<br/>Chúc mừng ngài đạt hạng {1} trong bậc {0} của mùa giải Quần Hùng Tranh Bá lần này， dưới đây là phần thưởng xếp hạng của ngài， xin mời nhận lấy!,
449,23,101,300,1,9,720,2,1084,4750,,,,,,,,,,,,,s==39|Phần thưởng xếp hạng Quần Hùng Tranh Bá,s==167|Kính thưa Chủ công:<br/>Chúc mừng ngài đạt hạng {1} trong bậc {0} của mùa giải Quần Hùng Tranh Bá lần này， dưới đây là phần thưởng xếp hạng của ngài， xin mời nhận lấy!,
450,24,1,1,2,30019,1,1,9,1570,2,1084,14500,,,,,,,,,,s==39|Phần thưởng xếp hạng Quần Hùng Tranh Bá,s==167|Kính thưa Chủ công:<br/>Chúc mừng ngài đạt hạng {1} trong bậc {0} của mùa giải Quần Hùng Tranh Bá lần này， dưới đây là phần thưởng xếp hạng của ngài， xin mời nhận lấy!,
451,24,2,2,2,30019,1,1,9,1470,2,1084,13500,,,,,,,,,,s==39|Phần thưởng xếp hạng Quần Hùng Tranh Bá,s==167|Kính thưa Chủ công:<br/>Chúc mừng ngài đạt hạng {1} trong bậc {0} của mùa giải Quần Hùng Tranh Bá lần này， dưới đây là phần thưởng xếp hạng của ngài， xin mời nhận lấy!,
452,24,3,3,2,30019,1,1,9,1420,2,1084,12700,,,,,,,,,,s==39|Phần thưởng xếp hạng Quần Hùng Tranh Bá,s==167|Kính thưa Chủ công:<br/>Chúc mừng ngài đạt hạng {1} trong bậc {0} của mùa giải Quần Hùng Tranh Bá lần này， dưới đây là phần thưởng xếp hạng của ngài， xin mời nhận lấy!,
453,24,4,4,1,9,1370,2,1084,12200,,,,,,,,,,,,,s==39|Phần thưởng xếp hạng Quần Hùng Tranh Bá,s==167|Kính thưa Chủ công:<br/>Chúc mừng ngài đạt hạng {1} trong bậc {0} của mùa giải Quần Hùng Tranh Bá lần này， dưới đây là phần thưởng xếp hạng của ngài， xin mời nhận lấy!,
454,24,5,5,1,9,1340,2,1084,11700,,,,,,,,,,,,,s==39|Phần thưởng xếp hạng Quần Hùng Tranh Bá,s==167|Kính thưa Chủ công:<br/>Chúc mừng ngài đạt hạng {1} trong bậc {0} của mùa giải Quần Hùng Tranh Bá lần này， dưới đây là phần thưởng xếp hạng của ngài， xin mời nhận lấy!,
455,24,6,6,1,9,1310,2,1084,11200,,,,,,,,,,,,,s==39|Phần thưởng xếp hạng Quần Hùng Tranh Bá,s==167|Kính thưa Chủ công:<br/>Chúc mừng ngài đạt hạng {1} trong bậc {0} của mùa giải Quần Hùng Tranh Bá lần này， dưới đây là phần thưởng xếp hạng của ngài， xin mời nhận lấy!,
456,24,7,7,1,9,1280,2,1084,10700,,,,,,,,,,,,,s==39|Phần thưởng xếp hạng Quần Hùng Tranh Bá,s==167|Kính thưa Chủ công:<br/>Chúc mừng ngài đạt hạng {1} trong bậc {0} của mùa giải Quần Hùng Tranh Bá lần này， dưới đây là phần thưởng xếp hạng của ngài， xin mời nhận lấy!,
457,24,8,8,1,9,1250,2,1084,10200,,,,,,,,,,,,,s==39|Phần thưởng xếp hạng Quần Hùng Tranh Bá,s==167|Kính thưa Chủ công:<br/>Chúc mừng ngài đạt hạng {1} trong bậc {0} của mùa giải Quần Hùng Tranh Bá lần này， dưới đây là phần thưởng xếp hạng của ngài， xin mời nhận lấy!,
458,24,9,9,1,9,1220,2,1084,9700,,,,,,,,,,,,,s==39|Phần thưởng xếp hạng Quần Hùng Tranh Bá,s==167|Kính thưa Chủ công:<br/>Chúc mừng ngài đạt hạng {1} trong bậc {0} của mùa giải Quần Hùng Tranh Bá lần này， dưới đây là phần thưởng xếp hạng của ngài， xin mời nhận lấy!,
459,24,10,10,1,9,1190,2,1084,9400,,,,,,,,,,,,,s==39|Phần thưởng xếp hạng Quần Hùng Tranh Bá,s==167|Kính thưa Chủ công:<br/>Chúc mừng ngài đạt hạng {1} trong bậc {0} của mùa giải Quần Hùng Tranh Bá lần này， dưới đây là phần thưởng xếp hạng của ngài， xin mời nhận lấy!,
460,24,11,20,1,9,1180,2,1084,9100,,,,,,,,,,,,,s==39|Phần thưởng xếp hạng Quần Hùng Tranh Bá,s==167|Kính thưa Chủ công:<br/>Chúc mừng ngài đạt hạng {1} trong bậc {0} của mùa giải Quần Hùng Tranh Bá lần này， dưới đây là phần thưởng xếp hạng của ngài， xin mời nhận lấy!,
461,24,21,50,1,9,1170,2,1084,8800,,,,,,,,,,,,,s==39|Phần thưởng xếp hạng Quần Hùng Tranh Bá,s==167|Kính thưa Chủ công:<br/>Chúc mừng ngài đạt hạng {1} trong bậc {0} của mùa giải Quần Hùng Tranh Bá lần này， dưới đây là phần thưởng xếp hạng của ngài， xin mời nhận lấy!,
462,24,51,100,1,9,1160,2,1084,8500,,,,,,,,,,,,,s==39|Phần thưởng xếp hạng Quần Hùng Tranh Bá,s==167|Kính thưa Chủ công:<br/>Chúc mừng ngài đạt hạng {1} trong bậc {0} của mùa giải Quần Hùng Tranh Bá lần này， dưới đây là phần thưởng xếp hạng của ngài， xin mời nhận lấy!,
463,24,101,300,1,9,1150,2,1084,8200,,,,,,,,,,,,,s==39|Phần thưởng xếp hạng Quần Hùng Tranh Bá,s==167|Kính thưa Chủ công:<br/>Chúc mừng ngài đạt hạng {1} trong bậc {0} của mùa giải Quần Hùng Tranh Bá lần này， dưới đây là phần thưởng xếp hạng của ngài， xin mời nhận lấy!,
464,25,1,1,2,30020,1,1,9,2000,2,1084,70000,,,,,,,,,,s==39|Phần thưởng xếp hạng Quần Hùng Tranh Bá,s==167|Kính thưa Chủ công:<br/>Chúc mừng ngài đạt hạng {1} trong bậc {0} của mùa giải Quần Hùng Tranh Bá lần này， dưới đây là phần thưởng xếp hạng của ngài， xin mời nhận lấy!,
465,25,2,2,2,30020,1,1,9,1900,2,1084,55000,,,,,,,,,,s==39|Phần thưởng xếp hạng Quần Hùng Tranh Bá,s==167|Kính thưa Chủ công:<br/>Chúc mừng ngài đạt hạng {1} trong bậc {0} của mùa giải Quần Hùng Tranh Bá lần này， dưới đây là phần thưởng xếp hạng của ngài， xin mời nhận lấy!,
466,25,3,3,2,30020,1,1,9,1850,2,1084,45000,,,,,,,,,,s==39|Phần thưởng xếp hạng Quần Hùng Tranh Bá,s==167|Kính thưa Chủ công:<br/>Chúc mừng ngài đạt hạng {1} trong bậc {0} của mùa giải Quần Hùng Tranh Bá lần này， dưới đây là phần thưởng xếp hạng của ngài， xin mời nhận lấy!,
467,25,4,4,1,9,1800,2,1084,38000,,,,,,,,,,,,,s==39|Phần thưởng xếp hạng Quần Hùng Tranh Bá,s==167|Kính thưa Chủ công:<br/>Chúc mừng ngài đạt hạng {1} trong bậc {0} của mùa giải Quần Hùng Tranh Bá lần này， dưới đây là phần thưởng xếp hạng của ngài， xin mời nhận lấy!,
468,25,5,5,1,9,1770,2,1084,33000,,,,,,,,,,,,,s==39|Phần thưởng xếp hạng Quần Hùng Tranh Bá,s==167|Kính thưa Chủ công:<br/>Chúc mừng ngài đạt hạng {1} trong bậc {0} của mùa giải Quần Hùng Tranh Bá lần này， dưới đây là phần thưởng xếp hạng của ngài， xin mời nhận lấy!,
469,25,6,6,1,9,1740,2,1084,30000,,,,,,,,,,,,,s==39|Phần thưởng xếp hạng Quần Hùng Tranh Bá,s==167|Kính thưa Chủ công:<br/>Chúc mừng ngài đạt hạng {1} trong bậc {0} của mùa giải Quần Hùng Tranh Bá lần này， dưới đây là phần thưởng xếp hạng của ngài， xin mời nhận lấy!,
470,25,7,7,1,9,1710,2,1084,27000,,,,,,,,,,,,,s==39|Phần thưởng xếp hạng Quần Hùng Tranh Bá,s==167|Kính thưa Chủ công:<br/>Chúc mừng ngài đạt hạng {1} trong bậc {0} của mùa giải Quần Hùng Tranh Bá lần này， dưới đây là phần thưởng xếp hạng của ngài， xin mời nhận lấy!,
471,25,8,8,1,9,1680,2,1084,24000,,,,,,,,,,,,,s==39|Phần thưởng xếp hạng Quần Hùng Tranh Bá,s==167|Kính thưa Chủ công:<br/>Chúc mừng ngài đạt hạng {1} trong bậc {0} của mùa giải Quần Hùng Tranh Bá lần này， dưới đây là phần thưởng xếp hạng của ngài， xin mời nhận lấy!,
472,25,9,9,1,9,1650,2,1084,22000,,,,,,,,,,,,,s==39|Phần thưởng xếp hạng Quần Hùng Tranh Bá,s==167|Kính thưa Chủ công:<br/>Chúc mừng ngài đạt hạng {1} trong bậc {0} của mùa giải Quần Hùng Tranh Bá lần này， dưới đây là phần thưởng xếp hạng của ngài， xin mời nhận lấy!,
473,25,10,10,1,9,1620,2,1084,20000,,,,,,,,,,,,,s==39|Phần thưởng xếp hạng Quần Hùng Tranh Bá,s==167|Kính thưa Chủ công:<br/>Chúc mừng ngài đạt hạng {1} trong bậc {0} của mùa giải Quần Hùng Tranh Bá lần này， dưới đây là phần thưởng xếp hạng của ngài， xin mời nhận lấy!,
474,25,11,20,1,9,1610,2,1084,18000,,,,,,,,,,,,,s==39|Phần thưởng xếp hạng Quần Hùng Tranh Bá,s==167|Kính thưa Chủ công:<br/>Chúc mừng ngài đạt hạng {1} trong bậc {0} của mùa giải Quần Hùng Tranh Bá lần này， dưới đây là phần thưởng xếp hạng của ngài， xin mời nhận lấy!,
475,25,21,50,1,9,1600,2,1084,17000,,,,,,,,,,,,,s==39|Phần thưởng xếp hạng Quần Hùng Tranh Bá,s==167|Kính thưa Chủ công:<br/>Chúc mừng ngài đạt hạng {1} trong bậc {0} của mùa giải Quần Hùng Tranh Bá lần này， dưới đây là phần thưởng xếp hạng của ngài， xin mời nhận lấy!,
476,25,51,100,1,9,1590,2,1084,16000,,,,,,,,,,,,,s==39|Phần thưởng xếp hạng Quần Hùng Tranh Bá,s==167|Kính thưa Chủ công:<br/>Chúc mừng ngài đạt hạng {1} trong bậc {0} của mùa giải Quần Hùng Tranh Bá lần này， dưới đây là phần thưởng xếp hạng của ngài， xin mời nhận lấy!,
477,25,101,300,1,9,1580,2,1084,15000,,,,,,,,,,,,,s==39|Phần thưởng xếp hạng Quần Hùng Tranh Bá,s==167|Kính thưa Chủ công:<br/>Chúc mừng ngài đạt hạng {1} trong bậc {0} của mùa giải Quần Hùng Tranh Bá lần này， dưới đây là phần thưởng xếp hạng của ngài， xin mời nhận lấy!,
478,26,,,,,,,,,,,,,,,,,,,,,s==40|Hợp Tòng Liên Hoành Thách Đấu Lần Thưởng,s==183|Kính thưa Chủ công:<br/>Đội ngũ của ngài trong kỳ thi Hợp Tòng Liên Hành lần này đã thách đấu tổng cộng {0} lần，Dưới đây là phần thưởng cho số lần thách đấu của ngài，Xin mời nhận lấy!,
479,27,1,1,,,,,,,,,,,,,,,,,,,s==45|Đỉnh Phong Đối Quyết Giải Mã Danh Vọng Thưởng,s==186|Kính thưa Chủ công:<br/>Đây là vinh dự đỉnh phong chuyển hóa từ số chip ngài thu được trong kỳ thi Đỉnh Phong Đối Đấu lần này，Có thể dùng để đổi lấy vật phẩm tại Thương Thành Đỉnh Phong.,
480,28,1,1,1,9,600,1,8,6500000,,,,,,,,,,,,,s==36|Cát Vận Xí Ngầu Bảng Xếp Hạng Thưởng,s==173|Kính thưa Chủ công:<br/>Chúc mừng ngài vận khí hảo hạng， đã đạt hạng thứ {0} trong kỳ thi Xí Ngầu May Mắn lần này，Dưới đây là phần thưởng xếp hạng của ngài，Xin mời nhận lấy!,
481,28,2,2,1,9,500,1,8,6000000,,,,,,,,,,,,,s==36|Cát Vận Xí Ngầu Bảng Xếp Hạng Thưởng,s==173|Kính thưa Chủ công:<br/>Chúc mừng ngài vận khí hảo hạng， đã đạt hạng thứ {0} trong kỳ thi Xí Ngầu May Mắn lần này，Dưới đây là phần thưởng xếp hạng của ngài，Xin mời nhận lấy!,
482,28,3,3,1,9,400,1,8,5500000,,,,,,,,,,,,,s==36|Cát Vận Xí Ngầu Bảng Xếp Hạng Thưởng,s==173|Kính thưa Chủ công:<br/>Chúc mừng ngài vận khí hảo hạng， đã đạt hạng thứ {0} trong kỳ thi Xí Ngầu May Mắn lần này，Dưới đây là phần thưởng xếp hạng của ngài，Xin mời nhận lấy!,
483,28,4,10,1,9,380,1,8,5000000,,,,,,,,,,,,,s==36|Cát Vận Xí Ngầu Bảng Xếp Hạng Thưởng,s==173|Kính thưa Chủ công:<br/>Chúc mừng ngài vận khí hảo hạng， đã đạt hạng thứ {0} trong kỳ thi Xí Ngầu May Mắn lần này，Dưới đây là phần thưởng xếp hạng của ngài，Xin mời nhận lấy!,
484,28,11,20,1,9,360,1,8,4500000,,,,,,,,,,,,,s==36|Cát Vận Xí Ngầu Bảng Xếp Hạng Thưởng,s==173|Kính thưa Chủ công:<br/>Chúc mừng ngài vận khí hảo hạng， đã đạt hạng thứ {0} trong kỳ thi Xí Ngầu May Mắn lần này，Dưới đây là phần thưởng xếp hạng của ngài，Xin mời nhận lấy!,
485,28,21,50,1,9,340,1,8,4000000,,,,,,,,,,,,,s==36|Cát Vận Xí Ngầu Bảng Xếp Hạng Thưởng,s==173|Kính thưa Chủ công:<br/>Chúc mừng ngài vận khí hảo hạng， đã đạt hạng thứ {0} trong kỳ thi Xí Ngầu May Mắn lần này，Dưới đây là phần thưởng xếp hạng của ngài，Xin mời nhận lấy!,
486,28,51,100,1,9,320,1,8,3500000,,,,,,,,,,,,,s==36|Cát Vận Xí Ngầu Bảng Xếp Hạng Thưởng,s==173|Kính thưa Chủ công:<br/>Chúc mừng ngài vận khí hảo hạng， đã đạt hạng thứ {0} trong kỳ thi Xí Ngầu May Mắn lần này，Dưới đây là phần thưởng xếp hạng của ngài，Xin mời nhận lấy!,
487,28,101,999,1,9,300,1,8,3000000,,,,,,,,,,,,,s==36|Cát Vận Xí Ngầu Bảng Xếp Hạng Thưởng,s==173|Kính thưa Chủ công:<br/>Chúc mừng ngài vận khí hảo hạng， đã đạt hạng thứ {0} trong kỳ thi Xí Ngầu May Mắn lần này，Dưới đây là phần thưởng xếp hạng của ngài，Xin mời nhận lấy!,
488,29,,,,,,,,,,,,,,,,,,,,,s==19|Lập Hạ Lễ Hộ Thưởng,s==129|Kính thưa Chủ công:<br/>Đây là {0} hộp lễ mà ngài thu được trong sự kiện Lập Hạ Lễ Hộp，Dưới đây là phần thưởng， xin mời nhận lấy!,
489,30,,,,,,,,,,,,,,,,,,,,,s==22|Vân Trù Hải Lập Thưởng,s==192|Kính thưa Chủ công:<br/>Thật đáng tiếc ngài không thể tham gia sự kiện Yến Tiệc lần này，Nhưng hạt sen ướp lạnh mà ngài thu được khi treo máy vẫn mang lại phần thưởng dưới đây，Xin nhớ nhận lấy!,
490,31,,,,,,,,,,,,,,,,,,,,,s==22|Vân Trù Hải Lập Thưởng,s==126|Kính thưa Chủ công:<br/>Có phải ngài sơ ý quên mất điều gì chăng? Đây là phần thưởng sự kiện bù đắp cho ngài，Xin nhớ nhận lấy!,
491,33,1,1,1,9,600,2,25504,100,2,1004,30,,,,,,,,,,s==38|Khai Phục Xung Bảng Thưởng - Chiến Lực,s==181|Kính thưa Chủ công:<br/>Chúc mừng ngài đã đạt hạng thứ {0} trên bảng xếp hạng chiến lực trong sự kiện Khai Phục Xung Bảng，Dưới đây là phần thưởng xếp hạng của ngài，Xin mời nhận lấy!,
492,33,2,2,1,9,550,2,25504,50,2,1004,25,,,,,,,,,,s==38|Khai Phục Xung Bảng Thưởng - Chiến Lực,s==181|Kính thưa Chủ công:<br/>Chúc mừng ngài đã đạt hạng thứ {0} trên bảng xếp hạng chiến lực trong sự kiện Khai Phục Xung Bảng，Dưới đây là phần thưởng xếp hạng của ngài，Xin mời nhận lấy!,
493,33,3,3,1,9,500,2,3013,50,2,1004,20,,,,,,,,,,s==38|Khai Phục Xung Bảng Thưởng - Chiến Lực,s==181|Kính thưa Chủ công:<br/>Chúc mừng ngài đã đạt hạng thứ {0} trên bảng xếp hạng chiến lực trong sự kiện Khai Phục Xung Bảng，Dưới đây là phần thưởng xếp hạng của ngài，Xin mời nhận lấy!,
494,33,4,10,1,9,400,2,3008,50,2,1004,16,,,,,,,,,,s==38|Khai Phục Xung Bảng Thưởng - Chiến Lực,s==181|Kính thưa Chủ công:<br/>Chúc mừng ngài đã đạt hạng thứ {0} trên bảng xếp hạng chiến lực trong sự kiện Khai Phục Xung Bảng，Dưới đây là phần thưởng xếp hạng của ngài，Xin mời nhận lấy!,
495,33,11,20,1,9,350,2,3008,45,2,1004,14,,,,,,,,,,s==38|Khai Phục Xung Bảng Thưởng - Chiến Lực,s==181|Kính thưa Chủ công:<br/>Chúc mừng ngài đã đạt hạng thứ {0} trên bảng xếp hạng chiến lực trong sự kiện Khai Phục Xung Bảng，Dưới đây là phần thưởng xếp hạng của ngài，Xin mời nhận lấy!,
496,33,21,40,1,9,300,2,3008,40,2,1004,12,,,,,,,,,,s==38|Khai Phục Xung Bảng Thưởng - Chiến Lực,s==181|Kính thưa Chủ công:<br/>Chúc mừng ngài đã đạt hạng thứ {0} trên bảng xếp hạng chiến lực trong sự kiện Khai Phục Xung Bảng，Dưới đây là phần thưởng xếp hạng của ngài，Xin mời nhận lấy!,
497,33,41,60,1,9,250,2,3008,35,2,1004,10,,,,,,,,,,s==38|Khai Phục Xung Bảng Thưởng - Chiến Lực,s==181|Kính thưa Chủ công:<br/>Chúc mừng ngài đã đạt hạng thứ {0} trên bảng xếp hạng chiến lực trong sự kiện Khai Phục Xung Bảng，Dưới đây là phần thưởng xếp hạng của ngài，Xin mời nhận lấy!,
498,33,61,80,1,9,200,2,3008,30,2,1004,8,,,,,,,,,,s==38|Khai Phục Xung Bảng Thưởng - Chiến Lực,s==181|Kính thưa Chủ công:<br/>Chúc mừng ngài đã đạt hạng thứ {0} trên bảng xếp hạng chiến lực trong sự kiện Khai Phục Xung Bảng，Dưới đây là phần thưởng xếp hạng của ngài，Xin mời nhận lấy!,
499,33,81,100,1,9,150,2,3008,25,2,1004,6,,,,,,,,,,s==38|Khai Phục Xung Bảng Thưởng - Chiến Lực,s==181|Kính thưa Chủ công:<br/>Chúc mừng ngài đã đạt hạng thứ {0} trên bảng xếp hạng chiến lực trong sự kiện Khai Phục Xung Bảng，Dưới đây là phần thưởng xếp hạng của ngài，Xin mời nhận lấy!,
500,34,1,1,1,9,600,2,21508,100,1,8,50000000,,,,,,,,,,s==35|Khai Phục Xung Bảng Thưởng - Cấp Độ,s==179|Kính thưa Chủ công:<br/>Chúc mừng ngài đã đạt hạng thứ {0} trên bảng xếp hạng cấp bậc trong sự kiện Khai Phục Xung Bảng，Dưới đây là phần thưởng xếp hạng của ngài，Xin mời nhận lấy!,
501,34,2,2,1,9,550,2,21508,50,1,8,45000000,,,,,,,,,,s==35|Khai Phục Xung Bảng Thưởng - Cấp Độ,s==179|Kính thưa Chủ công:<br/>Chúc mừng ngài đã đạt hạng thứ {0} trên bảng xếp hạng cấp bậc trong sự kiện Khai Phục Xung Bảng，Dưới đây là phần thưởng xếp hạng của ngài，Xin mời nhận lấy!,
502,34,3,3,1,9,500,2,3009,50,1,8,40000000,,,,,,,,,,s==35|Khai Phục Xung Bảng Thưởng - Cấp Độ,s==179|Kính thưa Chủ công:<br/>Chúc mừng ngài đã đạt hạng thứ {0} trên bảng xếp hạng cấp bậc trong sự kiện Khai Phục Xung Bảng，Dưới đây là phần thưởng xếp hạng của ngài，Xin mời nhận lấy!,
503,34,4,10,1,9,400,2,3008,50,1,8,35000000,,,,,,,,,,s==35|Khai Phục Xung Bảng Thưởng - Cấp Độ,s==179|Kính thưa Chủ công:<br/>Chúc mừng ngài đã đạt hạng thứ {0} trên bảng xếp hạng cấp bậc trong sự kiện Khai Phục Xung Bảng，Dưới đây là phần thưởng xếp hạng của ngài，Xin mời nhận lấy!,
504,34,11,20,1,9,350,2,3008,45,1,8,30000000,,,,,,,,,,s==35|Khai Phục Xung Bảng Thưởng - Cấp Độ,s==179|Kính thưa Chủ công:<br/>Chúc mừng ngài đã đạt hạng thứ {0} trên bảng xếp hạng cấp bậc trong sự kiện Khai Phục Xung Bảng，Dưới đây là phần thưởng xếp hạng của ngài，Xin mời nhận lấy!,
505,34,21,40,1,9,300,2,3008,40,1,8,25000000,,,,,,,,,,s==35|Khai Phục Xung Bảng Thưởng - Cấp Độ,s==179|Kính thưa Chủ công:<br/>Chúc mừng ngài đã đạt hạng thứ {0} trên bảng xếp hạng cấp bậc trong sự kiện Khai Phục Xung Bảng，Dưới đây là phần thưởng xếp hạng của ngài，Xin mời nhận lấy!,
506,34,41,60,1,9,250,2,3008,35,1,8,20000000,,,,,,,,,,s==35|Khai Phục Xung Bảng Thưởng - Cấp Độ,s==179|Kính thưa Chủ công:<br/>Chúc mừng ngài đã đạt hạng thứ {0} trên bảng xếp hạng cấp bậc trong sự kiện Khai Phục Xung Bảng，Dưới đây là phần thưởng xếp hạng của ngài，Xin mời nhận lấy!,
507,34,61,80,1,9,200,2,3008,30,1,8,15000000,,,,,,,,,,s==35|Khai Phục Xung Bảng Thưởng - Cấp Độ,s==179|Kính thưa Chủ công:<br/>Chúc mừng ngài đã đạt hạng thứ {0} trên bảng xếp hạng cấp bậc trong sự kiện Khai Phục Xung Bảng，Dưới đây là phần thưởng xếp hạng của ngài，Xin mời nhận lấy!,
508,34,81,100,1,9,150,2,3008,25,1,8,10000000,,,,,,,,,,s==35|Khai Phục Xung Bảng Thưởng - Cấp Độ,s==179|Kính thưa Chủ công:<br/>Chúc mừng ngài đã đạt hạng thứ {0} trên bảng xếp hạng cấp bậc trong sự kiện Khai Phục Xung Bảng，Dưới đây là phần thưởng xếp hạng của ngài，Xin mời nhận lấy!,
509,35,1,1,1,9,600,2,22504,100,2,1006,25000,,,,,,,,,,s==37|Khai Phục Xung Bảng Thưởng - Chiêu Mộ,s==180|Kính thưa Chủ công:<br/>Chúc mừng ngài đã đạt hạng thứ {0} trên bảng xếp hạng chiêu mộ trong sự kiện Khai Phục Xung Bảng，Dưới đây là phần thưởng xếp hạng của ngài，Xin mời nhận lấy!,
510,35,2,2,1,9,550,2,22504,50,2,1006,20000,,,,,,,,,,s==37|Khai Phục Xung Bảng Thưởng - Chiêu Mộ,s==180|Kính thưa Chủ công:<br/>Chúc mừng ngài đã đạt hạng thứ {0} trên bảng xếp hạng chiêu mộ trong sự kiện Khai Phục Xung Bảng，Dưới đây là phần thưởng xếp hạng của ngài，Xin mời nhận lấy!,
511,35,3,3,1,9,500,2,3010,50,2,1006,15000,,,,,,,,,,s==37|Khai Phục Xung Bảng Thưởng - Chiêu Mộ,s==180|Kính thưa Chủ công:<br/>Chúc mừng ngài đã đạt hạng thứ {0} trên bảng xếp hạng chiêu mộ trong sự kiện Khai Phục Xung Bảng，Dưới đây là phần thưởng xếp hạng của ngài，Xin mời nhận lấy!,
512,35,4,10,1,9,400,2,3008,50,2,1006,12500,,,,,,,,,,s==37|Khai Phục Xung Bảng Thưởng - Chiêu Mộ,s==180|Kính thưa Chủ công:<br/>Chúc mừng ngài đã đạt hạng thứ {0} trên bảng xếp hạng chiêu mộ trong sự kiện Khai Phục Xung Bảng，Dưới đây là phần thưởng xếp hạng của ngài，Xin mời nhận lấy!,
513,35,11,20,1,9,350,2,3008,45,2,1006,11000,,,,,,,,,,s==37|Khai Phục Xung Bảng Thưởng - Chiêu Mộ,s==180|Kính thưa Chủ công:<br/>Chúc mừng ngài đã đạt hạng thứ {0} trên bảng xếp hạng chiêu mộ trong sự kiện Khai Phục Xung Bảng，Dưới đây là phần thưởng xếp hạng của ngài，Xin mời nhận lấy!,
514,35,21,40,1,9,300,2,3008,40,2,1006,9500,,,,,,,,,,s==37|Khai Phục Xung Bảng Thưởng - Chiêu Mộ,s==180|Kính thưa Chủ công:<br/>Chúc mừng ngài đã đạt hạng thứ {0} trên bảng xếp hạng chiêu mộ trong sự kiện Khai Phục Xung Bảng，Dưới đây là phần thưởng xếp hạng của ngài，Xin mời nhận lấy!,
515,35,41,60,1,9,250,2,3008,35,2,1006,8000,,,,,,,,,,s==37|Khai Phục Xung Bảng Thưởng - Chiêu Mộ,s==180|Kính thưa Chủ công:<br/>Chúc mừng ngài đã đạt hạng thứ {0} trên bảng xếp hạng chiêu mộ trong sự kiện Khai Phục Xung Bảng，Dưới đây là phần thưởng xếp hạng của ngài，Xin mời nhận lấy!,
516,35,61,80,1,9,200,2,3008,30,2,1006,6500,,,,,,,,,,s==37|Khai Phục Xung Bảng Thưởng - Chiêu Mộ,s==180|Kính thưa Chủ công:<br/>Chúc mừng ngài đã đạt hạng thứ {0} trên bảng xếp hạng chiêu mộ trong sự kiện Khai Phục Xung Bảng，Dưới đây là phần thưởng xếp hạng của ngài，Xin mời nhận lấy!,
517,35,81,100,1,9,150,2,3008,25,2,1006,5000,,,,,,,,,,s==37|Khai Phục Xung Bảng Thưởng - Chiêu Mộ,s==180|Kính thưa Chủ công:<br/>Chúc mừng ngài đã đạt hạng thứ {0} trên bảng xếp hạng chiêu mộ trong sự kiện Khai Phục Xung Bảng，Dưới đây là phần thưởng xếp hạng của ngài，Xin mời nhận lấy!,
518,36,1,1,1,9,600,2,24508,100,2,1003,40,,,,,,,,,,s==36|Khai Phục Xung Bảng Thưởng - Tụ Hiền,s==179|Kính thưa Chủ công:<br/>Chúc mừng ngài đã đạt hạng thứ {0} trên bảng xếp hạng Tụ Hiền trong sự kiện Khai Phục Xung Bảng，Dưới đây là phần thưởng xếp hạng của ngài，Xin mời nhận lấy!,
519,36,2,2,1,9,550,2,24508,50,2,1003,30,,,,,,,,,,s==36|Khai Phục Xung Bảng Thưởng - Tụ Hiền,s==179|Kính thưa Chủ công:<br/>Chúc mừng ngài đã đạt hạng thứ {0} trên bảng xếp hạng Tụ Hiền trong sự kiện Khai Phục Xung Bảng，Dưới đây là phần thưởng xếp hạng của ngài，Xin mời nhận lấy!,
520,36,3,3,1,9,500,2,3012,50,2,1003,20,,,,,,,,,,s==36|Khai Phục Xung Bảng Thưởng - Tụ Hiền,s==179|Kính thưa Chủ công:<br/>Chúc mừng ngài đã đạt hạng thứ {0} trên bảng xếp hạng Tụ Hiền trong sự kiện Khai Phục Xung Bảng，Dưới đây là phần thưởng xếp hạng của ngài，Xin mời nhận lấy!,
521,36,4,10,1,9,400,2,3008,50,2,1003,18,,,,,,,,,,s==36|Khai Phục Xung Bảng Thưởng - Tụ Hiền,s==179|Kính thưa Chủ công:<br/>Chúc mừng ngài đã đạt hạng thứ {0} trên bảng xếp hạng Tụ Hiền trong sự kiện Khai Phục Xung Bảng，Dưới đây là phần thưởng xếp hạng của ngài，Xin mời nhận lấy!,
522,36,11,20,1,9,350,2,3008,45,2,1003,16,,,,,,,,,,s==36|Khai Phục Xung Bảng Thưởng - Tụ Hiền,s==179|Kính thưa Chủ công:<br/>Chúc mừng ngài đã đạt hạng thứ {0} trên bảng xếp hạng Tụ Hiền trong sự kiện Khai Phục Xung Bảng，Dưới đây là phần thưởng xếp hạng của ngài，Xin mời nhận lấy!,
523,36,21,40,1,9,300,2,3008,40,2,1003,14,,,,,,,,,,s==36|Khai Phục Xung Bảng Thưởng - Tụ Hiền,s==179|Kính thưa Chủ công:<br/>Chúc mừng ngài đã đạt hạng thứ {0} trên bảng xếp hạng Tụ Hiền trong sự kiện Khai Phục Xung Bảng，Dưới đây là phần thưởng xếp hạng của ngài，Xin mời nhận lấy!,
524,36,41,60,1,9,250,2,3008,35,2,1003,12,,,,,,,,,,s==36|Khai Phục Xung Bảng Thưởng - Tụ Hiền,s==179|Kính thưa Chủ công:<br/>Chúc mừng ngài đã đạt hạng thứ {0} trên bảng xếp hạng Tụ Hiền trong sự kiện Khai Phục Xung Bảng，Dưới đây là phần thưởng xếp hạng của ngài，Xin mời nhận lấy!,
525,36,61,80,1,9,200,2,3008,30,2,1003,10,,,,,,,,,,s==36|Khai Phục Xung Bảng Thưởng - Tụ Hiền,s==179|Kính thưa Chủ công:<br/>Chúc mừng ngài đã đạt hạng thứ {0} trên bảng xếp hạng Tụ Hiền trong sự kiện Khai Phục Xung Bảng，Dưới đây là phần thưởng xếp hạng của ngài，Xin mời nhận lấy!,
526,36,81,100,1,9,150,2,3008,25,2,1003,8,,,,,,,,,,s==36|Khai Phục Xung Bảng Thưởng - Tụ Hiền,s==179|Kính thưa Chủ công:<br/>Chúc mừng ngài đã đạt hạng thứ {0} trên bảng xếp hạng Tụ Hiền trong sự kiện Khai Phục Xung Bảng，Dưới đây là phần thưởng xếp hạng của ngài，Xin mời nhận lấy!,
527,37,1,1,1,9,600,2,23507,100,1,10,25000000,,,,,,,,,,s==36|Khai Phục Xung Bảng Thưởng - Bò Tháp,s==180|Kính thưa Chủ công:<br/>Chúc mừng ngài đã đạt hạng thứ {0} trên bảng xếp hạng Tháp Phá trong sự kiện Khai Phục Xung Bảng，Dưới đây là phần thưởng xếp hạng của ngài，Xin mời nhận lấy!,
528,37,2,2,1,9,550,2,23507,50,1,10,22500000,,,,,,,,,,s==36|Khai Phục Xung Bảng Thưởng - Bò Tháp,s==180|Kính thưa Chủ công:<br/>Chúc mừng ngài đã đạt hạng thứ {0} trên bảng xếp hạng Tháp Phá trong sự kiện Khai Phục Xung Bảng，Dưới đây là phần thưởng xếp hạng của ngài，Xin mời nhận lấy!,
529,37,3,3,1,9,500,2,3011,50,1,10,20000000,,,,,,,,,,s==36|Khai Phục Xung Bảng Thưởng - Bò Tháp,s==180|Kính thưa Chủ công:<br/>Chúc mừng ngài đã đạt hạng thứ {0} trên bảng xếp hạng Tháp Phá trong sự kiện Khai Phục Xung Bảng，Dưới đây là phần thưởng xếp hạng của ngài，Xin mời nhận lấy!,
530,37,4,10,1,9,400,2,3008,50,1,10,17500000,,,,,,,,,,s==36|Khai Phục Xung Bảng Thưởng - Bò Tháp,s==180|Kính thưa Chủ công:<br/>Chúc mừng ngài đã đạt hạng thứ {0} trên bảng xếp hạng Tháp Phá trong sự kiện Khai Phục Xung Bảng，Dưới đây là phần thưởng xếp hạng của ngài，Xin mời nhận lấy!,
531,37,11,20,1,9,350,2,3008,45,1,10,15000000,,,,,,,,,,s==36|Khai Phục Xung Bảng Thưởng - Bò Tháp,s==180|Kính thưa Chủ công:<br/>Chúc mừng ngài đã đạt hạng thứ {0} trên bảng xếp hạng Tháp Phá trong sự kiện Khai Phục Xung Bảng，Dưới đây là phần thưởng xếp hạng của ngài，Xin mời nhận lấy!,
532,37,21,40,1,9,300,2,3008,40,1,10,12500000,,,,,,,,,,s==36|Khai Phục Xung Bảng Thưởng - Bò Tháp,s==180|Kính thưa Chủ công:<br/>Chúc mừng ngài đã đạt hạng thứ {0} trên bảng xếp hạng Tháp Phá trong sự kiện Khai Phục Xung Bảng，Dưới đây là phần thưởng xếp hạng của ngài，Xin mời nhận lấy!,
533,37,41,60,1,9,250,2,3008,35,1,10,10000000,,,,,,,,,,s==36|Khai Phục Xung Bảng Thưởng - Bò Tháp,s==180|Kính thưa Chủ công:<br/>Chúc mừng ngài đã đạt hạng thứ {0} trên bảng xếp hạng Tháp Phá trong sự kiện Khai Phục Xung Bảng，Dưới đây là phần thưởng xếp hạng của ngài，Xin mời nhận lấy!,
534,37,61,80,1,9,200,2,3008,30,1,10,7500000,,,,,,,,,,s==36|Khai Phục Xung Bảng Thưởng - Bò Tháp,s==180|Kính thưa Chủ công:<br/>Chúc mừng ngài đã đạt hạng thứ {0} trên bảng xếp hạng Tháp Phá trong sự kiện Khai Phục Xung Bảng，Dưới đây là phần thưởng xếp hạng của ngài，Xin mời nhận lấy!,
535,37,81,100,1,9,150,2,3008,25,1,10,5000000,,,,,,,,,,s==36|Khai Phục Xung Bảng Thưởng - Bò Tháp,s==180|Kính thưa Chủ công:<br/>Chúc mừng ngài đã đạt hạng thứ {0} trên bảng xếp hạng Tháp Phá trong sự kiện Khai Phục Xung Bảng，Dưới đây là phần thưởng xếp hạng của ngài，Xin mời nhận lấy!,
536,38,1,1,1,9,100,2,3008,20,2,1004,5,,,,,,,,,,s==38|Khai Phục Xung Bảng Thưởng - Chiến Lực,s==203|Kính thưa Chủ công:<br/>Thật đáng tiếc， ngài không chiếm được vị trí trong bảng xếp hạng lực chiến của sự kiện đua top khai mở máy chủ lần này，nhận được phần thưởng toàn máy chủ sau đây，xin mời kiểm tra!,
537,39,1,1,1,9,100,2,3008,20,1,8,5000000,,,,,,,,,,s==35|Khai Phục Xung Bảng Thưởng - Cấp Độ,s==200|Kính thưa Chủ công:<br/>Thật đáng tiếc， ngài không chiếm được vị trí trong bảng xếp hạng cấp độ của sự kiện đua top khai mở máy chủ lần này，nhận được phần thưởng toàn máy chủ sau đây，xin mời kiểm tra!,
538,40,1,1,1,9,100,2,3008,20,2,1006,5000,,,,,,,,,,s==37|Khai Phục Xung Bảng Thưởng - Chiêu Mộ,s==202|Kính thưa Chủ công:<br/>Thật đáng tiếc， ngài không chiếm được vị trí trong bảng xếp hạng chiêu mộ của sự kiện đua top khai mở máy chủ lần này，nhận được phần thưởng toàn máy chủ sau đây，xin mời kiểm tra!,
539,41,1,1,1,9,100,2,3008,20,2,1003,5,,,,,,,,,,s==36|Khai Phục Xung Bảng Thưởng - Tụ Hiền,s==201|Kính thưa Chủ công:<br/>Thật đáng tiếc， ngài không chiếm được vị trí trong bảng xếp hạng tụ hiền của sự kiện đua top khai mở máy chủ lần này，nhận được phần thưởng toàn máy chủ sau đây，xin mời kiểm tra!,
540,42,1,1,1,9,100,2,3008,20,1,10,2500000,,,,,,,,,,s==36|Khai Phục Xung Bảng Thưởng - Bò Tháp,s==202|Kính thưa Chủ công:<br/>Thật đáng tiếc， ngài không chiếm được vị trí trong bảng xếp hạng leo tháp của sự kiện đua top khai mở máy chủ lần này，nhận được phần thưởng toàn máy chủ sau đây，xin mời kiểm tra!,
541,1995,,,,,,,,,,,,,,,,,,,,,s==28|Phần thưởng Vận Tải Hoàn Hảo,s==154|Kính thưa Chủ công:<br/>Ngài đã dũng mãnh chiến đấu trong sự kiện hộ vệ tàu thuyền lần này。Hội Thương Thuyền đã ban thưởng thêm cho ngài，xin mời kiểm tra!,
542,1995,,,,,,,,,,,,,,,,,,,,,s==24|Phần thưởng thêm Vận Tải,s==191|Kính thưa Chủ công:<br/>Ngài đã thần dũng vô song trong sự kiện hộ vệ tàu thuyền lần này，hàng hóa được bảo vệ nguyên vẹn vô hại。Hội Thương Thuyền đã ban thưởng thêm cho ngài，xin mời kiểm tra!,
543,43,1,1,1,9,600,2,24510,100,2,1027,900,,,,,,,,,,s==33|Phần thưởng mở máy chủ - Võ tướng,s==166|Kính thưa Chủ công:<br/>Chúc mừng ngài đã đạt hạng {0} trong bảng xếp hạng võ tướng của sự kiện đua top khai mở máy chủ，phần thưởng xếp hạng sau đây xin mời nhận lấy!,
544,43,2,2,1,9,550,2,24510,50,2,1027,720,,,,,,,,,,s==33|Phần thưởng mở máy chủ - Võ tướng,s==166|Kính thưa Chủ công:<br/>Chúc mừng ngài đã đạt hạng {0} trong bảng xếp hạng võ tướng của sự kiện đua top khai mở máy chủ，phần thưởng xếp hạng sau đây xin mời nhận lấy!,
545,43,3,3,1,9,500,2,3012,50,2,1027,540,,,,,,,,,,s==33|Phần thưởng mở máy chủ - Võ tướng,s==166|Kính thưa Chủ công:<br/>Chúc mừng ngài đã đạt hạng {0} trong bảng xếp hạng võ tướng của sự kiện đua top khai mở máy chủ，phần thưởng xếp hạng sau đây xin mời nhận lấy!,
546,43,4,10,1,9,400,2,3008,50,2,1027,468,,,,,,,,,,s==33|Phần thưởng mở máy chủ - Võ tướng,s==166|Kính thưa Chủ công:<br/>Chúc mừng ngài đã đạt hạng {0} trong bảng xếp hạng võ tướng của sự kiện đua top khai mở máy chủ，phần thưởng xếp hạng sau đây xin mời nhận lấy!,
547,43,11,20,1,9,350,2,3008,45,2,1027,432,,,,,,,,,,s==33|Phần thưởng mở máy chủ - Võ tướng,s==166|Kính thưa Chủ công:<br/>Chúc mừng ngài đã đạt hạng {0} trong bảng xếp hạng võ tướng của sự kiện đua top khai mở máy chủ，phần thưởng xếp hạng sau đây xin mời nhận lấy!,
548,43,21,40,1,9,300,2,3008,40,2,1027,396,,,,,,,,,,s==33|Phần thưởng mở máy chủ - Võ tướng,s==166|Kính thưa Chủ công:<br/>Chúc mừng ngài đã đạt hạng {0} trong bảng xếp hạng võ tướng của sự kiện đua top khai mở máy chủ，phần thưởng xếp hạng sau đây xin mời nhận lấy!,
549,43,41,60,1,9,250,2,3008,35,2,1027,360,,,,,,,,,,s==33|Phần thưởng mở máy chủ - Võ tướng,s==166|Kính thưa Chủ công:<br/>Chúc mừng ngài đã đạt hạng {0} trong bảng xếp hạng võ tướng của sự kiện đua top khai mở máy chủ，phần thưởng xếp hạng sau đây xin mời nhận lấy!,
550,43,61,80,1,9,200,2,3008,30,2,1027,324,,,,,,,,,,s==33|Phần thưởng mở máy chủ - Võ tướng,s==166|Kính thưa Chủ công:<br/>Chúc mừng ngài đã đạt hạng {0} trong bảng xếp hạng võ tướng của sự kiện đua top khai mở máy chủ，phần thưởng xếp hạng sau đây xin mời nhận lấy!,
551,43,81,100,1,9,150,2,3008,25,2,1027,288,,,,,,,,,,s==33|Phần thưởng mở máy chủ - Võ tướng,s==166|Kính thưa Chủ công:<br/>Chúc mừng ngài đã đạt hạng {0} trong bảng xếp hạng võ tướng của sự kiện đua top khai mở máy chủ，phần thưởng xếp hạng sau đây xin mời nhận lấy!,
552,44,1,1,1,9,600,2,25507,100,2,1012,500,,,,,,,,,,s==31|Phần thưởng mở máy chủ - Mộ Kim,s==165|Kính thưa Chủ công:<br/>Chúc mừng ngài đã đạt hạng {0} trong bảng xếp hạng mót kim của sự kiện đua top khai mở máy chủ，phần thưởng xếp hạng sau đây xin mời nhận lấy!,
553,44,2,2,1,9,550,2,25507,50,2,1012,400,,,,,,,,,,s==31|Phần thưởng mở máy chủ - Mộ Kim,s==165|Kính thưa Chủ công:<br/>Chúc mừng ngài đã đạt hạng {0} trong bảng xếp hạng mót kim của sự kiện đua top khai mở máy chủ，phần thưởng xếp hạng sau đây xin mời nhận lấy!,
554,44,3,3,1,9,500,2,3013,50,2,1012,300,,,,,,,,,,s==31|Phần thưởng mở máy chủ - Mộ Kim,s==165|Kính thưa Chủ công:<br/>Chúc mừng ngài đã đạt hạng {0} trong bảng xếp hạng mót kim của sự kiện đua top khai mở máy chủ，phần thưởng xếp hạng sau đây xin mời nhận lấy!,
555,44,4,10,1,9,400,2,3008,50,2,1012,260,,,,,,,,,,s==31|Phần thưởng mở máy chủ - Mộ Kim,s==165|Kính thưa Chủ công:<br/>Chúc mừng ngài đã đạt hạng {0} trong bảng xếp hạng mót kim của sự kiện đua top khai mở máy chủ，phần thưởng xếp hạng sau đây xin mời nhận lấy!,
556,44,11,20,1,9,350,2,3008,45,2,1012,240,,,,,,,,,,s==31|Phần thưởng mở máy chủ - Mộ Kim,s==165|Kính thưa Chủ công:<br/>Chúc mừng ngài đã đạt hạng {0} trong bảng xếp hạng mót kim của sự kiện đua top khai mở máy chủ，phần thưởng xếp hạng sau đây xin mời nhận lấy!,
557,44,21,40,1,9,300,2,3008,40,2,1012,220,,,,,,,,,,s==31|Phần thưởng mở máy chủ - Mộ Kim,s==165|Kính thưa Chủ công:<br/>Chúc mừng ngài đã đạt hạng {0} trong bảng xếp hạng mót kim của sự kiện đua top khai mở máy chủ，phần thưởng xếp hạng sau đây xin mời nhận lấy!,
558,44,41,60,1,9,250,2,3008,35,2,1012,200,,,,,,,,,,s==31|Phần thưởng mở máy chủ - Mộ Kim,s==165|Kính thưa Chủ công:<br/>Chúc mừng ngài đã đạt hạng {0} trong bảng xếp hạng mót kim của sự kiện đua top khai mở máy chủ，phần thưởng xếp hạng sau đây xin mời nhận lấy!,
559,44,61,80,1,9,200,2,3008,30,2,1012,180,,,,,,,,,,s==31|Phần thưởng mở máy chủ - Mộ Kim,s==165|Kính thưa Chủ công:<br/>Chúc mừng ngài đã đạt hạng {0} trong bảng xếp hạng mót kim của sự kiện đua top khai mở máy chủ，phần thưởng xếp hạng sau đây xin mời nhận lấy!,
560,44,81,100,1,9,150,2,3008,25,2,1012,160,,,,,,,,,,s==31|Phần thưởng mở máy chủ - Mộ Kim,s==165|Kính thưa Chủ công:<br/>Chúc mừng ngài đã đạt hạng {0} trong bảng xếp hạng mót kim của sự kiện đua top khai mở máy chủ，phần thưởng xếp hạng sau đây xin mời nhận lấy!,
561,45,1,1,1,9,100,2,3008,20,2,1027,252,,,,,,,,,,s==33|Phần thưởng mở máy chủ - Võ tướng,s==202|Kính thưa Chủ công:<br/>Thật đáng tiếc， ngài không chiếm được vị trí trong bảng xếp hạng võ tướng của sự kiện đua top khai mở máy chủ lần này，nhận được phần thưởng toàn máy chủ sau đây，xin mời kiểm tra!,
562,46,1,1,1,9,100,2,3008,20,2,1012,140,,,,,,,,,,s==31|Phần thưởng mở máy chủ - Mộ Kim,s==201|Kính thưa Chủ công:<br/>Thật đáng tiếc， ngài không chiếm được vị trí trong bảng xếp hạng mót kim của sự kiện đua top khai mở máy chủ lần này，nhận được phần thưởng toàn máy chủ sau đây，xin mời kiểm tra!,
563,47,,,,,,,,,,,,,,,,,,,,,s==27|Bí ẩn Đấu Đỉnh Trung Nguyên,s==178|Kính thưa Chủ công:<br/>Chúc mừng ngài đã kích hoạt thành công trứng thưởng dự đoán trong sự kiện Vấn Đỉnh Trung Nguyên lần này，phần thưởng trứng thưởng sau đây xin mời nhận lấy!,
564,48,,,,,,,,,,,,,,,,,,,,,s==22|Phần thưởng Nguyện ước,s==100|Kính thưa Chủ công:<br/>Sau đây là phần thưởng ngài đã cầu nguyện vào ngày hôm qua，xin mời kiểm tra!,
565,49,1,1,1,9,300,2,1508,3,2,1155,10,,,,,,,,,,s==38|Phần thưởng xếp hạng Cướp bóc xâm nhập,s==142|Kính thưa Chủ công:<br/>Chúc mừng ngài đã đạt hạng {0} trong sự kiện hỗn nhập cướp bóc tuần này，phần thưởng xếp hạng sau đây xin mời nhận lấy!,
566,49,2,2,1,9,250,2,1508,2,2,1155,8,,,,,,,,,,s==38|Phần thưởng xếp hạng Cướp bóc xâm nhập,s==142|Kính thưa Chủ công:<br/>Chúc mừng ngài đã đạt hạng {0} trong sự kiện hỗn nhập cướp bóc tuần này，phần thưởng xếp hạng sau đây xin mời nhận lấy!,
567,49,3,3,1,9,200,2,1508,1,2,1155,6,,,,,,,,,,s==38|Phần thưởng xếp hạng Cướp bóc xâm nhập,s==142|Kính thưa Chủ công:<br/>Chúc mừng ngài đã đạt hạng {0} trong sự kiện hỗn nhập cướp bóc tuần này，phần thưởng xếp hạng sau đây xin mời nhận lấy!,
568,49,4,10,1,9,180,2,1507,2,2,1155,5,,,,,,,,,,s==38|Phần thưởng xếp hạng Cướp bóc xâm nhập,s==142|Kính thưa Chủ công:<br/>Chúc mừng ngài đã đạt hạng {0} trong sự kiện hỗn nhập cướp bóc tuần này，phần thưởng xếp hạng sau đây xin mời nhận lấy!,
569,49,11,20,1,9,160,2,1507,2,2,1155,4,,,,,,,,,,s==38|Phần thưởng xếp hạng Cướp bóc xâm nhập,s==142|Kính thưa Chủ công:<br/>Chúc mừng ngài đã đạt hạng {0} trong sự kiện hỗn nhập cướp bóc tuần này，phần thưởng xếp hạng sau đây xin mời nhận lấy!,
570,49,21,50,1,9,140,2,1507,1,2,1155,3,,,,,,,,,,s==38|Phần thưởng xếp hạng Cướp bóc xâm nhập,s==142|Kính thưa Chủ công:<br/>Chúc mừng ngài đã đạt hạng {0} trong sự kiện hỗn nhập cướp bóc tuần này，phần thưởng xếp hạng sau đây xin mời nhận lấy!,
571,49,51,100,1,9,120,2,1155,2,,,,,,,,,,,,,s==38|Phần thưởng xếp hạng Cướp bóc xâm nhập,s==142|Kính thưa Chủ công:<br/>Chúc mừng ngài đã đạt hạng {0} trong sự kiện hỗn nhập cướp bóc tuần này，phần thưởng xếp hạng sau đây xin mời nhận lấy!,
572,49,101,99999,1,9,100,2,1155,1,,,,,,,,,,,,,s==38|Phần thưởng xếp hạng Cướp bóc xâm nhập,s==142|Kính thưa Chủ công:<br/>Chúc mừng ngài đã đạt hạng {0} trong sự kiện hỗn nhập cướp bóc tuần này，phần thưởng xếp hạng sau đây xin mời nhận lấy!,
573,50,,,,,,,,,,,,,,,,,,,,,s==30|Phần thưởng Rồng Thật Hiện Thế,s==95|Kính thưa Chủ công:<br/>Đây là phần thưởng ngài bỏ quên trong sự kiện lần này，xin mời kiểm tra!,
574,51,,,,,,,,,,,,,,,,,,,,,s==29|Chuyển đổi Bảo Châu Rồng Thật,s==162|Kính thưa Chủ công:<br/>Sự kiện Chân Long Hiện Thế đã kết thúc，Ngọc Chân Long trong hành trang sẽ tự động chuyển đổi thành Lệnh Tìm Kiếm Cao Cấp。xin mời kiểm tra!,
575,52,1,1,1,9,3000,2,1464,2,2,1463,2,,,,,,,,,,s==48|Phần thưởng xếp hạng cá nhân Tuyết Miêu Kịch Phô,s==141|Kính thưa Chủ công:<br/>Chúc mừng ngài đã đạt hạng {0} trong sự kiện Tuyết Miêu Hí Phù lần này，phần thưởng xếp hạng sau đây xin mời nhận lấy!,
576,52,2,2,1,9,2000,2,1464,1,2,1463,1,,,,,,,,,,s==48|Phần thưởng xếp hạng cá nhân Tuyết Miêu Kịch Phô,s==141|Kính thưa Chủ công:<br/>Chúc mừng ngài đã đạt hạng {0} trong sự kiện Tuyết Miêu Hí Phù lần này，phần thưởng xếp hạng sau đây xin mời nhận lấy!,
577,52,3,3,1,9,1000,2,1463,1,,,,,,,,,,,,,s==48|Phần thưởng xếp hạng cá nhân Tuyết Miêu Kịch Phô,s==141|Kính thưa Chủ công:<br/>Chúc mừng ngài đã đạt hạng {0} trong sự kiện Tuyết Miêu Hí Phù lần này，phần thưởng xếp hạng sau đây xin mời nhận lấy!,
578,52,4,10,1,9,800,,,,,,,,,,,,,,,,s==48|Phần thưởng xếp hạng cá nhân Tuyết Miêu Kịch Phô,s==141|Kính thưa Chủ công:<br/>Chúc mừng ngài đã đạt hạng {0} trong sự kiện Tuyết Miêu Hí Phù lần này，phần thưởng xếp hạng sau đây xin mời nhận lấy!,
579,52,11,20,1,9,600,,,,,,,,,,,,,,,,s==48|Phần thưởng xếp hạng cá nhân Tuyết Miêu Kịch Phô,s==141|Kính thưa Chủ công:<br/>Chúc mừng ngài đã đạt hạng {0} trong sự kiện Tuyết Miêu Hí Phù lần này，phần thưởng xếp hạng sau đây xin mời nhận lấy!,
580,52,21,50,1,9,300,,,,,,,,,,,,,,,,s==48|Phần thưởng xếp hạng cá nhân Tuyết Miêu Kịch Phô,s==141|Kính thưa Chủ công:<br/>Chúc mừng ngài đã đạt hạng {0} trong sự kiện Tuyết Miêu Hí Phù lần này，phần thưởng xếp hạng sau đây xin mời nhận lấy!,
581,52,51,100,1,9,250,,,,,,,,,,,,,,,,s==48|Phần thưởng xếp hạng cá nhân Tuyết Miêu Kịch Phô,s==141|Kính thưa Chủ công:<br/>Chúc mừng ngài đã đạt hạng {0} trong sự kiện Tuyết Miêu Hí Phù lần này，phần thưởng xếp hạng sau đây xin mời nhận lấy!,
582,52,101,99999,1,9,200,,,,,,,,,,,,,,,,s==48|Phần thưởng xếp hạng cá nhân Tuyết Miêu Kịch Phô,s==141|Kính thưa Chủ công:<br/>Chúc mừng ngài đã đạt hạng {0} trong sự kiện Tuyết Miêu Hí Phù lần này，phần thưởng xếp hạng sau đây xin mời nhận lấy!,
583,53,1,1,2,1003,10,1,8,5000000,,,,,,,,,,,,,s==48|Phần thưởng xếp hạng máy chủ Tuyết Miêu Kịch Phô,s==163|Kính thưa Chủ công:<br/>Chúc mừng máy chủ ngài đang tham gia đã đạt hạng {0} trong sự kiện Tuyết Miêu Hí Phù lần này，phần thưởng xếp hạng sau đây xin mời nhận lấy!,
584,53,2,2,2,1003,8,1,8,4000000,,,,,,,,,,,,,s==48|Phần thưởng xếp hạng máy chủ Tuyết Miêu Kịch Phô,s==163|Kính thưa Chủ công:<br/>Chúc mừng máy chủ ngài đang tham gia đã đạt hạng {0} trong sự kiện Tuyết Miêu Hí Phù lần này，phần thưởng xếp hạng sau đây xin mời nhận lấy!,
585,53,3,3,2,1003,6,1,8,3000000,,,,,,,,,,,,,s==48|Phần thưởng xếp hạng máy chủ Tuyết Miêu Kịch Phô,s==163|Kính thưa Chủ công:<br/>Chúc mừng máy chủ ngài đang tham gia đã đạt hạng {0} trong sự kiện Tuyết Miêu Hí Phù lần này，phần thưởng xếp hạng sau đây xin mời nhận lấy!,
586,53,4,5,2,1003,4,1,8,2750000,,,,,,,,,,,,,s==48|Phần thưởng xếp hạng máy chủ Tuyết Miêu Kịch Phô,s==163|Kính thưa Chủ công:<br/>Chúc mừng máy chủ ngài đang tham gia đã đạt hạng {0} trong sự kiện Tuyết Miêu Hí Phù lần này，phần thưởng xếp hạng sau đây xin mời nhận lấy!,
587,53,6,10,2,1003,3,1,8,2500000,,,,,,,,,,,,,s==48|Phần thưởng xếp hạng máy chủ Tuyết Miêu Kịch Phô,s==163|Kính thưa Chủ công:<br/>Chúc mừng máy chủ ngài đang tham gia đã đạt hạng {0} trong sự kiện Tuyết Miêu Hí Phù lần này，phần thưởng xếp hạng sau đây xin mời nhận lấy!,
588,53,11,20,2,1003,2,1,8,2250000,,,,,,,,,,,,,s==48|Phần thưởng xếp hạng máy chủ Tuyết Miêu Kịch Phô,s==163|Kính thưa Chủ công:<br/>Chúc mừng máy chủ ngài đang tham gia đã đạt hạng {0} trong sự kiện Tuyết Miêu Hí Phù lần này，phần thưởng xếp hạng sau đây xin mời nhận lấy!,
589,54,1,1,1,9,600,2,25515,100,2,1003,40,,,,,,,,,,s==36|Khai Phục Xung Bảng Thưởng - Tụ Hiền,s==179|Kính thưa Chủ công:<br/>Chúc mừng ngài đã đạt hạng thứ {0} trên bảng xếp hạng Tụ Hiền trong sự kiện Khai Phục Xung Bảng，Dưới đây là phần thưởng xếp hạng của ngài，Xin mời nhận lấy!,
590,54,2,2,1,9,550,2,25515,50,2,1003,30,,,,,,,,,,s==36|Khai Phục Xung Bảng Thưởng - Tụ Hiền,s==179|Kính thưa Chủ công:<br/>Chúc mừng ngài đã đạt hạng thứ {0} trên bảng xếp hạng Tụ Hiền trong sự kiện Khai Phục Xung Bảng，Dưới đây là phần thưởng xếp hạng của ngài，Xin mời nhận lấy!,
591,54,3,3,1,9,500,2,3013,50,2,1003,20,,,,,,,,,,s==36|Khai Phục Xung Bảng Thưởng - Tụ Hiền,s==179|Kính thưa Chủ công:<br/>Chúc mừng ngài đã đạt hạng thứ {0} trên bảng xếp hạng Tụ Hiền trong sự kiện Khai Phục Xung Bảng，Dưới đây là phần thưởng xếp hạng của ngài，Xin mời nhận lấy!,
592,54,4,10,1,9,400,2,3008,50,2,1003,18,,,,,,,,,,s==36|Khai Phục Xung Bảng Thưởng - Tụ Hiền,s==179|Kính thưa Chủ công:<br/>Chúc mừng ngài đã đạt hạng thứ {0} trên bảng xếp hạng Tụ Hiền trong sự kiện Khai Phục Xung Bảng，Dưới đây là phần thưởng xếp hạng của ngài，Xin mời nhận lấy!,
593,54,11,20,1,9,350,2,3008,45,2,1003,16,,,,,,,,,,s==36|Khai Phục Xung Bảng Thưởng - Tụ Hiền,s==179|Kính thưa Chủ công:<br/>Chúc mừng ngài đã đạt hạng thứ {0} trên bảng xếp hạng Tụ Hiền trong sự kiện Khai Phục Xung Bảng，Dưới đây là phần thưởng xếp hạng của ngài，Xin mời nhận lấy!,
594,54,21,40,1,9,300,2,3008,40,2,1003,14,,,,,,,,,,s==36|Khai Phục Xung Bảng Thưởng - Tụ Hiền,s==179|Kính thưa Chủ công:<br/>Chúc mừng ngài đã đạt hạng thứ {0} trên bảng xếp hạng Tụ Hiền trong sự kiện Khai Phục Xung Bảng，Dưới đây là phần thưởng xếp hạng của ngài，Xin mời nhận lấy!,
595,54,41,60,1,9,250,2,3008,35,2,1003,12,,,,,,,,,,s==36|Khai Phục Xung Bảng Thưởng - Tụ Hiền,s==179|Kính thưa Chủ công:<br/>Chúc mừng ngài đã đạt hạng thứ {0} trên bảng xếp hạng Tụ Hiền trong sự kiện Khai Phục Xung Bảng，Dưới đây là phần thưởng xếp hạng của ngài，Xin mời nhận lấy!,
596,54,61,80,1,9,200,2,3008,30,2,1003,10,,,,,,,,,,s==36|Khai Phục Xung Bảng Thưởng - Tụ Hiền,s==179|Kính thưa Chủ công:<br/>Chúc mừng ngài đã đạt hạng thứ {0} trên bảng xếp hạng Tụ Hiền trong sự kiện Khai Phục Xung Bảng，Dưới đây là phần thưởng xếp hạng của ngài，Xin mời nhận lấy!,
597,54,81,100,1,9,150,2,3008,25,2,1003,8,,,,,,,,,,s==36|Khai Phục Xung Bảng Thưởng - Tụ Hiền,s==179|Kính thưa Chủ công:<br/>Chúc mừng ngài đã đạt hạng thứ {0} trên bảng xếp hạng Tụ Hiền trong sự kiện Khai Phục Xung Bảng，Dưới đây là phần thưởng xếp hạng của ngài，Xin mời nhận lấy!,
598,55,1,1,1,9,100,2,3008,20,2,1003,5,,,,,,,,,,s==36|Khai Phục Xung Bảng Thưởng - Tụ Hiền,s==201|Kính thưa Chủ công:<br/>Thật đáng tiếc， ngài không chiếm được vị trí trong bảng xếp hạng tụ hiền của sự kiện đua top khai mở máy chủ lần này，nhận được phần thưởng toàn máy chủ sau đây，xin mời kiểm tra!,
599,58,,,,,,,,,,,,,,,,,,,,,s==36|Phần thưởng Hộ Thần Ngũ Hồn Mỗi Ngày,s==124|Kính thưa Chủ công:<br/>Đây là phần thưởng rương báu ngài chưa nhận trong sự kiện Ngũ Hồn Chi Trận hôm nay，xin mời kiểm tra!,
600,59,,,,,,,,,,,,,,,,,,,,,s==44|Phần thưởng Rương Tối Thượng Hộ Thần Ngũ Hồn,s==122|Kính thưa Chủ công:<br/>Đây là phần thưởng rương báu ngài chưa nhận trong sự kiện Ngũ Hồn Chi Trận，xin mời chú ý kiểm tra!,
601,56,,,,,,,,,,,,,,,,,,,,,s==41|Phần thưởng Chìm Tàu Bảo Thuyền Hoàng Kim,s==182|Kính thưa Chủ công:<br/>Ngài đã dũng mãnh chiến đấu trong sự kiện chặn đánh thuyền báu vàng，đã đánh lui được {0} vệ binh trên thuyền，nhận được phần thưởng phong phú，xin mời kiểm tra!,
602,56,,,,,,,,,,,,,,,,,,,,,s==45|Phần thưởng Tổng Kết Tàu Bảo Thuyền Hoàng Kim,s==188|Kính thưa Chủ công:<br/>Trong sự kiện chặn đánh thuyền báu vàng lần này， các tướng quân đã gây tổng cộng {0} sát thương，Hội Thương Thuyền đã chuẩn bị phần thưởng hậu hĩnh，xin mời kiểm tra!,
603,57,,,,,,,,,,,,,,,,,,,,,s==29|Phần thưởng Tích Nạp Tích Lũy,s==136|Kính thưa Chủ công:<br/>Đây là phần thưởng ngài đã kích hoạt trong sự kiện tích lũy quà tặng nhưng chưa kịp nhận，xin mời chú ý kiểm tra!,
604,60,1,1,1,8,4000000,1,9,300,2,1080,5,,,,,,,,,,s==45|Phần thưởng Xếp Hạng Tàu Bảo Thuyền Hoàng Kim,s==163|Kính thưa Chủ công:<br/>Trong sự kiện chặn đánh thuyền báu vàng lần này， ngài xếp hạng thứ {0}，Hội Thương Thuyền đã chuẩn bị phần thưởng hậu hĩnh，xin mời kiểm tra!,
605,60,2,2,1,8,3600000,1,9,240,2,1080,3,,,,,,,,,,s==45|Phần thưởng Xếp Hạng Tàu Bảo Thuyền Hoàng Kim,s==163|Kính thưa Chủ công:<br/>Trong sự kiện chặn đánh thuyền báu vàng lần này， ngài xếp hạng thứ {0}，Hội Thương Thuyền đã chuẩn bị phần thưởng hậu hĩnh，xin mời kiểm tra!,
606,60,3,3,1,8,3000000,1,9,200,2,1080,1,,,,,,,,,,s==45|Phần thưởng Xếp Hạng Tàu Bảo Thuyền Hoàng Kim,s==163|Kính thưa Chủ công:<br/>Trong sự kiện chặn đánh thuyền báu vàng lần này， ngài xếp hạng thứ {0}，Hội Thương Thuyền đã chuẩn bị phần thưởng hậu hĩnh，xin mời kiểm tra!,
607,60,4,10,1,8,2400000,1,9,150,,,,,,,,,,,,,s==45|Phần thưởng Xếp Hạng Tàu Bảo Thuyền Hoàng Kim,s==163|Kính thưa Chủ công:<br/>Trong sự kiện chặn đánh thuyền báu vàng lần này， ngài xếp hạng thứ {0}，Hội Thương Thuyền đã chuẩn bị phần thưởng hậu hĩnh，xin mời kiểm tra!,
608,60,11,20,1,8,1500000,1,9,120,,,,,,,,,,,,,s==45|Phần thưởng Xếp Hạng Tàu Bảo Thuyền Hoàng Kim,s==163|Kính thưa Chủ công:<br/>Trong sự kiện chặn đánh thuyền báu vàng lần này， ngài xếp hạng thứ {0}，Hội Thương Thuyền đã chuẩn bị phần thưởng hậu hĩnh，xin mời kiểm tra!,
609,60,21,50,1,8,1200000,1,9,110,,,,,,,,,,,,,s==45|Phần thưởng Xếp Hạng Tàu Bảo Thuyền Hoàng Kim,s==163|Kính thưa Chủ công:<br/>Trong sự kiện chặn đánh thuyền báu vàng lần này， ngài xếp hạng thứ {0}，Hội Thương Thuyền đã chuẩn bị phần thưởng hậu hĩnh，xin mời kiểm tra!,
610,60,51,100,1,8,1000000,1,9,100,,,,,,,,,,,,,s==45|Phần thưởng Xếp Hạng Tàu Bảo Thuyền Hoàng Kim,s==163|Kính thưa Chủ công:<br/>Trong sự kiện chặn đánh thuyền báu vàng lần này， ngài xếp hạng thứ {0}，Hội Thương Thuyền đã chuẩn bị phần thưởng hậu hĩnh，xin mời kiểm tra!,
611,60,101,99999,1,8,800000,1,9,80,,,,,,,,,,,,,s==45|Phần thưởng Xếp Hạng Tàu Bảo Thuyền Hoàng Kim,s==163|Kính thưa Chủ công:<br/>Trong sự kiện chặn đánh thuyền báu vàng lần này， ngài xếp hạng thứ {0}，Hội Thương Thuyền đã chuẩn bị phần thưởng hậu hĩnh，xin mời kiểm tra!,
801,8001,1,1,2,1006,1400,1,10,2040000,,,,,,,,,,,,,s==48|Phần thưởng xếp hạng hàng tuần Chiến Trận Hổ Lao,s==184|Kính thưa Chủ công:<br/>Ngài trong bảng xếp hạng chiến trận Hổ Lao tuần này， xếp hạng thứ <color=#a75f2f>{0}</c> vị， sau đây là phần thưởng xếp hạng của ngài， xin hãy tiếp tục cố gắng!,
802,8001,2,2,2,1006,1200,1,10,1640000,,,,,,,,,,,,,s==48|Phần thưởng xếp hạng hàng tuần Chiến Trận Hổ Lao,s==184|Kính thưa Chủ công:<br/>Ngài trong bảng xếp hạng chiến trận Hổ Lao tuần này， xếp hạng thứ <color=#a75f2f>{0}</c> vị， sau đây là phần thưởng xếp hạng của ngài， xin hãy tiếp tục cố gắng!,
803,8001,3,3,2,1006,1000,1,10,1240000,,,,,,,,,,,,,s==48|Phần thưởng xếp hạng hàng tuần Chiến Trận Hổ Lao,s==184|Kính thưa Chủ công:<br/>Ngài trong bảng xếp hạng chiến trận Hổ Lao tuần này， xếp hạng thứ <color=#a75f2f>{0}</c> vị， sau đây là phần thưởng xếp hạng của ngài， xin hãy tiếp tục cố gắng!,
804,8001,4,10,2,1006,800,1,10,1040000,,,,,,,,,,,,,s==48|Phần thưởng xếp hạng hàng tuần Chiến Trận Hổ Lao,s==184|Kính thưa Chủ công:<br/>Ngài trong bảng xếp hạng chiến trận Hổ Lao tuần này， xếp hạng thứ <color=#a75f2f>{0}</c> vị， sau đây là phần thưởng xếp hạng của ngài， xin hãy tiếp tục cố gắng!,
805,8001,11,20,2,1006,600,1,10,840000,,,,,,,,,,,,,s==48|Phần thưởng xếp hạng hàng tuần Chiến Trận Hổ Lao,s==184|Kính thưa Chủ công:<br/>Ngài trong bảng xếp hạng chiến trận Hổ Lao tuần này， xếp hạng thứ <color=#a75f2f>{0}</c> vị， sau đây là phần thưởng xếp hạng của ngài， xin hãy tiếp tục cố gắng!,
806,8001,21,50,2,1006,500,1,10,640000,,,,,,,,,,,,,s==48|Phần thưởng xếp hạng hàng tuần Chiến Trận Hổ Lao,s==184|Kính thưa Chủ công:<br/>Ngài trong bảng xếp hạng chiến trận Hổ Lao tuần này， xếp hạng thứ <color=#a75f2f>{0}</c> vị， sau đây là phần thưởng xếp hạng của ngài， xin hãy tiếp tục cố gắng!,
807,8001,51,100,2,1006,400,1,10,560000,,,,,,,,,,,,,s==48|Phần thưởng xếp hạng hàng tuần Chiến Trận Hổ Lao,s==184|Kính thưa Chủ công:<br/>Ngài trong bảng xếp hạng chiến trận Hổ Lao tuần này， xếp hạng thứ <color=#a75f2f>{0}</c> vị， sau đây là phần thưởng xếp hạng của ngài， xin hãy tiếp tục cố gắng!,
808,61,1,1,1,9,500,2,1006,1000,2,19556,1,,,,,,,,,,s==39|Phần thưởng xếp hạng Bảng Điểm Phong Ma,s==182|Kính thưa Chủ công:<br/>Ngài trong bảng xếp hạng sự kiện Yêu Vương Hạ Lâm lần này， đạt hạng thứ <color=#a75f2f>{0}</c> vị， sau đây là phần thưởng xếp hạng của ngài， xin hãy nhận lấy!,
809,61,2,2,1,9,400,2,1006,800,2,19556,1,,,,,,,,,,s==39|Phần thưởng xếp hạng Bảng Điểm Phong Ma,s==182|Kính thưa Chủ công:<br/>Ngài trong bảng xếp hạng sự kiện Yêu Vương Hạ Lâm lần này， đạt hạng thứ <color=#a75f2f>{0}</c> vị， sau đây là phần thưởng xếp hạng của ngài， xin hãy nhận lấy!,
810,61,3,3,1,9,300,2,1006,600,2,19556,1,,,,,,,,,,s==39|Phần thưởng xếp hạng Bảng Điểm Phong Ma,s==182|Kính thưa Chủ công:<br/>Ngài trong bảng xếp hạng sự kiện Yêu Vương Hạ Lâm lần này， đạt hạng thứ <color=#a75f2f>{0}</c> vị， sau đây là phần thưởng xếp hạng của ngài， xin hãy nhận lấy!,
811,61,4,5,1,9,260,2,1006,550,,,,,,,,,,,,,s==39|Phần thưởng xếp hạng Bảng Điểm Phong Ma,s==182|Kính thưa Chủ công:<br/>Ngài trong bảng xếp hạng sự kiện Yêu Vương Hạ Lâm lần này， đạt hạng thứ <color=#a75f2f>{0}</c> vị， sau đây là phần thưởng xếp hạng của ngài， xin hãy nhận lấy!,
812,61,6,10,1,9,240,2,1006,500,,,,,,,,,,,,,s==39|Phần thưởng xếp hạng Bảng Điểm Phong Ma,s==182|Kính thưa Chủ công:<br/>Ngài trong bảng xếp hạng sự kiện Yêu Vương Hạ Lâm lần này， đạt hạng thứ <color=#a75f2f>{0}</c> vị， sau đây là phần thưởng xếp hạng của ngài， xin hãy nhận lấy!,
813,61,11,20,1,9,220,2,1006,450,,,,,,,,,,,,,s==39|Phần thưởng xếp hạng Bảng Điểm Phong Ma,s==182|Kính thưa Chủ công:<br/>Ngài trong bảng xếp hạng sự kiện Yêu Vương Hạ Lâm lần này， đạt hạng thứ <color=#a75f2f>{0}</c> vị， sau đây là phần thưởng xếp hạng của ngài， xin hãy nhận lấy!,
814,61,21,999,1,9,200,2,1006,400,,,,,,,,,,,,,s==39|Phần thưởng xếp hạng Bảng Điểm Phong Ma,s==182|Kính thưa Chủ công:<br/>Ngài trong bảng xếp hạng sự kiện Yêu Vương Hạ Lâm lần này， đạt hạng thứ <color=#a75f2f>{0}</c> vị， sau đây là phần thưởng xếp hạng của ngài， xin hãy nhận lấy!,
815,62,1,1,1,9,100,2,1001,500,,,,,,,,,,,,,s==55|Phần thưởng xếp hạng Bảng Thiệt Hại Hằng Ngày Yêu Vương,s==178|Kính thưa Chủ công:<br/>Chúc mừng ngài trong sự kiện Yêu Vương Hạ Lâm hôm nay， đạt hạng thứ <color=#a75f2f>{0}</c> vị， sau đây là phần thưởng xếp hạng của ngài， xin hãy nhận lấy!,
816,62,2,2,1,9,80,2,1001,400,,,,,,,,,,,,,s==55|Phần thưởng xếp hạng Bảng Thiệt Hại Hằng Ngày Yêu Vương,s==178|Kính thưa Chủ công:<br/>Chúc mừng ngài trong sự kiện Yêu Vương Hạ Lâm hôm nay， đạt hạng thứ <color=#a75f2f>{0}</c> vị， sau đây là phần thưởng xếp hạng của ngài， xin hãy nhận lấy!,
817,62,3,3,1,9,60,2,1001,300,,,,,,,,,,,,,s==55|Phần thưởng xếp hạng Bảng Thiệt Hại Hằng Ngày Yêu Vương,s==178|Kính thưa Chủ công:<br/>Chúc mừng ngài trong sự kiện Yêu Vương Hạ Lâm hôm nay， đạt hạng thứ <color=#a75f2f>{0}</c> vị， sau đây là phần thưởng xếp hạng của ngài， xin hãy nhận lấy!,
818,62,4,5,1,9,55,2,1001,180,,,,,,,,,,,,,s==55|Phần thưởng xếp hạng Bảng Thiệt Hại Hằng Ngày Yêu Vương,s==178|Kính thưa Chủ công:<br/>Chúc mừng ngài trong sự kiện Yêu Vương Hạ Lâm hôm nay， đạt hạng thứ <color=#a75f2f>{0}</c> vị， sau đây là phần thưởng xếp hạng của ngài， xin hãy nhận lấy!,
819,62,6,10,1,9,50,2,1001,160,,,,,,,,,,,,,s==55|Phần thưởng xếp hạng Bảng Thiệt Hại Hằng Ngày Yêu Vương,s==178|Kính thưa Chủ công:<br/>Chúc mừng ngài trong sự kiện Yêu Vương Hạ Lâm hôm nay， đạt hạng thứ <color=#a75f2f>{0}</c> vị， sau đây là phần thưởng xếp hạng của ngài， xin hãy nhận lấy!,
820,62,11,20,1,9,45,2,1001,140,,,,,,,,,,,,,s==55|Phần thưởng xếp hạng Bảng Thiệt Hại Hằng Ngày Yêu Vương,s==178|Kính thưa Chủ công:<br/>Chúc mừng ngài trong sự kiện Yêu Vương Hạ Lâm hôm nay， đạt hạng thứ <color=#a75f2f>{0}</c> vị， sau đây là phần thưởng xếp hạng của ngài， xin hãy nhận lấy!,
821,62,21,999,1,9,40,2,1001,120,,,,,,,,,,,,,s==55|Phần thưởng xếp hạng Bảng Thiệt Hại Hằng Ngày Yêu Vương,s==178|Kính thưa Chủ công:<br/>Chúc mừng ngài trong sự kiện Yêu Vương Hạ Lâm hôm nay， đạt hạng thứ <color=#a75f2f>{0}</c> vị， sau đây là phần thưởng xếp hạng của ngài， xin hãy nhận lấy!,
822,63,,,,,,,,,,,,,,,,,,,,,s==38|Phần thưởng bù đắp Trân Quý Tối Thượng,s==139|Kính thưa Chủ công:<br/>Chẳng hay ngài có phải đã quên điều chi chăng， sau đây là phần thưởng bù đắp dành cho ngài， xin hãy chú ý nhận lấy!,
823,64,1,1,1,39,6500,2,1459,8,,,,,,,,,,,,,s==49|Bồi thường kết thúc sớm xếp hạng Thiên Đề hợp phó,s==179|Kính thưa Chủ công:<br/>Do việc hợp nhất máy chủ dẫn đến di chuyển dữ liệu， khiến bảng xếp hạng Thiên Đề lần này kết thúc sớm， sau đây là phần thưởng bồi thường， xin hãy nhận lấy!,
824,65,1,1,1,27,4000,,,,,,,,,,,,,,,,s==50|Bồi thường kết thúc sớm liên minh đối trận hợp phó,s==188|Kính thưa Chủ công:<br/>Do việc hợp nhất máy chủ dẫn đến di chuyển dữ liệu， khiến bảng xếp hạng Liên Minh Đối Đấu lần này kết thúc sớm， sau đây là phần thưởng bồi thường， xin hãy nhận lấy!,
825,66,1,1,1,17,5000,1,8,500000,,,,,,,,,,,,,s==50|Bồi thường kết thúc sớm tranh bá quân đoàn hợp phó,s==189|Kính thưa Chủ công:<br/>Do việc hợp nhất máy chủ dẫn đến di chuyển dữ liệu， khiến bảng xếp hạng Quân Đoàn Tranh Bá lần này kết thúc sớm， sau đây là phần thưởng bồi thường， xin hãy nhận lấy!,
826,67,1,1,2,1076,2,1,9,1400,,,,,,,,,,,,,s==50|Bồi thường kết thúc sớm đỉnh phong thi đấu hợp phó,s==191|Kính thưa Chủ công:<br/>Do việc hợp nhất máy chủ dẫn đến di chuyển dữ liệu， khiến bảng xếp hạng Đỉnh Phong Tranh Đấu lần này kết thúc sớm， sau đây là phần thưởng bồi thường， xin hãy nhận lấy!,
827,68,1,1,1,17,5000,1,8,500000,,,,,,,,,,,,,s==62|Bồi thường kết thúc sớm tranh bá quân đoàn điều chỉnh phân khu,s==192|Kính thưa Chủ công:<br/>Do việc điều chỉnh phân khu dẫn đến di chuyển dữ liệu， khiến bảng xếp hạng Quân Đoàn Tranh Bá lần này kết thúc sớm， sau đây là phần thưởng bồi thường， xin hãy nhận lấy!,
854,801,,,,,,,,,,,,,,,,,,,,,s==38|Thông báo hết hạn đặc quyền quét nhanh,s==315|Kính thưa Chủ công:<br/>Quyền lợi quét nhanh mà ngài đã mua trước đây đã hết hạn， kích hoạt lại sẽ được hưởng đặc quyền chiến đấu nhanh miễn phí ba lần mỗi ngày。<br/>Ngài có thể bấm nút “Bổ sung ngay” bên dưới， đến trang 【Đặc Quyền】 để nhanh chóng gia hạn thời gian đặc quyền， tránh ảnh hưởng đến lợi ích liên quan!,
855,802,,,,,,,,,,,,,,,,,,,,,s==34|Thông báo hết hạn đặc quyền Kỳ Thư,s==314|Kính thưa Chủ công:<br/>Quyền lợi Kỳ Thư mà ngài đã mua trước đây đã hết hạn， kích hoạt lại sẽ có thể nhanh chóng tu luyện Kỳ Thư， tăng thêm ô phân tích Kỳ Thư。<br/>Ngài có thể bấm nút “Bổ sung ngay” bên dưới， đến trang 【Đặc Quyền】 để nhanh chóng gia hạn thời gian đặc quyền， tránh ảnh hưởng đến lợi ích liên quan!,
856,803,,,,,,,,,,,,,,,,,,,,,s==50|Thông báo hết hạn đặc quyền Chiến Trường Kinh Châu,s==354|Kính thưa Chủ công:<br/>Quyền lợi Chiến Trường Kinh Châu mà ngài đã mua trước đây đã hết hạn， kích hoạt lại sẽ được hưởng hai lần miễn phí mỗi ngày trong Chiến Trường Kinh Châu， cùng sáu lần mua thêm。<br/>Ngài có thể bấm nút “Bổ sung ngay” bên dưới， đến trang 【Đặc Quyền】 để nhanh chóng gia hạn thời gian đặc quyền， tránh ảnh hưởng đến lợi ích liên quan!,
857,804,,,,,,,,,,,,,,,,,,,,,s==35|Thông báo hết hạn đặc quyền Tào Vận,s==326|Kính thưa Chủ công:<br/>Quyền lợi Tào Vận mà ngài đã mua trước đây đã hết hạn， kích hoạt lại sẽ tăng số lần Tào Vận mỗi ngày， đồng thời tăng tốc độ hồi phục số lần Tào Vận。<br/>Ngài có thể bấm nút “Bổ sung ngay” bên dưới， đến trang 【Đặc Quyền】 để nhanh chóng gia hạn thời gian đặc quyền， tránh ảnh hưởng đến lợi ích liên quan!,
858,110,1,1,1,9,500,1,8,5000000,2,19557,1,,,,,,,,,,s==39|Phần thưởng xếp hạng Đồng Quách Cạnh Xạ,s==184|Kính thưa Chủ công:<br/>Ngài trong bảng xếp hạng sự kiện Đồng Quách Cạnh Xạ lần này， đạt hạng thứ <color=#a75f2f>{0}</c> vị， sau đây là phần thưởng xếp hạng của ngài， xin hãy nhận lấy!,
859,110,2,2,1,9,400,1,8,4000000,2,19558,1,,,,,,,,,,s==39|Phần thưởng xếp hạng Đồng Quách Cạnh Xạ,s==184|Kính thưa Chủ công:<br/>Ngài trong bảng xếp hạng sự kiện Đồng Quách Cạnh Xạ lần này， đạt hạng thứ <color=#a75f2f>{0}</c> vị， sau đây là phần thưởng xếp hạng của ngài， xin hãy nhận lấy!,
860,110,3,3,1,9,300,1,8,3000000,2,19559,1,,,,,,,,,,s==39|Phần thưởng xếp hạng Đồng Quách Cạnh Xạ,s==184|Kính thưa Chủ công:<br/>Ngài trong bảng xếp hạng sự kiện Đồng Quách Cạnh Xạ lần này， đạt hạng thứ <color=#a75f2f>{0}</c> vị， sau đây là phần thưởng xếp hạng của ngài， xin hãy nhận lấy!,
861,110,4,10,1,9,280,1,8,2800000,,,,,,,,,,,,,s==39|Phần thưởng xếp hạng Đồng Quách Cạnh Xạ,s==184|Kính thưa Chủ công:<br/>Ngài trong bảng xếp hạng sự kiện Đồng Quách Cạnh Xạ lần này， đạt hạng thứ <color=#a75f2f>{0}</c> vị， sau đây là phần thưởng xếp hạng của ngài， xin hãy nhận lấy!,
862,110,11,20,1,9,260,1,8,2600000,,,,,,,,,,,,,s==39|Phần thưởng xếp hạng Đồng Quách Cạnh Xạ,s==184|Kính thưa Chủ công:<br/>Ngài trong bảng xếp hạng sự kiện Đồng Quách Cạnh Xạ lần này， đạt hạng thứ <color=#a75f2f>{0}</c> vị， sau đây là phần thưởng xếp hạng của ngài， xin hãy nhận lấy!,
863,110,21,999,1,9,240,1,8,2400000,,,,,,,,,,,,,s==39|Phần thưởng xếp hạng Đồng Quách Cạnh Xạ,s==184|Kính thưa Chủ công:<br/>Ngài trong bảng xếp hạng sự kiện Đồng Quách Cạnh Xạ lần này， đạt hạng thứ <color=#a75f2f>{0}</c> vị， sau đây là phần thưởng xếp hạng của ngài， xin hãy nhận lấy!,
864,111,,,,,,,,,,,,,,,,,,,,,s==22|Phần thưởng cầu nguyện,s==107|Kính thưa Chủ công:<br/>Sau đây là phần thưởng ngài đã cầu nguyện vào ngày hôm qua， xin hãy chú ý nhận lấy!,
866,1011,,,1,9,200,,,,,,,,,,,,,,,,s==45|Phần thưởng tiêu diệt nhiệm vụ thường (Cấp 1),s==135|Kính thưa Chủ công:<br/>Ngài đã thành công hạ sát mục tiêu thưởng thường {0}， sau đây là phần thưởng hạ sát của ngài， xin hãy nhận lấy!,
867,1012,1,1,1,8,200000,1,66,100,,,,,,,,,,,,,s==44|Phần thưởng xếp hạng nhiệm vụ thường (Cấp 1),s==203|Kính thưa Chủ công:<br/>Ngài trong nhiệm vụ thưởng Quân Đoàn [{1}] biểu hiện dũng mãnh， đạt hạng sát thương thứ <color=#a75f2f>{0}</c> vị! Phần thưởng xếp hạng của ngài đã được gửi đến， xin hãy nhận lấy!,
868,1012,2,2,1,8,160000,1,66,80,,,,,,,,,,,,,s==44|Phần thưởng xếp hạng nhiệm vụ thường (Cấp 1),s==203|Kính thưa Chủ công:<br/>Ngài trong nhiệm vụ thưởng Quân Đoàn [{1}] biểu hiện dũng mãnh， đạt hạng sát thương thứ <color=#a75f2f>{0}</c> vị! Phần thưởng xếp hạng của ngài đã được gửi đến， xin hãy nhận lấy!,
869,1012,3,3,1,8,140000,1,66,70,,,,,,,,,,,,,s==44|Phần thưởng xếp hạng nhiệm vụ thường (Cấp 1),s==203|Kính thưa Chủ công:<br/>Ngài trong nhiệm vụ thưởng Quân Đoàn [{1}] biểu hiện dũng mãnh， đạt hạng sát thương thứ <color=#a75f2f>{0}</c> vị! Phần thưởng xếp hạng của ngài đã được gửi đến， xin hãy nhận lấy!,
870,1012,4,10,1,8,100000,1,66,50,,,,,,,,,,,,,s==44|Phần thưởng xếp hạng nhiệm vụ thường (Cấp 1),s==203|Kính thưa Chủ công:<br/>Ngài trong nhiệm vụ thưởng Quân Đoàn [{1}] biểu hiện dũng mãnh， đạt hạng sát thương thứ <color=#a75f2f>{0}</c> vị! Phần thưởng xếp hạng của ngài đã được gửi đến， xin hãy nhận lấy!,
871,1012,11,100,1,8,60000,1,66,30,,,,,,,,,,,,,s==44|Phần thưởng xếp hạng nhiệm vụ thường (Cấp 1),s==203|Kính thưa Chủ công:<br/>Ngài trong nhiệm vụ thưởng Quân Đoàn [{1}] biểu hiện dũng mãnh， đạt hạng sát thương thứ <color=#a75f2f>{0}</c> vị! Phần thưởng xếp hạng của ngài đã được gửi đến， xin hãy nhận lấy!,
872,1013,,,1,9,240,,,,,,,,,,,,,,,,s==42|Phần thưởng tiêu diệt nhiệm vụ khó (Cấp 1),s==132|Kính thưa Chủ công:<br/>Ngài đã thành công hạ sát mục tiêu thưởng khó {0}， sau đây là phần thưởng hạ sát của ngài， xin hãy nhận lấy!,
873,1014,1,1,1,8,350000,1,66,150,,,,,,,,,,,,,s==41|Phần thưởng xếp hạng nhiệm vụ khó (Cấp 1),s==203|Kính thưa Chủ công:<br/>Ngài trong nhiệm vụ thưởng Quân Đoàn [{1}] biểu hiện dũng mãnh， đạt hạng sát thương thứ <color=#a75f2f>{0}</c> vị! Phần thưởng xếp hạng của ngài đã được gửi đến， xin hãy nhận lấy!,
874,1014,2,2,1,8,280000,1,66,120,,,,,,,,,,,,,s==41|Phần thưởng xếp hạng nhiệm vụ khó (Cấp 1),s==203|Kính thưa Chủ công:<br/>Ngài trong nhiệm vụ thưởng Quân Đoàn [{1}] biểu hiện dũng mãnh， đạt hạng sát thương thứ <color=#a75f2f>{0}</c> vị! Phần thưởng xếp hạng của ngài đã được gửi đến， xin hãy nhận lấy!,
875,1014,3,3,1,8,245000,1,66,105,,,,,,,,,,,,,s==41|Phần thưởng xếp hạng nhiệm vụ khó (Cấp 1),s==203|Kính thưa Chủ công:<br/>Ngài trong nhiệm vụ thưởng Quân Đoàn [{1}] biểu hiện dũng mãnh， đạt hạng sát thương thứ <color=#a75f2f>{0}</c> vị! Phần thưởng xếp hạng của ngài đã được gửi đến， xin hãy nhận lấy!,
876,1014,4,10,1,8,175000,1,66,75,,,,,,,,,,,,,s==41|Phần thưởng xếp hạng nhiệm vụ khó (Cấp 1),s==203|Kính thưa Chủ công:<br/>Ngài trong nhiệm vụ thưởng Quân Đoàn [{1}] biểu hiện dũng mãnh， đạt hạng sát thương thứ <color=#a75f2f>{0}</c> vị! Phần thưởng xếp hạng của ngài đã được gửi đến， xin hãy nhận lấy!,
877,1014,11,100,1,8,105000,1,66,45,,,,,,,,,,,,,s==41|Phần thưởng xếp hạng nhiệm vụ khó (Cấp 1),s==203|Kính thưa Chủ công:<br/>Ngài trong nhiệm vụ thưởng Quân Đoàn [{1}] biểu hiện dũng mãnh， đạt hạng sát thương thứ <color=#a75f2f>{0}</c> vị! Phần thưởng xếp hạng của ngài đã được gửi đến， xin hãy nhận lấy!,
878,1015,,,1,9,320,,,,,,,,,,,,,,,,s==46|Phần thưởng tiêu diệt nhiệm vụ ác mộng (Cấp 1),s==136|Kính thưa Chủ công:<br/>Ngài đã thành công hạ sát mục tiêu thưởng ác mộng {0}， sau đây là phần thưởng hạ sát của ngài， xin hãy nhận lấy!,
879,1016,1,1,1,8,600000,1,66,200,,,,,,,,,,,,,s==45|Phần thưởng xếp hạng nhiệm vụ ác mộng (Cấp 1),s==203|Kính thưa Chủ công:<br/>Ngài trong nhiệm vụ thưởng Quân Đoàn [{1}] biểu hiện dũng mãnh， đạt hạng sát thương thứ <color=#a75f2f>{0}</c> vị! Phần thưởng xếp hạng của ngài đã được gửi đến， xin hãy nhận lấy!,
880,1016,2,2,1,8,480000,1,66,160,,,,,,,,,,,,,s==45|Phần thưởng xếp hạng nhiệm vụ ác mộng (Cấp 1),s==203|Kính thưa Chủ công:<br/>Ngài trong nhiệm vụ thưởng Quân Đoàn [{1}] biểu hiện dũng mãnh， đạt hạng sát thương thứ <color=#a75f2f>{0}</c> vị! Phần thưởng xếp hạng của ngài đã được gửi đến， xin hãy nhận lấy!,
881,1016,3,3,1,8,420000,1,66,140,,,,,,,,,,,,,s==45|Phần thưởng xếp hạng nhiệm vụ ác mộng (Cấp 1),s==203|Kính thưa Chủ công:<br/>Ngài trong nhiệm vụ thưởng Quân Đoàn [{1}] biểu hiện dũng mãnh， đạt hạng sát thương thứ <color=#a75f2f>{0}</c> vị! Phần thưởng xếp hạng của ngài đã được gửi đến， xin hãy nhận lấy!,
882,1016,4,10,1,8,300000,1,66,100,,,,,,,,,,,,,s==45|Phần thưởng xếp hạng nhiệm vụ ác mộng (Cấp 1),s==203|Kính thưa Chủ công:<br/>Ngài trong nhiệm vụ thưởng Quân Đoàn [{1}] biểu hiện dũng mãnh， đạt hạng sát thương thứ <color=#a75f2f>{0}</c> vị! Phần thưởng xếp hạng của ngài đã được gửi đến， xin hãy nhận lấy!,
883,1016,11,100,1,8,180000,1,66,60,,,,,,,,,,,,,s==45|Phần thưởng xếp hạng nhiệm vụ ác mộng (Cấp 1),s==203|Kính thưa Chủ công:<br/>Ngài trong nhiệm vụ thưởng Quân Đoàn [{1}] biểu hiện dũng mãnh， đạt hạng sát thương thứ <color=#a75f2f>{0}</c> vị! Phần thưởng xếp hạng của ngài đã được gửi đến， xin hãy nhận lấy!,
884,1017,,,1,9,200,,,,,,,,,,,,,,,,s==50|Phần thưởng tiêu diệt nhiệm vụ chuyên biệt (Cấp 1),s==134|Kính thưa Chủ công:<br/>Ngài đã thành công hạ sát mục tiêu thưởng riêng {0}， sau đây là phần thưởng hạ sát của ngài， xin hãy nhận lấy!,
885,1018,1,1,1,8,200000,1,66,100,,,,,,,,,,,,,s==49|Phần thưởng xếp hạng nhiệm vụ chuyên biệt (Cấp 1),s==203|Kính thưa Chủ công:<br/>Ngài trong nhiệm vụ thưởng Quân Đoàn [{1}] biểu hiện dũng mãnh， đạt hạng sát thương thứ <color=#a75f2f>{0}</c> vị! Phần thưởng xếp hạng của ngài đã được gửi đến， xin hãy nhận lấy!,
886,1018,2,2,1,8,160000,1,66,80,,,,,,,,,,,,,s==49|Phần thưởng xếp hạng nhiệm vụ chuyên biệt (Cấp 1),s==203|Kính thưa Chủ công:<br/>Ngài trong nhiệm vụ thưởng Quân Đoàn [{1}] biểu hiện dũng mãnh， đạt hạng sát thương thứ <color=#a75f2f>{0}</c> vị! Phần thưởng xếp hạng của ngài đã được gửi đến， xin hãy nhận lấy!,
887,1018,3,3,1,8,140000,1,66,70,,,,,,,,,,,,,s==49|Phần thưởng xếp hạng nhiệm vụ chuyên biệt (Cấp 1),s==203|Kính thưa Chủ công:<br/>Ngài trong nhiệm vụ thưởng Quân Đoàn [{1}] biểu hiện dũng mãnh， đạt hạng sát thương thứ <color=#a75f2f>{0}</c> vị! Phần thưởng xếp hạng của ngài đã được gửi đến， xin hãy nhận lấy!,
888,1018,4,10,1,8,100000,1,66,50,,,,,,,,,,,,,s==49|Phần thưởng xếp hạng nhiệm vụ chuyên biệt (Cấp 1),s==203|Kính thưa Chủ công:<br/>Ngài trong nhiệm vụ thưởng Quân Đoàn [{1}] biểu hiện dũng mãnh， đạt hạng sát thương thứ <color=#a75f2f>{0}</c> vị! Phần thưởng xếp hạng của ngài đã được gửi đến， xin hãy nhận lấy!,
889,1018,11,100,1,8,60000,1,66,30,,,,,,,,,,,,,s==49|Phần thưởng xếp hạng nhiệm vụ chuyên biệt (Cấp 1),s==203|Kính thưa Chủ công:<br/>Ngài trong nhiệm vụ thưởng Quân Đoàn [{1}] biểu hiện dũng mãnh， đạt hạng sát thương thứ <color=#a75f2f>{0}</c> vị! Phần thưởng xếp hạng của ngài đã được gửi đến， xin hãy nhận lấy!,
890,1019,,,1,9,220,,,,,,,,,,,,,,,,s==45|Phần thưởng tiêu diệt nhiệm vụ thường (Cấp 2),s==135|Kính thưa Chủ công:<br/>Ngài đã thành công hạ sát mục tiêu thưởng thường {0}， sau đây là phần thưởng hạ sát của ngài， xin hãy nhận lấy!,
891,1020,1,1,1,8,300000,1,66,110,,,,,,,,,,,,,s==44|Phần thưởng xếp hạng nhiệm vụ thường (Cấp 2),s==203|Kính thưa Chủ công:<br/>Ngài trong nhiệm vụ thưởng Quân Đoàn [{1}] biểu hiện dũng mãnh， đạt hạng sát thương thứ <color=#a75f2f>{0}</c> vị! Phần thưởng xếp hạng của ngài đã được gửi đến， xin hãy nhận lấy!,
892,1020,2,2,1,8,240000,1,66,88,,,,,,,,,,,,,s==44|Phần thưởng xếp hạng nhiệm vụ thường (Cấp 2),s==203|Kính thưa Chủ công:<br/>Ngài trong nhiệm vụ thưởng Quân Đoàn [{1}] biểu hiện dũng mãnh， đạt hạng sát thương thứ <color=#a75f2f>{0}</c> vị! Phần thưởng xếp hạng của ngài đã được gửi đến， xin hãy nhận lấy!,
893,1020,3,3,1,8,210000,1,66,77,,,,,,,,,,,,,s==44|Phần thưởng xếp hạng nhiệm vụ thường (Cấp 2),s==203|Kính thưa Chủ công:<br/>Ngài trong nhiệm vụ thưởng Quân Đoàn [{1}] biểu hiện dũng mãnh， đạt hạng sát thương thứ <color=#a75f2f>{0}</c> vị! Phần thưởng xếp hạng của ngài đã được gửi đến， xin hãy nhận lấy!,
894,1020,4,10,1,8,150000,1,66,55,,,,,,,,,,,,,s==44|Phần thưởng xếp hạng nhiệm vụ thường (Cấp 2),s==203|Kính thưa Chủ công:<br/>Ngài trong nhiệm vụ thưởng Quân Đoàn [{1}] biểu hiện dũng mãnh， đạt hạng sát thương thứ <color=#a75f2f>{0}</c> vị! Phần thưởng xếp hạng của ngài đã được gửi đến， xin hãy nhận lấy!,
895,1020,11,100,1,8,90000,1,66,33,,,,,,,,,,,,,s==44|Phần thưởng xếp hạng nhiệm vụ thường (Cấp 2),s==203|Kính thưa Chủ công:<br/>Ngài trong nhiệm vụ thưởng Quân Đoàn [{1}] biểu hiện dũng mãnh， đạt hạng sát thương thứ <color=#a75f2f>{0}</c> vị! Phần thưởng xếp hạng của ngài đã được gửi đến， xin hãy nhận lấy!,
896,1021,,,1,9,264,,,,,,,,,,,,,,,,s==42|Phần thưởng tiêu diệt nhiệm vụ khó (Cấp 2),s==132|Kính thưa Chủ công:<br/>Ngài đã thành công hạ sát mục tiêu thưởng khó {0}， sau đây là phần thưởng hạ sát của ngài， xin hãy nhận lấy!,
897,1022,1,1,1,8,525000,1,66,165,,,,,,,,,,,,,s==41|Phần thưởng xếp hạng nhiệm vụ khó (Cấp 2),s==203|Kính thưa Chủ công:<br/>Ngài trong nhiệm vụ thưởng Quân Đoàn [{1}] biểu hiện dũng mãnh， đạt hạng sát thương thứ <color=#a75f2f>{0}</c> vị! Phần thưởng xếp hạng của ngài đã được gửi đến， xin hãy nhận lấy!,
898,1022,2,2,1,8,420000,1,66,132,,,,,,,,,,,,,s==41|Phần thưởng xếp hạng nhiệm vụ khó (Cấp 2),s==203|Kính thưa Chủ công:<br/>Ngài trong nhiệm vụ thưởng Quân Đoàn [{1}] biểu hiện dũng mãnh， đạt hạng sát thương thứ <color=#a75f2f>{0}</c> vị! Phần thưởng xếp hạng của ngài đã được gửi đến， xin hãy nhận lấy!,
899,1022,3,3,1,8,367500,1,66,116,,,,,,,,,,,,,s==41|Phần thưởng xếp hạng nhiệm vụ khó (Cấp 2),s==203|Kính thưa Chủ công:<br/>Ngài trong nhiệm vụ thưởng Quân Đoàn [{1}] biểu hiện dũng mãnh， đạt hạng sát thương thứ <color=#a75f2f>{0}</c> vị! Phần thưởng xếp hạng của ngài đã được gửi đến， xin hãy nhận lấy!,
900,1022,4,10,1,8,262500,1,66,83,,,,,,,,,,,,,s==41|Phần thưởng xếp hạng nhiệm vụ khó (Cấp 2),s==203|Kính thưa Chủ công:<br/>Ngài trong nhiệm vụ thưởng Quân Đoàn [{1}] biểu hiện dũng mãnh， đạt hạng sát thương thứ <color=#a75f2f>{0}</c> vị! Phần thưởng xếp hạng của ngài đã được gửi đến， xin hãy nhận lấy!,
901,1022,11,100,1,8,157500,1,66,50,,,,,,,,,,,,,s==41|Phần thưởng xếp hạng nhiệm vụ khó (Cấp 2),s==203|Kính thưa Chủ công:<br/>Ngài trong nhiệm vụ thưởng Quân Đoàn [{1}] biểu hiện dũng mãnh， đạt hạng sát thương thứ <color=#a75f2f>{0}</c> vị! Phần thưởng xếp hạng của ngài đã được gửi đến， xin hãy nhận lấy!,
902,1023,,,1,9,352,,,,,,,,,,,,,,,,s==46|Phần thưởng tiêu diệt nhiệm vụ ác mộng (Cấp 2),s==136|Kính thưa Chủ công:<br/>Ngài đã thành công hạ sát mục tiêu thưởng ác mộng {0}， sau đây là phần thưởng hạ sát của ngài， xin hãy nhận lấy!,
903,1024,1,1,1,8,900000,1,66,220,,,,,,,,,,,,,s==45|Phần thưởng xếp hạng nhiệm vụ ác mộng (Cấp 2),s==203|Kính thưa Chủ công:<br/>Ngài trong nhiệm vụ thưởng Quân Đoàn [{1}] biểu hiện dũng mãnh， đạt hạng sát thương thứ <color=#a75f2f>{0}</c> vị! Phần thưởng xếp hạng của ngài đã được gửi đến， xin hãy nhận lấy!,
904,1024,2,2,1,8,720000,1,66,176,,,,,,,,,,,,,s==45|Phần thưởng xếp hạng nhiệm vụ ác mộng (Cấp 2),s==203|Kính thưa Chủ công:<br/>Ngài trong nhiệm vụ thưởng Quân Đoàn [{1}] biểu hiện dũng mãnh， đạt hạng sát thương thứ <color=#a75f2f>{0}</c> vị! Phần thưởng xếp hạng của ngài đã được gửi đến， xin hãy nhận lấy!,
905,1024,3,3,1,8,630000,1,66,154,,,,,,,,,,,,,s==45|Phần thưởng xếp hạng nhiệm vụ ác mộng (Cấp 2),s==203|Kính thưa Chủ công:<br/>Ngài trong nhiệm vụ thưởng Quân Đoàn [{1}] biểu hiện dũng mãnh， đạt hạng sát thương thứ <color=#a75f2f>{0}</c> vị! Phần thưởng xếp hạng của ngài đã được gửi đến， xin hãy nhận lấy!,
906,1024,4,10,1,8,450000,1,66,110,,,,,,,,,,,,,s==45|Phần thưởng xếp hạng nhiệm vụ ác mộng (Cấp 2),s==203|Kính thưa Chủ công:<br/>Ngài trong nhiệm vụ thưởng Quân Đoàn [{1}] biểu hiện dũng mãnh， đạt hạng sát thương thứ <color=#a75f2f>{0}</c> vị! Phần thưởng xếp hạng của ngài đã được gửi đến， xin hãy nhận lấy!,
907,1024,11,100,1,8,270000,1,66,66,,,,,,,,,,,,,s==45|Phần thưởng xếp hạng nhiệm vụ ác mộng (Cấp 2),s==203|Kính thưa Chủ công:<br/>Ngài trong nhiệm vụ thưởng Quân Đoàn [{1}] biểu hiện dũng mãnh， đạt hạng sát thương thứ <color=#a75f2f>{0}</c> vị! Phần thưởng xếp hạng của ngài đã được gửi đến， xin hãy nhận lấy!,
908,1025,,,1,9,220,,,,,,,,,,,,,,,,s==47|Phần thưởng tiêu diệt truy nã độc quyền (Cấp 2),s==134|Kính thưa Chủ công:<br/>Ngài đã thành công hạ sát mục tiêu thưởng riêng {0}， sau đây là phần thưởng hạ sát của ngài， xin hãy nhận lấy!,
909,1026,1,1,1,8,300000,1,66,110,,,,,,,,,,,,,s==46|Phần thưởng xếp hạng truy nã độc quyền (Cấp 2),s==203|Kính thưa Chủ công:<br/>Ngài trong nhiệm vụ thưởng Quân Đoàn [{1}] biểu hiện dũng mãnh， đạt hạng sát thương thứ <color=#a75f2f>{0}</c> vị! Phần thưởng xếp hạng của ngài đã được gửi đến， xin hãy nhận lấy!,
910,1026,2,2,1,8,240000,1,66,88,,,,,,,,,,,,,s==46|Phần thưởng xếp hạng truy nã độc quyền (Cấp 2),s==203|Kính thưa Chủ công:<br/>Ngài trong nhiệm vụ thưởng Quân Đoàn [{1}] biểu hiện dũng mãnh， đạt hạng sát thương thứ <color=#a75f2f>{0}</c> vị! Phần thưởng xếp hạng của ngài đã được gửi đến， xin hãy nhận lấy!,
911,1026,3,3,1,8,210000,1,66,77,,,,,,,,,,,,,s==46|Phần thưởng xếp hạng truy nã độc quyền (Cấp 2),s==203|Kính thưa Chủ công:<br/>Ngài trong nhiệm vụ thưởng Quân Đoàn [{1}] biểu hiện dũng mãnh， đạt hạng sát thương thứ <color=#a75f2f>{0}</c> vị! Phần thưởng xếp hạng của ngài đã được gửi đến， xin hãy nhận lấy!,
912,1026,4,10,1,8,150000,1,66,55,,,,,,,,,,,,,s==46|Phần thưởng xếp hạng truy nã độc quyền (Cấp 2),s==203|Kính thưa Chủ công:<br/>Ngài trong nhiệm vụ thưởng Quân Đoàn [{1}] biểu hiện dũng mãnh， đạt hạng sát thương thứ <color=#a75f2f>{0}</c> vị! Phần thưởng xếp hạng của ngài đã được gửi đến， xin hãy nhận lấy!,
913,1026,11,100,1,8,90000,1,66,33,,,,,,,,,,,,,s==46|Phần thưởng xếp hạng truy nã độc quyền (Cấp 2),s==203|Kính thưa Chủ công:<br/>Ngài trong nhiệm vụ thưởng Quân Đoàn [{1}] biểu hiện dũng mãnh， đạt hạng sát thương thứ <color=#a75f2f>{0}</c> vị! Phần thưởng xếp hạng của ngài đã được gửi đến， xin hãy nhận lấy!,
914,1027,,,1,9,240,,,,,,,,,,,,,,,,s==44|Phần thưởng tiêu diệt truy nã thường (Cấp 3),s==135|Kính thưa Chủ công:<br/>Ngài đã thành công hạ sát mục tiêu thưởng thường {0}， sau đây là phần thưởng hạ sát của ngài， xin hãy nhận lấy!,
915,1028,1,1,1,8,400000,1,66,120,,,,,,,,,,,,,s==43|Phần thưởng xếp hạng truy nã thường (Cấp 3),s==203|Kính thưa Chủ công:<br/>Ngài trong nhiệm vụ thưởng Quân Đoàn [{1}] biểu hiện dũng mãnh， đạt hạng sát thương thứ <color=#a75f2f>{0}</c> vị! Phần thưởng xếp hạng của ngài đã được gửi đến， xin hãy nhận lấy!,
916,1028,2,2,1,8,320000,1,66,96,,,,,,,,,,,,,s==43|Phần thưởng xếp hạng truy nã thường (Cấp 3),s==203|Kính thưa Chủ công:<br/>Ngài trong nhiệm vụ thưởng Quân Đoàn [{1}] biểu hiện dũng mãnh， đạt hạng sát thương thứ <color=#a75f2f>{0}</c> vị! Phần thưởng xếp hạng của ngài đã được gửi đến， xin hãy nhận lấy!,
917,1028,3,3,1,8,280000,1,66,84,,,,,,,,,,,,,s==43|Phần thưởng xếp hạng truy nã thường (Cấp 3),s==203|Kính thưa Chủ công:<br/>Ngài trong nhiệm vụ thưởng Quân Đoàn [{1}] biểu hiện dũng mãnh， đạt hạng sát thương thứ <color=#a75f2f>{0}</c> vị! Phần thưởng xếp hạng của ngài đã được gửi đến， xin hãy nhận lấy!,
918,1028,4,10,1,8,200000,1,66,60,,,,,,,,,,,,,s==43|Phần thưởng xếp hạng truy nã thường (Cấp 3),s==203|Kính thưa Chủ công:<br/>Ngài trong nhiệm vụ thưởng Quân Đoàn [{1}] biểu hiện dũng mãnh， đạt hạng sát thương thứ <color=#a75f2f>{0}</c> vị! Phần thưởng xếp hạng của ngài đã được gửi đến， xin hãy nhận lấy!,
919,1028,11,100,1,8,120000,1,66,36,,,,,,,,,,,,,s==43|Phần thưởng xếp hạng truy nã thường (Cấp 3),s==203|Kính thưa Chủ công:<br/>Ngài trong nhiệm vụ thưởng Quân Đoàn [{1}] biểu hiện dũng mãnh， đạt hạng sát thương thứ <color=#a75f2f>{0}</c> vị! Phần thưởng xếp hạng của ngài đã được gửi đến， xin hãy nhận lấy!,
920,1029,,,1,9,288,,,,,,,,,,,,,,,,s==41|Phần thưởng tiêu diệt truy nã khó (Cấp 3),s==132|Kính thưa Chủ công:<br/>Ngài đã thành công hạ sát mục tiêu thưởng khó {0}， sau đây là phần thưởng hạ sát của ngài， xin hãy nhận lấy!,
921,1030,1,1,1,8,700000,1,66,180,,,,,,,,,,,,,s==40|Phần thưởng xếp hạng truy nã khó (Cấp 3),s==203|Kính thưa Chủ công:<br/>Ngài trong nhiệm vụ thưởng Quân Đoàn [{1}] biểu hiện dũng mãnh， đạt hạng sát thương thứ <color=#a75f2f>{0}</c> vị! Phần thưởng xếp hạng của ngài đã được gửi đến， xin hãy nhận lấy!,
922,1030,2,2,1,8,560000,1,66,144,,,,,,,,,,,,,s==40|Phần thưởng xếp hạng truy nã khó (Cấp 3),s==203|Kính thưa Chủ công:<br/>Ngài trong nhiệm vụ thưởng Quân Đoàn [{1}] biểu hiện dũng mãnh， đạt hạng sát thương thứ <color=#a75f2f>{0}</c> vị! Phần thưởng xếp hạng của ngài đã được gửi đến， xin hãy nhận lấy!,
923,1030,3,3,1,8,490000,1,66,126,,,,,,,,,,,,,s==40|Phần thưởng xếp hạng truy nã khó (Cấp 3),s==203|Kính thưa Chủ công:<br/>Ngài trong nhiệm vụ thưởng Quân Đoàn [{1}] biểu hiện dũng mãnh， đạt hạng sát thương thứ <color=#a75f2f>{0}</c> vị! Phần thưởng xếp hạng của ngài đã được gửi đến， xin hãy nhận lấy!,
924,1030,4,10,1,8,350000,1,66,90,,,,,,,,,,,,,s==40|Phần thưởng xếp hạng truy nã khó (Cấp 3),s==203|Kính thưa Chủ công:<br/>Ngài trong nhiệm vụ thưởng Quân Đoàn [{1}] biểu hiện dũng mãnh， đạt hạng sát thương thứ <color=#a75f2f>{0}</c> vị! Phần thưởng xếp hạng của ngài đã được gửi đến， xin hãy nhận lấy!,
925,1030,11,100,1,8,210000,1,66,54,,,,,,,,,,,,,s==40|Phần thưởng xếp hạng truy nã khó (Cấp 3),s==203|Kính thưa Chủ công:<br/>Ngài trong nhiệm vụ thưởng Quân Đoàn [{1}] biểu hiện dũng mãnh， đạt hạng sát thương thứ <color=#a75f2f>{0}</c> vị! Phần thưởng xếp hạng của ngài đã được gửi đến， xin hãy nhận lấy!,
926,1031,,,1,9,384,,,,,,,,,,,,,,,,s==45|Phần thưởng tiêu diệt truy nã ác mộng (Cấp 3),s==136|Kính thưa Chủ công:<br/>Ngài đã thành công hạ sát mục tiêu thưởng ác mộng {0}， sau đây là phần thưởng hạ sát của ngài， xin hãy nhận lấy!,
927,1032,1,1,1,8,1200000,1,66,240,,,,,,,,,,,,,s==44|Phần thưởng xếp hạng truy nã ác mộng (Cấp 3),s==203|Kính thưa Chủ công:<br/>Ngài trong nhiệm vụ thưởng Quân Đoàn [{1}] biểu hiện dũng mãnh， đạt hạng sát thương thứ <color=#a75f2f>{0}</c> vị! Phần thưởng xếp hạng của ngài đã được gửi đến， xin hãy nhận lấy!,
928,1032,2,2,1,8,960000,1,66,192,,,,,,,,,,,,,s==44|Phần thưởng xếp hạng truy nã ác mộng (Cấp 3),s==203|Kính thưa Chủ công:<br/>Ngài trong nhiệm vụ thưởng Quân Đoàn [{1}] biểu hiện dũng mãnh， đạt hạng sát thương thứ <color=#a75f2f>{0}</c> vị! Phần thưởng xếp hạng của ngài đã được gửi đến， xin hãy nhận lấy!,
929,1032,3,3,1,8,840000,1,66,168,,,,,,,,,,,,,s==44|Phần thưởng xếp hạng truy nã ác mộng (Cấp 3),s==203|Kính thưa Chủ công:<br/>Ngài trong nhiệm vụ thưởng Quân Đoàn [{1}] biểu hiện dũng mãnh， đạt hạng sát thương thứ <color=#a75f2f>{0}</c> vị! Phần thưởng xếp hạng của ngài đã được gửi đến， xin hãy nhận lấy!,
930,1032,4,10,1,8,600000,1,66,120,,,,,,,,,,,,,s==44|Phần thưởng xếp hạng truy nã ác mộng (Cấp 3),s==203|Kính thưa Chủ công:<br/>Ngài trong nhiệm vụ thưởng Quân Đoàn [{1}] biểu hiện dũng mãnh， đạt hạng sát thương thứ <color=#a75f2f>{0}</c> vị! Phần thưởng xếp hạng của ngài đã được gửi đến， xin hãy nhận lấy!,
931,1032,11,100,1,8,360000,1,66,72,,,,,,,,,,,,,s==44|Phần thưởng xếp hạng truy nã ác mộng (Cấp 3),s==203|Kính thưa Chủ công:<br/>Ngài trong nhiệm vụ thưởng Quân Đoàn [{1}] biểu hiện dũng mãnh， đạt hạng sát thương thứ <color=#a75f2f>{0}</c> vị! Phần thưởng xếp hạng của ngài đã được gửi đến， xin hãy nhận lấy!,
932,1033,,,1,9,240,,,,,,,,,,,,,,,,s==47|Phần thưởng tiêu diệt truy nã độc quyền (Cấp 3),s==134|Kính thưa Chủ công:<br/>Ngài đã thành công hạ sát mục tiêu thưởng riêng {0}， sau đây là phần thưởng hạ sát của ngài， xin hãy nhận lấy!,
933,1034,1,1,1,8,400000,1,66,120,,,,,,,,,,,,,s==46|Phần thưởng xếp hạng truy nã độc quyền (Cấp 3),s==203|Kính thưa Chủ công:<br/>Ngài trong nhiệm vụ thưởng Quân Đoàn [{1}] biểu hiện dũng mãnh， đạt hạng sát thương thứ <color=#a75f2f>{0}</c> vị! Phần thưởng xếp hạng của ngài đã được gửi đến， xin hãy nhận lấy!,
934,1034,2,2,1,8,320000,1,66,96,,,,,,,,,,,,,s==46|Phần thưởng xếp hạng truy nã độc quyền (Cấp 3),s==203|Kính thưa Chủ công:<br/>Ngài trong nhiệm vụ thưởng Quân Đoàn [{1}] biểu hiện dũng mãnh， đạt hạng sát thương thứ <color=#a75f2f>{0}</c> vị! Phần thưởng xếp hạng của ngài đã được gửi đến， xin hãy nhận lấy!,
935,1034,3,3,1,8,280000,1,66,84,,,,,,,,,,,,,s==46|Phần thưởng xếp hạng truy nã độc quyền (Cấp 3),s==203|Kính thưa Chủ công:<br/>Ngài trong nhiệm vụ thưởng Quân Đoàn [{1}] biểu hiện dũng mãnh， đạt hạng sát thương thứ <color=#a75f2f>{0}</c> vị! Phần thưởng xếp hạng của ngài đã được gửi đến， xin hãy nhận lấy!,
936,1034,4,10,1,8,200000,1,66,60,,,,,,,,,,,,,s==46|Phần thưởng xếp hạng truy nã độc quyền (Cấp 3),s==203|Kính thưa Chủ công:<br/>Ngài trong nhiệm vụ thưởng Quân Đoàn [{1}] biểu hiện dũng mãnh， đạt hạng sát thương thứ <color=#a75f2f>{0}</c> vị! Phần thưởng xếp hạng của ngài đã được gửi đến， xin hãy nhận lấy!,
937,1034,11,100,1,8,120000,1,66,36,,,,,,,,,,,,,s==46|Phần thưởng xếp hạng truy nã độc quyền (Cấp 3),s==203|Kính thưa Chủ công:<br/>Ngài trong nhiệm vụ thưởng Quân Đoàn [{1}] biểu hiện dũng mãnh， đạt hạng sát thương thứ <color=#a75f2f>{0}</c> vị! Phần thưởng xếp hạng của ngài đã được gửi đến， xin hãy nhận lấy!,
938,1035,,,1,9,260,,,,,,,,,,,,,,,,s==44|Phần thưởng tiêu diệt truy nã thường (Cấp 4),s==135|Kính thưa Chủ công:<br/>Ngài đã thành công hạ sát mục tiêu thưởng thường {0}， sau đây là phần thưởng hạ sát của ngài， xin hãy nhận lấy!,
939,1036,1,1,1,8,500000,1,66,130,,,,,,,,,,,,,s==43|Phần thưởng xếp hạng truy nã thường (Cấp 4),s==203|Kính thưa Chủ công:<br/>Ngài trong nhiệm vụ thưởng Quân Đoàn [{1}] biểu hiện dũng mãnh， đạt hạng sát thương thứ <color=#a75f2f>{0}</c> vị! Phần thưởng xếp hạng của ngài đã được gửi đến， xin hãy nhận lấy!,
940,1036,2,2,1,8,400000,1,66,104,,,,,,,,,,,,,s==43|Phần thưởng xếp hạng truy nã thường (Cấp 4),s==203|Kính thưa Chủ công:<br/>Ngài trong nhiệm vụ thưởng Quân Đoàn [{1}] biểu hiện dũng mãnh， đạt hạng sát thương thứ <color=#a75f2f>{0}</c> vị! Phần thưởng xếp hạng của ngài đã được gửi đến， xin hãy nhận lấy!,
941,1036,3,3,1,8,350000,1,66,91,,,,,,,,,,,,,s==43|Phần thưởng xếp hạng truy nã thường (Cấp 4),s==203|Kính thưa Chủ công:<br/>Ngài trong nhiệm vụ thưởng Quân Đoàn [{1}] biểu hiện dũng mãnh， đạt hạng sát thương thứ <color=#a75f2f>{0}</c> vị! Phần thưởng xếp hạng của ngài đã được gửi đến， xin hãy nhận lấy!,
942,1036,4,10,1,8,250000,1,66,65,,,,,,,,,,,,,s==43|Phần thưởng xếp hạng truy nã thường (Cấp 4),s==203|Kính thưa Chủ công:<br/>Ngài trong nhiệm vụ thưởng Quân Đoàn [{1}] biểu hiện dũng mãnh， đạt hạng sát thương thứ <color=#a75f2f>{0}</c> vị! Phần thưởng xếp hạng của ngài đã được gửi đến， xin hãy nhận lấy!,
943,1036,11,100,1,8,150000,1,66,39,,,,,,,,,,,,,s==43|Phần thưởng xếp hạng truy nã thường (Cấp 4),s==203|Kính thưa Chủ công:<br/>Ngài trong nhiệm vụ thưởng Quân Đoàn [{1}] biểu hiện dũng mãnh， đạt hạng sát thương thứ <color=#a75f2f>{0}</c> vị! Phần thưởng xếp hạng của ngài đã được gửi đến， xin hãy nhận lấy!,
944,1037,,,1,9,312,,,,,,,,,,,,,,,,s==41|Phần thưởng tiêu diệt truy nã khó (Cấp 4),s==132|Kính thưa Chủ công:<br/>Ngài đã thành công hạ sát mục tiêu thưởng khó {0}， sau đây là phần thưởng hạ sát của ngài， xin hãy nhận lấy!,
945,1038,1,1,1,8,875000,1,66,195,,,,,,,,,,,,,s==40|Phần thưởng xếp hạng truy nã khó (Cấp 4),s==203|Kính thưa Chủ công:<br/>Ngài trong nhiệm vụ thưởng Quân Đoàn [{1}] biểu hiện dũng mãnh， đạt hạng sát thương thứ <color=#a75f2f>{0}</c> vị! Phần thưởng xếp hạng của ngài đã được gửi đến， xin hãy nhận lấy!,
946,1038,2,2,1,8,700000,1,66,156,,,,,,,,,,,,,s==40|Phần thưởng xếp hạng truy nã khó (Cấp 4),s==203|Kính thưa Chủ công:<br/>Ngài trong nhiệm vụ thưởng Quân Đoàn [{1}] biểu hiện dũng mãnh， đạt hạng sát thương thứ <color=#a75f2f>{0}</c> vị! Phần thưởng xếp hạng của ngài đã được gửi đến， xin hãy nhận lấy!,
947,1038,3,3,1,8,612500,1,66,137,,,,,,,,,,,,,s==40|Phần thưởng xếp hạng truy nã khó (Cấp 4),s==203|Kính thưa Chủ công:<br/>Ngài trong nhiệm vụ thưởng Quân Đoàn [{1}] biểu hiện dũng mãnh， đạt hạng sát thương thứ <color=#a75f2f>{0}</c> vị! Phần thưởng xếp hạng của ngài đã được gửi đến， xin hãy nhận lấy!,
948,1038,4,10,1,8,437500,1,66,98,,,,,,,,,,,,,s==40|Phần thưởng xếp hạng truy nã khó (Cấp 4),s==203|Kính thưa Chủ công:<br/>Ngài trong nhiệm vụ thưởng Quân Đoàn [{1}] biểu hiện dũng mãnh， đạt hạng sát thương thứ <color=#a75f2f>{0}</c> vị! Phần thưởng xếp hạng của ngài đã được gửi đến， xin hãy nhận lấy!,
949,1038,11,100,1,8,262500,1,66,59,,,,,,,,,,,,,s==40|Phần thưởng xếp hạng truy nã khó (Cấp 4),s==203|Kính thưa Chủ công:<br/>Ngài trong nhiệm vụ thưởng Quân Đoàn [{1}] biểu hiện dũng mãnh， đạt hạng sát thương thứ <color=#a75f2f>{0}</c> vị! Phần thưởng xếp hạng của ngài đã được gửi đến， xin hãy nhận lấy!,
950,1039,,,1,9,416,,,,,,,,,,,,,,,,s==45|Phần thưởng tiêu diệt truy nã ác mộng (Cấp 4),s==136|Kính thưa Chủ công:<br/>Ngài đã thành công hạ sát mục tiêu thưởng ác mộng {0}， sau đây là phần thưởng hạ sát của ngài， xin hãy nhận lấy!,
951,1040,1,1,1,8,1500000,1,66,260,,,,,,,,,,,,,s==44|Phần thưởng xếp hạng truy nã ác mộng (Cấp 4),s==203|Kính thưa Chủ công:<br/>Ngài trong nhiệm vụ thưởng Quân Đoàn [{1}] biểu hiện dũng mãnh， đạt hạng sát thương thứ <color=#a75f2f>{0}</c> vị! Phần thưởng xếp hạng của ngài đã được gửi đến， xin hãy nhận lấy!,
952,1040,2,2,1,8,1200000,1,66,208,,,,,,,,,,,,,s==44|Phần thưởng xếp hạng truy nã ác mộng (Cấp 4),s==203|Kính thưa Chủ công:<br/>Ngài trong nhiệm vụ thưởng Quân Đoàn [{1}] biểu hiện dũng mãnh， đạt hạng sát thương thứ <color=#a75f2f>{0}</c> vị! Phần thưởng xếp hạng của ngài đã được gửi đến， xin hãy nhận lấy!,
953,1040,3,3,1,8,1050000,1,66,182,,,,,,,,,,,,,s==44|Phần thưởng xếp hạng truy nã ác mộng (Cấp 4),s==203|Kính thưa Chủ công:<br/>Ngài trong nhiệm vụ thưởng Quân Đoàn [{1}] biểu hiện dũng mãnh， đạt hạng sát thương thứ <color=#a75f2f>{0}</c> vị! Phần thưởng xếp hạng của ngài đã được gửi đến， xin hãy nhận lấy!,
954,1040,4,10,1,8,750000,1,66,130,,,,,,,,,,,,,s==44|Phần thưởng xếp hạng truy nã ác mộng (Cấp 4),s==203|Kính thưa Chủ công:<br/>Ngài trong nhiệm vụ thưởng Quân Đoàn [{1}] biểu hiện dũng mãnh， đạt hạng sát thương thứ <color=#a75f2f>{0}</c> vị! Phần thưởng xếp hạng của ngài đã được gửi đến， xin hãy nhận lấy!,
955,1040,11,100,1,8,450000,1,66,78,,,,,,,,,,,,,s==44|Phần thưởng xếp hạng truy nã ác mộng (Cấp 4),s==203|Kính thưa Chủ công:<br/>Ngài trong nhiệm vụ thưởng Quân Đoàn [{1}] biểu hiện dũng mãnh， đạt hạng sát thương thứ <color=#a75f2f>{0}</c> vị! Phần thưởng xếp hạng của ngài đã được gửi đến， xin hãy nhận lấy!,
956,1041,,,1,9,260,,,,,,,,,,,,,,,,s==47|Phần thưởng tiêu diệt truy nã độc quyền (Cấp 4),s==134|Kính thưa Chủ công:<br/>Ngài đã thành công hạ sát mục tiêu thưởng riêng {0}， sau đây là phần thưởng hạ sát của ngài， xin hãy nhận lấy!,
957,1042,1,1,1,8,500000,1,66,130,,,,,,,,,,,,,s==46|Phần thưởng xếp hạng truy nã độc quyền (Cấp 4),s==203|Kính thưa Chủ công:<br/>Ngài trong nhiệm vụ thưởng Quân Đoàn [{1}] biểu hiện dũng mãnh， đạt hạng sát thương thứ <color=#a75f2f>{0}</c> vị! Phần thưởng xếp hạng của ngài đã được gửi đến， xin hãy nhận lấy!,
958,1042,2,2,1,8,400000,1,66,104,,,,,,,,,,,,,s==46|Phần thưởng xếp hạng truy nã độc quyền (Cấp 4),s==203|Kính thưa Chủ công:<br/>Ngài trong nhiệm vụ thưởng Quân Đoàn [{1}] biểu hiện dũng mãnh， đạt hạng sát thương thứ <color=#a75f2f>{0}</c> vị! Phần thưởng xếp hạng của ngài đã được gửi đến， xin hãy nhận lấy!,
959,1042,3,3,1,8,350000,1,66,91,,,,,,,,,,,,,s==46|Phần thưởng xếp hạng truy nã độc quyền (Cấp 4),s==203|Kính thưa Chủ công:<br/>Ngài trong nhiệm vụ thưởng Quân Đoàn [{1}] biểu hiện dũng mãnh， đạt hạng sát thương thứ <color=#a75f2f>{0}</c> vị! Phần thưởng xếp hạng của ngài đã được gửi đến， xin hãy nhận lấy!,
960,1042,4,10,1,8,250000,1,66,65,,,,,,,,,,,,,s==46|Phần thưởng xếp hạng truy nã độc quyền (Cấp 4),s==203|Kính thưa Chủ công:<br/>Ngài trong nhiệm vụ thưởng Quân Đoàn [{1}] biểu hiện dũng mãnh， đạt hạng sát thương thứ <color=#a75f2f>{0}</c> vị! Phần thưởng xếp hạng của ngài đã được gửi đến， xin hãy nhận lấy!,
961,1042,11,100,1,8,150000,1,66,39,,,,,,,,,,,,,s==46|Phần thưởng xếp hạng truy nã độc quyền (Cấp 4),s==203|Kính thưa Chủ công:<br/>Ngài trong nhiệm vụ thưởng Quân Đoàn [{1}] biểu hiện dũng mãnh， đạt hạng sát thương thứ <color=#a75f2f>{0}</c> vị! Phần thưởng xếp hạng của ngài đã được gửi đến， xin hãy nhận lấy!,
962,1043,,,1,9,280,,,,,,,,,,,,,,,,s==44|Phần thưởng tiêu diệt truy nã thường (Cấp 5),s==135|Kính thưa Chủ công:<br/>Ngài đã thành công hạ sát mục tiêu thưởng thường {0}， sau đây là phần thưởng hạ sát của ngài， xin hãy nhận lấy!,
963,1044,1,1,1,8,600000,1,66,140,,,,,,,,,,,,,s==43|Phần thưởng xếp hạng truy nã thường (Cấp 5),s==203|Kính thưa Chủ công:<br/>Ngài trong nhiệm vụ thưởng Quân Đoàn [{1}] biểu hiện dũng mãnh， đạt hạng sát thương thứ <color=#a75f2f>{0}</c> vị! Phần thưởng xếp hạng của ngài đã được gửi đến， xin hãy nhận lấy!,
964,1044,2,2,1,8,480000,1,66,112,,,,,,,,,,,,,s==43|Phần thưởng xếp hạng truy nã thường (Cấp 5),s==203|Kính thưa Chủ công:<br/>Ngài trong nhiệm vụ thưởng Quân Đoàn [{1}] biểu hiện dũng mãnh， đạt hạng sát thương thứ <color=#a75f2f>{0}</c> vị! Phần thưởng xếp hạng của ngài đã được gửi đến， xin hãy nhận lấy!,
965,1044,3,3,1,8,420000,1,66,98,,,,,,,,,,,,,s==43|Phần thưởng xếp hạng truy nã thường (Cấp 5),s==203|Kính thưa Chủ công:<br/>Ngài trong nhiệm vụ thưởng Quân Đoàn [{1}] biểu hiện dũng mãnh， đạt hạng sát thương thứ <color=#a75f2f>{0}</c> vị! Phần thưởng xếp hạng của ngài đã được gửi đến， xin hãy nhận lấy!,
966,1044,4,10,1,8,300000,1,66,70,,,,,,,,,,,,,s==43|Phần thưởng xếp hạng truy nã thường (Cấp 5),s==203|Kính thưa Chủ công:<br/>Ngài trong nhiệm vụ thưởng Quân Đoàn [{1}] biểu hiện dũng mãnh， đạt hạng sát thương thứ <color=#a75f2f>{0}</c> vị! Phần thưởng xếp hạng của ngài đã được gửi đến， xin hãy nhận lấy!,
967,1044,11,100,1,8,180000,1,66,42,,,,,,,,,,,,,s==43|Phần thưởng xếp hạng truy nã thường (Cấp 5),s==203|Kính thưa Chủ công:<br/>Ngài trong nhiệm vụ thưởng Quân Đoàn [{1}] biểu hiện dũng mãnh， đạt hạng sát thương thứ <color=#a75f2f>{0}</c> vị! Phần thưởng xếp hạng của ngài đã được gửi đến， xin hãy nhận lấy!,
968,1045,,,1,9,336,,,,,,,,,,,,,,,,s==41|Phần thưởng tiêu diệt truy nã khó (Cấp 5),s==132|Kính thưa Chủ công:<br/>Ngài đã thành công hạ sát mục tiêu thưởng khó {0}， sau đây là phần thưởng hạ sát của ngài， xin hãy nhận lấy!,
969,1046,1,1,1,8,1050000,1,66,210,,,,,,,,,,,,,s==40|Phần thưởng xếp hạng truy nã khó (Cấp 5),s==203|Kính thưa Chủ công:<br/>Ngài trong nhiệm vụ thưởng Quân Đoàn [{1}] biểu hiện dũng mãnh， đạt hạng sát thương thứ <color=#a75f2f>{0}</c> vị! Phần thưởng xếp hạng của ngài đã được gửi đến， xin hãy nhận lấy!,
970,1046,2,2,1,8,840000,1,66,168,,,,,,,,,,,,,s==40|Phần thưởng xếp hạng truy nã khó (Cấp 5),s==203|Kính thưa Chủ công:<br/>Ngài trong nhiệm vụ thưởng Quân Đoàn [{1}] biểu hiện dũng mãnh， đạt hạng sát thương thứ <color=#a75f2f>{0}</c> vị! Phần thưởng xếp hạng của ngài đã được gửi đến， xin hãy nhận lấy!,
971,1046,3,3,1,8,735000,1,66,147,,,,,,,,,,,,,s==40|Phần thưởng xếp hạng truy nã khó (Cấp 5),s==203|Kính thưa Chủ công:<br/>Ngài trong nhiệm vụ thưởng Quân Đoàn [{1}] biểu hiện dũng mãnh， đạt hạng sát thương thứ <color=#a75f2f>{0}</c> vị! Phần thưởng xếp hạng của ngài đã được gửi đến， xin hãy nhận lấy!,
972,1046,4,10,1,8,525000,1,66,105,,,,,,,,,,,,,s==40|Phần thưởng xếp hạng truy nã khó (Cấp 5),s==203|Kính thưa Chủ công:<br/>Ngài trong nhiệm vụ thưởng Quân Đoàn [{1}] biểu hiện dũng mãnh， đạt hạng sát thương thứ <color=#a75f2f>{0}</c> vị! Phần thưởng xếp hạng của ngài đã được gửi đến， xin hãy nhận lấy!,
973,1046,11,100,1,8,315000,1,66,63,,,,,,,,,,,,,s==40|Phần thưởng xếp hạng truy nã khó (Cấp 5),s==203|Kính thưa Chủ công:<br/>Ngài trong nhiệm vụ thưởng Quân Đoàn [{1}] biểu hiện dũng mãnh， đạt hạng sát thương thứ <color=#a75f2f>{0}</c> vị! Phần thưởng xếp hạng của ngài đã được gửi đến， xin hãy nhận lấy!,
974,1047,,,1,9,448,,,,,,,,,,,,,,,,s==45|Phần thưởng tiêu diệt truy nã ác mộng (Cấp 5),s==136|Kính thưa Chủ công:<br/>Ngài đã thành công hạ sát mục tiêu thưởng ác mộng {0}， sau đây là phần thưởng hạ sát của ngài， xin hãy nhận lấy!,
975,1048,1,1,1,8,1800000,1,66,280,,,,,,,,,,,,,s==44|Phần thưởng xếp hạng truy nã ác mộng (Cấp 5),s==203|Kính thưa Chủ công:<br/>Ngài trong nhiệm vụ thưởng Quân Đoàn [{1}] biểu hiện dũng mãnh， đạt hạng sát thương thứ <color=#a75f2f>{0}</c> vị! Phần thưởng xếp hạng của ngài đã được gửi đến， xin hãy nhận lấy!,
976,1048,2,2,1,8,1440000,1,66,224,,,,,,,,,,,,,s==44|Phần thưởng xếp hạng truy nã ác mộng (Cấp 5),s==203|Kính thưa Chủ công:<br/>Ngài trong nhiệm vụ thưởng Quân Đoàn [{1}] biểu hiện dũng mãnh， đạt hạng sát thương thứ <color=#a75f2f>{0}</c> vị! Phần thưởng xếp hạng của ngài đã được gửi đến， xin hãy nhận lấy!,
977,1048,3,3,1,8,1260000,1,66,196,,,,,,,,,,,,,s==44|Phần thưởng xếp hạng truy nã ác mộng (Cấp 5),s==203|Kính thưa Chủ công:<br/>Ngài trong nhiệm vụ thưởng Quân Đoàn [{1}] biểu hiện dũng mãnh， đạt hạng sát thương thứ <color=#a75f2f>{0}</c> vị! Phần thưởng xếp hạng của ngài đã được gửi đến， xin hãy nhận lấy!,
978,1048,4,10,1,8,900000,1,66,140,,,,,,,,,,,,,s==44|Phần thưởng xếp hạng truy nã ác mộng (Cấp 5),s==203|Kính thưa Chủ công:<br/>Ngài trong nhiệm vụ thưởng Quân Đoàn [{1}] biểu hiện dũng mãnh， đạt hạng sát thương thứ <color=#a75f2f>{0}</c> vị! Phần thưởng xếp hạng của ngài đã được gửi đến， xin hãy nhận lấy!,
979,1048,11,100,1,8,540000,1,66,84,,,,,,,,,,,,,s==44|Phần thưởng xếp hạng truy nã ác mộng (Cấp 5),s==203|Kính thưa Chủ công:<br/>Ngài trong nhiệm vụ thưởng Quân Đoàn [{1}] biểu hiện dũng mãnh， đạt hạng sát thương thứ <color=#a75f2f>{0}</c> vị! Phần thưởng xếp hạng của ngài đã được gửi đến， xin hãy nhận lấy!,
980,1049,,,1,9,280,,,,,,,,,,,,,,,,s==47|Phần thưởng tiêu diệt truy nã độc quyền (Cấp 5),s==134|Kính thưa Chủ công:<br/>Ngài đã thành công hạ sát mục tiêu thưởng riêng {0}， sau đây là phần thưởng hạ sát của ngài， xin hãy nhận lấy!,
981,1050,1,1,1,8,600000,1,66,140,,,,,,,,,,,,,s==46|Phần thưởng xếp hạng truy nã độc quyền (Cấp 5),s==203|Kính thưa Chủ công:<br/>Ngài trong nhiệm vụ thưởng Quân Đoàn [{1}] biểu hiện dũng mãnh， đạt hạng sát thương thứ <color=#a75f2f>{0}</c> vị! Phần thưởng xếp hạng của ngài đã được gửi đến， xin hãy nhận lấy!,
982,1050,2,2,1,8,480000,1,66,112,,,,,,,,,,,,,s==46|Phần thưởng xếp hạng truy nã độc quyền (Cấp 5),s==203|Kính thưa Chủ công:<br/>Ngài trong nhiệm vụ thưởng Quân Đoàn [{1}] biểu hiện dũng mãnh， đạt hạng sát thương thứ <color=#a75f2f>{0}</c> vị! Phần thưởng xếp hạng của ngài đã được gửi đến， xin hãy nhận lấy!,
983,1050,3,3,1,8,420000,1,66,98,,,,,,,,,,,,,s==46|Phần thưởng xếp hạng truy nã độc quyền (Cấp 5),s==203|Kính thưa Chủ công:<br/>Ngài trong nhiệm vụ thưởng Quân Đoàn [{1}] biểu hiện dũng mãnh， đạt hạng sát thương thứ <color=#a75f2f>{0}</c> vị! Phần thưởng xếp hạng của ngài đã được gửi đến， xin hãy nhận lấy!,
984,1050,4,10,1,8,300000,1,66,70,,,,,,,,,,,,,s==46|Phần thưởng xếp hạng truy nã độc quyền (Cấp 5),s==203|Kính thưa Chủ công:<br/>Ngài trong nhiệm vụ thưởng Quân Đoàn [{1}] biểu hiện dũng mãnh， đạt hạng sát thương thứ <color=#a75f2f>{0}</c> vị! Phần thưởng xếp hạng của ngài đã được gửi đến， xin hãy nhận lấy!,
985,1050,11,100,1,8,180000,1,66,42,,,,,,,,,,,,,s==46|Phần thưởng xếp hạng truy nã độc quyền (Cấp 5),s==203|Kính thưa Chủ công:<br/>Ngài trong nhiệm vụ thưởng Quân Đoàn [{1}] biểu hiện dũng mãnh， đạt hạng sát thương thứ <color=#a75f2f>{0}</c> vị! Phần thưởng xếp hạng của ngài đã được gửi đến， xin hãy nhận lấy!,
986,1051,,,1,9,300,,,,,,,,,,,,,,,,s==39|Thưởng tiêu diệt truy nã thường (Cấp 6),s==135|Kính thưa Chủ công:<br/>Ngài đã thành công hạ sát mục tiêu thưởng thường {0}， sau đây là phần thưởng hạ sát của ngài， xin hãy nhận lấy!,
987,1052,1,1,1,8,700000,1,66,150,,,,,,,,,,,,,s==38|Thưởng xếp hạng truy nã thường (Cấp 6),s==203|Kính thưa Chủ công:<br/>Ngài trong nhiệm vụ thưởng Quân Đoàn [{1}] biểu hiện dũng mãnh， đạt hạng sát thương thứ <color=#a75f2f>{0}</c> vị! Phần thưởng xếp hạng của ngài đã được gửi đến， xin hãy nhận lấy!,
988,1052,2,2,1,8,560000,1,66,120,,,,,,,,,,,,,s==38|Thưởng xếp hạng truy nã thường (Cấp 6),s==203|Kính thưa Chủ công:<br/>Ngài trong nhiệm vụ thưởng Quân Đoàn [{1}] biểu hiện dũng mãnh， đạt hạng sát thương thứ <color=#a75f2f>{0}</c> vị! Phần thưởng xếp hạng của ngài đã được gửi đến， xin hãy nhận lấy!,
989,1052,3,3,1,8,490000,1,66,105,,,,,,,,,,,,,s==38|Thưởng xếp hạng truy nã thường (Cấp 6),s==203|Kính thưa Chủ công:<br/>Ngài trong nhiệm vụ thưởng Quân Đoàn [{1}] biểu hiện dũng mãnh， đạt hạng sát thương thứ <color=#a75f2f>{0}</c> vị! Phần thưởng xếp hạng của ngài đã được gửi đến， xin hãy nhận lấy!,
990,1052,4,10,1,8,350000,1,66,75,,,,,,,,,,,,,s==38|Thưởng xếp hạng truy nã thường (Cấp 6),s==203|Kính thưa Chủ công:<br/>Ngài trong nhiệm vụ thưởng Quân Đoàn [{1}] biểu hiện dũng mãnh， đạt hạng sát thương thứ <color=#a75f2f>{0}</c> vị! Phần thưởng xếp hạng của ngài đã được gửi đến， xin hãy nhận lấy!,
991,1052,11,100,1,8,210000,1,66,45,,,,,,,,,,,,,s==38|Thưởng xếp hạng truy nã thường (Cấp 6),s==203|Kính thưa Chủ công:<br/>Ngài trong nhiệm vụ thưởng Quân Đoàn [{1}] biểu hiện dũng mãnh， đạt hạng sát thương thứ <color=#a75f2f>{0}</c> vị! Phần thưởng xếp hạng của ngài đã được gửi đến， xin hãy nhận lấy!,
992,1053,,,1,9,360,,,,,,,,,,,,,,,,s==36|Thưởng tiêu diệt truy nã khó (Cấp 6),s==132|Kính thưa Chủ công:<br/>Ngài đã thành công hạ sát mục tiêu thưởng khó {0}， sau đây là phần thưởng hạ sát của ngài， xin hãy nhận lấy!,
993,1054,1,1,1,8,1225000,1,66,225,,,,,,,,,,,,,s==35|Thưởng xếp hạng truy nã khó (Cấp 6),s==203|Kính thưa Chủ công:<br/>Ngài trong nhiệm vụ thưởng Quân Đoàn [{1}] biểu hiện dũng mãnh， đạt hạng sát thương thứ <color=#a75f2f>{0}</c> vị! Phần thưởng xếp hạng của ngài đã được gửi đến， xin hãy nhận lấy!,
994,1054,2,2,1,8,980000,1,66,180,,,,,,,,,,,,,s==35|Thưởng xếp hạng truy nã khó (Cấp 6),s==203|Kính thưa Chủ công:<br/>Ngài trong nhiệm vụ thưởng Quân Đoàn [{1}] biểu hiện dũng mãnh， đạt hạng sát thương thứ <color=#a75f2f>{0}</c> vị! Phần thưởng xếp hạng của ngài đã được gửi đến， xin hãy nhận lấy!,
995,1054,3,3,1,8,857500,1,66,158,,,,,,,,,,,,,s==35|Thưởng xếp hạng truy nã khó (Cấp 6),s==203|Kính thưa Chủ công:<br/>Ngài trong nhiệm vụ thưởng Quân Đoàn [{1}] biểu hiện dũng mãnh， đạt hạng sát thương thứ <color=#a75f2f>{0}</c> vị! Phần thưởng xếp hạng của ngài đã được gửi đến， xin hãy nhận lấy!,
996,1054,4,10,1,8,612500,1,66,113,,,,,,,,,,,,,s==35|Thưởng xếp hạng truy nã khó (Cấp 6),s==203|Kính thưa Chủ công:<br/>Ngài trong nhiệm vụ thưởng Quân Đoàn [{1}] biểu hiện dũng mãnh， đạt hạng sát thương thứ <color=#a75f2f>{0}</c> vị! Phần thưởng xếp hạng của ngài đã được gửi đến， xin hãy nhận lấy!,
997,1054,11,100,1,8,367500,1,66,68,,,,,,,,,,,,,s==35|Thưởng xếp hạng truy nã khó (Cấp 6),s==203|Kính thưa Chủ công:<br/>Ngài trong nhiệm vụ thưởng Quân Đoàn [{1}] biểu hiện dũng mãnh， đạt hạng sát thương thứ <color=#a75f2f>{0}</c> vị! Phần thưởng xếp hạng của ngài đã được gửi đến， xin hãy nhận lấy!,
998,1055,,,1,9,480,,,,,,,,,,,,,,,,s==40|Thưởng tiêu diệt truy nã ác mộng (Cấp 6),s==136|Kính thưa Chủ công:<br/>Ngài đã thành công hạ sát mục tiêu thưởng ác mộng {0}， sau đây là phần thưởng hạ sát của ngài， xin hãy nhận lấy!,
999,1056,1,1,1,8,2100000,1,66,300,,,,,,,,,,,,,s==39|Thưởng xếp hạng truy nã ác mộng (Cấp 6),s==203|Kính thưa Chủ công:<br/>Ngài trong nhiệm vụ thưởng Quân Đoàn [{1}] biểu hiện dũng mãnh， đạt hạng sát thương thứ <color=#a75f2f>{0}</c> vị! Phần thưởng xếp hạng của ngài đã được gửi đến， xin hãy nhận lấy!,
1000,1056,2,2,1,8,1680000,1,66,240,,,,,,,,,,,,,s==39|Thưởng xếp hạng truy nã ác mộng (Cấp 6),s==203|Kính thưa Chủ công:<br/>Ngài trong nhiệm vụ thưởng Quân Đoàn [{1}] biểu hiện dũng mãnh， đạt hạng sát thương thứ <color=#a75f2f>{0}</c> vị! Phần thưởng xếp hạng của ngài đã được gửi đến， xin hãy nhận lấy!,
1001,1056,3,3,1,8,1470000,1,66,210,,,,,,,,,,,,,s==39|Thưởng xếp hạng truy nã ác mộng (Cấp 6),s==203|Kính thưa Chủ công:<br/>Ngài trong nhiệm vụ thưởng Quân Đoàn [{1}] biểu hiện dũng mãnh， đạt hạng sát thương thứ <color=#a75f2f>{0}</c> vị! Phần thưởng xếp hạng của ngài đã được gửi đến， xin hãy nhận lấy!,
1002,1056,4,10,1,8,1050000,1,66,150,,,,,,,,,,,,,s==39|Thưởng xếp hạng truy nã ác mộng (Cấp 6),s==203|Kính thưa Chủ công:<br/>Ngài trong nhiệm vụ thưởng Quân Đoàn [{1}] biểu hiện dũng mãnh， đạt hạng sát thương thứ <color=#a75f2f>{0}</c> vị! Phần thưởng xếp hạng của ngài đã được gửi đến， xin hãy nhận lấy!,
1003,1056,11,100,1,8,630000,1,66,90,,,,,,,,,,,,,s==39|Thưởng xếp hạng truy nã ác mộng (Cấp 6),s==203|Kính thưa Chủ công:<br/>Ngài trong nhiệm vụ thưởng Quân Đoàn [{1}] biểu hiện dũng mãnh， đạt hạng sát thương thứ <color=#a75f2f>{0}</c> vị! Phần thưởng xếp hạng của ngài đã được gửi đến， xin hãy nhận lấy!,
1004,1057,,,1,9,300,,,,,,,,,,,,,,,,s==44|Thưởng tiêu diệt truy nã chuyên biệt (Cấp 6),s==134|Kính thưa Chủ công:<br/>Ngài đã thành công hạ sát mục tiêu thưởng riêng {0}， sau đây là phần thưởng hạ sát của ngài， xin hãy nhận lấy!,
1005,1058,1,1,1,8,700000,1,66,150,,,,,,,,,,,,,s==43|Thưởng xếp hạng truy nã chuyên biệt (Cấp 6),s==203|Kính thưa Chủ công:<br/>Ngài trong nhiệm vụ thưởng Quân Đoàn [{1}] biểu hiện dũng mãnh， đạt hạng sát thương thứ <color=#a75f2f>{0}</c> vị! Phần thưởng xếp hạng của ngài đã được gửi đến， xin hãy nhận lấy!,
1006,1058,2,2,1,8,560000,1,66,120,,,,,,,,,,,,,s==43|Thưởng xếp hạng truy nã chuyên biệt (Cấp 6),s==203|Kính thưa Chủ công:<br/>Ngài trong nhiệm vụ thưởng Quân Đoàn [{1}] biểu hiện dũng mãnh， đạt hạng sát thương thứ <color=#a75f2f>{0}</c> vị! Phần thưởng xếp hạng của ngài đã được gửi đến， xin hãy nhận lấy!,
1007,1058,3,3,1,8,490000,1,66,105,,,,,,,,,,,,,s==43|Thưởng xếp hạng truy nã chuyên biệt (Cấp 6),s==203|Kính thưa Chủ công:<br/>Ngài trong nhiệm vụ thưởng Quân Đoàn [{1}] biểu hiện dũng mãnh， đạt hạng sát thương thứ <color=#a75f2f>{0}</c> vị! Phần thưởng xếp hạng của ngài đã được gửi đến， xin hãy nhận lấy!,
1008,1058,4,10,1,8,350000,1,66,75,,,,,,,,,,,,,s==43|Thưởng xếp hạng truy nã chuyên biệt (Cấp 6),s==203|Kính thưa Chủ công:<br/>Ngài trong nhiệm vụ thưởng Quân Đoàn [{1}] biểu hiện dũng mãnh， đạt hạng sát thương thứ <color=#a75f2f>{0}</c> vị! Phần thưởng xếp hạng của ngài đã được gửi đến， xin hãy nhận lấy!,
1009,1058,11,100,1,8,210000,1,66,45,,,,,,,,,,,,,s==43|Thưởng xếp hạng truy nã chuyên biệt (Cấp 6),s==203|Kính thưa Chủ công:<br/>Ngài trong nhiệm vụ thưởng Quân Đoàn [{1}] biểu hiện dũng mãnh， đạt hạng sát thương thứ <color=#a75f2f>{0}</c> vị! Phần thưởng xếp hạng của ngài đã được gửi đến， xin hãy nhận lấy!,
1010,1059,,,1,9,320,,,,,,,,,,,,,,,,s==39|Thưởng tiêu diệt truy nã thường (Cấp 7),s==135|Kính thưa Chủ công:<br/>Ngài đã thành công hạ sát mục tiêu thưởng thường {0}， sau đây là phần thưởng hạ sát của ngài， xin hãy nhận lấy!,
1011,1060,1,1,1,8,800000,1,66,160,,,,,,,,,,,,,s==38|Thưởng xếp hạng truy nã thường (Cấp 7),s==203|Kính thưa Chủ công:<br/>Ngài trong nhiệm vụ thưởng Quân Đoàn [{1}] biểu hiện dũng mãnh， đạt hạng sát thương thứ <color=#a75f2f>{0}</c> vị! Phần thưởng xếp hạng của ngài đã được gửi đến， xin hãy nhận lấy!,
1012,1060,2,2,1,8,640000,1,66,128,,,,,,,,,,,,,s==38|Thưởng xếp hạng truy nã thường (Cấp 7),s==203|Kính thưa Chủ công:<br/>Ngài trong nhiệm vụ thưởng Quân Đoàn [{1}] biểu hiện dũng mãnh， đạt hạng sát thương thứ <color=#a75f2f>{0}</c> vị! Phần thưởng xếp hạng của ngài đã được gửi đến， xin hãy nhận lấy!,
1013,1060,3,3,1,8,560000,1,66,112,,,,,,,,,,,,,s==38|Thưởng xếp hạng truy nã thường (Cấp 7),s==203|Kính thưa Chủ công:<br/>Ngài trong nhiệm vụ thưởng Quân Đoàn [{1}] biểu hiện dũng mãnh， đạt hạng sát thương thứ <color=#a75f2f>{0}</c> vị! Phần thưởng xếp hạng của ngài đã được gửi đến， xin hãy nhận lấy!,
1014,1060,4,10,1,8,400000,1,66,80,,,,,,,,,,,,,s==38|Thưởng xếp hạng truy nã thường (Cấp 7),s==203|Kính thưa Chủ công:<br/>Ngài trong nhiệm vụ thưởng Quân Đoàn [{1}] biểu hiện dũng mãnh， đạt hạng sát thương thứ <color=#a75f2f>{0}</c> vị! Phần thưởng xếp hạng của ngài đã được gửi đến， xin hãy nhận lấy!,
1015,1060,11,100,1,8,240000,1,66,48,,,,,,,,,,,,,s==38|Thưởng xếp hạng truy nã thường (Cấp 7),s==203|Kính thưa Chủ công:<br/>Ngài trong nhiệm vụ thưởng Quân Đoàn [{1}] biểu hiện dũng mãnh， đạt hạng sát thương thứ <color=#a75f2f>{0}</c> vị! Phần thưởng xếp hạng của ngài đã được gửi đến， xin hãy nhận lấy!,
1016,1061,,,1,9,384,,,,,,,,,,,,,,,,s==36|Thưởng tiêu diệt truy nã khó (Cấp 7),s==132|Kính thưa Chủ công:<br/>Ngài đã thành công hạ sát mục tiêu thưởng khó {0}， sau đây là phần thưởng hạ sát của ngài， xin hãy nhận lấy!,
1017,1062,1,1,1,8,1400000,1,66,240,,,,,,,,,,,,,s==35|Thưởng xếp hạng truy nã khó (Cấp 7),s==203|Kính thưa Chủ công:<br/>Ngài trong nhiệm vụ thưởng Quân Đoàn [{1}] biểu hiện dũng mãnh， đạt hạng sát thương thứ <color=#a75f2f>{0}</c> vị! Phần thưởng xếp hạng của ngài đã được gửi đến， xin hãy nhận lấy!,
1018,1062,2,2,1,8,1120000,1,66,192,,,,,,,,,,,,,s==35|Thưởng xếp hạng truy nã khó (Cấp 7),s==203|Kính thưa Chủ công:<br/>Ngài trong nhiệm vụ thưởng Quân Đoàn [{1}] biểu hiện dũng mãnh， đạt hạng sát thương thứ <color=#a75f2f>{0}</c> vị! Phần thưởng xếp hạng của ngài đã được gửi đến， xin hãy nhận lấy!,
1019,1062,3,3,1,8,980000,1,66,168,,,,,,,,,,,,,s==35|Thưởng xếp hạng truy nã khó (Cấp 7),s==203|Kính thưa Chủ công:<br/>Ngài trong nhiệm vụ thưởng Quân Đoàn [{1}] biểu hiện dũng mãnh， đạt hạng sát thương thứ <color=#a75f2f>{0}</c> vị! Phần thưởng xếp hạng của ngài đã được gửi đến， xin hãy nhận lấy!,
1020,1062,4,10,1,8,700000,1,66,120,,,,,,,,,,,,,s==35|Thưởng xếp hạng truy nã khó (Cấp 7),s==203|Kính thưa Chủ công:<br/>Ngài trong nhiệm vụ thưởng Quân Đoàn [{1}] biểu hiện dũng mãnh， đạt hạng sát thương thứ <color=#a75f2f>{0}</c> vị! Phần thưởng xếp hạng của ngài đã được gửi đến， xin hãy nhận lấy!,
1021,1062,11,100,1,8,420000,1,66,72,,,,,,,,,,,,,s==35|Thưởng xếp hạng truy nã khó (Cấp 7),s==203|Kính thưa Chủ công:<br/>Ngài trong nhiệm vụ thưởng Quân Đoàn [{1}] biểu hiện dũng mãnh， đạt hạng sát thương thứ <color=#a75f2f>{0}</c> vị! Phần thưởng xếp hạng của ngài đã được gửi đến， xin hãy nhận lấy!,
1022,1063,,,1,9,512,,,,,,,,,,,,,,,,s==40|Thưởng tiêu diệt truy nã ác mộng (Cấp 7),s==136|Kính thưa Chủ công:<br/>Ngài đã thành công hạ sát mục tiêu thưởng ác mộng {0}， sau đây là phần thưởng hạ sát của ngài， xin hãy nhận lấy!,
1023,1064,1,1,1,8,2400000,1,66,320,,,,,,,,,,,,,s==39|Thưởng xếp hạng truy nã ác mộng (Cấp 7),s==203|Kính thưa Chủ công:<br/>Ngài trong nhiệm vụ thưởng Quân Đoàn [{1}] biểu hiện dũng mãnh， đạt hạng sát thương thứ <color=#a75f2f>{0}</c> vị! Phần thưởng xếp hạng của ngài đã được gửi đến， xin hãy nhận lấy!,
1024,1064,2,2,1,8,1920000,1,66,256,,,,,,,,,,,,,s==39|Thưởng xếp hạng truy nã ác mộng (Cấp 7),s==203|Kính thưa Chủ công:<br/>Ngài trong nhiệm vụ thưởng Quân Đoàn [{1}] biểu hiện dũng mãnh， đạt hạng sát thương thứ <color=#a75f2f>{0}</c> vị! Phần thưởng xếp hạng của ngài đã được gửi đến， xin hãy nhận lấy!,
1025,1064,3,3,1,8,1680000,1,66,224,,,,,,,,,,,,,s==39|Thưởng xếp hạng truy nã ác mộng (Cấp 7),s==203|Kính thưa Chủ công:<br/>Ngài trong nhiệm vụ thưởng Quân Đoàn [{1}] biểu hiện dũng mãnh， đạt hạng sát thương thứ <color=#a75f2f>{0}</c> vị! Phần thưởng xếp hạng của ngài đã được gửi đến， xin hãy nhận lấy!,
1026,1064,4,10,1,8,1200000,1,66,160,,,,,,,,,,,,,s==39|Thưởng xếp hạng truy nã ác mộng (Cấp 7),s==203|Kính thưa Chủ công:<br/>Ngài trong nhiệm vụ thưởng Quân Đoàn [{1}] biểu hiện dũng mãnh， đạt hạng sát thương thứ <color=#a75f2f>{0}</c> vị! Phần thưởng xếp hạng của ngài đã được gửi đến， xin hãy nhận lấy!,
1027,1064,11,100,1,8,720000,1,66,96,,,,,,,,,,,,,s==39|Thưởng xếp hạng truy nã ác mộng (Cấp 7),s==203|Kính thưa Chủ công:<br/>Ngài trong nhiệm vụ thưởng Quân Đoàn [{1}] biểu hiện dũng mãnh， đạt hạng sát thương thứ <color=#a75f2f>{0}</c> vị! Phần thưởng xếp hạng của ngài đã được gửi đến， xin hãy nhận lấy!,
1028,1065,,,1,9,320,,,,,,,,,,,,,,,,s==44|Thưởng tiêu diệt truy nã chuyên biệt (Cấp 7),s==134|Kính thưa Chủ công:<br/>Ngài đã thành công hạ sát mục tiêu thưởng riêng {0}， sau đây là phần thưởng hạ sát của ngài， xin hãy nhận lấy!,
1029,1066,1,1,1,8,800000,1,66,160,,,,,,,,,,,,,s==43|Thưởng xếp hạng truy nã chuyên biệt (Cấp 7),s==203|Kính thưa Chủ công:<br/>Ngài trong nhiệm vụ thưởng Quân Đoàn [{1}] biểu hiện dũng mãnh， đạt hạng sát thương thứ <color=#a75f2f>{0}</c> vị! Phần thưởng xếp hạng của ngài đã được gửi đến， xin hãy nhận lấy!,
1030,1066,2,2,1,8,640000,1,66,128,,,,,,,,,,,,,s==43|Thưởng xếp hạng truy nã chuyên biệt (Cấp 7),s==203|Kính thưa Chủ công:<br/>Ngài trong nhiệm vụ thưởng Quân Đoàn [{1}] biểu hiện dũng mãnh， đạt hạng sát thương thứ <color=#a75f2f>{0}</c> vị! Phần thưởng xếp hạng của ngài đã được gửi đến， xin hãy nhận lấy!,
1031,1066,3,3,1,8,560000,1,66,112,,,,,,,,,,,,,s==43|Thưởng xếp hạng truy nã chuyên biệt (Cấp 7),s==203|Kính thưa Chủ công:<br/>Ngài trong nhiệm vụ thưởng Quân Đoàn [{1}] biểu hiện dũng mãnh， đạt hạng sát thương thứ <color=#a75f2f>{0}</c> vị! Phần thưởng xếp hạng của ngài đã được gửi đến， xin hãy nhận lấy!,
1032,1066,4,10,1,8,400000,1,66,80,,,,,,,,,,,,,s==43|Thưởng xếp hạng truy nã chuyên biệt (Cấp 7),s==203|Kính thưa Chủ công:<br/>Ngài trong nhiệm vụ thưởng Quân Đoàn [{1}] biểu hiện dũng mãnh， đạt hạng sát thương thứ <color=#a75f2f>{0}</c> vị! Phần thưởng xếp hạng của ngài đã được gửi đến， xin hãy nhận lấy!,
1033,1066,11,100,1,8,240000,1,66,48,,,,,,,,,,,,,s==43|Thưởng xếp hạng truy nã chuyên biệt (Cấp 7),s==203|Kính thưa Chủ công:<br/>Ngài trong nhiệm vụ thưởng Quân Đoàn [{1}] biểu hiện dũng mãnh， đạt hạng sát thương thứ <color=#a75f2f>{0}</c> vị! Phần thưởng xếp hạng của ngài đã được gửi đến， xin hãy nhận lấy!,
1034,1067,1,1,1,17,30000,1,66,2000,2,19560,1,,,,,,,,,,s==37|Thưởng xếp hạng kết toán tuần truy nã,s==242|Kính thưa Chủ công:<br/>Ngài trong tuần này thách đấu treo thưởng đã biểu hiện dũng mãnh， thành công bắt giữ tội phạm， dũng cảm đoạt hạng thứ {0} trong bảng xếp hạng điểm tuần! Phần thưởng xếp hạng của ngài đã được gửi đến， xin mời kiểm nhận!,
1035,1067,2,2,1,17,2500,1,66,1500,,,,,,,,,,,,,s==37|Thưởng xếp hạng kết toán tuần truy nã,s==242|Kính thưa Chủ công:<br/>Ngài trong tuần này thách đấu treo thưởng đã biểu hiện dũng mãnh， thành công bắt giữ tội phạm， dũng cảm đoạt hạng thứ {0} trong bảng xếp hạng điểm tuần! Phần thưởng xếp hạng của ngài đã được gửi đến， xin mời kiểm nhận!,
1036,1067,3,3,1,17,2000,1,66,1000,,,,,,,,,,,,,s==37|Thưởng xếp hạng kết toán tuần truy nã,s==242|Kính thưa Chủ công:<br/>Ngài trong tuần này thách đấu treo thưởng đã biểu hiện dũng mãnh， thành công bắt giữ tội phạm， dũng cảm đoạt hạng thứ {0} trong bảng xếp hạng điểm tuần! Phần thưởng xếp hạng của ngài đã được gửi đến， xin mời kiểm nhận!,
1037,1067,4,5,1,17,1800,1,66,900,,,,,,,,,,,,,s==37|Thưởng xếp hạng kết toán tuần truy nã,s==242|Kính thưa Chủ công:<br/>Ngài trong tuần này thách đấu treo thưởng đã biểu hiện dũng mãnh， thành công bắt giữ tội phạm， dũng cảm đoạt hạng thứ {0} trong bảng xếp hạng điểm tuần! Phần thưởng xếp hạng của ngài đã được gửi đến， xin mời kiểm nhận!,
1038,1067,6,10,1,17,1600,1,66,800,,,,,,,,,,,,,s==37|Thưởng xếp hạng kết toán tuần truy nã,s==242|Kính thưa Chủ công:<br/>Ngài trong tuần này thách đấu treo thưởng đã biểu hiện dũng mãnh， thành công bắt giữ tội phạm， dũng cảm đoạt hạng thứ {0} trong bảng xếp hạng điểm tuần! Phần thưởng xếp hạng của ngài đã được gửi đến， xin mời kiểm nhận!,
1039,1067,11,20,1,17,1400,1,66,700,,,,,,,,,,,,,s==37|Thưởng xếp hạng kết toán tuần truy nã,s==242|Kính thưa Chủ công:<br/>Ngài trong tuần này thách đấu treo thưởng đã biểu hiện dũng mãnh， thành công bắt giữ tội phạm， dũng cảm đoạt hạng thứ {0} trong bảng xếp hạng điểm tuần! Phần thưởng xếp hạng của ngài đã được gửi đến， xin mời kiểm nhận!,
1040,1067,21,50,1,17,1200,1,66,600,,,,,,,,,,,,,s==37|Thưởng xếp hạng kết toán tuần truy nã,s==242|Kính thưa Chủ công:<br/>Ngài trong tuần này thách đấu treo thưởng đã biểu hiện dũng mãnh， thành công bắt giữ tội phạm， dũng cảm đoạt hạng thứ {0} trong bảng xếp hạng điểm tuần! Phần thưởng xếp hạng của ngài đã được gửi đến， xin mời kiểm nhận!,
1041,1067,51,100,1,17,1000,1,66,500,,,,,,,,,,,,,s==37|Thưởng xếp hạng kết toán tuần truy nã,s==242|Kính thưa Chủ công:<br/>Ngài trong tuần này thách đấu treo thưởng đã biểu hiện dũng mãnh， thành công bắt giữ tội phạm， dũng cảm đoạt hạng thứ {0} trong bảng xếp hạng điểm tuần! Phần thưởng xếp hạng của ngài đã được gửi đến， xin mời kiểm nhận!,
1110,7060,,,,,,,,,,,,,,,,,,,,,s==32|Lợi tức cướp bóc Đào Viên du mục,s==86|Kính thưa Chủ công:<br/>Đây là lợi tức cướp bóc ngài chưa thu nhận， xin mời kiểm nhận!,
1111,50,,,,,,,,,,,,,,,,,,,,,s==31|Thưởng rơi rớt Thánh Thủ Tà Tâm,s==95|Kính thưa Chủ công:<br/>Đây là phần thưởng ngài bỏ quên trong sự kiện lần này，xin mời kiểm tra!,
1112,51,,,,,,,,,,,,,,,,,,,,,s==23|Chuyển đổi Lệnh Ma Tiên,s==178|Kính thưa Chủ công:<br/>Hoạt động Thánh Thủ Tà Tâm đã kết thúc， trong hành trang của ngài， Thanh Nang Lệnh sẽ tự động chuyển hóa thành Cấp Cao Tuần Phỏng Lệnh。 Xin mời kiểm nhận!,
1113,50,,,,,,,,,,,,,,,,,,,,,s==34|Thưởng rơi rớt Võ Thánh Trọng Sinh,s==95|Kính thưa Chủ công:<br/>Đây là phần thưởng ngài bỏ quên trong sự kiện lần này，xin mời kiểm tra!,
1114,51,,,,,,,,,,,,,,,,,,,,,s==27|Chuyển đổi Lệnh Triệu Thánh,s==182|Kính thưa Chủ công:<br/>Hoạt động Võ Thánh Trọng Sinh đã kết thúc， trong hành trang của ngài， Triệu Thánh Lệnh sẽ tự động chuyển hóa thành Cấp Cao Tuần Phỏng Lệnh。 Xin mời kiểm nhận!,
1115,5001,51,999,2,1006,100,1,10,100000,,,,,,,,,,,,,s==53|Phần thưởng xếp hạng hàng ngày Huyết Chiến Trường Bản,s==167|Kính thưa Chủ công:<br/>Hàng ngày trong Xích Chiến Trường Bản， ngài xếp hạng <color=#a75f2f>{0}</c>， sau đây là phần thưởng xếp hạng của ngài， xin hãy cố gắng hơn nữa!,
1116,70,,,,,,,,,,,,,,,,,,,,,s==28|Thưởng nạp lần đầu hàng ngày,s==118|Kính thưa Chủ công:<br/>Đây là phần thưởng ngài chưa thu nhận trong hoạt động nạp đầu ngày hôm qua， xin mời kiểm nhận!,
1117,2001,1,1,1,16,14000,1,8,600000,2,19566,1,2,19821,1,,,,,,,s==65|Phát thưởng xếp hạng kết toán hỏi đỉnh Trung Nguyên (Liên server),s==153|Kính thưa Chủ công:<br/>Chúc mừng ngài đã đạt hạng thứ {0} trong kỳ tranh bá Trung Nguyên (Liên Server) lần này， sau đây là phần thưởng xếp hạng của ngài,
1118,2001,2,2,1,16,12000,1,8,500000,2,19565,1,2,19822,1,,,,,,,s==65|Phát thưởng xếp hạng kết toán hỏi đỉnh Trung Nguyên (Liên server),s==153|Kính thưa Chủ công:<br/>Chúc mừng ngài đã đạt hạng thứ {0} trong kỳ tranh bá Trung Nguyên (Liên Server) lần này， sau đây là phần thưởng xếp hạng của ngài,
1119,2001,3,3,1,16,10000,1,8,440000,2,19564,1,2,19823,1,,,,,,,s==65|Phát thưởng xếp hạng kết toán hỏi đỉnh Trung Nguyên (Liên server),s==153|Kính thưa Chủ công:<br/>Chúc mừng ngài đã đạt hạng thứ {0} trong kỳ tranh bá Trung Nguyên (Liên Server) lần này， sau đây là phần thưởng xếp hạng của ngài,
1120,2001,4,4,1,16,9000,1,8,380000,,,,,,,,,,,,,s==65|Phát thưởng xếp hạng kết toán hỏi đỉnh Trung Nguyên (Liên server),s==153|Kính thưa Chủ công:<br/>Chúc mừng ngài đã đạt hạng thứ {0} trong kỳ tranh bá Trung Nguyên (Liên Server) lần này， sau đây là phần thưởng xếp hạng của ngài,
1121,2001,5,8,1,16,8000,1,8,360000,,,,,,,,,,,,,s==65|Phát thưởng xếp hạng kết toán hỏi đỉnh Trung Nguyên (Liên server),s==153|Kính thưa Chủ công:<br/>Chúc mừng ngài đã đạt hạng thứ {0} trong kỳ tranh bá Trung Nguyên (Liên Server) lần này， sau đây là phần thưởng xếp hạng của ngài,
1122,2001,9,16,1,16,7600,1,8,340000,,,,,,,,,,,,,s==65|Phát thưởng xếp hạng kết toán hỏi đỉnh Trung Nguyên (Liên server),s==153|Kính thưa Chủ công:<br/>Chúc mừng ngài đã đạt hạng thứ {0} trong kỳ tranh bá Trung Nguyên (Liên Server) lần này， sau đây là phần thưởng xếp hạng của ngài,
1123,2001,17,32,1,16,7200,1,8,320000,,,,,,,,,,,,,s==65|Phát thưởng xếp hạng kết toán hỏi đỉnh Trung Nguyên (Liên server),s==153|Kính thưa Chủ công:<br/>Chúc mừng ngài đã đạt hạng thứ {0} trong kỳ tranh bá Trung Nguyên (Liên Server) lần này， sau đây là phần thưởng xếp hạng của ngài,
1124,2001,33,50,1,16,6800,1,8,300000,,,,,,,,,,,,,s==65|Phát thưởng xếp hạng kết toán hỏi đỉnh Trung Nguyên (Liên server),s==153|Kính thưa Chủ công:<br/>Chúc mừng ngài đã đạt hạng thứ {0} trong kỳ tranh bá Trung Nguyên (Liên Server) lần này， sau đây là phần thưởng xếp hạng của ngài,
1125,2001,51,80,1,16,6400,1,8,280000,,,,,,,,,,,,,s==65|Phát thưởng xếp hạng kết toán hỏi đỉnh Trung Nguyên (Liên server),s==153|Kính thưa Chủ công:<br/>Chúc mừng ngài đã đạt hạng thứ {0} trong kỳ tranh bá Trung Nguyên (Liên Server) lần này， sau đây là phần thưởng xếp hạng của ngài,
1126,2001,81,100,1,16,6000,1,8,260000,,,,,,,,,,,,,s==65|Phát thưởng xếp hạng kết toán hỏi đỉnh Trung Nguyên (Liên server),s==153|Kính thưa Chủ công:<br/>Chúc mừng ngài đã đạt hạng thứ {0} trong kỳ tranh bá Trung Nguyên (Liên Server) lần này， sau đây là phần thưởng xếp hạng của ngài,
1127,2001,101,128,1,16,5600,1,8,240000,,,,,,,,,,,,,s==65|Phát thưởng xếp hạng kết toán hỏi đỉnh Trung Nguyên (Liên server),s==153|Kính thưa Chủ công:<br/>Chúc mừng ngài đã đạt hạng thứ {0} trong kỳ tranh bá Trung Nguyên (Liên Server) lần này， sau đây là phần thưởng xếp hạng của ngài,
1128,805,,,,,,,,,,,,,,,,,,,,,s==49|Thông báo hết hạn đặc quyền hỏi đỉnh Trung Nguyên,s==345|Kính thưa Chủ công:<br/>Quyền lợi đặc quyền Tranh Bá Trung Nguyên mà ngài đã mua trước đây đã hết hạn， mua lại sẽ được hoàn trả 50% tiền cược khi dự đoán thất bại trong Tranh Bá Trung Nguyên~<br/>Ngài có thể bấm nút “Bổ sung ngay” bên dưới， đến trang 【Đặc Quyền】 để nhanh chóng gia tăng thời hạn đặc quyền， tránh ảnh hưởng đến lợi ích liên quan!,
1200,1992,1,1,1,8,20000000,2,1080,14,,,,,,,,,,,,,s==32|Thưởng xếp hạng cướp bóc Tào Vận,s==189|Kính thưa Chủ công:<br/>Ngài trong tuần này tại sự kiện Tào Vận Phong Vân đã cướp bóc bốn phương， oai phong lẫm liệt， đạt thành tích xuất sắc hạng {0}， xin nhận lấy phần thưởng vinh dự này!,
1201,1992,2,2,1,8,16000000,2,1080,11,,,,,,,,,,,,,s==32|Thưởng xếp hạng cướp bóc Tào Vận,s==189|Kính thưa Chủ công:<br/>Ngài trong tuần này tại sự kiện Tào Vận Phong Vân đã cướp bóc bốn phương， oai phong lẫm liệt， đạt thành tích xuất sắc hạng {0}， xin nhận lấy phần thưởng vinh dự này!,
1202,1992,3,3,1,8,14000000,2,1080,8,,,,,,,,,,,,,s==32|Thưởng xếp hạng cướp bóc Tào Vận,s==189|Kính thưa Chủ công:<br/>Ngài trong tuần này tại sự kiện Tào Vận Phong Vân đã cướp bóc bốn phương， oai phong lẫm liệt， đạt thành tích xuất sắc hạng {0}， xin nhận lấy phần thưởng vinh dự này!,
1203,1992,4,10,1,8,12000000,2,1080,7,,,,,,,,,,,,,s==32|Thưởng xếp hạng cướp bóc Tào Vận,s==159|Kính thưa Chủ công:<br/>Ngài trong tuần này tại sự kiện Tào Vận Phong Vân đã đại sát bốn phương， đạt thành tích hạng {0}， xin nhận lấy phần thưởng vinh dự này!,
1204,1992,11,20,1,8,10000000,2,1080,6,,,,,,,,,,,,,s==32|Thưởng xếp hạng cướp bóc Tào Vận,s==159|Kính thưa Chủ công:<br/>Ngài trong tuần này tại sự kiện Tào Vận Phong Vân đã đại sát bốn phương， đạt thành tích hạng {0}， xin nhận lấy phần thưởng vinh dự này!,
1205,1992,21,50,1,8,8000000,2,1080,5,,,,,,,,,,,,,s==32|Thưởng xếp hạng cướp bóc Tào Vận,s==159|Kính thưa Chủ công:<br/>Ngài trong tuần này tại sự kiện Tào Vận Phong Vân đã đại sát bốn phương， đạt thành tích hạng {0}， xin nhận lấy phần thưởng vinh dự này!,
1206,1992,51,100,1,8,6000000,2,1080,4,,,,,,,,,,,,,s==32|Thưởng xếp hạng cướp bóc Tào Vận,s==159|Kính thưa Chủ công:<br/>Ngài trong tuần này tại sự kiện Tào Vận Phong Vân đã đại sát bốn phương， đạt thành tích hạng {0}， xin nhận lấy phần thưởng vinh dự này!,
1207,1992,101,99999,1,8,5000000,2,1080,3,,,,,,,,,,,,,s==32|Thưởng xếp hạng cướp bóc Tào Vận,s==159|Kính thưa Chủ công:<br/>Ngài trong tuần này tại sự kiện Tào Vận Phong Vân đã đại sát bốn phương， đạt thành tích hạng {0}， xin nhận lấy phần thưởng vinh dự này!,
1250,1250,1,1,1,9,500,1,8,5000000,2,1464,1,,,,,,,,,,s==38|Phần thưởng xếp hạng Yến Hội Đoàn Viên,s==128|Kính thưa Chủ công:<br/>Ngài tại kỳ đoàn viên yến tiệc sự kiện này， đạt được hạng thứ {0}， xin nhận lấy phần thưởng vinh dự này!,
1251,1250,2,2,1,9,400,1,8,4000000,2,1464,1,,,,,,,,,,s==38|Phần thưởng xếp hạng Yến Hội Đoàn Viên,s==128|Kính thưa Chủ công:<br/>Ngài tại kỳ đoàn viên yến tiệc sự kiện này， đạt được hạng thứ {0}， xin nhận lấy phần thưởng vinh dự này!,
1252,1250,3,3,1,9,300,1,8,3000000,2,1464,1,,,,,,,,,,s==38|Phần thưởng xếp hạng Yến Hội Đoàn Viên,s==128|Kính thưa Chủ công:<br/>Ngài tại kỳ đoàn viên yến tiệc sự kiện này， đạt được hạng thứ {0}， xin nhận lấy phần thưởng vinh dự này!,
1253,1250,4,5,1,9,280,1,8,2800000,,,,,,,,,,,,,s==38|Phần thưởng xếp hạng Yến Hội Đoàn Viên,s==128|Kính thưa Chủ công:<br/>Ngài tại kỳ đoàn viên yến tiệc sự kiện này， đạt được hạng thứ {0}， xin nhận lấy phần thưởng vinh dự này!,
1254,1250,6,10,1,9,260,1,8,2600000,,,,,,,,,,,,,s==38|Phần thưởng xếp hạng Yến Hội Đoàn Viên,s==128|Kính thưa Chủ công:<br/>Ngài tại kỳ đoàn viên yến tiệc sự kiện này， đạt được hạng thứ {0}， xin nhận lấy phần thưởng vinh dự này!,
1255,1250,11,20,1,9,240,1,8,2400000,,,,,,,,,,,,,s==38|Phần thưởng xếp hạng Yến Hội Đoàn Viên,s==128|Kính thưa Chủ công:<br/>Ngài tại kỳ đoàn viên yến tiệc sự kiện này， đạt được hạng thứ {0}， xin nhận lấy phần thưởng vinh dự này!,
1256,1250,21,50,1,9,220,1,8,2200000,,,,,,,,,,,,,s==38|Phần thưởng xếp hạng Yến Hội Đoàn Viên,s==128|Kính thưa Chủ công:<br/>Ngài tại kỳ đoàn viên yến tiệc sự kiện này， đạt được hạng thứ {0}， xin nhận lấy phần thưởng vinh dự này!,
1257,1250,51,999,1,9,200,1,8,2000000,,,,,,,,,,,,,s==38|Phần thưởng xếp hạng Yến Hội Đoàn Viên,s==128|Kính thưa Chủ công:<br/>Ngài tại kỳ đoàn viên yến tiệc sự kiện này， đạt được hạng thứ {0}， xin nhận lấy phần thưởng vinh dự này!,
1300,1300,1,1,1,9,3000,2,1464,2,2,1463,2,,,,,,,,,,s==44|Phần thưởng xếp hạng Ca Ngợi Quốc Hoa Chương,s==129|Kính thưa Chủ công:<br/>Ngài tại kỳ tán quốc hoa chương sự kiện này， đạt được hạng thứ {0}， xin nhận lấy phần thưởng vinh dự này!,
1301,1300,2,2,1,9,2000,2,1464,1,2,1463,1,,,,,,,,,,s==44|Phần thưởng xếp hạng Ca Ngợi Quốc Hoa Chương,s==129|Kính thưa Chủ công:<br/>Ngài tại kỳ tán quốc hoa chương sự kiện này， đạt được hạng thứ {0}， xin nhận lấy phần thưởng vinh dự này!,
1302,1300,3,3,1,9,1000,2,1463,1,,,,,,,,,,,,,s==44|Phần thưởng xếp hạng Ca Ngợi Quốc Hoa Chương,s==129|Kính thưa Chủ công:<br/>Ngài tại kỳ tán quốc hoa chương sự kiện này， đạt được hạng thứ {0}， xin nhận lấy phần thưởng vinh dự này!,
1303,1300,4,5,1,9,800,,,,,,,,,,,,,,,,s==44|Phần thưởng xếp hạng Ca Ngợi Quốc Hoa Chương,s==129|Kính thưa Chủ công:<br/>Ngài tại kỳ tán quốc hoa chương sự kiện này， đạt được hạng thứ {0}， xin nhận lấy phần thưởng vinh dự này!,
1304,1300,6,10,1,9,600,,,,,,,,,,,,,,,,s==44|Phần thưởng xếp hạng Ca Ngợi Quốc Hoa Chương,s==129|Kính thưa Chủ công:<br/>Ngài tại kỳ tán quốc hoa chương sự kiện này， đạt được hạng thứ {0}， xin nhận lấy phần thưởng vinh dự này!,
1305,1300,11,20,1,9,300,,,,,,,,,,,,,,,,s==44|Phần thưởng xếp hạng Ca Ngợi Quốc Hoa Chương,s==129|Kính thưa Chủ công:<br/>Ngài tại kỳ tán quốc hoa chương sự kiện này， đạt được hạng thứ {0}， xin nhận lấy phần thưởng vinh dự này!,
1306,1300,21,999,1,9,250,,,,,,,,,,,,,,,,s==44|Phần thưởng xếp hạng Ca Ngợi Quốc Hoa Chương,s==129|Kính thưa Chủ công:<br/>Ngài tại kỳ tán quốc hoa chương sự kiện này， đạt được hạng thứ {0}， xin nhận lấy phần thưởng vinh dự này!,
1307,1260,,,,,,,,,,,,,,,,,,,,,s==40|Phần thưởng bổ phát Hoa Trang Tẩu Nguyệt,s==138|Kính thưa Chủ công:<br/>Đây là phần thưởng nhiệm vụ ngài chưa nhận trong sự kiện Hoa Sường Tẩu Nguyệt ngày hôm qua， xin kiểm tra nhận lấy!,
1308,1301,1,1,1,9,3000,2,1464,2,2,1463,2,,,,,,,,,,s==38|Phần thưởng xếp hạng Tế Thiên Thừa Vận,s==127|Kính thưa Chủ công:<br/>Ngài tại kỳ tế thiên thừa vận sự kiện này， đạt được hạng thứ {0}， xin nhận lấy phần thưởng vinh dự này!,
1309,1301,2,2,1,9,2000,2,1464,1,2,1463,1,,,,,,,,,,s==38|Phần thưởng xếp hạng Tế Thiên Thừa Vận,s==127|Kính thưa Chủ công:<br/>Ngài tại kỳ tế thiên thừa vận sự kiện này， đạt được hạng thứ {0}， xin nhận lấy phần thưởng vinh dự này!,
1310,1301,3,3,1,9,1000,2,1463,1,,,,,,,,,,,,,s==38|Phần thưởng xếp hạng Tế Thiên Thừa Vận,s==127|Kính thưa Chủ công:<br/>Ngài tại kỳ tế thiên thừa vận sự kiện này， đạt được hạng thứ {0}， xin nhận lấy phần thưởng vinh dự này!,
1311,1301,4,5,1,9,800,,,,,,,,,,,,,,,,s==38|Phần thưởng xếp hạng Tế Thiên Thừa Vận,s==127|Kính thưa Chủ công:<br/>Ngài tại kỳ tế thiên thừa vận sự kiện này， đạt được hạng thứ {0}， xin nhận lấy phần thưởng vinh dự này!,
1312,1301,6,10,1,9,600,,,,,,,,,,,,,,,,s==38|Phần thưởng xếp hạng Tế Thiên Thừa Vận,s==127|Kính thưa Chủ công:<br/>Ngài tại kỳ tế thiên thừa vận sự kiện này， đạt được hạng thứ {0}， xin nhận lấy phần thưởng vinh dự này!,
1313,1301,11,20,1,9,300,,,,,,,,,,,,,,,,s==38|Phần thưởng xếp hạng Tế Thiên Thừa Vận,s==127|Kính thưa Chủ công:<br/>Ngài tại kỳ tế thiên thừa vận sự kiện này， đạt được hạng thứ {0}， xin nhận lấy phần thưởng vinh dự này!,
1314,1301,21,999,1,9,250,,,,,,,,,,,,,,,,s==38|Phần thưởng xếp hạng Tế Thiên Thừa Vận,s==127|Kính thưa Chủ công:<br/>Ngài tại kỳ tế thiên thừa vận sự kiện này， đạt được hạng thứ {0}， xin nhận lấy phần thưởng vinh dự này!,
1401,1401,,,,,,,,,,,,,,,,,,,,,s==38|Thông báo chuyển giao Quân Đoàn Trưởng,s==155|Kính thưa Chủ công:<br/>Do tài khoản thủ lĩnh quân đoàn ngài có điều bất thường、 hành vi phạm pháp， chức thủ lĩnh quân đoàn sở hữu đã chuyển giao cho ngài。,
1402,1402,,,,,,,,,,,,,,,,,,,,,s==38|Thông báo chuyển giao Quân Đoàn Trưởng,s==107|Kính thưa Chủ công:<br/>Thủ lĩnh quân đoàn ngài đang thuộc đã chuyển giao chức thủ lĩnh quân đoàn cho ngài。,
1403,1403,,,,,,,,,,,,,,,,,,,,,s==34|Thông báo bổ nhiệm Phó Đoàn Trưởng,s==93|Kính thưa Chủ công:<br/>Thủ lĩnh quân đoàn ngài đang thuộc đã bổ nhiệm ngài làm phó thủ lĩnh。,
1404,1404,,,,,,,,,,,,,,,,,,,,,s==33|Thông báo thu hồi Phó Đoàn Trưởng,s==97|Kính thưa Chủ công:<br/>Thủ lĩnh quân đoàn ngài đang thuộc đã thu hồi chức phó thủ lĩnh của ngài。,
1405,1405,,,,,,,,,,,,,,,,,,,,,s==37|Thông báo bị trục xuất khỏi Quân Đoàn,s==67|Kính thưa Chủ công:<br/>Ngài đã bị {0}{1} trục xuất khỏi quân đoàn。,
1406,1406,,,,,,,,,,,,,,,,,,,,,s==38|Thông báo chuyển giao Quân Đoàn Trưởng,s==166|Kính thưa Chủ công:<br/>Do tài khoản ngài có điều bất thường、 hành vi phạm pháp， chức thủ lĩnh quân đoàn sở hữu đã bị chuyển giao cho người chơi khác trong quân đoàn。,
1407,1407,,,,,,,,,,,,,,,,,,,,,s==33|Thông báo thu hồi Phó Đoàn Trưởng,s==130|Kính thưa Chủ công:<br/>Do tài khoản ngài có điều bất thường、 hành vi phạm pháp， chức phó thủ lĩnh quân đoàn sở hữu đã bị thu hồi。,
1408,1408,,,,,,,,,,,,,,,,,,,,,s==39|Phần thưởng vượt ải Huyễn Cảnh Tiên Môn,s==165|Kính thưa Chủ công:<br/>Quân đoàn thành viên {0} đã vượt ải sự kiện Hoàn Cảnh Tiên Môn hôm nay， toàn quân đoàn nhận được phần thưởng hậu hĩnh， xin kiểm tra nhận lấy!,
1409,1409,,,,,,,,,,,,,,,,,,,,,s==41|Phần thưởng quên lãng Huyễn Cảnh Tiên Môn,s==153|Kính thưa Chủ công:<br/>Sự kiện Hoàn Cảnh Tiên Môn đã được thiết lập lại， ngài đã vượt ải tầng thứ {0}， nay phát thưởng tương ứng， xin kiểm tra nhận lấy!,
1501,1500,1,1,1,9,3000,2,1464,2,2,1463,2,,,,,,,,,,s==47|Phần thưởng xếp hạng cá nhân Vũ Mộng Thanh Thảo,s==160|Kính thưa Chủ công:<br/>Chúc mừng ngài tại kỳ Vũ Mộng Thanh Thảo sự kiện này， đạt hạng thứ {0}， sau đây là phần thưởng xếp hạng của ngài， xin kiểm tra nhận lấy!,
1502,1500,2,2,1,9,2000,2,1464,1,2,1463,1,,,,,,,,,,s==47|Phần thưởng xếp hạng cá nhân Vũ Mộng Thanh Thảo,s==160|Kính thưa Chủ công:<br/>Chúc mừng ngài tại kỳ Vũ Mộng Thanh Thảo sự kiện này， đạt hạng thứ {0}， sau đây là phần thưởng xếp hạng của ngài， xin kiểm tra nhận lấy!,
1503,1500,3,3,1,9,1000,2,1463,1,,,,,,,,,,,,,s==47|Phần thưởng xếp hạng cá nhân Vũ Mộng Thanh Thảo,s==160|Kính thưa Chủ công:<br/>Chúc mừng ngài tại kỳ Vũ Mộng Thanh Thảo sự kiện này， đạt hạng thứ {0}， sau đây là phần thưởng xếp hạng của ngài， xin kiểm tra nhận lấy!,
1504,1500,4,10,1,9,800,,,,,,,,,,,,,,,,s==47|Phần thưởng xếp hạng cá nhân Vũ Mộng Thanh Thảo,s==160|Kính thưa Chủ công:<br/>Chúc mừng ngài tại kỳ Vũ Mộng Thanh Thảo sự kiện này， đạt hạng thứ {0}， sau đây là phần thưởng xếp hạng của ngài， xin kiểm tra nhận lấy!,
1505,1500,11,20,1,9,600,,,,,,,,,,,,,,,,s==47|Phần thưởng xếp hạng cá nhân Vũ Mộng Thanh Thảo,s==160|Kính thưa Chủ công:<br/>Chúc mừng ngài tại kỳ Vũ Mộng Thanh Thảo sự kiện này， đạt hạng thứ {0}， sau đây là phần thưởng xếp hạng của ngài， xin kiểm tra nhận lấy!,
1506,1500,21,50,1,9,300,,,,,,,,,,,,,,,,s==47|Phần thưởng xếp hạng cá nhân Vũ Mộng Thanh Thảo,s==160|Kính thưa Chủ công:<br/>Chúc mừng ngài tại kỳ Vũ Mộng Thanh Thảo sự kiện này， đạt hạng thứ {0}， sau đây là phần thưởng xếp hạng của ngài， xin kiểm tra nhận lấy!,
1507,1500,51,100,1,9,250,,,,,,,,,,,,,,,,s==47|Phần thưởng xếp hạng cá nhân Vũ Mộng Thanh Thảo,s==160|Kính thưa Chủ công:<br/>Chúc mừng ngài tại kỳ Vũ Mộng Thanh Thảo sự kiện này， đạt hạng thứ {0}， sau đây là phần thưởng xếp hạng của ngài， xin kiểm tra nhận lấy!,
1508,1500,101,99999,1,9,200,,,,,,,,,,,,,,,,s==47|Phần thưởng xếp hạng cá nhân Vũ Mộng Thanh Thảo,s==160|Kính thưa Chủ công:<br/>Chúc mừng ngài tại kỳ Vũ Mộng Thanh Thảo sự kiện này， đạt hạng thứ {0}， sau đây là phần thưởng xếp hạng của ngài， xin kiểm tra nhận lấy!,
1509,1505,1,1,2,1003,10,1,8,5000000,,,,,,,,,,,,,s==47|Phần thưởng xếp hạng máy chủ Vũ Mộng Thanh Thảo,s==179|Kính thưa Chủ công:<br/>Chúc mừng máy chủ ngài đang thuộc tại kỳ Vũ Mộng Thanh Thảo sự kiện này， đạt hạng thứ {0}， sau đây là phần thưởng xếp hạng của ngài， xin kiểm tra nhận lấy!,
1510,1505,2,2,2,1003,8,1,8,4000000,,,,,,,,,,,,,s==47|Phần thưởng xếp hạng máy chủ Vũ Mộng Thanh Thảo,s==179|Kính thưa Chủ công:<br/>Chúc mừng máy chủ ngài đang thuộc tại kỳ Vũ Mộng Thanh Thảo sự kiện này， đạt hạng thứ {0}， sau đây là phần thưởng xếp hạng của ngài， xin kiểm tra nhận lấy!,
1511,1505,3,3,2,1003,6,1,8,3000000,,,,,,,,,,,,,s==47|Phần thưởng xếp hạng máy chủ Vũ Mộng Thanh Thảo,s==179|Kính thưa Chủ công:<br/>Chúc mừng máy chủ ngài đang thuộc tại kỳ Vũ Mộng Thanh Thảo sự kiện này， đạt hạng thứ {0}， sau đây là phần thưởng xếp hạng của ngài， xin kiểm tra nhận lấy!,
1512,1505,4,5,2,1003,4,1,8,2750000,,,,,,,,,,,,,s==47|Phần thưởng xếp hạng máy chủ Vũ Mộng Thanh Thảo,s==179|Kính thưa Chủ công:<br/>Chúc mừng máy chủ ngài đang thuộc tại kỳ Vũ Mộng Thanh Thảo sự kiện này， đạt hạng thứ {0}， sau đây là phần thưởng xếp hạng của ngài， xin kiểm tra nhận lấy!,
1513,1505,6,10,2,1003,3,1,8,2500000,,,,,,,,,,,,,s==47|Phần thưởng xếp hạng máy chủ Vũ Mộng Thanh Thảo,s==179|Kính thưa Chủ công:<br/>Chúc mừng máy chủ ngài đang thuộc tại kỳ Vũ Mộng Thanh Thảo sự kiện này， đạt hạng thứ {0}， sau đây là phần thưởng xếp hạng của ngài， xin kiểm tra nhận lấy!,
1514,1505,11,20,2,1003,2,1,8,2250000,,,,,,,,,,,,,s==47|Phần thưởng xếp hạng máy chủ Vũ Mộng Thanh Thảo,s==179|Kính thưa Chủ công:<br/>Chúc mừng máy chủ ngài đang thuộc tại kỳ Vũ Mộng Thanh Thảo sự kiện này， đạt hạng thứ {0}， sau đây là phần thưởng xếp hạng của ngài， xin kiểm tra nhận lấy!,
1515,1510,,,,,,,,,,,,,,,,,,,,,s==22|Phần thưởng Nguyện ước,s==100|Kính thưa Chủ công:<br/>Sau đây là phần thưởng ngài đã cầu nguyện vào ngày hôm qua，xin mời kiểm tra!,
1600,1600,1,1,2,3008,50,1,9,400,1,68,1000,,,,,,,,,,s==33|Kết quả tuyển chọn Đại Hội Võ Đấu,s==158|Kính thưa Chủ công:<br/>Chúc mừng ngài tại kỳ Bỉ Võ Đại Hội tuyển chọn trận đạt hạng thứ {0}， sau đây là phần thưởng xếp hạng của ngài， xin kiểm tra nhận lấy!,
1601,1600,2,2,2,3008,40,1,9,350,1,68,900,,,,,,,,,,s==33|Kết quả tuyển chọn Đại Hội Võ Đấu,s==158|Kính thưa Chủ công:<br/>Chúc mừng ngài tại kỳ Bỉ Võ Đại Hội tuyển chọn trận đạt hạng thứ {0}， sau đây là phần thưởng xếp hạng của ngài， xin kiểm tra nhận lấy!,
1602,1600,3,3,2,3008,30,1,9,300,1,68,800,,,,,,,,,,s==33|Kết quả tuyển chọn Đại Hội Võ Đấu,s==158|Kính thưa Chủ công:<br/>Chúc mừng ngài tại kỳ Bỉ Võ Đại Hội tuyển chọn trận đạt hạng thứ {0}， sau đây là phần thưởng xếp hạng của ngài， xin kiểm tra nhận lấy!,
1603,1600,4,5,2,3008,25,1,9,280,1,68,750,,,,,,,,,,s==33|Kết quả tuyển chọn Đại Hội Võ Đấu,s==158|Kính thưa Chủ công:<br/>Chúc mừng ngài tại kỳ Bỉ Võ Đại Hội tuyển chọn trận đạt hạng thứ {0}， sau đây là phần thưởng xếp hạng của ngài， xin kiểm tra nhận lấy!,
1604,1600,6,10,2,3008,20,1,9,260,1,68,700,,,,,,,,,,s==33|Kết quả tuyển chọn Đại Hội Võ Đấu,s==158|Kính thưa Chủ công:<br/>Chúc mừng ngài tại kỳ Bỉ Võ Đại Hội tuyển chọn trận đạt hạng thứ {0}， sau đây là phần thưởng xếp hạng của ngài， xin kiểm tra nhận lấy!,
1605,1600,11,32,2,3008,18,1,9,240,1,68,650,,,,,,,,,,s==33|Kết quả tuyển chọn Đại Hội Võ Đấu,s==158|Kính thưa Chủ công:<br/>Chúc mừng ngài tại kỳ Bỉ Võ Đại Hội tuyển chọn trận đạt hạng thứ {0}， sau đây là phần thưởng xếp hạng của ngài， xin kiểm tra nhận lấy!,
1606,1600,33,50,2,3008,16,1,9,220,1,68,600,,,,,,,,,,s==33|Kết quả tuyển chọn Đại Hội Võ Đấu,s==158|Kính thưa Chủ công:<br/>Chúc mừng ngài tại kỳ Bỉ Võ Đại Hội tuyển chọn trận đạt hạng thứ {0}， sau đây là phần thưởng xếp hạng của ngài， xin kiểm tra nhận lấy!,
1607,1600,51,64,2,3008,14,1,9,200,1,68,550,,,,,,,,,,s==33|Kết quả tuyển chọn Đại Hội Võ Đấu,s==158|Kính thưa Chủ công:<br/>Chúc mừng ngài tại kỳ Bỉ Võ Đại Hội tuyển chọn trận đạt hạng thứ {0}， sau đây là phần thưởng xếp hạng của ngài， xin kiểm tra nhận lấy!,
1608,1600,65,100,2,3008,12,1,9,180,1,68,500,,,,,,,,,,s==33|Kết quả tuyển chọn Đại Hội Võ Đấu,s==158|Kính thưa Chủ công:<br/>Chúc mừng ngài tại kỳ Bỉ Võ Đại Hội tuyển chọn trận đạt hạng thứ {0}， sau đây là phần thưởng xếp hạng của ngài， xin kiểm tra nhận lấy!,
1620,1620,1,1,2,1004,5,1,9,500,1,68,3000,,,,,,,,,,s==60|Phần thưởng giải đấu tích điểm liên server Khu Vực Vương Hầu,s==191|Kính thưa Chủ công:<br/>Chúc mừng ngài tại kỳ Bỉ Võ Đại Hội Vương Hầu Chiến Khu xuyên máy chủ tích điểm trận đạt hạng thứ {0}， sau đây là phần thưởng xếp hạng của ngài， xin kiểm tra nhận lấy!,
1621,1620,2,2,2,1004,4,1,9,400,1,68,2250,,,,,,,,,,s==60|Phần thưởng giải đấu tích điểm liên server Khu Vực Vương Hầu,s==191|Kính thưa Chủ công:<br/>Chúc mừng ngài tại kỳ Bỉ Võ Đại Hội Vương Hầu Chiến Khu xuyên máy chủ tích điểm trận đạt hạng thứ {0}， sau đây là phần thưởng xếp hạng của ngài， xin kiểm tra nhận lấy!,
1622,1620,3,3,2,1004,3,1,9,300,1,68,1500,,,,,,,,,,s==60|Phần thưởng giải đấu tích điểm liên server Khu Vực Vương Hầu,s==191|Kính thưa Chủ công:<br/>Chúc mừng ngài tại kỳ Bỉ Võ Đại Hội Vương Hầu Chiến Khu xuyên máy chủ tích điểm trận đạt hạng thứ {0}， sau đây là phần thưởng xếp hạng của ngài， xin kiểm tra nhận lấy!,
1623,1620,4,10,2,1004,2,1,9,250,1,68,1200,,,,,,,,,,s==60|Phần thưởng giải đấu tích điểm liên server Khu Vực Vương Hầu,s==191|Kính thưa Chủ công:<br/>Chúc mừng ngài tại kỳ Bỉ Võ Đại Hội Vương Hầu Chiến Khu xuyên máy chủ tích điểm trận đạt hạng thứ {0}， sau đây là phần thưởng xếp hạng của ngài， xin kiểm tra nhận lấy!,
1624,1620,11,32,2,1004,1,1,9,200,1,68,900,,,,,,,,,,s==60|Phần thưởng giải đấu tích điểm liên server Khu Vực Vương Hầu,s==191|Kính thưa Chủ công:<br/>Chúc mừng ngài tại kỳ Bỉ Võ Đại Hội Vương Hầu Chiến Khu xuyên máy chủ tích điểm trận đạt hạng thứ {0}， sau đây là phần thưởng xếp hạng của ngài， xin kiểm tra nhận lấy!,
1625,1620,33,64,2,1004,1,1,9,150,1,68,600,,,,,,,,,,s==60|Phần thưởng giải đấu tích điểm liên server Khu Vực Vương Hầu,s==191|Kính thưa Chủ công:<br/>Chúc mừng ngài tại kỳ Bỉ Võ Đại Hội Vương Hầu Chiến Khu xuyên máy chủ tích điểm trận đạt hạng thứ {0}， sau đây là phần thưởng xếp hạng của ngài， xin kiểm tra nhận lấy!,
1626,1620,65,128,2,1004,1,1,9,100,1,68,300,,,,,,,,,,s==60|Phần thưởng giải đấu tích điểm liên server Khu Vực Vương Hầu,s==191|Kính thưa Chủ công:<br/>Chúc mừng ngài tại kỳ Bỉ Võ Đại Hội Vương Hầu Chiến Khu xuyên máy chủ tích điểm trận đạt hạng thứ {0}， sau đây là phần thưởng xếp hạng của ngài， xin kiểm tra nhận lấy!,
1630,1630,1,1,2,1003,10,1,9,300,1,68,1000,,,,,,,,,,s==60|Phần thưởng giải đấu tích điểm liên server Khu Vực Quần Hùng,s==191|Kính thưa Chủ công:<br/>Chúc mừng ngài tại kỳ Bỉ Võ Đại Hội Quần Hùng Chiến Khu xuyên máy chủ tích điểm trận đạt hạng thứ {0}， sau đây là phần thưởng xếp hạng của ngài， xin kiểm tra nhận lấy!,
1631,1630,2,2,2,1003,8,1,9,250,1,68,750,,,,,,,,,,s==60|Phần thưởng giải đấu tích điểm liên server Khu Vực Quần Hùng,s==191|Kính thưa Chủ công:<br/>Chúc mừng ngài tại kỳ Bỉ Võ Đại Hội Quần Hùng Chiến Khu xuyên máy chủ tích điểm trận đạt hạng thứ {0}， sau đây là phần thưởng xếp hạng của ngài， xin kiểm tra nhận lấy!,
1632,1630,3,3,2,1003,6,1,9,200,1,68,500,,,,,,,,,,s==60|Phần thưởng giải đấu tích điểm liên server Khu Vực Quần Hùng,s==191|Kính thưa Chủ công:<br/>Chúc mừng ngài tại kỳ Bỉ Võ Đại Hội Quần Hùng Chiến Khu xuyên máy chủ tích điểm trận đạt hạng thứ {0}， sau đây là phần thưởng xếp hạng của ngài， xin kiểm tra nhận lấy!,
1633,1630,4,10,2,1003,4,1,9,150,1,68,400,,,,,,,,,,s==60|Phần thưởng giải đấu tích điểm liên server Khu Vực Quần Hùng,s==191|Kính thưa Chủ công:<br/>Chúc mừng ngài tại kỳ Bỉ Võ Đại Hội Quần Hùng Chiến Khu xuyên máy chủ tích điểm trận đạt hạng thứ {0}， sau đây là phần thưởng xếp hạng của ngài， xin kiểm tra nhận lấy!,
1634,1630,11,32,2,1003,3,1,9,100,1,68,300,,,,,,,,,,s==60|Phần thưởng giải đấu tích điểm liên server Khu Vực Quần Hùng,s==191|Kính thưa Chủ công:<br/>Chúc mừng ngài tại kỳ Bỉ Võ Đại Hội Quần Hùng Chiến Khu xuyên máy chủ tích điểm trận đạt hạng thứ {0}， sau đây là phần thưởng xếp hạng của ngài， xin kiểm tra nhận lấy!,
1635,1630,33,64,2,1003,2,1,9,80,1,68,200,,,,,,,,,,s==60|Phần thưởng giải đấu tích điểm liên server Khu Vực Quần Hùng,s==191|Kính thưa Chủ công:<br/>Chúc mừng ngài tại kỳ Bỉ Võ Đại Hội Quần Hùng Chiến Khu xuyên máy chủ tích điểm trận đạt hạng thứ {0}， sau đây là phần thưởng xếp hạng của ngài， xin kiểm tra nhận lấy!,
1636,1630,65,128,2,1003,1,1,9,50,1,68,100,,,,,,,,,,s==60|Phần thưởng giải đấu tích điểm liên server Khu Vực Quần Hùng,s==191|Kính thưa Chủ công:<br/>Chúc mừng ngài tại kỳ Bỉ Võ Đại Hội Quần Hùng Chiến Khu xuyên máy chủ tích điểm trận đạt hạng thứ {0}， sau đây là phần thưởng xếp hạng của ngài， xin kiểm tra nhận lấy!,
1640,1640,1,1,2,1004,10,1,9,1000,2,3014,50,1,68,6000,,,,,,,s==65|Phần thưởng giải đấu loại trực tiếp liên server Khu Vực Vương Hầu,s==196|Kính thưa Chủ công:<br/>Chúc mừng ngài tại kỳ Bỉ Võ Đại Hội Vương Hầu Chiến Khu xuyên máy chủ loại trực tiếp trận đạt hạng thứ {0}， sau đây là phần thưởng xếp hạng của ngài， xin kiểm tra nhận lấy!,
1641,1640,2,2,2,1004,10,1,9,800,1,68,4500,,,,,,,,,,s==65|Phần thưởng giải đấu loại trực tiếp liên server Khu Vực Vương Hầu,s==196|Kính thưa Chủ công:<br/>Chúc mừng ngài tại kỳ Bỉ Võ Đại Hội Vương Hầu Chiến Khu xuyên máy chủ loại trực tiếp trận đạt hạng thứ {0}， sau đây là phần thưởng xếp hạng của ngài， xin kiểm tra nhận lấy!,
1642,1640,3,3,2,1004,8,1,9,600,1,68,3000,,,,,,,,,,s==65|Phần thưởng giải đấu loại trực tiếp liên server Khu Vực Vương Hầu,s==196|Kính thưa Chủ công:<br/>Chúc mừng ngài tại kỳ Bỉ Võ Đại Hội Vương Hầu Chiến Khu xuyên máy chủ loại trực tiếp trận đạt hạng thứ {0}， sau đây là phần thưởng xếp hạng của ngài， xin kiểm tra nhận lấy!,
1643,1640,4,4,2,1004,6,1,9,500,1,68,2700,,,,,,,,,,s==65|Phần thưởng giải đấu loại trực tiếp liên server Khu Vực Vương Hầu,s==196|Kính thưa Chủ công:<br/>Chúc mừng ngài tại kỳ Bỉ Võ Đại Hội Vương Hầu Chiến Khu xuyên máy chủ loại trực tiếp trận đạt hạng thứ {0}， sau đây là phần thưởng xếp hạng của ngài， xin kiểm tra nhận lấy!,
1644,1640,5,8,2,1004,4,1,9,400,1,68,2400,,,,,,,,,,s==65|Phần thưởng giải đấu loại trực tiếp liên server Khu Vực Vương Hầu,s==196|Kính thưa Chủ công:<br/>Chúc mừng ngài tại kỳ Bỉ Võ Đại Hội Vương Hầu Chiến Khu xuyên máy chủ loại trực tiếp trận đạt hạng thứ {0}， sau đây là phần thưởng xếp hạng của ngài， xin kiểm tra nhận lấy!,
1645,1640,9,16,2,1004,3,1,9,300,1,68,2100,,,,,,,,,,s==65|Phần thưởng giải đấu loại trực tiếp liên server Khu Vực Vương Hầu,s==196|Kính thưa Chủ công:<br/>Chúc mừng ngài tại kỳ Bỉ Võ Đại Hội Vương Hầu Chiến Khu xuyên máy chủ loại trực tiếp trận đạt hạng thứ {0}， sau đây là phần thưởng xếp hạng của ngài， xin kiểm tra nhận lấy!,
1646,1640,17,32,2,1004,2,1,9,200,1,68,1800,,,,,,,,,,s==65|Phần thưởng giải đấu loại trực tiếp liên server Khu Vực Vương Hầu,s==196|Kính thưa Chủ công:<br/>Chúc mừng ngài tại kỳ Bỉ Võ Đại Hội Vương Hầu Chiến Khu xuyên máy chủ loại trực tiếp trận đạt hạng thứ {0}， sau đây là phần thưởng xếp hạng của ngài， xin kiểm tra nhận lấy!,
1647,1640,33,64,2,1004,1,1,9,100,1,68,1500,,,,,,,,,,s==65|Phần thưởng giải đấu loại trực tiếp liên server Khu Vực Vương Hầu,s==196|Kính thưa Chủ công:<br/>Chúc mừng ngài tại kỳ Bỉ Võ Đại Hội Vương Hầu Chiến Khu xuyên máy chủ loại trực tiếp trận đạt hạng thứ {0}， sau đây là phần thưởng xếp hạng của ngài， xin kiểm tra nhận lấy!,
1650,1650,1,1,2,1003,20,1,9,500,2,3008,50,1,68,2000,,,,,,,s==59|Phần thưởng Loại Trừ Liên Server Khu Chiến Trường Quần Hùng,s==170|Kính thưa Chủ công:<br/>Chúc mừng ngài đã đạt hạng {0} trong kỳ thi đấu võ lâm khu vực Quần Hùng vượt máy chủ， sau đây là phần thưởng xếp hạng của ngài， xin mời nhận lấy!,
1651,1650,2,2,2,1003,15,1,9,400,1,68,1500,,,,,,,,,,s==59|Phần thưởng Loại Trừ Liên Server Khu Chiến Trường Quần Hùng,s==170|Kính thưa Chủ công:<br/>Chúc mừng ngài đã đạt hạng {0} trong kỳ thi đấu võ lâm khu vực Quần Hùng vượt máy chủ， sau đây là phần thưởng xếp hạng của ngài， xin mời nhận lấy!,
1652,1650,3,3,2,1003,10,1,9,300,1,68,1000,,,,,,,,,,s==59|Phần thưởng Loại Trừ Liên Server Khu Chiến Trường Quần Hùng,s==170|Kính thưa Chủ công:<br/>Chúc mừng ngài đã đạt hạng {0} trong kỳ thi đấu võ lâm khu vực Quần Hùng vượt máy chủ， sau đây là phần thưởng xếp hạng của ngài， xin mời nhận lấy!,
1653,1650,4,4,2,1003,8,1,9,250,1,68,900,,,,,,,,,,s==59|Phần thưởng Loại Trừ Liên Server Khu Chiến Trường Quần Hùng,s==170|Kính thưa Chủ công:<br/>Chúc mừng ngài đã đạt hạng {0} trong kỳ thi đấu võ lâm khu vực Quần Hùng vượt máy chủ， sau đây là phần thưởng xếp hạng của ngài， xin mời nhận lấy!,
1654,1650,5,8,2,1003,6,1,9,200,1,68,800,,,,,,,,,,s==59|Phần thưởng Loại Trừ Liên Server Khu Chiến Trường Quần Hùng,s==170|Kính thưa Chủ công:<br/>Chúc mừng ngài đã đạt hạng {0} trong kỳ thi đấu võ lâm khu vực Quần Hùng vượt máy chủ， sau đây là phần thưởng xếp hạng của ngài， xin mời nhận lấy!,
1655,1650,9,16,2,1003,4,1,9,150,1,68,700,,,,,,,,,,s==59|Phần thưởng Loại Trừ Liên Server Khu Chiến Trường Quần Hùng,s==170|Kính thưa Chủ công:<br/>Chúc mừng ngài đã đạt hạng {0} trong kỳ thi đấu võ lâm khu vực Quần Hùng vượt máy chủ， sau đây là phần thưởng xếp hạng của ngài， xin mời nhận lấy!,
1656,1650,17,32,2,1003,2,1,9,100,1,68,600,,,,,,,,,,s==59|Phần thưởng Loại Trừ Liên Server Khu Chiến Trường Quần Hùng,s==170|Kính thưa Chủ công:<br/>Chúc mừng ngài đã đạt hạng {0} trong kỳ thi đấu võ lâm khu vực Quần Hùng vượt máy chủ， sau đây là phần thưởng xếp hạng của ngài， xin mời nhận lấy!,
1657,1650,33,64,2,1003,1,1,9,50,1,68,500,,,,,,,,,,s==59|Phần thưởng Loại Trừ Liên Server Khu Chiến Trường Quần Hùng,s==170|Kính thưa Chủ công:<br/>Chúc mừng ngài đã đạt hạng {0} trong kỳ thi đấu võ lâm khu vực Quần Hùng vượt máy chủ， sau đây là phần thưởng xếp hạng của ngài， xin mời nhận lấy!,
1660,1660,1,1,2,1004,5,1,9,1000,1,68,12000,,,,,,,,,,s==65|Phần thưởng Thi Đấu Tích Điểm Thế Giới Khu Chiến Trường Vương Hầu,s==176|Kính thưa Chủ công:<br/>Chúc mừng ngài đã đạt hạng {0} trong kỳ thi đấu võ lâm khu vực Vương Hầu thế giới tích điểm， sau đây là phần thưởng xếp hạng của ngài， xin mời nhận lấy!,
1661,1660,2,2,2,1004,4,1,9,800,1,68,9000,,,,,,,,,,s==65|Phần thưởng Thi Đấu Tích Điểm Thế Giới Khu Chiến Trường Vương Hầu,s==176|Kính thưa Chủ công:<br/>Chúc mừng ngài đã đạt hạng {0} trong kỳ thi đấu võ lâm khu vực Vương Hầu thế giới tích điểm， sau đây là phần thưởng xếp hạng của ngài， xin mời nhận lấy!,
1662,1660,3,3,2,1004,3,1,9,600,1,68,6000,,,,,,,,,,s==65|Phần thưởng Thi Đấu Tích Điểm Thế Giới Khu Chiến Trường Vương Hầu,s==176|Kính thưa Chủ công:<br/>Chúc mừng ngài đã đạt hạng {0} trong kỳ thi đấu võ lâm khu vực Vương Hầu thế giới tích điểm， sau đây là phần thưởng xếp hạng của ngài， xin mời nhận lấy!,
1663,1660,4,10,2,1004,2,1,9,500,1,68,5400,,,,,,,,,,s==65|Phần thưởng Thi Đấu Tích Điểm Thế Giới Khu Chiến Trường Vương Hầu,s==176|Kính thưa Chủ công:<br/>Chúc mừng ngài đã đạt hạng {0} trong kỳ thi đấu võ lâm khu vực Vương Hầu thế giới tích điểm， sau đây là phần thưởng xếp hạng của ngài， xin mời nhận lấy!,
1664,1660,11,32,2,1004,1,1,9,400,1,68,4800,,,,,,,,,,s==65|Phần thưởng Thi Đấu Tích Điểm Thế Giới Khu Chiến Trường Vương Hầu,s==176|Kính thưa Chủ công:<br/>Chúc mừng ngài đã đạt hạng {0} trong kỳ thi đấu võ lâm khu vực Vương Hầu thế giới tích điểm， sau đây là phần thưởng xếp hạng của ngài， xin mời nhận lấy!,
1665,1660,33,64,2,1004,1,1,9,300,1,68,4200,,,,,,,,,,s==65|Phần thưởng Thi Đấu Tích Điểm Thế Giới Khu Chiến Trường Vương Hầu,s==176|Kính thưa Chủ công:<br/>Chúc mừng ngài đã đạt hạng {0} trong kỳ thi đấu võ lâm khu vực Vương Hầu thế giới tích điểm， sau đây là phần thưởng xếp hạng của ngài， xin mời nhận lấy!,
1666,1660,65,128,2,1004,1,1,9,200,1,68,3600,,,,,,,,,,s==65|Phần thưởng Thi Đấu Tích Điểm Thế Giới Khu Chiến Trường Vương Hầu,s==176|Kính thưa Chủ công:<br/>Chúc mừng ngài đã đạt hạng {0} trong kỳ thi đấu võ lâm khu vực Vương Hầu thế giới tích điểm， sau đây là phần thưởng xếp hạng của ngài， xin mời nhận lấy!,
1670,1670,1,1,2,1003,10,1,9,500,1,68,4000,,,,,,,,,,s==65|Phần thưởng Thi Đấu Tích Điểm Thế Giới Khu Chiến Trường Quần Hùng,s==176|Kính thưa Chủ công:<br/>Chúc mừng ngài đã đạt hạng {0} trong kỳ thi đấu võ lâm khu vực Quần Hùng thế giới tích điểm， sau đây là phần thưởng xếp hạng của ngài， xin mời nhận lấy!,
1671,1670,2,2,2,1003,8,1,9,400,1,68,3000,,,,,,,,,,s==65|Phần thưởng Thi Đấu Tích Điểm Thế Giới Khu Chiến Trường Quần Hùng,s==176|Kính thưa Chủ công:<br/>Chúc mừng ngài đã đạt hạng {0} trong kỳ thi đấu võ lâm khu vực Quần Hùng thế giới tích điểm， sau đây là phần thưởng xếp hạng của ngài， xin mời nhận lấy!,
1672,1670,3,3,2,1003,6,1,9,300,1,68,2000,,,,,,,,,,s==65|Phần thưởng Thi Đấu Tích Điểm Thế Giới Khu Chiến Trường Quần Hùng,s==176|Kính thưa Chủ công:<br/>Chúc mừng ngài đã đạt hạng {0} trong kỳ thi đấu võ lâm khu vực Quần Hùng thế giới tích điểm， sau đây là phần thưởng xếp hạng của ngài， xin mời nhận lấy!,
1673,1670,4,10,2,1003,4,1,9,250,1,68,1800,,,,,,,,,,s==65|Phần thưởng Thi Đấu Tích Điểm Thế Giới Khu Chiến Trường Quần Hùng,s==176|Kính thưa Chủ công:<br/>Chúc mừng ngài đã đạt hạng {0} trong kỳ thi đấu võ lâm khu vực Quần Hùng thế giới tích điểm， sau đây là phần thưởng xếp hạng của ngài， xin mời nhận lấy!,
1674,1670,11,32,2,1003,3,1,9,200,1,68,1600,,,,,,,,,,s==65|Phần thưởng Thi Đấu Tích Điểm Thế Giới Khu Chiến Trường Quần Hùng,s==176|Kính thưa Chủ công:<br/>Chúc mừng ngài đã đạt hạng {0} trong kỳ thi đấu võ lâm khu vực Quần Hùng thế giới tích điểm， sau đây là phần thưởng xếp hạng của ngài， xin mời nhận lấy!,
1675,1670,33,64,2,1003,2,1,9,180,1,68,1400,,,,,,,,,,s==65|Phần thưởng Thi Đấu Tích Điểm Thế Giới Khu Chiến Trường Quần Hùng,s==176|Kính thưa Chủ công:<br/>Chúc mừng ngài đã đạt hạng {0} trong kỳ thi đấu võ lâm khu vực Quần Hùng thế giới tích điểm， sau đây là phần thưởng xếp hạng của ngài， xin mời nhận lấy!,
1676,1670,65,128,2,1003,1,1,9,160,1,68,1200,,,,,,,,,,s==65|Phần thưởng Thi Đấu Tích Điểm Thế Giới Khu Chiến Trường Quần Hùng,s==176|Kính thưa Chủ công:<br/>Chúc mừng ngài đã đạt hạng {0} trong kỳ thi đấu võ lâm khu vực Quần Hùng thế giới tích điểm， sau đây là phần thưởng xếp hạng của ngài， xin mời nhận lấy!,
1680,1680,1,1,2,1004,50,1,9,5000,1,68,30000,2,3014,150,2,19574,1,2,19830,1,s==56|Phần thưởng Loại Trừ Thế Giới Khu Chiến Trường Vương Hầu,s==164|Kính thưa Chủ công:<br/>Chúc mừng ngài đã đạt hạng {0} trong kỳ thi đấu võ lâm khu vực Vương Hầu kỳ này， sau đây là phần thưởng xếp hạng của ngài， xin mời nhận lấy!,
1681,1680,2,2,2,1004,40,1,9,4000,1,68,25000,2,3014,100,2,19576,1,,,,s==56|Phần thưởng Loại Trừ Thế Giới Khu Chiến Trường Vương Hầu,s==164|Kính thưa Chủ công:<br/>Chúc mừng ngài đã đạt hạng {0} trong kỳ thi đấu võ lâm khu vực Vương Hầu kỳ này， sau đây là phần thưởng xếp hạng của ngài， xin mời nhận lấy!,
1682,1680,3,3,2,1004,30,1,9,3000,1,68,20000,2,3014,50,2,19578,1,,,,s==56|Phần thưởng Loại Trừ Thế Giới Khu Chiến Trường Vương Hầu,s==164|Kính thưa Chủ công:<br/>Chúc mừng ngài đã đạt hạng {0} trong kỳ thi đấu võ lâm khu vực Vương Hầu kỳ này， sau đây là phần thưởng xếp hạng của ngài， xin mời nhận lấy!,
1683,1680,4,4,2,1004,25,1,9,2500,1,68,18000,,,,,,,,,,s==56|Phần thưởng Loại Trừ Thế Giới Khu Chiến Trường Vương Hầu,s==164|Kính thưa Chủ công:<br/>Chúc mừng ngài đã đạt hạng {0} trong kỳ thi đấu võ lâm khu vực Vương Hầu kỳ này， sau đây là phần thưởng xếp hạng của ngài， xin mời nhận lấy!,
1684,1680,5,8,2,1004,20,1,9,2000,1,68,16000,,,,,,,,,,s==56|Phần thưởng Loại Trừ Thế Giới Khu Chiến Trường Vương Hầu,s==164|Kính thưa Chủ công:<br/>Chúc mừng ngài đã đạt hạng {0} trong kỳ thi đấu võ lâm khu vực Vương Hầu kỳ này， sau đây là phần thưởng xếp hạng của ngài， xin mời nhận lấy!,
1685,1680,9,16,2,1004,15,1,9,1500,1,68,14000,,,,,,,,,,s==56|Phần thưởng Loại Trừ Thế Giới Khu Chiến Trường Vương Hầu,s==164|Kính thưa Chủ công:<br/>Chúc mừng ngài đã đạt hạng {0} trong kỳ thi đấu võ lâm khu vực Vương Hầu kỳ này， sau đây là phần thưởng xếp hạng của ngài， xin mời nhận lấy!,
1686,1680,17,32,2,1004,10,1,9,1000,1,68,12000,,,,,,,,,,s==56|Phần thưởng Loại Trừ Thế Giới Khu Chiến Trường Vương Hầu,s==164|Kính thưa Chủ công:<br/>Chúc mừng ngài đã đạt hạng {0} trong kỳ thi đấu võ lâm khu vực Vương Hầu kỳ này， sau đây là phần thưởng xếp hạng của ngài， xin mời nhận lấy!,
1687,1680,33,64,2,1004,8,1,9,800,1,68,10000,,,,,,,,,,s==56|Phần thưởng Loại Trừ Thế Giới Khu Chiến Trường Vương Hầu,s==164|Kính thưa Chủ công:<br/>Chúc mừng ngài đã đạt hạng {0} trong kỳ thi đấu võ lâm khu vực Vương Hầu kỳ này， sau đây là phần thưởng xếp hạng của ngài， xin mời nhận lấy!,
1690,1690,1,1,2,1004,15,1,9,1000,1,68,15000,2,3014,50,2,19575,1,2,19831,1,s==56|Phần thưởng Loại Trừ Thế Giới Khu Chiến Trường Quần Hùng,s==164|Kính thưa Chủ công:<br/>Chúc mừng ngài đã đạt hạng {0} trong kỳ thi đấu võ lâm khu vực Quần Hùng kỳ này， sau đây là phần thưởng xếp hạng của ngài， xin mời nhận lấy!,
1691,1690,2,2,2,1004,13,1,9,800,1,68,12500,2,19577,1,,,,,,,s==56|Phần thưởng Loại Trừ Thế Giới Khu Chiến Trường Quần Hùng,s==164|Kính thưa Chủ công:<br/>Chúc mừng ngài đã đạt hạng {0} trong kỳ thi đấu võ lâm khu vực Quần Hùng kỳ này， sau đây là phần thưởng xếp hạng của ngài， xin mời nhận lấy!,
1692,1690,3,3,2,1004,11,1,9,600,1,68,10000,2,19579,1,,,,,,,s==56|Phần thưởng Loại Trừ Thế Giới Khu Chiến Trường Quần Hùng,s==164|Kính thưa Chủ công:<br/>Chúc mừng ngài đã đạt hạng {0} trong kỳ thi đấu võ lâm khu vực Quần Hùng kỳ này， sau đây là phần thưởng xếp hạng của ngài， xin mời nhận lấy!,
1693,1690,4,4,2,1004,9,1,9,500,1,68,9000,,,,,,,,,,s==56|Phần thưởng Loại Trừ Thế Giới Khu Chiến Trường Quần Hùng,s==164|Kính thưa Chủ công:<br/>Chúc mừng ngài đã đạt hạng {0} trong kỳ thi đấu võ lâm khu vực Quần Hùng kỳ này， sau đây là phần thưởng xếp hạng của ngài， xin mời nhận lấy!,
1694,1690,5,8,2,1004,7,1,9,450,1,68,8000,,,,,,,,,,s==56|Phần thưởng Loại Trừ Thế Giới Khu Chiến Trường Quần Hùng,s==164|Kính thưa Chủ công:<br/>Chúc mừng ngài đã đạt hạng {0} trong kỳ thi đấu võ lâm khu vực Quần Hùng kỳ này， sau đây là phần thưởng xếp hạng của ngài， xin mời nhận lấy!,
1695,1690,9,16,2,1004,5,1,9,400,1,68,7000,,,,,,,,,,s==56|Phần thưởng Loại Trừ Thế Giới Khu Chiến Trường Quần Hùng,s==164|Kính thưa Chủ công:<br/>Chúc mừng ngài đã đạt hạng {0} trong kỳ thi đấu võ lâm khu vực Quần Hùng kỳ này， sau đây là phần thưởng xếp hạng của ngài， xin mời nhận lấy!,
1696,1690,17,32,2,1004,3,1,9,350,1,68,6000,,,,,,,,,,s==56|Phần thưởng Loại Trừ Thế Giới Khu Chiến Trường Quần Hùng,s==164|Kính thưa Chủ công:<br/>Chúc mừng ngài đã đạt hạng {0} trong kỳ thi đấu võ lâm khu vực Quần Hùng kỳ này， sau đây là phần thưởng xếp hạng của ngài， xin mời nhận lấy!,
1697,1690,33,64,2,1004,1,1,9,300,1,68,5000,,,,,,,,,,s==56|Phần thưởng Loại Trừ Thế Giới Khu Chiến Trường Quần Hùng,s==164|Kính thưa Chủ công:<br/>Chúc mừng ngài đã đạt hạng {0} trong kỳ thi đấu võ lâm khu vực Quần Hùng kỳ này， sau đây là phần thưởng xếp hạng của ngài， xin mời nhận lấy!,
1700,1700,1,1,1,9,250,1,68,340,,,,,,,,,,,,,s==45|Phần thưởng Thành Công Dự Đoán Đại Hội Võ Lâm,s==174|Kính thưa Chủ công:<br/>Chúc mừng ngài đã dự đoán thành công kết quả chiến đấu trong cách chơi điểm danh kỳ thi đấu võ lâm， sau đây là phần thưởng của ngài， xin mời nhận lấy!,
1701,1701,1,1,1,9,50,1,68,170,,,,,,,,,,,,,s==42|Phần thưởng Bảo Đảm Dự Đoán Đại Hội Võ Lâm,s==185|Kính thưa Chủ công:<br/>Rất tiếc ngài đã không dự đoán thành công kết quả chiến đấu trong cách chơi điểm danh kỳ thi đấu võ lâm， sau đây là phần thưởng an ủi của ngài， xin mời nhận lấy!,
1702,1702,1,1,1,9,50,1,68,100,,,,,,,,,,,,,s==46|Phần thưởng Thưởng Thêm Dự Đoán Đại Hội Võ Lâm,s==95|Kính thưa Chủ công:<br/>Chúc mừng ngài， sau đây là phần thưởng thêm của ngài， xin mời nhận lấy!,
1748,1748,,,,,,,,,,,,,,,,,,,,,s==53|Phần thưởng Chưa Nhận Hoạt Động Nguyện Khởi Tinh Thần,s==158|Kính thưa Chủ công:<br/>Sau đây là phần thưởng ngài đã kích hoạt nhưng chưa nhận trong hoạt động Nguyện Khởi Tinh Thần， Phúc Tinh Ban Phước， xin mời nhận lấy!,
1749,1749,,,,,,,,,,,,,,,,,,,,,s==53|Phần thưởng Chưa Nhận Hoạt Động Nguyện Khởi Tinh Thần,s==160|Kính thưa Chủ công:<br/>Sau đây là phần thưởng ngài đã kích hoạt nhưng chưa nhận trong hoạt động Nguyện Khởi Tinh Thần， Khổng Minh Thiên Đăng， xin mời nhận lấy!,
1750,1750,,,,,,,,,,,,,,,,,,,,,s==49|Phần thưởng Chưa Nhận Hoạt Động Du Viên Kinh Mộng,s==151|Kính thưa Chủ công:<br/>Sau đây là phần thưởng ngài đã kích hoạt nhưng chưa nhận trong hoạt động Du Viên Kinh Mộng， Ẩm Tửu Hành Lệnh， xin mời nhận lấy!,
1751,1751,,,,,,,,,,,,,,,,,,,,,s==49|Phần thưởng Chưa Nhận Hoạt Động Du Viên Kinh Mộng,s==149|Kính thưa Chủ công:<br/>Sau đây là phần thưởng ngài đã kích hoạt nhưng chưa nhận trong hoạt động Du Viên Kinh Mộng， Văn Hổ Đăng Mê， xin mời nhận lấy!,
1752,1752,,,,,,,,,,,,,,,,,,,,,s==49|Phần thưởng Chưa Nhận Hoạt Động Hoa Hỏa Thiên Thụ,s==152|Kính thưa Chủ công:<br/>Sau đây là phần thưởng ngài đã kích hoạt nhưng chưa nhận trong hoạt động Hoa Hỏa Thiên Thụ， Diễm Sắc Túy Nhân， xin mời nhận lấy!,
1753,1753,,,,,,,,,,,,,,,,,,,,,s==49|Phần thưởng Chưa Nhận Hoạt Động Hoa Hỏa Thiên Thụ,s==151|Kính thưa Chủ công:<br/>Sau đây là phần thưởng ngài đã kích hoạt nhưng chưa nhận trong hoạt động Hoa Hỏa Thiên Thụ， Hoa Thiên Ký Ngữ， xin mời nhận lấy!,
1754,1754,1,1,2,1004,10,2,1003,20,2,19587,1,1,9,1000,,,,,,,s==40|Phần thưởng Trừng Phạt Hoa Hỏa Thiên Thụ,s==191|Kính thưa Chủ công:<br/>Ngài đã đạt hạng <color=#a75f2f>{0}</c> trong bảng xếp hạng hoạt động Hoa Hỏa Thiên Thụ chinh phạt lần này， sau đây là phần thưởng xếp hạng của ngài， xin mời nhận lấy!,
1755,1754,2,2,2,1004,8,2,1003,15,2,19586,1,1,9,800,,,,,,,s==40|Phần thưởng Trừng Phạt Hoa Hỏa Thiên Thụ,s==191|Kính thưa Chủ công:<br/>Ngài đã đạt hạng <color=#a75f2f>{0}</c> trong bảng xếp hạng hoạt động Hoa Hỏa Thiên Thụ chinh phạt lần này， sau đây là phần thưởng xếp hạng của ngài， xin mời nhận lấy!,
1756,1754,3,3,2,1004,6,2,1003,10,2,19585,1,1,9,600,,,,,,,s==40|Phần thưởng Trừng Phạt Hoa Hỏa Thiên Thụ,s==191|Kính thưa Chủ công:<br/>Ngài đã đạt hạng <color=#a75f2f>{0}</c> trong bảng xếp hạng hoạt động Hoa Hỏa Thiên Thụ chinh phạt lần này， sau đây là phần thưởng xếp hạng của ngài， xin mời nhận lấy!,
1757,1754,4,5,2,1004,4,2,1003,8,1,9,500,,,,,,,,,,s==40|Phần thưởng Trừng Phạt Hoa Hỏa Thiên Thụ,s==191|Kính thưa Chủ công:<br/>Ngài đã đạt hạng <color=#a75f2f>{0}</c> trong bảng xếp hạng hoạt động Hoa Hỏa Thiên Thụ chinh phạt lần này， sau đây là phần thưởng xếp hạng của ngài， xin mời nhận lấy!,
1758,1754,6,10,2,1004,3,2,1003,6,1,9,450,,,,,,,,,,s==40|Phần thưởng Trừng Phạt Hoa Hỏa Thiên Thụ,s==191|Kính thưa Chủ công:<br/>Ngài đã đạt hạng <color=#a75f2f>{0}</c> trong bảng xếp hạng hoạt động Hoa Hỏa Thiên Thụ chinh phạt lần này， sau đây là phần thưởng xếp hạng của ngài， xin mời nhận lấy!,
1759,1754,11,20,2,1004,2,2,1003,5,1,9,400,,,,,,,,,,s==40|Phần thưởng Trừng Phạt Hoa Hỏa Thiên Thụ,s==191|Kính thưa Chủ công:<br/>Ngài đã đạt hạng <color=#a75f2f>{0}</c> trong bảng xếp hạng hoạt động Hoa Hỏa Thiên Thụ chinh phạt lần này， sau đây là phần thưởng xếp hạng của ngài， xin mời nhận lấy!,
1760,1754,21,50,2,1004,1,2,1003,4,1,9,350,,,,,,,,,,s==40|Phần thưởng Trừng Phạt Hoa Hỏa Thiên Thụ,s==191|Kính thưa Chủ công:<br/>Ngài đã đạt hạng <color=#a75f2f>{0}</c> trong bảng xếp hạng hoạt động Hoa Hỏa Thiên Thụ chinh phạt lần này， sau đây là phần thưởng xếp hạng của ngài， xin mời nhận lấy!,
1761,1754,51,100,2,1003,3,1,9,300,,,,,,,,,,,,,s==40|Phần thưởng Trừng Phạt Hoa Hỏa Thiên Thụ,s==191|Kính thưa Chủ công:<br/>Ngài đã đạt hạng <color=#a75f2f>{0}</c> trong bảng xếp hạng hoạt động Hoa Hỏa Thiên Thụ chinh phạt lần này， sau đây là phần thưởng xếp hạng của ngài， xin mời nhận lấy!,
1820,1754,101,200,2,1003,2,1,9,250,,,,,,,,,,,,,s==40|Phần thưởng Trừng Phạt Hoa Hỏa Thiên Thụ,s==191|Kính thưa Chủ công:<br/>Ngài đã đạt hạng <color=#a75f2f>{0}</c> trong bảng xếp hạng hoạt động Hoa Hỏa Thiên Thụ chinh phạt lần này， sau đây là phần thưởng xếp hạng của ngài， xin mời nhận lấy!,
1821,1754,200,9999,2,1003,1,1,9,200,,,,,,,,,,,,,s==40|Phần thưởng Trừng Phạt Hoa Hỏa Thiên Thụ,s==191|Kính thưa Chủ công:<br/>Ngài đã đạt hạng <color=#a75f2f>{0}</c> trong bảng xếp hạng hoạt động Hoa Hỏa Thiên Thụ chinh phạt lần này， sau đây là phần thưởng xếp hạng của ngài， xin mời nhận lấy!,
1762,1762,,,,,,,,,,,,,,,,,,,,,s==49|Phần thưởng Chưa Nhận Hoạt Động Hoa Hỏa Thiên Thụ,s==152|Kính thưa Chủ công:<br/>Sau đây là phần thưởng ngài đã kích hoạt nhưng chưa nhận trong hoạt động Hoa Hỏa Thiên Thụ， Diễm Sắc Túy Nhân， xin mời nhận lấy!,
1763,1763,,,,,,,,,,,,,,,,,,,,,s==49|Phần thưởng Chưa Nhận Hoạt Động Hoa Hỏa Thiên Thụ,s==151|Kính thưa Chủ công:<br/>Sau đây là phần thưởng ngài đã kích hoạt nhưng chưa nhận trong hoạt động Hoa Hỏa Thiên Thụ， Hoa Thiên Ký Ngữ， xin mời nhận lấy!,
1764,1764,,,,,,,,,,,,,,,,,,,,,s==52|Phần thưởng Chưa Nhận Hoạt Động Trung Xuân Đạp Thanh,s==146|Kính thưa Chủ công:<br/>Sau đây là phần thưởng ngài đã kích hoạt nhưng chưa nhận trong hoạt động Trung Xuân Đạp Thanh， Tích Nạp， xin mời nhận lấy!,
1765,1765,1,1,2,4050,1,1,9,3000,2,1006,5000,,,,,,,,,,s==51|Phần thưởng Xếp Hạng Hoạt Động Trung Xuân Đạp Thanh,s==199|Kính thưa Chủ công:<br/>Ngài đã đạt hạng <color=#a75f2f>{0}</c> trong bảng xếp hạng hoạt động Xuân Du Hội Họa Trung Xuân Đạp Thanh lần này， sau đây là phần thưởng xếp hạng của ngài， xin mời nhận lấy!,
1766,1765,2,2,2,4040,2,1,9,2500,2,1006,4000,,,,,,,,,,s==51|Phần thưởng Xếp Hạng Hoạt Động Trung Xuân Đạp Thanh,s==199|Kính thưa Chủ công:<br/>Ngài đã đạt hạng <color=#a75f2f>{0}</c> trong bảng xếp hạng hoạt động Xuân Du Hội Họa Trung Xuân Đạp Thanh lần này， sau đây là phần thưởng xếp hạng của ngài， xin mời nhận lấy!,
1767,1765,3,3,2,4040,1,1,9,2000,2,1006,3000,,,,,,,,,,s==51|Phần thưởng Xếp Hạng Hoạt Động Trung Xuân Đạp Thanh,s==199|Kính thưa Chủ công:<br/>Ngài đã đạt hạng <color=#a75f2f>{0}</c> trong bảng xếp hạng hoạt động Xuân Du Hội Họa Trung Xuân Đạp Thanh lần này， sau đây là phần thưởng xếp hạng của ngài， xin mời nhận lấy!,
1768,1765,4,5,2,4030,3,1,9,1500,2,1006,2500,,,,,,,,,,s==51|Phần thưởng Xếp Hạng Hoạt Động Trung Xuân Đạp Thanh,s==199|Kính thưa Chủ công:<br/>Ngài đã đạt hạng <color=#a75f2f>{0}</c> trong bảng xếp hạng hoạt động Xuân Du Hội Họa Trung Xuân Đạp Thanh lần này， sau đây là phần thưởng xếp hạng của ngài， xin mời nhận lấy!,
1769,1765,6,10,2,4030,2,1,9,1000,2,1006,2000,,,,,,,,,,s==51|Phần thưởng Xếp Hạng Hoạt Động Trung Xuân Đạp Thanh,s==199|Kính thưa Chủ công:<br/>Ngài đã đạt hạng <color=#a75f2f>{0}</c> trong bảng xếp hạng hoạt động Xuân Du Hội Họa Trung Xuân Đạp Thanh lần này， sau đây là phần thưởng xếp hạng của ngài， xin mời nhận lấy!,
1770,1765,11,20,2,4030,1,1,9,800,2,1006,1800,,,,,,,,,,s==51|Phần thưởng Xếp Hạng Hoạt Động Trung Xuân Đạp Thanh,s==199|Kính thưa Chủ công:<br/>Ngài đã đạt hạng <color=#a75f2f>{0}</c> trong bảng xếp hạng hoạt động Xuân Du Hội Họa Trung Xuân Đạp Thanh lần này， sau đây là phần thưởng xếp hạng của ngài， xin mời nhận lấy!,
1771,1765,21,50,2,4020,3,1,9,600,2,1006,1600,,,,,,,,,,s==51|Phần thưởng Xếp Hạng Hoạt Động Trung Xuân Đạp Thanh,s==199|Kính thưa Chủ công:<br/>Ngài đã đạt hạng <color=#a75f2f>{0}</c> trong bảng xếp hạng hoạt động Xuân Du Hội Họa Trung Xuân Đạp Thanh lần này， sau đây là phần thưởng xếp hạng của ngài， xin mời nhận lấy!,
1772,1765,51,100,2,4020,2,1,9,500,2,1006,1400,,,,,,,,,,s==51|Phần thưởng Xếp Hạng Hoạt Động Trung Xuân Đạp Thanh,s==199|Kính thưa Chủ công:<br/>Ngài đã đạt hạng <color=#a75f2f>{0}</c> trong bảng xếp hạng hoạt động Xuân Du Hội Họa Trung Xuân Đạp Thanh lần này， sau đây là phần thưởng xếp hạng của ngài， xin mời nhận lấy!,
1773,1765,101,200,2,4020,1,1,9,400,2,1006,1200,,,,,,,,,,s==51|Phần thưởng Xếp Hạng Hoạt Động Trung Xuân Đạp Thanh,s==199|Kính thưa Chủ công:<br/>Ngài đã đạt hạng <color=#a75f2f>{0}</c> trong bảng xếp hạng hoạt động Xuân Du Hội Họa Trung Xuân Đạp Thanh lần này， sau đây là phần thưởng xếp hạng của ngài， xin mời nhận lấy!,
1774,1765,201,500,2,4010,3,1,9,300,2,1006,1000,,,,,,,,,,s==51|Phần thưởng Xếp Hạng Hoạt Động Trung Xuân Đạp Thanh,s==199|Kính thưa Chủ công:<br/>Ngài đã đạt hạng <color=#a75f2f>{0}</c> trong bảng xếp hạng hoạt động Xuân Du Hội Họa Trung Xuân Đạp Thanh lần này， sau đây là phần thưởng xếp hạng của ngài， xin mời nhận lấy!,
1775,1765,501,1000,2,4010,2,1,9,200,2,1006,800,,,,,,,,,,s==51|Phần thưởng Xếp Hạng Hoạt Động Trung Xuân Đạp Thanh,s==199|Kính thưa Chủ công:<br/>Ngài đã đạt hạng <color=#a75f2f>{0}</c> trong bảng xếp hạng hoạt động Xuân Du Hội Họa Trung Xuân Đạp Thanh lần này， sau đây là phần thưởng xếp hạng của ngài， xin mời nhận lấy!,
1776,1765,1001,9999,2,4010,1,1,9,100,2,1006,600,,,,,,,,,,s==51|Phần thưởng Xếp Hạng Hoạt Động Trung Xuân Đạp Thanh,s==199|Kính thưa Chủ công:<br/>Ngài đã đạt hạng <color=#a75f2f>{0}</c> trong bảng xếp hạng hoạt động Xuân Du Hội Họa Trung Xuân Đạp Thanh lần này， sau đây là phần thưởng xếp hạng của ngài， xin mời nhận lấy!,
1777,1770,1,1,1,9,600,1,8,5000000,2,1001,1000,,,,,,,,,,s==28|Phần thưởng Xếp Hạng Mời Bạn,s==190|Kính thưa Chủ công:<br/>Chúc mừng ngài đã đạt hạng <color=#a75f2f>{0}</c> trong bảng xếp hạng hoạt động Mời Hữu Hằng Tuần lần này， sau đây là phần thưởng xếp hạng của ngài， xin mời nhận lấy!,
1778,1770,2,2,1,9,500,1,8,4000000,2,1001,800,,,,,,,,,,s==28|Phần thưởng Xếp Hạng Mời Bạn,s==190|Kính thưa Chủ công:<br/>Chúc mừng ngài đã đạt hạng <color=#a75f2f>{0}</c> trong bảng xếp hạng hoạt động Mời Hữu Hằng Tuần lần này， sau đây là phần thưởng xếp hạng của ngài， xin mời nhận lấy!,
1779,1770,3,3,1,9,400,1,8,3000000,2,1001,600,,,,,,,,,,s==28|Phần thưởng Xếp Hạng Mời Bạn,s==190|Kính thưa Chủ công:<br/>Chúc mừng ngài đã đạt hạng <color=#a75f2f>{0}</c> trong bảng xếp hạng hoạt động Mời Hữu Hằng Tuần lần này， sau đây là phần thưởng xếp hạng của ngài， xin mời nhận lấy!,
1780,1770,4,5,1,9,350,1,8,2500000,2,1001,500,,,,,,,,,,s==28|Phần thưởng Xếp Hạng Mời Bạn,s==190|Kính thưa Chủ công:<br/>Chúc mừng ngài đã đạt hạng <color=#a75f2f>{0}</c> trong bảng xếp hạng hoạt động Mời Hữu Hằng Tuần lần này， sau đây là phần thưởng xếp hạng của ngài， xin mời nhận lấy!,
1781,1770,6,10,1,9,300,1,8,2000000,2,1001,400,,,,,,,,,,s==28|Phần thưởng Xếp Hạng Mời Bạn,s==190|Kính thưa Chủ công:<br/>Chúc mừng ngài đã đạt hạng <color=#a75f2f>{0}</c> trong bảng xếp hạng hoạt động Mời Hữu Hằng Tuần lần này， sau đây là phần thưởng xếp hạng của ngài， xin mời nhận lấy!,
1782,1770,11,20,1,9,250,1,8,1500000,2,1001,300,,,,,,,,,,s==28|Phần thưởng Xếp Hạng Mời Bạn,s==190|Kính thưa Chủ công:<br/>Chúc mừng ngài đã đạt hạng <color=#a75f2f>{0}</c> trong bảng xếp hạng hoạt động Mời Hữu Hằng Tuần lần này， sau đây là phần thưởng xếp hạng của ngài， xin mời nhận lấy!,
1783,1770,21,50,1,9,200,1,8,1000000,2,1001,200,,,,,,,,,,s==28|Phần thưởng Xếp Hạng Mời Bạn,s==190|Kính thưa Chủ công:<br/>Chúc mừng ngài đã đạt hạng <color=#a75f2f>{0}</c> trong bảng xếp hạng hoạt động Mời Hữu Hằng Tuần lần này， sau đây là phần thưởng xếp hạng của ngài， xin mời nhận lấy!,
1784,1770,50,100,1,9,150,1,8,500000,2,1001,100,,,,,,,,,,s==28|Phần thưởng Xếp Hạng Mời Bạn,s==190|Kính thưa Chủ công:<br/>Chúc mừng ngài đã đạt hạng <color=#a75f2f>{0}</c> trong bảng xếp hạng hoạt động Mời Hữu Hằng Tuần lần này， sau đây là phần thưởng xếp hạng của ngài， xin mời nhận lấy!,
1785,1780,,,1,9,200,2,3008,50,1,8,880000,2,1001,200,,,,,,,s==20|Mời bằng hữu tặng lễ,s==261|Kính thưa Chủ công:<br/>Cảm tạ Chủ công đã ủng hộ và yêu mến trò chơi， lòng biết ơn không sao tả xiết， nay xin dâng lên chút quà nhỏ， bày tỏ tấm lòng。 Kính mong Chủ công chú ý nhận lấy。 Liên tiếp mời nhiều bằng hữu vào chơi， sẽ có thêm nhiều lễ vật tốt đẹp đấy。,
1786,1790,,,,,,,,,,,,,,,,,,,,,s==45|Hoạt động Kim Cương Hồng Lâm chưa nhận thưởng,s==164|Kính thưa Chủ công:<br/>Dưới đây là phần thưởng Chủ công đã kích hoạt trong sự kiện Kim Cương Hồng Lâm， Kim Cương Bí Lục nhưng chưa nhận， xin mời Chủ công nhận lấy!,
1787,1791,,,,,,,,,,,,,,,,,,,,,s==52|Phần thưởng Chưa Nhận Hoạt Động Trung Xuân Đạp Thanh,s==167|Kính thưa Chủ công:<br/>Dưới đây là phần thưởng Chủ công đã kích hoạt trong sự kiện Trung Xuân Thạp Thanh， tại Thương Thành nhưng chưa nhận， xin mời Chủ công nhận lấy!,
1792,806,,,,,,,,,,,,,,,,,,,,,s==41|Thông báo hết hạn đặc quyền tranh đoạt mỏ,s==335|Kính thưa Chủ công:<br/>Quyền lợi tranh đoạt mỏ Chủ công đã mua trước đây đã hết hạn， kích hoạt lại sẽ được hưởng thêm 2 lượt thử thách tranh đoạt mỏ mỗi ngày， lợi tức tăng 10%。<br/>Chủ công có thể bấm nút “Bổ sung ngay” bên dưới， đến trang 【Quyền lợi】 để nhanh chóng gia hạn thời gian quyền lợi， tránh ảnh hưởng đến lợi tức liên quan!,
1789,1793,,,,,,,,,,,,,,,,,,,,,s==45|Hoạt động Kim Cương Hồng Lâm chưa nhận thưởng,s==164|Kính thưa Chủ công:<br/>Dưới đây là phần thưởng Chủ công đã kích hoạt trong sự kiện Kim Cương Hồng Lâm， Thất Bảo Hộ Pháp nhưng chưa nhận， xin mời Chủ công nhận lấy!,
1790,1794,,,,,,,,,,,,,,,,,,,,,s==29|Ghi chép thử thách Bỉ Vũ Lệnh,s==214|Kính thưa Chủ công:<br/>Kết quả ghi chép thử thách Bỉ Vũ Lệnh hôm nay như sau， Chủ công bị thách đấu tổng cộng <color=#a75f2f>{0}</c> lần， giành được <color=#07bf77>{1}</c> trận thắng， thật là dũng mãnh phi thường。,
1791,1795,,,,,,,,,,,,,,,,,,,,,s==17|Bao lì xì năm mới,s==107|Kính thưa Chủ công:<br/>Dưới đây là phong bao lì xì Tân Niên Chủ công chưa nhận， xin mời Chủ công nhận lấy!,
1793,1793,,,,,,,,,,,,,,,,,,,,,s==48|Nhắc nhở tự động thay đổi đội hình đại hội bỉ võ,s==194|Kính thưa Chủ công:<br/>Nay đã giúp Chủ công điều chỉnh đội hình mạnh nhất trong vòng loại thành đội hình xuất phát， tiện cho Chủ công tham gia các trận đấu tích điểm sắp tới， đặc biệt nhắc nhở!,
1794,60032,,,1,8,3000000,1,9,500,,,,,,,,,,,,,s==53|Phần thưởng đại giải may mắn xếp hạng Xâm Lăng Man Di,s==244|Kính thưa Chủ công:<br/>Đinh đinh đinh đinh~ Ngôi sao may mắn siêu cấp chính là Chủ công! Chúc mừng ngài đã trúng đại giải may mắn trong lần xâm lăng Man Di này， thật là vận may trời cho~ sau đây là phần thưởng của ngài， xin hãy chú ý nhận lấy~,
1795,60032,1,1,1,33,3000,1,9,250,,,,,,,,,,,,,s==36|Phần thưởng xếp hạng Xâm Lăng Man Di,s==150|Kính thưa Chủ công:<br/>Chúc mừng ngài đã đạt thành tích hạng 1 Tầng trong lần xâm lăng Man Di này， sau đây là phần thưởng của ngài， xin mời nhận lấy!,
1796,60032,2,2,1,33,2000,1,9,200,,,,,,,,,,,,,s==36|Phần thưởng xếp hạng Xâm Lăng Man Di,s==150|Kính thưa Chủ công:<br/>Chúc mừng ngài đã đạt thành tích hạng 2 Tầng trong lần xâm lăng Man Di này， sau đây là phần thưởng của ngài， xin mời nhận lấy!,
1797,60032,3,3,1,33,1500,1,9,150,,,,,,,,,,,,,s==36|Phần thưởng xếp hạng Xâm Lăng Man Di,s==150|Kính thưa Chủ công:<br/>Chúc mừng ngài đã đạt thành tích hạng 3 Tầng trong lần xâm lăng Man Di này， sau đây là phần thưởng của ngài， xin mời nhận lấy!,
1798,60032,4,5,1,33,1200,1,9,125,,,,,,,,,,,,,s==36|Phần thưởng xếp hạng Xâm Lăng Man Di,s==152|Kính thưa Chủ công:<br/>Chúc mừng ngài đã đạt thành tích hạng 4~5 Tầng trong lần xâm lăng Man Di này， sau đây là phần thưởng của ngài， xin mời nhận lấy!,
1799,60032,6,10,1,33,900,1,9,100,,,,,,,,,,,,,s==36|Phần thưởng xếp hạng Xâm Lăng Man Di,s==153|Kính thưa Chủ công:<br/>Chúc mừng ngài đã đạt thành tích hạng 6~10 Tầng trong lần xâm lăng Man Di này， sau đây là phần thưởng của ngài， xin mời nhận lấy!,
1800,60032,11,20,1,33,700,1,9,75,,,,,,,,,,,,,s==36|Phần thưởng xếp hạng Xâm Lăng Man Di,s==154|Kính thưa Chủ công:<br/>Chúc mừng ngài đã đạt thành tích hạng 11~20 Tầng trong lần xâm lăng Man Di này， sau đây là phần thưởng của ngài， xin mời nhận lấy!,
1801,60032,21,50,1,33,500,1,9,50,,,,,,,,,,,,,s==36|Phần thưởng xếp hạng Xâm Lăng Man Di,s==154|Kính thưa Chủ công:<br/>Chúc mừng ngài đã đạt thành tích hạng 21~50 Tầng trong lần xâm lăng Man Di này， sau đây là phần thưởng của ngài， xin mời nhận lấy!,
1802,60032,51,100,1,33,400,1,9,35,,,,,,,,,,,,,s==36|Phần thưởng xếp hạng Xâm Lăng Man Di,s==155|Kính thưa Chủ công:<br/>Chúc mừng ngài đã đạt thành tích hạng 51~100 Tầng trong lần xâm lăng Man Di này， sau đây là phần thưởng của ngài， xin mời nhận lấy!,
1803,60032,101,200,1,33,300,1,9,25,,,,,,,,,,,,,s==36|Phần thưởng xếp hạng Xâm Lăng Man Di,s==156|Kính thưa Chủ công:<br/>Chúc mừng ngài đã đạt thành tích hạng 101~200 Tầng trong lần xâm lăng Man Di này， sau đây là phần thưởng của ngài， xin mời nhận lấy!,
1804,60032,201,500,1,33,200,1,9,20,,,,,,,,,,,,,s==36|Phần thưởng xếp hạng Xâm Lăng Man Di,s==156|Kính thưa Chủ công:<br/>Chúc mừng ngài đã đạt thành tích hạng 201~500 Tầng trong lần xâm lăng Man Di này， sau đây là phần thưởng của ngài， xin mời nhận lấy!,
1805,60032,501,99999,1,33,150,1,9,15,,,,,,,,,,,,,s==36|Phần thưởng xếp hạng Xâm Lăng Man Di,s==157|Kính thưa Chủ công:<br/>Chúc mừng ngài đã đạt thành tích hạng 501~9999 Tầng trong lần xâm lăng Man Di này， sau đây là phần thưởng của ngài， xin mời nhận lấy!,
1806,60033,1,100000000,1,33,200,1,8,100000,,,,,,,,,,,,,s==51|Phần thưởng tổng sát thương máy chủ Xâm Lăng Man Di,s==171|Kính thưa Chủ công:<br/>Máy chủ ngài đang ở đã gây tổng sát thương từ 1 đến 1 ức trong trận chiến Man Di lần này， sau đây là phần thưởng của ngài， xin hãy cố gắng hơn nữa!,
1807,60033,100000001,200000000,1,33,250,1,8,150000,,,,,,,,,,,,,s==51|Phần thưởng tổng sát thương máy chủ Xâm Lăng Man Di,s==171|Kính thưa Chủ công:<br/>Máy chủ ngài đang ở đã gây tổng sát thương từ 1 đến 2 ức trong trận chiến Man Di lần này， sau đây là phần thưởng của ngài， xin hãy cố gắng hơn nữa!,
1808,60033,200000001,300000000,1,33,300,1,8,200000,,,,,,,,,,,,,s==51|Phần thưởng tổng sát thương máy chủ Xâm Lăng Man Di,s==171|Kính thưa Chủ công:<br/>Máy chủ ngài đang ở đã gây tổng sát thương từ 2 đến 3 ức trong trận chiến Man Di lần này， sau đây là phần thưởng của ngài， xin hãy cố gắng hơn nữa!,
1809,60033,300000001,500000000,1,33,400,1,8,250000,,,,,,,,,,,,,s==51|Phần thưởng tổng sát thương máy chủ Xâm Lăng Man Di,s==171|Kính thưa Chủ công:<br/>Máy chủ ngài đang ở đã gây tổng sát thương từ 3 đến 5 ức trong trận chiến Man Di lần này， sau đây là phần thưởng của ngài， xin hãy cố gắng hơn nữa!,
1810,60033,500000001,700000000,1,33,500,1,8,300000,,,,,,,,,,,,,s==51|Phần thưởng tổng sát thương máy chủ Xâm Lăng Man Di,s==171|Kính thưa Chủ công:<br/>Máy chủ ngài đang ở đã gây tổng sát thương từ 5 đến 7 ức trong trận chiến Man Di lần này， sau đây là phần thưởng của ngài， xin hãy cố gắng hơn nữa!,
1811,60033,700000001,1000000000,1,33,700,1,8,350000,,,,,,,,,,,,,s==51|Phần thưởng tổng sát thương máy chủ Xâm Lăng Man Di,s==172|Kính thưa Chủ công:<br/>Máy chủ ngài đang ở đã gây tổng sát thương từ 7 đến 10 ức trong trận chiến Man Di lần này， sau đây là phần thưởng của ngài， xin hãy cố gắng hơn nữa!,
1812,60033,1000000001,1300000000,1,33,900,1,8,400000,,,,,,,,,,,,,s==51|Phần thưởng tổng sát thương máy chủ Xâm Lăng Man Di,s==173|Kính thưa Chủ công:<br/>Máy chủ ngài đang ở đã gây tổng sát thương từ 10 đến 13 ức trong trận chiến Man Di lần này， sau đây là phần thưởng của ngài， xin hãy cố gắng hơn nữa!,
1813,60033,1300000001,1800000000,1,33,1200,1,8,450000,,,,,,,,,,,,,s==51|Phần thưởng tổng sát thương máy chủ Xâm Lăng Man Di,s==173|Kính thưa Chủ công:<br/>Máy chủ ngài đang ở đã gây tổng sát thương từ 13 đến 18 ức trong trận chiến Man Di lần này， sau đây là phần thưởng của ngài， xin hãy cố gắng hơn nữa!,
1814,60033,1800000001,2100000000,1,33,1500,1,8,500000,,,,,,,,,,,,,s==51|Phần thưởng tổng sát thương máy chủ Xâm Lăng Man Di,s==258|Kính thưa Chủ công:<br/>Máy chủ ngài đang ở đã gây tổng sát thương từ 18 đến 21 ức (nếu vượt quá phạm vi sát thương này， phần thưởng cũng sẽ phát theo mức này)， đã đạt phần thưởng cao nhất。 sau đây là phần thưởng xứng đáng của ngài， xin hãy tiếp tục duy trì!,
1822,1822,,,,,,,,,,,,,,,,,,,,,s==32|Phần thưởng ba hạng đầu vượt cấp,s==167|Kính thưa Chủ công:<br/>Chủ công đã tranh đoạt được thứ hạng ba đầu trong máy chủ tại cấp độ đột phá， dưới đây là phần thưởng thêm dành cho Chủ công， xin mời nhận lấy!,
1823,1823,,,,,,,,,,,,,,,,,,,,,s==44|Hoạt động Quỷ Hoặc Yêu Sách chưa nhận thưởng,s==154|Kính thưa Chủ công:<br/>Dưới đây là phần thưởng Chủ công đã kích hoạt trong sự kiện Quỷ Quái， Kỹ Định Thiên Hạ nhưng chưa nhận， xin mời Chủ công nhận lấy!,
1824,1824,,,,,,,,,,,,,,,,,,,,,s==44|Hoạt động Quỷ Hoặc Yêu Sách chưa nhận thưởng,s==154|Kính thưa Chủ công:<br/>Dưới đây là phần thưởng Chủ công đã kích hoạt trong sự kiện Quỷ Quái， Yêu Sách Mật Lục nhưng chưa nhận， xin mời Chủ công nhận lấy!,
1840,1840,,,,,,,,,,,,,,,,,,,,,s==50|Hoạt động Thượng Nguyên Minh Tiêu chưa nhận thưởng,s==161|Kính thưa Chủ công:<br/>Dưới đây là phần thưởng Chủ công đã kích hoạt trong sự kiện Thượng Nguyên Minh Tiêu， Tích Nạp nhưng chưa nhận， xin mời Chủ công nhận lấy!,
1850,1850,,,,,,,,,,,,,,,,,,,,,s==26|Nhắc nhở hết hạn danh hiệu,s==124|Kính thưa Chủ công:<br/>Danh hiệu giới hạn thời gian {0} của Chủ công đã hết hạn， đã tự động tháo bỏ danh hiệu cho Chủ công。,
1880,1880,1,1,1,9,500,1,8,5000000,2,19833,1,,,,,,,,,,s==54|Phần thưởng xếp hạng hoạt động Thượng Nguyên Minh Tiêu,s==207|Kính thưa Chủ công:<br/>Trong kết quả xếp hạng sự kiện Tiệc Đêm Thượng Nguyên Minh Tiêu lần này， Chủ công đạt hạng thứ <color=#a75f2f>{0}</c>， dưới đây là phần thưởng xếp hạng của Chủ công， xin mời nhận lấy!,
1881,1880,2,2,1,9,400,1,8,4000000,2,19833,1,,,,,,,,,,s==54|Phần thưởng xếp hạng hoạt động Thượng Nguyên Minh Tiêu,s==207|Kính thưa Chủ công:<br/>Trong kết quả xếp hạng sự kiện Tiệc Đêm Thượng Nguyên Minh Tiêu lần này， Chủ công đạt hạng thứ <color=#a75f2f>{0}</c>， dưới đây là phần thưởng xếp hạng của Chủ công， xin mời nhận lấy!,
1882,1880,3,3,1,9,300,1,8,3000000,2,19833,1,,,,,,,,,,s==54|Phần thưởng xếp hạng hoạt động Thượng Nguyên Minh Tiêu,s==207|Kính thưa Chủ công:<br/>Trong kết quả xếp hạng sự kiện Tiệc Đêm Thượng Nguyên Minh Tiêu lần này， Chủ công đạt hạng thứ <color=#a75f2f>{0}</c>， dưới đây là phần thưởng xếp hạng của Chủ công， xin mời nhận lấy!,
1883,1880,4,5,1,9,280,1,8,2800000,,,,,,,,,,,,,s==54|Phần thưởng xếp hạng hoạt động Thượng Nguyên Minh Tiêu,s==207|Kính thưa Chủ công:<br/>Trong kết quả xếp hạng sự kiện Tiệc Đêm Thượng Nguyên Minh Tiêu lần này， Chủ công đạt hạng thứ <color=#a75f2f>{0}</c>， dưới đây là phần thưởng xếp hạng của Chủ công， xin mời nhận lấy!,
1884,1880,6,10,1,9,260,1,8,2600000,,,,,,,,,,,,,s==54|Phần thưởng xếp hạng hoạt động Thượng Nguyên Minh Tiêu,s==207|Kính thưa Chủ công:<br/>Trong kết quả xếp hạng sự kiện Tiệc Đêm Thượng Nguyên Minh Tiêu lần này， Chủ công đạt hạng thứ <color=#a75f2f>{0}</c>， dưới đây là phần thưởng xếp hạng của Chủ công， xin mời nhận lấy!,
1885,1880,11,20,1,9,240,1,8,2400000,,,,,,,,,,,,,s==54|Phần thưởng xếp hạng hoạt động Thượng Nguyên Minh Tiêu,s==207|Kính thưa Chủ công:<br/>Trong kết quả xếp hạng sự kiện Tiệc Đêm Thượng Nguyên Minh Tiêu lần này， Chủ công đạt hạng thứ <color=#a75f2f>{0}</c>， dưới đây là phần thưởng xếp hạng của Chủ công， xin mời nhận lấy!,
1886,1880,21,50,1,9,220,1,8,2200000,,,,,,,,,,,,,s==54|Phần thưởng xếp hạng hoạt động Thượng Nguyên Minh Tiêu,s==207|Kính thưa Chủ công:<br/>Trong kết quả xếp hạng sự kiện Tiệc Đêm Thượng Nguyên Minh Tiêu lần này， Chủ công đạt hạng thứ <color=#a75f2f>{0}</c>， dưới đây là phần thưởng xếp hạng của Chủ công， xin mời nhận lấy!,
1887,1880,51,999,1,9,200,1,8,2000000,,,,,,,,,,,,,s==54|Phần thưởng xếp hạng hoạt động Thượng Nguyên Minh Tiêu,s==207|Kính thưa Chủ công:<br/>Trong kết quả xếp hạng sự kiện Tiệc Đêm Thượng Nguyên Minh Tiêu lần này， Chủ công đạt hạng thứ <color=#a75f2f>{0}</c>， dưới đây là phần thưởng xếp hạng của Chủ công， xin mời nhận lấy!,
1888,1888,,,2,6678,1,,,,,,,,,,,,,,,,s==25|Nhắc nhở đổi tên nhân vật,s==114|Kính thưa Chủ công:<br/>Chúc mừng Chủ công nhận được một Thẻ Đổi Tên， vật phẩm này có thể dùng để đổi tên nhân vật,
1889,1889,,,2,6679,1,,,,,,,,,,,,,,,,s==26|Nhắc nhở đổi tên quân đoàn,s==125|Kính thưa Chủ công:<br/>Chúc mừng Chủ công nhận được một Thẻ Đổi Tên Quân Đoàn， vật phẩm này có thể dùng để đổi tên quân đoàn,
1900,1890,1,1,1,9,600,1,8,5000000,2,1001,1000,,,,,,,,,,s==28|Phần thưởng Xếp Hạng Mời Bạn,s==190|Kính thưa Chủ công:<br/>Chúc mừng ngài đã đạt hạng <color=#a75f2f>{0}</c> trong bảng xếp hạng hoạt động Mời Hữu Hằng Tuần lần này， sau đây là phần thưởng xếp hạng của ngài， xin mời nhận lấy!,
1901,1890,2,2,1,9,500,1,8,4000000,2,1001,800,,,,,,,,,,s==28|Phần thưởng Xếp Hạng Mời Bạn,s==190|Kính thưa Chủ công:<br/>Chúc mừng ngài đã đạt hạng <color=#a75f2f>{0}</c> trong bảng xếp hạng hoạt động Mời Hữu Hằng Tuần lần này， sau đây là phần thưởng xếp hạng của ngài， xin mời nhận lấy!,
1902,1890,3,3,1,9,400,1,8,3000000,2,1001,600,,,,,,,,,,s==28|Phần thưởng Xếp Hạng Mời Bạn,s==190|Kính thưa Chủ công:<br/>Chúc mừng ngài đã đạt hạng <color=#a75f2f>{0}</c> trong bảng xếp hạng hoạt động Mời Hữu Hằng Tuần lần này， sau đây là phần thưởng xếp hạng của ngài， xin mời nhận lấy!,
1903,1890,4,5,1,9,350,1,8,2500000,2,1001,500,,,,,,,,,,s==28|Phần thưởng Xếp Hạng Mời Bạn,s==190|Kính thưa Chủ công:<br/>Chúc mừng ngài đã đạt hạng <color=#a75f2f>{0}</c> trong bảng xếp hạng hoạt động Mời Hữu Hằng Tuần lần này， sau đây là phần thưởng xếp hạng của ngài， xin mời nhận lấy!,
1904,1890,6,10,1,9,300,1,8,2000000,2,1001,400,,,,,,,,,,s==28|Phần thưởng Xếp Hạng Mời Bạn,s==190|Kính thưa Chủ công:<br/>Chúc mừng ngài đã đạt hạng <color=#a75f2f>{0}</c> trong bảng xếp hạng hoạt động Mời Hữu Hằng Tuần lần này， sau đây là phần thưởng xếp hạng của ngài， xin mời nhận lấy!,
1905,1890,11,20,1,9,250,1,8,1500000,2,1001,300,,,,,,,,,,s==28|Phần thưởng Xếp Hạng Mời Bạn,s==190|Kính thưa Chủ công:<br/>Chúc mừng ngài đã đạt hạng <color=#a75f2f>{0}</c> trong bảng xếp hạng hoạt động Mời Hữu Hằng Tuần lần này， sau đây là phần thưởng xếp hạng của ngài， xin mời nhận lấy!,
1906,1890,21,50,1,9,200,1,8,1000000,2,1001,200,,,,,,,,,,s==28|Phần thưởng Xếp Hạng Mời Bạn,s==190|Kính thưa Chủ công:<br/>Chúc mừng ngài đã đạt hạng <color=#a75f2f>{0}</c> trong bảng xếp hạng hoạt động Mời Hữu Hằng Tuần lần này， sau đây là phần thưởng xếp hạng của ngài， xin mời nhận lấy!,
1910,1900,,,,,,,,,,,,,,,,,,,,,s==27|Phần thưởng chia lợi bạn bè,s==127|Kính thưa Chủ công:<br/>Bằng hữu của Chủ công trong sự kiện nạp thẻ đã mang đến phần thưởng sau đây。 xin mời Chủ công nhận lấy!,
1920,1910,,,,,,,,,,,,,,,,,,,,,s==45|Hoạt động Chân Long Hiện Thế chưa nhận thưởng,s==165|Kính thưa Chủ công:<br/>Dưới đây là phần thưởng Chủ công đã kích hoạt trong sự kiện Chân Long Hiện Thế， Đức Hậu Lưu Quang nhưng chưa nhận， xin mời Chủ công nhận lấy!,
1930,1920,,,,,,,,,,,,,,,,,,,,,s==45|Hoạt động Chân Long Hiện Thế chưa nhận thưởng,s==166|Kính thưa Chủ công:<br/>Dưới đây là phần thưởng Chủ công đã kích hoạt trong sự kiện Chân Long Hiện Thế， Chân Long Bảo Điển nhưng chưa nhận， xin mời Chủ công nhận lấy!,
1931,1931,,,,,,,,,,,,,,,,,,,,,s==30|Phần thưởng bồi thường hợp phó,s==202|Kính thưa Chủ công:<br/>Lần hợp server này đã hoàn thành， máy chủ {0} đã hoàn tất hợp server。 Dưới đây là phần thưởng bồi thường hợp server Chủ công nhận được trong sự kiện hợp server， xin mời nhận lấy!,
1932,1932,,,1,9,500,1,8,2000000,2,1003,10,2,1014,2,2,1004,2,,,,s==19|Phần thưởng hợp phó,s==191|Kính thưa Chủ công:<br/>Lần hợp server này đã hoàn thành， máy chủ {0} đã hoàn tất hợp server。 Dưới đây là phần thưởng hợp server Chủ công nhận được trong sự kiện hợp server， xin mời nhận lấy!,
1950,1950,1,1,2,14701,3,2,1527,1,1,9,2000,,,,,,,,,,s==36|Phần thưởng bảng vàng hội võ Tầm Bảo,s==229|Kính thưa Chủ công:<br/>Trong kết quả xếp hạng bảng vàng Hội Võ của sự kiện hợp server hoan hỷ lần này， bảng tìm kiếm， Chủ công đạt hạng thứ <color=#a75f2f>{0}</c>， dưới đây là phần thưởng xếp hạng của Chủ công， xin mời nhận lấy!,
1951,1950,2,2,2,14701,2,2,1516,2,1,9,2000,,,,,,,,,,s==36|Phần thưởng bảng vàng hội võ Tầm Bảo,s==229|Kính thưa Chủ công:<br/>Trong kết quả xếp hạng bảng vàng Hội Võ của sự kiện hợp server hoan hỷ lần này， bảng tìm kiếm， Chủ công đạt hạng thứ <color=#a75f2f>{0}</c>， dưới đây là phần thưởng xếp hạng của Chủ công， xin mời nhận lấy!,
1952,1950,3,3,2,14701,1,2,1516,1,1,9,1000,,,,,,,,,,s==36|Phần thưởng bảng vàng hội võ Tầm Bảo,s==229|Kính thưa Chủ công:<br/>Trong kết quả xếp hạng bảng vàng Hội Võ của sự kiện hợp server hoan hỷ lần này， bảng tìm kiếm， Chủ công đạt hạng thứ <color=#a75f2f>{0}</c>， dưới đây là phần thưởng xếp hạng của Chủ công， xin mời nhận lấy!,
1953,1950,4,5,2,3008,50,2,1516,1,1,9,1000,,,,,,,,,,s==36|Phần thưởng bảng vàng hội võ Tầm Bảo,s==229|Kính thưa Chủ công:<br/>Trong kết quả xếp hạng bảng vàng Hội Võ của sự kiện hợp server hoan hỷ lần này， bảng tìm kiếm， Chủ công đạt hạng thứ <color=#a75f2f>{0}</c>， dưới đây là phần thưởng xếp hạng của Chủ công， xin mời nhận lấy!,
1954,1950,6,10,2,3008,50,1,9,1000,2,1006,2000,,,,,,,,,,s==36|Phần thưởng bảng vàng hội võ Tầm Bảo,s==229|Kính thưa Chủ công:<br/>Trong kết quả xếp hạng bảng vàng Hội Võ của sự kiện hợp server hoan hỷ lần này， bảng tìm kiếm， Chủ công đạt hạng thứ <color=#a75f2f>{0}</c>， dưới đây là phần thưởng xếp hạng của Chủ công， xin mời nhận lấy!,
1955,1950,11,20,2,3008,30,1,9,800,2,1006,1800,,,,,,,,,,s==36|Phần thưởng bảng vàng hội võ Tầm Bảo,s==229|Kính thưa Chủ công:<br/>Trong kết quả xếp hạng bảng vàng Hội Võ của sự kiện hợp server hoan hỷ lần này， bảng tìm kiếm， Chủ công đạt hạng thứ <color=#a75f2f>{0}</c>， dưới đây là phần thưởng xếp hạng của Chủ công， xin mời nhận lấy!,
1956,1950,21,100,2,3008,30,1,9,600,2,1006,1600,,,,,,,,,,s==36|Phần thưởng bảng vàng hội võ Tầm Bảo,s==229|Kính thưa Chủ công:<br/>Trong kết quả xếp hạng bảng vàng Hội Võ của sự kiện hợp server hoan hỷ lần này， bảng tìm kiếm， Chủ công đạt hạng thứ <color=#a75f2f>{0}</c>， dưới đây là phần thưởng xếp hạng của Chủ công， xin mời nhận lấy!,
2000,2000,1,1,2,6677,1,2,1527,1,1,9,2000,,,,,,,,,,s==36|Phần thưởng bảng vàng hội võ tụ hiền,s==228|Kính thưa Chủ công:<br/>Trong kết quả xếp hạng bảng vàng Hội Võ của sự kiện hợp server hoan hỷ lần này， bảng tụ hiền， Chủ công đạt hạng thứ <color=#a75f2f>{0}</c>， dưới đây là phần thưởng xếp hạng của Chủ công， xin mời nhận lấy!,
2001,2000,2,2,2,14701,2,2,1516,2,1,9,2000,,,,,,,,,,s==36|Phần thưởng bảng vàng hội võ tụ hiền,s==228|Kính thưa Chủ công:<br/>Trong kết quả xếp hạng bảng vàng Hội Võ của sự kiện hợp server hoan hỷ lần này， bảng tụ hiền， Chủ công đạt hạng thứ <color=#a75f2f>{0}</c>， dưới đây là phần thưởng xếp hạng của Chủ công， xin mời nhận lấy!,
2002,2000,3,3,2,14701,1,2,1516,1,1,9,1000,,,,,,,,,,s==36|Phần thưởng bảng vàng hội võ tụ hiền,s==228|Kính thưa Chủ công:<br/>Trong kết quả xếp hạng bảng vàng Hội Võ của sự kiện hợp server hoan hỷ lần này， bảng tụ hiền， Chủ công đạt hạng thứ <color=#a75f2f>{0}</c>， dưới đây là phần thưởng xếp hạng của Chủ công， xin mời nhận lấy!,
2003,2000,4,5,2,3008,50,2,1516,1,1,9,1000,,,,,,,,,,s==36|Phần thưởng bảng vàng hội võ tụ hiền,s==228|Kính thưa Chủ công:<br/>Trong kết quả xếp hạng bảng vàng Hội Võ của sự kiện hợp server hoan hỷ lần này， bảng tụ hiền， Chủ công đạt hạng thứ <color=#a75f2f>{0}</c>， dưới đây là phần thưởng xếp hạng của Chủ công， xin mời nhận lấy!,
2004,2000,6,10,2,3008,50,1,9,1000,2,1006,2000,,,,,,,,,,s==36|Phần thưởng bảng vàng hội võ tụ hiền,s==228|Kính thưa Chủ công:<br/>Trong kết quả xếp hạng bảng vàng Hội Võ của sự kiện hợp server hoan hỷ lần này， bảng tụ hiền， Chủ công đạt hạng thứ <color=#a75f2f>{0}</c>， dưới đây là phần thưởng xếp hạng của Chủ công， xin mời nhận lấy!,
2005,2000,11,20,2,3008,30,1,9,800,2,1006,1800,,,,,,,,,,s==36|Phần thưởng bảng vàng hội võ tụ hiền,s==228|Kính thưa Chủ công:<br/>Trong kết quả xếp hạng bảng vàng Hội Võ của sự kiện hợp server hoan hỷ lần này， bảng tụ hiền， Chủ công đạt hạng thứ <color=#a75f2f>{0}</c>， dưới đây là phần thưởng xếp hạng của Chủ công， xin mời nhận lấy!,
2006,2000,21,100,2,3008,30,1,9,600,2,1006,1600,,,,,,,,,,s==36|Phần thưởng bảng vàng hội võ tụ hiền,s==228|Kính thưa Chủ công:<br/>Trong kết quả xếp hạng bảng vàng Hội Võ của sự kiện hợp server hoan hỷ lần này， bảng tụ hiền， Chủ công đạt hạng thứ <color=#a75f2f>{0}</c>， dưới đây là phần thưởng xếp hạng của Chủ công， xin mời nhận lấy!,
2050,2050,1,1,2,6674,1,2,1527,1,1,9,2000,,,,,,,,,,s==38|Phần thưởng bảng vàng hội võ bảo thạch,s==230|Kính thưa Chủ công:<br/>Trong kết quả xếp hạng bảng vàng Hội Võ của sự kiện hợp server hoan hỷ lần này， bảng bảo thạch， Chủ công đạt hạng thứ <color=#a75f2f>{0}</c>， dưới đây là phần thưởng xếp hạng của Chủ công， xin mời nhận lấy!,
2051,2050,2,2,2,2088,2,2,1516,2,1,9,2000,,,,,,,,,,s==38|Phần thưởng bảng vàng hội võ bảo thạch,s==230|Kính thưa Chủ công:<br/>Trong kết quả xếp hạng bảng vàng Hội Võ của sự kiện hợp server hoan hỷ lần này， bảng bảo thạch， Chủ công đạt hạng thứ <color=#a75f2f>{0}</c>， dưới đây là phần thưởng xếp hạng của Chủ công， xin mời nhận lấy!,
2052,2050,3,3,2,2088,1,2,1516,1,1,9,1000,,,,,,,,,,s==38|Phần thưởng bảng vàng hội võ bảo thạch,s==230|Kính thưa Chủ công:<br/>Trong kết quả xếp hạng bảng vàng Hội Võ của sự kiện hợp server hoan hỷ lần này， bảng bảo thạch， Chủ công đạt hạng thứ <color=#a75f2f>{0}</c>， dưới đây là phần thưởng xếp hạng của Chủ công， xin mời nhận lấy!,
2053,2050,4,5,2,3008,50,2,1516,1,1,9,1000,,,,,,,,,,s==38|Phần thưởng bảng vàng hội võ bảo thạch,s==230|Kính thưa Chủ công:<br/>Trong kết quả xếp hạng bảng vàng Hội Võ của sự kiện hợp server hoan hỷ lần này， bảng bảo thạch， Chủ công đạt hạng thứ <color=#a75f2f>{0}</c>， dưới đây là phần thưởng xếp hạng của Chủ công， xin mời nhận lấy!,
2054,2050,6,10,2,3008,50,1,9,1000,2,1006,2000,,,,,,,,,,s==38|Phần thưởng bảng vàng hội võ bảo thạch,s==230|Kính thưa Chủ công:<br/>Trong kết quả xếp hạng bảng vàng Hội Võ của sự kiện hợp server hoan hỷ lần này， bảng bảo thạch， Chủ công đạt hạng thứ <color=#a75f2f>{0}</c>， dưới đây là phần thưởng xếp hạng của Chủ công， xin mời nhận lấy!,
2055,2050,11,20,2,3008,30,1,9,800,2,1006,1800,,,,,,,,,,s==38|Phần thưởng bảng vàng hội võ bảo thạch,s==230|Kính thưa Chủ công:<br/>Trong kết quả xếp hạng bảng vàng Hội Võ của sự kiện hợp server hoan hỷ lần này， bảng bảo thạch， Chủ công đạt hạng thứ <color=#a75f2f>{0}</c>， dưới đây là phần thưởng xếp hạng của Chủ công， xin mời nhận lấy!,
2056,2050,21,100,2,3008,30,1,9,600,2,1006,1600,,,,,,,,,,s==38|Phần thưởng bảng vàng hội võ bảo thạch,s==230|Kính thưa Chủ công:<br/>Trong kết quả xếp hạng bảng vàng Hội Võ của sự kiện hợp server hoan hỷ lần này， bảng bảo thạch， Chủ công đạt hạng thứ <color=#a75f2f>{0}</c>， dưới đây là phần thưởng xếp hạng của Chủ công， xin mời nhận lấy!,
2061,2061,,,,,,,,,,,,,,,,,,,,,s==29|Bồi thường quốc chiến hợp phó,s==140|Kính thưa Chủ công:<br/>Dưới đây là phần thưởng bồi thường từ nhiệm vụ cờ chiến quốc gia sau sự kiện hợp server， xin Chủ công chú ý nhận lấy,
2062,2062,,,,,,,,,,,,,,,,,,,,,s==34|Bồi thường Thiên Lý Đơn Kỵ hợp phó,s==144|Kính thưa Chủ công:<br/>Dưới đây là phần thưởng bồi thường chưa nhận được từ sự kiện Thiên Lý Đơn Kỵ sau hợp server， xin Chủ công chú ý nhận lấy,
2063,2063,,,,,,,,,,,,,,,,,,,,,s==36|Bồi thường kỳ duyên đoạt bảo hợp phó,s==162|Kính thưa Chủ công:<br/>Dưới đây là phần thưởng bồi hoàn do Chủ công chưa nhận được từ hoạt động Kỳ Ngộ Đoạt Bảo sau khi hợp phó bản， xin Chủ công lưu ý nhận lấy.,
2064,2064,,,,,,,,,,,,,,,,,,,,,s==37|Bồi thường tinh anh tốc chiến hợp phó,s==165|Kính thưa Chủ công:<br/>Dưới đây là phần thưởng bồi hoàn do Chủ công chưa nhận được từ hoạt động Tốc Chiến Tinh Anh sau khi hợp phó bản， xin Chủ công lưu ý nhận lấy.,
2065,2065,,,,,,,,,,,,,,,,,,,,,s==37|Bồi thường chiêu tài tiến bảo hợp phó,s==165|Kính thưa Chủ công:<br/>Dưới đây là phần thưởng bồi hoàn do Chủ công chưa nhận được từ hoạt động Chiêu Tài Tiến Bảo sau khi hợp phó bản， xin Chủ công lưu ý nhận lấy.,
2066,2066,,,,,,,,,,,,,,,,,,,,,s==35|Bồi thường hổ lao chi chiến hợp phó,s==162|Kính thưa Chủ công:<br/>Dưới đây là phần thưởng bồi hoàn do Chủ công chưa nhận được từ hoạt động Hổ Lao Tinh Anh sau khi hợp phó bản， xin Chủ công lưu ý nhận lấy.,
2067,2067,,,,,,,,,,,,,,,,,,,,,s==35|Bồi thường mộng miêu vi bạn hợp phó,s==171|Kính thưa Chủ công:<br/>Dưới đây là phần thưởng bồi hoàn tiến độ do Chủ công chưa nhận được từ hoạt động Mộng Miêu Vi Bàn sau khi hợp phó bản， xin Chủ công lưu ý nhận lấy.,
2068,2068,,,,,,,,,,,,,,,,,,,,,s==33|Bồi thường hí thú du viên hợp phó,s==169|Kính thưa Chủ công:<br/>Dưới đây là phần thưởng bồi hoàn tiến độ do Chủ công chưa nhận được từ hoạt động Hí Thú Du Viên sau khi hợp phó bản， xin Chủ công lưu ý nhận lấy.,
2069,2069,,,,,,,,,,,,,,,,,,,,,s==35|Bồi thường lục thụ thành âm hợp phó,s==171|Kính thưa Chủ công:<br/>Dưới đây là phần thưởng bồi hoàn tiến độ do Chủ công chưa nhận được từ hoạt động Lục Thụ Thành Âm sau khi hợp phó bản， xin Chủ công lưu ý nhận lấy.,
2070,2070,,,,,,,,,,,,,,,,,,,,,s==35|Bồi thường lệ nhật trì hành hợp phó,s==171|Kính thưa Chủ công:<br/>Dưới đây là phần thưởng bồi hoàn tiến độ do Chủ công chưa nhận được từ hoạt động Lệ Nhật Trì Hành sau khi hợp phó bản， xin Chủ công lưu ý nhận lấy.,
2071,2071,,,,,,,,,,,,,,,,,,,,,s==32|Bồi thường chưa nhận {0} hợp phó,s==167|Kính thưa Chủ công:<br/>Dưới đây là phần thưởng bồi hoàn tiến độ nhiệm vụ do Chủ công chưa nhận được từ hoạt động {0} sau khi hợp phó bản， xin Chủ công lưu ý nhận lấy.,
2072,2072,,,,,,,,,,,,,,,,,,,,,s==36|Bồi thường bảng xếp hạng {0} hợp phó,s==168|Kính thưa Chủ công:<br/>Dưới đây là phần thưởng bồi hoàn xếp hạng bảng đấu do Chủ công chưa nhận được từ hoạt động {0} sau khi hợp phó bản， xin Chủ công lưu ý nhận lấy.,
2073,2073,,,,,,,,,,,,,,,,,,,,,s==38|Bồi thường chưa hoàn thành {0} hợp phó,s==166|Kính thưa Chủ công:<br/>Dưới đây là phần thưởng bồi hoàn chưa hoàn thành do Chủ công chưa nhận được từ hoạt động {0} sau khi hợp phó bản， xin Chủ công lưu ý nhận lấy.,
2074,2074,,,1,27,10000,1,9,150,2,1003,5,2,1004,1,2,1007,10,2,1014,1,s==49|Bồi thường hủy đăng ký liên minh đối trận hợp phó,s==168|Kính thưa Chủ công:<br/>Dưới đây là phần thưởng bồi hoàn do Chủ công hủy đăng ký tham gia hoạt động Liên Minh Đối Trận sau khi hợp phó bản， xin Chủ công lưu ý nhận lấy.,
2075,2075,,,1,27,10000,1,9,150,2,1003,5,2,1004,1,2,1007,10,2,1014,1,s==62|Bồi thường hủy đăng ký liên minh đối trận điều chỉnh chiến khu,s==177|Kính thưa Chủ công:<br/>Dưới đây là phần thưởng bồi hoàn do Chủ công hủy đăng ký tham gia hoạt động Liên Minh Đối Trận sau khi điều chỉnh chiến khu， xin Chủ công lưu ý nhận lấy.,
2080,2080,,,2,1001,100,1,9,88,1,8,100000,,,,,,,,,,s==30|Phần thưởng cộng đồng Facebook,s==231|Kính thưa Chủ công:<br/>Cảm tạ Chủ công đã gia nhập! Dưới đây là phần thưởng gia nhập nhóm chính thức， xin Chủ công lưu ý nhận lấy! Muôn phần quà offline khác， xin theo dõi tin tức nhóm chính thức! Chúc Chủ công chơi game vui vẻ XD,
2081,2081,,,2,1001,100,1,9,88,1,8,100000,,,,,,,,,,s==25|Phần thưởng góp ý đề xuất,s==136|Kính thưa Chủ công:<br/>Cảm tạ Chủ công đã góp ý! Dưới đây là phần thưởng cho ý kiến phản hồi của Chủ công， xin Chủ công lưu ý nhận lấy!,
2082,2082,1,1,1,9,500,1,17,1500,1,8,1000000,,,,,,,,,,s==49|Phần thưởng xếp hạng quân đoàn Yêu Vương Ác Triệu,s==183|Kính thưa Chủ công:<br/>Quân đoàn của Chủ công trong hoạt động Yêu Vương Ác Triệu lần này， đã đạt hạng <color=#a75f2f>{0}</c>， dưới đây là phần thưởng xếp hạng của ngài， xin nhận lấy!,
2083,2082,2,2,1,9,450,1,17,1400,1,8,900000,,,,,,,,,,s==49|Phần thưởng xếp hạng quân đoàn Yêu Vương Ác Triệu,s==183|Kính thưa Chủ công:<br/>Quân đoàn của Chủ công trong hoạt động Yêu Vương Ác Triệu lần này， đã đạt hạng <color=#a75f2f>{0}</c>， dưới đây là phần thưởng xếp hạng của ngài， xin nhận lấy!,
2084,2082,3,3,1,9,400,1,17,1300,1,8,800000,,,,,,,,,,s==49|Phần thưởng xếp hạng quân đoàn Yêu Vương Ác Triệu,s==183|Kính thưa Chủ công:<br/>Quân đoàn của Chủ công trong hoạt động Yêu Vương Ác Triệu lần này， đã đạt hạng <color=#a75f2f>{0}</c>， dưới đây là phần thưởng xếp hạng của ngài， xin nhận lấy!,
2085,2082,4,4,1,9,300,1,17,1000,1,8,600000,,,,,,,,,,s==49|Phần thưởng xếp hạng quân đoàn Yêu Vương Ác Triệu,s==183|Kính thưa Chủ công:<br/>Quân đoàn của Chủ công trong hoạt động Yêu Vương Ác Triệu lần này， đã đạt hạng <color=#a75f2f>{0}</c>， dưới đây là phần thưởng xếp hạng của ngài， xin nhận lấy!,
2086,2082,5,10,1,9,250,1,17,800,1,8,400000,,,,,,,,,,s==49|Phần thưởng xếp hạng quân đoàn Yêu Vương Ác Triệu,s==183|Kính thưa Chủ công:<br/>Quân đoàn của Chủ công trong hoạt động Yêu Vương Ác Triệu lần này， đã đạt hạng <color=#a75f2f>{0}</c>， dưới đây là phần thưởng xếp hạng của ngài， xin nhận lấy!,
2087,2082,11,20,1,9,200,1,17,600,1,8,200000,,,,,,,,,,s==49|Phần thưởng xếp hạng quân đoàn Yêu Vương Ác Triệu,s==183|Kính thưa Chủ công:<br/>Quân đoàn của Chủ công trong hoạt động Yêu Vương Ác Triệu lần này， đã đạt hạng <color=#a75f2f>{0}</c>， dưới đây là phần thưởng xếp hạng của ngài， xin nhận lấy!,
2088,2082,21,999,1,9,100,1,17,400,1,8,100000,,,,,,,,,,s==49|Phần thưởng xếp hạng quân đoàn Yêu Vương Ác Triệu,s==183|Kính thưa Chủ công:<br/>Quân đoàn của Chủ công trong hoạt động Yêu Vương Ác Triệu lần này， đã đạt hạng <color=#a75f2f>{0}</c>， dưới đây là phần thưởng xếp hạng của ngài， xin nhận lấy!,
2100,2100,,,,,,,,,,,,,,,,,,,,,s==12|Lì xì lễ hội,s==86|Kính thưa Chủ công:<br/>Dưới đây là phong bao lễ hội Chủ công chưa nhận， xin nhận lấy!,
2101,2101,,,2,1003,3,1,9,188,1,8,300000,,,,,,,,,,s==32|Gói quà đăng ký trước GooglePlay,s==139|Cảm tạ các Chủ công đại nhân đã yêu mến và ủng hộ， nay xin gửi tặng Chủ công gói quà đăng ký trước GooglePlay， nhớ nhận lấy kiểm tra nhé XD,
2200,2200,1,1,2,1004,10,2,1003,20,2,19587,1,1,9,1000,,,,,,,s==40|Phần thưởng Trừng Phạt Hoa Hỏa Thiên Thụ,s==222|Kính thưa Chủ công:<br/>Do điều chỉnh chiến khu， Chủ công trong hoạt động Hoa Hỏa Thiên Thụ Truy Tìm lần này đã được xếp hạng sớm và đạt hạng <color=#a75f2f>{0}</c>， dưới đây là phần thưởng xếp hạng của ngài， xin nhận lấy!,
2201,2200,2,2,2,1004,8,2,1003,15,2,19586,1,1,9,800,,,,,,,s==40|Phần thưởng Trừng Phạt Hoa Hỏa Thiên Thụ,s==222|Kính thưa Chủ công:<br/>Do điều chỉnh chiến khu， Chủ công trong hoạt động Hoa Hỏa Thiên Thụ Truy Tìm lần này đã được xếp hạng sớm và đạt hạng <color=#a75f2f>{0}</c>， dưới đây là phần thưởng xếp hạng của ngài， xin nhận lấy!,
2202,2200,3,3,2,1004,6,2,1003,10,2,19585,1,1,9,600,,,,,,,s==40|Phần thưởng Trừng Phạt Hoa Hỏa Thiên Thụ,s==222|Kính thưa Chủ công:<br/>Do điều chỉnh chiến khu， Chủ công trong hoạt động Hoa Hỏa Thiên Thụ Truy Tìm lần này đã được xếp hạng sớm và đạt hạng <color=#a75f2f>{0}</c>， dưới đây là phần thưởng xếp hạng của ngài， xin nhận lấy!,
2203,2200,4,5,2,1004,4,2,1003,8,1,9,500,,,,,,,,,,s==40|Phần thưởng Trừng Phạt Hoa Hỏa Thiên Thụ,s==222|Kính thưa Chủ công:<br/>Do điều chỉnh chiến khu， Chủ công trong hoạt động Hoa Hỏa Thiên Thụ Truy Tìm lần này đã được xếp hạng sớm và đạt hạng <color=#a75f2f>{0}</c>， dưới đây là phần thưởng xếp hạng của ngài， xin nhận lấy!,
2204,2200,6,10,2,1004,3,2,1003,6,1,9,450,,,,,,,,,,s==40|Phần thưởng Trừng Phạt Hoa Hỏa Thiên Thụ,s==222|Kính thưa Chủ công:<br/>Do điều chỉnh chiến khu， Chủ công trong hoạt động Hoa Hỏa Thiên Thụ Truy Tìm lần này đã được xếp hạng sớm và đạt hạng <color=#a75f2f>{0}</c>， dưới đây là phần thưởng xếp hạng của ngài， xin nhận lấy!,
2205,2200,11,20,2,1004,2,2,1003,5,1,9,400,,,,,,,,,,s==40|Phần thưởng Trừng Phạt Hoa Hỏa Thiên Thụ,s==222|Kính thưa Chủ công:<br/>Do điều chỉnh chiến khu， Chủ công trong hoạt động Hoa Hỏa Thiên Thụ Truy Tìm lần này đã được xếp hạng sớm và đạt hạng <color=#a75f2f>{0}</c>， dưới đây là phần thưởng xếp hạng của ngài， xin nhận lấy!,
2206,2200,21,50,2,1004,1,2,1003,4,1,9,350,,,,,,,,,,s==40|Phần thưởng Trừng Phạt Hoa Hỏa Thiên Thụ,s==222|Kính thưa Chủ công:<br/>Do điều chỉnh chiến khu， Chủ công trong hoạt động Hoa Hỏa Thiên Thụ Truy Tìm lần này đã được xếp hạng sớm và đạt hạng <color=#a75f2f>{0}</c>， dưới đây là phần thưởng xếp hạng của ngài， xin nhận lấy!,
2207,2200,51,100,2,1003,3,1,9,300,,,,,,,,,,,,,s==40|Phần thưởng Trừng Phạt Hoa Hỏa Thiên Thụ,s==222|Kính thưa Chủ công:<br/>Do điều chỉnh chiến khu， Chủ công trong hoạt động Hoa Hỏa Thiên Thụ Truy Tìm lần này đã được xếp hạng sớm và đạt hạng <color=#a75f2f>{0}</c>， dưới đây là phần thưởng xếp hạng của ngài， xin nhận lấy!,
2208,2200,101,200,2,1003,2,1,9,250,,,,,,,,,,,,,s==40|Phần thưởng Trừng Phạt Hoa Hỏa Thiên Thụ,s==222|Kính thưa Chủ công:<br/>Do điều chỉnh chiến khu， Chủ công trong hoạt động Hoa Hỏa Thiên Thụ Truy Tìm lần này đã được xếp hạng sớm và đạt hạng <color=#a75f2f>{0}</c>， dưới đây là phần thưởng xếp hạng của ngài， xin nhận lấy!,
2209,2200,200,9999,2,1003,1,1,9,200,,,,,,,,,,,,,s==40|Phần thưởng Trừng Phạt Hoa Hỏa Thiên Thụ,s==222|Kính thưa Chủ công:<br/>Do điều chỉnh chiến khu， Chủ công trong hoạt động Hoa Hỏa Thiên Thụ Truy Tìm lần này đã được xếp hạng sớm và đạt hạng <color=#a75f2f>{0}</c>， dưới đây là phần thưởng xếp hạng của ngài， xin nhận lấy!,
2300,2300,1,1,2,4050,1,1,9,3000,2,1006,5000,,,,,,,,,,s==51|Phần thưởng Xếp Hạng Hoạt Động Trung Xuân Đạp Thanh,s==238|Kính thưa Chủ công:<br/>Do điều chỉnh chiến khu， Chủ công trong hoạt động Trung Xuân Đạp Thanh Xuân Du Hội Họa Quyển lần này đã được xếp hạng sớm và đạt hạng <color=#a75f2f>{0}</c>， dưới đây là phần thưởng xếp hạng của ngài， xin nhận lấy!,
2301,2300,2,2,2,4040,2,1,9,2500,2,1006,4000,,,,,,,,,,s==51|Phần thưởng Xếp Hạng Hoạt Động Trung Xuân Đạp Thanh,s==238|Kính thưa Chủ công:<br/>Do điều chỉnh chiến khu， Chủ công trong hoạt động Trung Xuân Đạp Thanh Xuân Du Hội Họa Quyển lần này đã được xếp hạng sớm và đạt hạng <color=#a75f2f>{0}</c>， dưới đây là phần thưởng xếp hạng của ngài， xin nhận lấy!,
2302,2300,3,3,2,4040,1,1,9,2000,2,1006,3000,,,,,,,,,,s==51|Phần thưởng Xếp Hạng Hoạt Động Trung Xuân Đạp Thanh,s==238|Kính thưa Chủ công:<br/>Do điều chỉnh chiến khu， Chủ công trong hoạt động Trung Xuân Đạp Thanh Xuân Du Hội Họa Quyển lần này đã được xếp hạng sớm và đạt hạng <color=#a75f2f>{0}</c>， dưới đây là phần thưởng xếp hạng của ngài， xin nhận lấy!,
2303,2300,4,5,2,4030,3,1,9,1500,2,1006,2500,,,,,,,,,,s==51|Phần thưởng Xếp Hạng Hoạt Động Trung Xuân Đạp Thanh,s==238|Kính thưa Chủ công:<br/>Do điều chỉnh chiến khu， Chủ công trong hoạt động Trung Xuân Đạp Thanh Xuân Du Hội Họa Quyển lần này đã được xếp hạng sớm và đạt hạng <color=#a75f2f>{0}</c>， dưới đây là phần thưởng xếp hạng của ngài， xin nhận lấy!,
2304,2300,6,10,2,4030,2,1,9,1000,2,1006,2000,,,,,,,,,,s==51|Phần thưởng Xếp Hạng Hoạt Động Trung Xuân Đạp Thanh,s==238|Kính thưa Chủ công:<br/>Do điều chỉnh chiến khu， Chủ công trong hoạt động Trung Xuân Đạp Thanh Xuân Du Hội Họa Quyển lần này đã được xếp hạng sớm và đạt hạng <color=#a75f2f>{0}</c>， dưới đây là phần thưởng xếp hạng của ngài， xin nhận lấy!,
2305,2300,11,20,2,4030,1,1,9,800,2,1006,1800,,,,,,,,,,s==51|Phần thưởng Xếp Hạng Hoạt Động Trung Xuân Đạp Thanh,s==238|Kính thưa Chủ công:<br/>Do điều chỉnh chiến khu， Chủ công trong hoạt động Trung Xuân Đạp Thanh Xuân Du Hội Họa Quyển lần này đã được xếp hạng sớm và đạt hạng <color=#a75f2f>{0}</c>， dưới đây là phần thưởng xếp hạng của ngài， xin nhận lấy!,
2306,2300,21,50,2,4020,3,1,9,600,2,1006,1600,,,,,,,,,,s==51|Phần thưởng Xếp Hạng Hoạt Động Trung Xuân Đạp Thanh,s==238|Kính thưa Chủ công:<br/>Do điều chỉnh chiến khu， Chủ công trong hoạt động Trung Xuân Đạp Thanh Xuân Du Hội Họa Quyển lần này đã được xếp hạng sớm và đạt hạng <color=#a75f2f>{0}</c>， dưới đây là phần thưởng xếp hạng của ngài， xin nhận lấy!,
2307,2300,51,100,2,4020,2,1,9,500,2,1006,1400,,,,,,,,,,s==51|Phần thưởng Xếp Hạng Hoạt Động Trung Xuân Đạp Thanh,s==238|Kính thưa Chủ công:<br/>Do điều chỉnh chiến khu， Chủ công trong hoạt động Trung Xuân Đạp Thanh Xuân Du Hội Họa Quyển lần này đã được xếp hạng sớm và đạt hạng <color=#a75f2f>{0}</c>， dưới đây là phần thưởng xếp hạng của ngài， xin nhận lấy!,
2308,2300,101,200,2,4020,1,1,9,400,2,1006,1200,,,,,,,,,,s==51|Phần thưởng Xếp Hạng Hoạt Động Trung Xuân Đạp Thanh,s==238|Kính thưa Chủ công:<br/>Do điều chỉnh chiến khu， Chủ công trong hoạt động Trung Xuân Đạp Thanh Xuân Du Hội Họa Quyển lần này đã được xếp hạng sớm và đạt hạng <color=#a75f2f>{0}</c>， dưới đây là phần thưởng xếp hạng của ngài， xin nhận lấy!,
2309,2300,201,500,2,4010,3,1,9,300,2,1006,1000,,,,,,,,,,s==51|Phần thưởng Xếp Hạng Hoạt Động Trung Xuân Đạp Thanh,s==238|Kính thưa Chủ công:<br/>Do điều chỉnh chiến khu， Chủ công trong hoạt động Trung Xuân Đạp Thanh Xuân Du Hội Họa Quyển lần này đã được xếp hạng sớm và đạt hạng <color=#a75f2f>{0}</c>， dưới đây là phần thưởng xếp hạng của ngài， xin nhận lấy!,
2310,2300,501,1000,2,4010,2,1,9,200,2,1006,800,,,,,,,,,,s==51|Phần thưởng Xếp Hạng Hoạt Động Trung Xuân Đạp Thanh,s==238|Kính thưa Chủ công:<br/>Do điều chỉnh chiến khu， Chủ công trong hoạt động Trung Xuân Đạp Thanh Xuân Du Hội Họa Quyển lần này đã được xếp hạng sớm và đạt hạng <color=#a75f2f>{0}</c>， dưới đây là phần thưởng xếp hạng của ngài， xin nhận lấy!,
2311,2300,1001,9999,2,4010,1,1,9,100,2,1006,600,,,,,,,,,,s==51|Phần thưởng Xếp Hạng Hoạt Động Trung Xuân Đạp Thanh,s==238|Kính thưa Chủ công:<br/>Do điều chỉnh chiến khu， Chủ công trong hoạt động Trung Xuân Đạp Thanh Xuân Du Hội Họa Quyển lần này đã được xếp hạng sớm và đạt hạng <color=#a75f2f>{0}</c>， dưới đây là phần thưởng xếp hạng của ngài， xin nhận lấy!,
2312,2061,,,,,,,,,,,,,,,,,,,,,s==39|Bồi thường quốc chiến di chuyển máy chủ,s==141|Kính thưa Chủ công:<br/>Dưới đây là phần thưởng bồi hoàn nhiệm vụ Cờ Chiến Quốc Chiến sau khi di chuyển máy chủ， xin Chủ công lưu ý nhận lấy.,
2313,2301,,,,,,,,,,,,,,,,,,,,,s==38|Phần thưởng thần ma lâm hiện chưa nhận,s==138|Kính thưa Chủ công:<br/>Dưới đây là phần thưởng Chủ công đã kích hoạt nhưng chưa nhận được trong hoạt động Thần Ma Lâm Hiện， xin nhận lấy!,
2314,2314,,,,,,,,,,,,,,,,,,,,,s==14|Nạp thành công,s==156|Kính thưa Chủ công:<br/>Nguyên bảo Chủ công nạp <color=#a75f2f>{0}</c> đã được ghi nhận， cảm tạ Chủ công đã ủng hộ trò chơi， chúc Chủ công chơi game vui vẻ!,
2400,2400,,,,,,,,,,,,,,,,,,,,,s==47|Phần thưởng chưa nhận sự kiện Đổ Binh Luyện Ngũ,s==157|Kính thưa Chủ công:<br/>Dưới đây là phần thưởng Chủ công đã kích hoạt trong quá trình tích nạp của hoạt động Đổ Binh Luyện Ngũ nhưng chưa nhận， xin nhận lấy!,
2405,2405,,,,,,,,,,,,,,,,,,,,,s==47|Phần thưởng chưa nhận sự kiện Đổ Binh Luyện Ngũ,s==147|Kính thưa Chủ công:<br/>Dưới đây là phần thưởng Chủ công đã kích hoạt trong cửa hàng của hoạt động Đổ Binh Luyện Ngũ nhưng chưa nhận， xin nhận lấy!,
2410,2410,1,1,2,4050,1,1,9,3000,2,1006,5000,,,,,,,,,,s==46|Phần thưởng xếp hạng sự kiện Đổ Binh Luyện Ngũ,s==190|Kính thưa Chủ công:<br/>Chủ công trong hoạt động Đổ Binh Luyện Ngũ - Huấn Luyện Cung Binh lần này đã đạt hạng <color=#a75f2f>{0}</c>， dưới đây là phần thưởng xếp hạng của ngài， xin nhận lấy!,
2411,2410,2,2,2,4040,2,1,9,2500,2,1006,4000,,,,,,,,,,s==46|Phần thưởng xếp hạng sự kiện Đổ Binh Luyện Ngũ,s==190|Kính thưa Chủ công:<br/>Chủ công trong hoạt động Đổ Binh Luyện Ngũ - Huấn Luyện Cung Binh lần này đã đạt hạng <color=#a75f2f>{0}</c>， dưới đây là phần thưởng xếp hạng của ngài， xin nhận lấy!,
2412,2410,3,3,2,4040,1,1,9,2000,2,1006,3000,,,,,,,,,,s==46|Phần thưởng xếp hạng sự kiện Đổ Binh Luyện Ngũ,s==190|Kính thưa Chủ công:<br/>Chủ công trong hoạt động Đổ Binh Luyện Ngũ - Huấn Luyện Cung Binh lần này đã đạt hạng <color=#a75f2f>{0}</c>， dưới đây là phần thưởng xếp hạng của ngài， xin nhận lấy!,
2413,2410,4,5,2,4030,3,1,9,1500,2,1006,2500,,,,,,,,,,s==46|Phần thưởng xếp hạng sự kiện Đổ Binh Luyện Ngũ,s==190|Kính thưa Chủ công:<br/>Chủ công trong hoạt động Đổ Binh Luyện Ngũ - Huấn Luyện Cung Binh lần này đã đạt hạng <color=#a75f2f>{0}</c>， dưới đây là phần thưởng xếp hạng của ngài， xin nhận lấy!,
2414,2410,6,10,2,4030,2,1,9,1000,2,1006,2000,,,,,,,,,,s==46|Phần thưởng xếp hạng sự kiện Đổ Binh Luyện Ngũ,s==190|Kính thưa Chủ công:<br/>Chủ công trong hoạt động Đổ Binh Luyện Ngũ - Huấn Luyện Cung Binh lần này đã đạt hạng <color=#a75f2f>{0}</c>， dưới đây là phần thưởng xếp hạng của ngài， xin nhận lấy!,
2415,2410,11,20,2,4030,1,1,9,800,2,1006,1800,,,,,,,,,,s==46|Phần thưởng xếp hạng sự kiện Đổ Binh Luyện Ngũ,s==190|Kính thưa Chủ công:<br/>Chủ công trong hoạt động Đổ Binh Luyện Ngũ - Huấn Luyện Cung Binh lần này đã đạt hạng <color=#a75f2f>{0}</c>， dưới đây là phần thưởng xếp hạng của ngài， xin nhận lấy!,
2416,2410,21,50,2,4020,3,1,9,600,2,1006,1600,,,,,,,,,,s==46|Phần thưởng xếp hạng sự kiện Đổ Binh Luyện Ngũ,s==190|Kính thưa Chủ công:<br/>Chủ công trong hoạt động Đổ Binh Luyện Ngũ - Huấn Luyện Cung Binh lần này đã đạt hạng <color=#a75f2f>{0}</c>， dưới đây là phần thưởng xếp hạng của ngài， xin nhận lấy!,
2417,2410,51,100,2,4020,2,1,9,500,2,1006,1400,,,,,,,,,,s==46|Phần thưởng xếp hạng sự kiện Đổ Binh Luyện Ngũ,s==190|Kính thưa Chủ công:<br/>Chủ công trong hoạt động Đổ Binh Luyện Ngũ - Huấn Luyện Cung Binh lần này đã đạt hạng <color=#a75f2f>{0}</c>， dưới đây là phần thưởng xếp hạng của ngài， xin nhận lấy!,
2418,2410,101,200,2,4020,1,1,9,400,2,1006,1200,,,,,,,,,,s==46|Phần thưởng xếp hạng sự kiện Đổ Binh Luyện Ngũ,s==190|Kính thưa Chủ công:<br/>Chủ công trong hoạt động Đổ Binh Luyện Ngũ - Huấn Luyện Cung Binh lần này đã đạt hạng <color=#a75f2f>{0}</c>， dưới đây là phần thưởng xếp hạng của ngài， xin nhận lấy!,
2419,2410,201,500,2,4010,3,1,9,300,2,1006,1000,,,,,,,,,,s==46|Phần thưởng xếp hạng sự kiện Đổ Binh Luyện Ngũ,s==190|Kính thưa Chủ công:<br/>Chủ công trong hoạt động Đổ Binh Luyện Ngũ - Huấn Luyện Cung Binh lần này đã đạt hạng <color=#a75f2f>{0}</c>， dưới đây là phần thưởng xếp hạng của ngài， xin nhận lấy!,
2420,2410,501,1000,2,4010,2,1,9,200,2,1006,800,,,,,,,,,,s==46|Phần thưởng xếp hạng sự kiện Đổ Binh Luyện Ngũ,s==190|Kính thưa Chủ công:<br/>Chủ công trong hoạt động Đổ Binh Luyện Ngũ - Huấn Luyện Cung Binh lần này đã đạt hạng <color=#a75f2f>{0}</c>， dưới đây là phần thưởng xếp hạng của ngài， xin nhận lấy!,
2421,2410,1001,9999,2,4010,1,1,9,100,2,1006,600,,,,,,,,,,s==46|Phần thưởng xếp hạng sự kiện Đổ Binh Luyện Ngũ,s==190|Kính thưa Chủ công:<br/>Chủ công trong hoạt động Đổ Binh Luyện Ngũ - Huấn Luyện Cung Binh lần này đã đạt hạng <color=#a75f2f>{0}</c>， dưới đây là phần thưởng xếp hạng của ngài， xin nhận lấy!,
2422,2422,1,1,,,,,,,,,,,,,,,,,,,s==28|Rương báu tranh bá quân đoàn,s==147|Kính thưa Chủ công:<br/>Chủ công còn phần thưởng chiến tích chưa nhận trong hoạt động Quân Đoàn Tranh Bá lần này， nay đã gửi qua thư， xin nhận lấy!,
2425,2302,1,1,1,9,1000,1,17,1500,2,1527,1,2,19596,1,,,,,,,s==43|Phần thưởng xếp hạng chiến tranh song thành,s==181|Kính thưa Chủ công:<br/>Quân đoàn của Chủ công trong hoạt động Song Thành Chiến lần này， đã đạt hạng <color=#a75f2f>{0}</c>， dưới đây là phần thưởng xếp hạng của ngài， xin nhận lấy!,
2426,2302,2,2,1,9,800,1,17,1400,2,1527,1,,,,,,,,,,s==43|Phần thưởng xếp hạng chiến tranh song thành,s==181|Kính thưa Chủ công:<br/>Quân đoàn của Chủ công trong hoạt động Song Thành Chiến lần này， đã đạt hạng <color=#a75f2f>{0}</c>， dưới đây là phần thưởng xếp hạng của ngài， xin nhận lấy!,
2427,2302,3,3,1,9,600,1,17,1300,2,1516,1,,,,,,,,,,s==43|Phần thưởng xếp hạng chiến tranh song thành,s==181|Kính thưa Chủ công:<br/>Quân đoàn của Chủ công trong hoạt động Song Thành Chiến lần này， đã đạt hạng <color=#a75f2f>{0}</c>， dưới đây là phần thưởng xếp hạng của ngài， xin nhận lấy!,
2428,2302,4,4,1,9,500,1,17,1000,2,1516,1,,,,,,,,,,s==43|Phần thưởng xếp hạng chiến tranh song thành,s==181|Kính thưa Chủ công:<br/>Quân đoàn của Chủ công trong hoạt động Song Thành Chiến lần này， đã đạt hạng <color=#a75f2f>{0}</c>， dưới đây là phần thưởng xếp hạng của ngài， xin nhận lấy!,
2440,2440,,,1,9,2000,1,5440,1,,,,,,,,,,,,,s==16|Gói quà hoàn trả,s==41|Gói quà hoàn trả lần đầu nạp 2000 Đài bản,
2441,2441,,,1,9,4000,1,5441,1,,,,,,,,,,,,,s==16|Gói quà hoàn trả,s==41|Gói quà hoàn trả lần đầu nạp 4000 Đài bản,
2442,2442,,,1,9,10000,1,5442,1,,,,,,,,,,,,,s==16|Gói quà hoàn trả,s==42|Gói quà hoàn trả lần đầu nạp 10000 Đài bản,
2443,2443,,,1,9,16000,1,5443,1,,,,,,,,,,,,,s==16|Gói quà hoàn trả,s==42|Gói quà hoàn trả lần đầu nạp 16000 Đài bản,
2444,2444,,,1,9,20000,1,5444,1,,,,,,,,,,,,,s==16|Gói quà hoàn trả,s==42|Gói quà hoàn trả lần đầu nạp 20000 Đài bản,
2445,2445,,,1,9,200,1,5445,1,,,,,,,,,,,,,s==16|Gói quà hoàn trả,s==29|Gói quà hoàn trả 2000 Đài bản,
2446,2446,,,1,9,400,1,5446,1,,,,,,,,,,,,,s==16|Gói quà hoàn trả,s==29|Gói quà hoàn trả 4000 Đài bản,
2447,2447,,,1,9,1000,1,5447,1,,,,,,,,,,,,,s==16|Gói quà hoàn trả,s==30|Gói quà hoàn trả 10000 Đài bản,
2448,2448,,,1,9,1600,1,5448,1,,,,,,,,,,,,,s==16|Gói quà hoàn trả,s==30|Gói quà hoàn trả 16000 Đài bản,
2449,2449,,,1,9,1800,1,5449,1,,,,,,,,,,,,,s==16|Gói quà hoàn trả,s==30|Gói quà hoàn trả 20000 Đài bản,
2450,2450,,,,,,,,,,,,,,,,,,,,,s==19|Thông báo quân đoàn,s==19|Thông báo quân đoàn,
2451,2451,,,,,,,,,,,,,,,,,,,,,s==40|Phần thưởng phái遣 ngựa đơn cước thiên lý,s==117|Vị tướng ngài phái trong thiên lý đơn cước đã bị mượn {0} lần dưới đây là phần thưởng thu được xin vui lòng nhận lấy!,
2452,2452,,,,,,,,,,,,,,,,,,,,,s==39|Huyết Chiến Trường Bản Phái Tiễn Thưởng,s==109|Quân sư ngự giá trong Huyết Chiến Trường Bản đã bị mượn {0} lần sau đây là phần thưởng thu được xin mời nhận!,
2453,2453,,,,,,,,,,,,,,,,,,,,,s==42|Thưởng nạp đầu siêu giá trị mốc {0} nguyên,s==12|Ngày thứ {0},
2454,2454,,,,,,,,,,,,,,,,,,,,,s==17|Bảo Tử Thiên Mệnh,s==44|Thưởng tổng hoạt động tích lũy trong sự kiện,
2470,2470,,,,,,,,,,,,,,,,,,,,,s==32|Thần Uy Hoàng Lôi Tàn Lạc Thưởng,s==95|Kính thưa Chủ công:<br/>Đây là phần thưởng ngài bỏ quên trong sự kiện lần này，xin mời kiểm tra!,
2471,2471,,,,,,,,,,,,,,,,,,,,,s==29|Thần Uy Viên Quang Chuyển Hóa,s==175|Kính thưa Chủ công:<br/>Hoạt động Thần Uy Hoàng Lôi đã kết thúc， Thần Uy Viên Quang trong hành trang sẽ tự động chuyển hóa thành Cấp Cứu Tầm Phóng Lệnh。 Xin Chủ công nhận lấy!,
2472,2472,,,,,,,,,,,,,,,,,,,,,s==42|Thần Uy Hoàng Lôi Sự Kiện Chưa Nhận Thưởng,s==153|Kính thưa Chủ công:<br/>Dưới đây là phần thưởng Chủ công đã kích hoạt nhưng chưa lĩnh trong hoạt động Thần Uy Hoàng Lôi， Tốc Phong Tận Lôi， xin nhận lấy!,
2473,2473,,,,,,,,,,,,,,,,,,,,,s==42|Thần Uy Hoàng Lôi Sự Kiện Chưa Nhận Thưởng,s==150|Kính thưa Chủ công:<br/>Dưới đây là phần thưởng Chủ công đã kích hoạt nhưng chưa lĩnh trong hoạt động Thần Uy Hoàng Lôi， Thần Uy Bí Lục， xin nhận lấy!,
2490,2490,,,,,,,,,,,,,,,,,,,,,s==33|Long Môn Đấu Trận Xếp Hạng Thưởng,s==569|Kính thưa Chủ công:<br/>Chủ công tuần trước trong Long Môn Đấu Trận xếp hạng như sau：<br/>Long Môn Đấu Trận 5 sao xếp hạng：{0}<br/>Long Môn Đấu Trận 6 sao xếp hạng：{1}<br/>Long Môn Đấu Trận 7 sao xếp hạng：{2}<br/>Long Môn Đấu Trận 8 sao xếp hạng：{3}<br/>Long Môn Đấu Trận 9 sao xếp hạng：{4}<br/>Long Môn Đấu Trận 10 sao xếp hạng：{5}<br/>Long Môn Đấu Trận 11 sao xếp hạng：{6}<br/>Long Môn Đấu Trận 12 sao xếp hạng：{7}<br/>Long Môn Đấu Trận 13 sao xếp hạng：{8}<br/>Long Môn Đấu Trận 14 sao xếp hạng：{9}<br/>Tổng cộng nhận được phần thưởng xếp hạng dưới đây， xin nhận lấy!,
2504,2504,,,,,,,,,,,,,,,,,,,,,s==43|Tống Tình Cửu Châu Sự Kiện Chưa Nhận Thưởng,s==164|Kính thưa Chủ công:<br/>Dưới đây là phần thưởng tích nạp Chủ công đã kích hoạt nhưng chưa lĩnh trong hoạt động Tống Tình Cửu Châu， Dục Lan Mộc Phương， xin nhận lấy!,
2505,2505,,,,,,,,,,,,,,,,,,,,,s==43|Tống Tình Cửu Châu Sự Kiện Chưa Nhận Thưởng,s==156|Kính thưa Chủ công:<br/>Dưới đây là phần thưởng Chủ công đã kích hoạt nhưng chưa lĩnh trong hoạt động Tống Tình Cửu Châu， Cửu Châu Thương Hội， xin nhận lấy!,
2507,2507,,,,,,,,,,,,,,,,,,,,,s==43|Tống Tình Cửu Châu Sự Kiện Chưa Nhận Thưởng,s==168|Kính thưa Chủ công:<br/>Dưới đây là phần thưởng liên tục nạp Chủ công đã kích hoạt nhưng chưa lĩnh trong hoạt động Tống Tình Cửu Châu， Dục Lan Mộc Phương， xin nhận lấy!,
2510,2510,1,1,2,4050,1,1,9,3000,2,1006,5000,,,,,,,,,,s==42|Tống Tình Cửu Châu Sự Kiện Xếp Hạng Thưởng,s==220|Kính thưa Chủ công:<br/>Chủ công trong lần này tại hoạt động Chỉ Điểm Tống Hoành của Tống Tình Cửu Châu xếp hạng kết toán， đạt thứ hạng thứ <color=#a75f2f>{0}</c>， dưới đây là phần thưởng xếp hạng của ngài， xin nhận lấy!,
2511,2510,2,2,2,4040,2,1,9,2500,2,1006,4000,,,,,,,,,,s==42|Tống Tình Cửu Châu Sự Kiện Xếp Hạng Thưởng,s==220|Kính thưa Chủ công:<br/>Chủ công trong lần này tại hoạt động Chỉ Điểm Tống Hoành của Tống Tình Cửu Châu xếp hạng kết toán， đạt thứ hạng thứ <color=#a75f2f>{0}</c>， dưới đây là phần thưởng xếp hạng của ngài， xin nhận lấy!,
2512,2510,3,3,2,4040,1,1,9,2000,2,1006,3000,,,,,,,,,,s==42|Tống Tình Cửu Châu Sự Kiện Xếp Hạng Thưởng,s==220|Kính thưa Chủ công:<br/>Chủ công trong lần này tại hoạt động Chỉ Điểm Tống Hoành của Tống Tình Cửu Châu xếp hạng kết toán， đạt thứ hạng thứ <color=#a75f2f>{0}</c>， dưới đây là phần thưởng xếp hạng của ngài， xin nhận lấy!,
2513,2510,4,5,2,4030,3,1,9,1500,2,1006,2500,,,,,,,,,,s==42|Tống Tình Cửu Châu Sự Kiện Xếp Hạng Thưởng,s==220|Kính thưa Chủ công:<br/>Chủ công trong lần này tại hoạt động Chỉ Điểm Tống Hoành của Tống Tình Cửu Châu xếp hạng kết toán， đạt thứ hạng thứ <color=#a75f2f>{0}</c>， dưới đây là phần thưởng xếp hạng của ngài， xin nhận lấy!,
2514,2510,6,10,2,4030,2,1,9,1000,2,1006,2000,,,,,,,,,,s==42|Tống Tình Cửu Châu Sự Kiện Xếp Hạng Thưởng,s==220|Kính thưa Chủ công:<br/>Chủ công trong lần này tại hoạt động Chỉ Điểm Tống Hoành của Tống Tình Cửu Châu xếp hạng kết toán， đạt thứ hạng thứ <color=#a75f2f>{0}</c>， dưới đây là phần thưởng xếp hạng của ngài， xin nhận lấy!,
2515,2510,11,20,2,4030,1,1,9,800,2,1006,1800,,,,,,,,,,s==42|Tống Tình Cửu Châu Sự Kiện Xếp Hạng Thưởng,s==220|Kính thưa Chủ công:<br/>Chủ công trong lần này tại hoạt động Chỉ Điểm Tống Hoành của Tống Tình Cửu Châu xếp hạng kết toán， đạt thứ hạng thứ <color=#a75f2f>{0}</c>， dưới đây là phần thưởng xếp hạng của ngài， xin nhận lấy!,
2516,2510,21,50,2,4020,3,1,9,600,2,1006,1600,,,,,,,,,,s==42|Tống Tình Cửu Châu Sự Kiện Xếp Hạng Thưởng,s==220|Kính thưa Chủ công:<br/>Chủ công trong lần này tại hoạt động Chỉ Điểm Tống Hoành của Tống Tình Cửu Châu xếp hạng kết toán， đạt thứ hạng thứ <color=#a75f2f>{0}</c>， dưới đây là phần thưởng xếp hạng của ngài， xin nhận lấy!,
2517,2510,51,100,2,4020,2,1,9,500,2,1006,1400,,,,,,,,,,s==42|Tống Tình Cửu Châu Sự Kiện Xếp Hạng Thưởng,s==220|Kính thưa Chủ công:<br/>Chủ công trong lần này tại hoạt động Chỉ Điểm Tống Hoành của Tống Tình Cửu Châu xếp hạng kết toán， đạt thứ hạng thứ <color=#a75f2f>{0}</c>， dưới đây là phần thưởng xếp hạng của ngài， xin nhận lấy!,
2518,2510,101,200,2,4020,1,1,9,400,2,1006,1200,,,,,,,,,,s==42|Tống Tình Cửu Châu Sự Kiện Xếp Hạng Thưởng,s==220|Kính thưa Chủ công:<br/>Chủ công trong lần này tại hoạt động Chỉ Điểm Tống Hoành của Tống Tình Cửu Châu xếp hạng kết toán， đạt thứ hạng thứ <color=#a75f2f>{0}</c>， dưới đây là phần thưởng xếp hạng của ngài， xin nhận lấy!,
2519,2510,201,500,2,4010,3,1,9,300,2,1006,1000,,,,,,,,,,s==42|Tống Tình Cửu Châu Sự Kiện Xếp Hạng Thưởng,s==220|Kính thưa Chủ công:<br/>Chủ công trong lần này tại hoạt động Chỉ Điểm Tống Hoành của Tống Tình Cửu Châu xếp hạng kết toán， đạt thứ hạng thứ <color=#a75f2f>{0}</c>， dưới đây là phần thưởng xếp hạng của ngài， xin nhận lấy!,
2520,2510,501,1000,2,4010,2,1,9,200,2,1006,800,,,,,,,,,,s==42|Tống Tình Cửu Châu Sự Kiện Xếp Hạng Thưởng,s==220|Kính thưa Chủ công:<br/>Chủ công trong lần này tại hoạt động Chỉ Điểm Tống Hoành của Tống Tình Cửu Châu xếp hạng kết toán， đạt thứ hạng thứ <color=#a75f2f>{0}</c>， dưới đây là phần thưởng xếp hạng của ngài， xin nhận lấy!,
2521,2510,1001,9999,2,4010,1,1,9,100,2,1006,600,,,,,,,,,,s==42|Tống Tình Cửu Châu Sự Kiện Xếp Hạng Thưởng,s==220|Kính thưa Chủ công:<br/>Chủ công trong lần này tại hoạt động Chỉ Điểm Tống Hoành của Tống Tình Cửu Châu xếp hạng kết toán， đạt thứ hạng thứ <color=#a75f2f>{0}</c>， dưới đây là phần thưởng xếp hạng của ngài， xin nhận lấy!,
2530,2515,1,1,1,17,1500,2,5428,10,2,19592,1,,,,,,,,,,s==37|Song Thành Chiến Điểm Xếp Hạng Thưởng,s==218|Kính thưa Chủ công:<br/>Chủ công lần này trong hoạt động Song Thành Chiến đạt được điểm số， trong quân đoàn xếp hạng thứ <color=#a75f2f>{0}</c> danh vị xuất sắc， dưới đây là phần thưởng xếp hạng của ngài， xin nhận lấy!,
2531,2515,2,2,1,17,1400,2,5428,9,2,19593,1,,,,,,,,,,s==37|Song Thành Chiến Điểm Xếp Hạng Thưởng,s==218|Kính thưa Chủ công:<br/>Chủ công lần này trong hoạt động Song Thành Chiến đạt được điểm số， trong quân đoàn xếp hạng thứ <color=#a75f2f>{0}</c> danh vị xuất sắc， dưới đây là phần thưởng xếp hạng của ngài， xin nhận lấy!,
2532,2515,3,3,1,17,1300,2,5428,8,2,19594,1,,,,,,,,,,s==37|Song Thành Chiến Điểm Xếp Hạng Thưởng,s==218|Kính thưa Chủ công:<br/>Chủ công lần này trong hoạt động Song Thành Chiến đạt được điểm số， trong quân đoàn xếp hạng thứ <color=#a75f2f>{0}</c> danh vị xuất sắc， dưới đây là phần thưởng xếp hạng của ngài， xin nhận lấy!,
2533,2515,4,10,1,17,1000,2,5428,7,,,,,,,,,,,,,s==37|Song Thành Chiến Điểm Xếp Hạng Thưởng,s==218|Kính thưa Chủ công:<br/>Chủ công lần này trong hoạt động Song Thành Chiến đạt được điểm số， trong quân đoàn xếp hạng thứ <color=#a75f2f>{0}</c> danh vị xuất sắc， dưới đây là phần thưởng xếp hạng của ngài， xin nhận lấy!,
2534,2515,11,20,1,17,800,2,5428,6,,,,,,,,,,,,,s==37|Song Thành Chiến Điểm Xếp Hạng Thưởng,s==218|Kính thưa Chủ công:<br/>Chủ công lần này trong hoạt động Song Thành Chiến đạt được điểm số， trong quân đoàn xếp hạng thứ <color=#a75f2f>{0}</c> danh vị xuất sắc， dưới đây là phần thưởng xếp hạng của ngài， xin nhận lấy!,
2540,2515,21,100,1,17,600,2,5428,5,,,,,,,,,,,,,s==37|Song Thành Chiến Điểm Xếp Hạng Thưởng,s==218|Kính thưa Chủ công:<br/>Chủ công lần này trong hoạt động Song Thành Chiến đạt được điểm số， trong quân đoàn xếp hạng thứ <color=#a75f2f>{0}</c> danh vị xuất sắc， dưới đây là phần thưởng xếp hạng của ngài， xin nhận lấy!,
2541,2516,1,1,1,17,1300,2,5428,9,2,19593,1,,,,,,,,,,s==37|Song Thành Chiến Điểm Xếp Hạng Thưởng,s==218|Kính thưa Chủ công:<br/>Chủ công lần này trong hoạt động Song Thành Chiến đạt được điểm số， trong quân đoàn xếp hạng thứ <color=#a75f2f>{0}</c> danh vị xuất sắc， dưới đây là phần thưởng xếp hạng của ngài， xin nhận lấy!,
2542,2516,2,2,1,17,1200,2,5428,8,2,19594,1,,,,,,,,,,s==37|Song Thành Chiến Điểm Xếp Hạng Thưởng,s==218|Kính thưa Chủ công:<br/>Chủ công lần này trong hoạt động Song Thành Chiến đạt được điểm số， trong quân đoàn xếp hạng thứ <color=#a75f2f>{0}</c> danh vị xuất sắc， dưới đây là phần thưởng xếp hạng của ngài， xin nhận lấy!,
2543,2516,3,3,1,17,1100,2,5428,7,2,19595,1,,,,,,,,,,s==37|Song Thành Chiến Điểm Xếp Hạng Thưởng,s==218|Kính thưa Chủ công:<br/>Chủ công lần này trong hoạt động Song Thành Chiến đạt được điểm số， trong quân đoàn xếp hạng thứ <color=#a75f2f>{0}</c> danh vị xuất sắc， dưới đây là phần thưởng xếp hạng của ngài， xin nhận lấy!,
2544,2516,4,10,1,17,800,2,5428,6,,,,,,,,,,,,,s==37|Song Thành Chiến Điểm Xếp Hạng Thưởng,s==218|Kính thưa Chủ công:<br/>Chủ công lần này trong hoạt động Song Thành Chiến đạt được điểm số， trong quân đoàn xếp hạng thứ <color=#a75f2f>{0}</c> danh vị xuất sắc， dưới đây là phần thưởng xếp hạng của ngài， xin nhận lấy!,
2550,2516,11,20,1,17,600,2,5428,5,,,,,,,,,,,,,s==37|Song Thành Chiến Điểm Xếp Hạng Thưởng,s==218|Kính thưa Chủ công:<br/>Chủ công lần này trong hoạt động Song Thành Chiến đạt được điểm số， trong quân đoàn xếp hạng thứ <color=#a75f2f>{0}</c> danh vị xuất sắc， dưới đây là phần thưởng xếp hạng của ngài， xin nhận lấy!,
2551,2516,21,100,1,17,400,2,5428,4,,,,,,,,,,,,,s==37|Song Thành Chiến Điểm Xếp Hạng Thưởng,s==218|Kính thưa Chủ công:<br/>Chủ công lần này trong hoạt động Song Thành Chiến đạt được điểm số， trong quân đoàn xếp hạng thứ <color=#a75f2f>{0}</c> danh vị xuất sắc， dưới đây là phần thưởng xếp hạng của ngài， xin nhận lấy!,
2552,2517,1,1,1,17,1100,2,5428,8,,,,,,,,,,,,,s==37|Song Thành Chiến Điểm Xếp Hạng Thưởng,s==218|Kính thưa Chủ công:<br/>Chủ công lần này trong hoạt động Song Thành Chiến đạt được điểm số， trong quân đoàn xếp hạng thứ <color=#a75f2f>{0}</c> danh vị xuất sắc， dưới đây là phần thưởng xếp hạng của ngài， xin nhận lấy!,
2553,2517,2,2,1,17,1000,2,5428,7,,,,,,,,,,,,,s==37|Song Thành Chiến Điểm Xếp Hạng Thưởng,s==218|Kính thưa Chủ công:<br/>Chủ công lần này trong hoạt động Song Thành Chiến đạt được điểm số， trong quân đoàn xếp hạng thứ <color=#a75f2f>{0}</c> danh vị xuất sắc， dưới đây là phần thưởng xếp hạng của ngài， xin nhận lấy!,
2554,2517,3,3,1,17,900,2,5428,6,,,,,,,,,,,,,s==37|Song Thành Chiến Điểm Xếp Hạng Thưởng,s==218|Kính thưa Chủ công:<br/>Chủ công lần này trong hoạt động Song Thành Chiến đạt được điểm số， trong quân đoàn xếp hạng thứ <color=#a75f2f>{0}</c> danh vị xuất sắc， dưới đây là phần thưởng xếp hạng của ngài， xin nhận lấy!,
2560,2517,4,10,1,17,600,2,5428,5,,,,,,,,,,,,,s==37|Song Thành Chiến Điểm Xếp Hạng Thưởng,s==218|Kính thưa Chủ công:<br/>Chủ công lần này trong hoạt động Song Thành Chiến đạt được điểm số， trong quân đoàn xếp hạng thứ <color=#a75f2f>{0}</c> danh vị xuất sắc， dưới đây là phần thưởng xếp hạng của ngài， xin nhận lấy!,
2561,2517,11,20,1,17,400,2,5428,4,,,,,,,,,,,,,s==37|Song Thành Chiến Điểm Xếp Hạng Thưởng,s==218|Kính thưa Chủ công:<br/>Chủ công lần này trong hoạt động Song Thành Chiến đạt được điểm số， trong quân đoàn xếp hạng thứ <color=#a75f2f>{0}</c> danh vị xuất sắc， dưới đây là phần thưởng xếp hạng của ngài， xin nhận lấy!,
2562,2517,21,100,1,17,200,2,5428,3,,,,,,,,,,,,,s==37|Song Thành Chiến Điểm Xếp Hạng Thưởng,s==218|Kính thưa Chủ công:<br/>Chủ công lần này trong hoạt động Song Thành Chiến đạt được điểm số， trong quân đoàn xếp hạng thứ <color=#a75f2f>{0}</c> danh vị xuất sắc， dưới đây là phần thưởng xếp hạng của ngài， xin nhận lấy!,
2563,2518,1,1,1,17,1000,2,5428,7,,,,,,,,,,,,,s==37|Song Thành Chiến Điểm Xếp Hạng Thưởng,s==218|Kính thưa Chủ công:<br/>Chủ công lần này trong hoạt động Song Thành Chiến đạt được điểm số， trong quân đoàn xếp hạng thứ <color=#a75f2f>{0}</c> danh vị xuất sắc， dưới đây là phần thưởng xếp hạng của ngài， xin nhận lấy!,
2564,2518,2,2,1,17,900,2,5428,6,,,,,,,,,,,,,s==37|Song Thành Chiến Điểm Xếp Hạng Thưởng,s==218|Kính thưa Chủ công:<br/>Chủ công lần này trong hoạt động Song Thành Chiến đạt được điểm số， trong quân đoàn xếp hạng thứ <color=#a75f2f>{0}</c> danh vị xuất sắc， dưới đây là phần thưởng xếp hạng của ngài， xin nhận lấy!,
2565,2518,3,3,1,17,800,2,5428,5,,,,,,,,,,,,,s==37|Song Thành Chiến Điểm Xếp Hạng Thưởng,s==218|Kính thưa Chủ công:<br/>Chủ công lần này trong hoạt động Song Thành Chiến đạt được điểm số， trong quân đoàn xếp hạng thứ <color=#a75f2f>{0}</c> danh vị xuất sắc， dưới đây là phần thưởng xếp hạng của ngài， xin nhận lấy!,
2566,2518,4,10,1,17,500,2,5428,4,,,,,,,,,,,,,s==37|Song Thành Chiến Điểm Xếp Hạng Thưởng,s==218|Kính thưa Chủ công:<br/>Chủ công lần này trong hoạt động Song Thành Chiến đạt được điểm số， trong quân đoàn xếp hạng thứ <color=#a75f2f>{0}</c> danh vị xuất sắc， dưới đây là phần thưởng xếp hạng của ngài， xin nhận lấy!,
2567,2518,11,20,1,17,300,2,5428,3,,,,,,,,,,,,,s==37|Song Thành Chiến Điểm Xếp Hạng Thưởng,s==218|Kính thưa Chủ công:<br/>Chủ công lần này trong hoạt động Song Thành Chiến đạt được điểm số， trong quân đoàn xếp hạng thứ <color=#a75f2f>{0}</c> danh vị xuất sắc， dưới đây là phần thưởng xếp hạng của ngài， xin nhận lấy!,
2568,2518,21,100,1,17,100,2,5428,2,,,,,,,,,,,,,s==37|Song Thành Chiến Điểm Xếp Hạng Thưởng,s==218|Kính thưa Chủ công:<br/>Chủ công lần này trong hoạt động Song Thành Chiến đạt được điểm số， trong quân đoàn xếp hạng thứ <color=#a75f2f>{0}</c> danh vị xuất sắc， dưới đây là phần thưởng xếp hạng của ngài， xin nhận lấy!,
2570,2519,,,,,,,,,,,,,,,,,,,,,s==43|Yêu Vương Ác Triều Sự Kiện Chưa Nhận Thưởng,s==135|Kính thưa Chủ công:<br/>Dưới đây là phần thưởng Chủ công đã kích hoạt nhưng chưa lĩnh trong hoạt động Yêu Vương Ác Triệu， xin nhận lấy!,
2571,2520,,,,,,,,,,,,,,,,,,,,,s==41|Song Thành Chiến Sự Kiện Chưa Nhận Thưởng,s==133|Kính thưa Chủ công:<br/>Dưới đây là phần thưởng Chủ công đã kích hoạt nhưng chưa lĩnh trong hoạt động Song Thành Chiến， xin nhận lấy!,
2600,2600,,,,,,,,,,,,,,,,,,,,,s==42|Giới Hạn Tích Nạp Sự Kiện Chưa Nhận Thưởng,s==144|Kính thưa Chủ công:<br/>Dưới đây là phần thưởng Chủ công đã kích hoạt nhưng chưa lĩnh trong hoạt động Tích Nạp Giới Hạn Thời Gian， xin nhận lấy!,
2650,2650,,,,,,,,,,,,,,,,,,,,,s==14|Nạp thành công,s==168|Kính thưa Chủ công:<br/>Ngân lượng quý giá <color=#a75f2f>{0}</c> mà ngài nạp đã vào tài khoản， cảm tạ ngài đã ủng hộ trò chơi của chúng ta， chúc ngài chơi game vui vẻ!,
2660,1621,1,1,2,1004,16,1,9,1500,1,68,9000,2,3014,50,,,,,,,s==60|Phần thưởng giải đấu tích điểm liên server Khu Vực Vương Hầu,s==191|Kính thưa Chủ công:<br/>Chúc mừng ngài tại kỳ Bỉ Võ Đại Hội Vương Hầu Chiến Khu xuyên máy chủ tích điểm trận đạt hạng thứ {0}， sau đây là phần thưởng xếp hạng của ngài， xin kiểm tra nhận lấy!,
2661,1621,2,2,2,1004,14,1,9,1200,1,68,5000,,,,,,,,,,s==60|Phần thưởng giải đấu tích điểm liên server Khu Vực Vương Hầu,s==191|Kính thưa Chủ công:<br/>Chúc mừng ngài tại kỳ Bỉ Võ Đại Hội Vương Hầu Chiến Khu xuyên máy chủ tích điểm trận đạt hạng thứ {0}， sau đây là phần thưởng xếp hạng của ngài， xin kiểm tra nhận lấy!,
2662,1621,3,3,2,1004,12,1,9,900,1,68,4500,,,,,,,,,,s==60|Phần thưởng giải đấu tích điểm liên server Khu Vực Vương Hầu,s==191|Kính thưa Chủ công:<br/>Chúc mừng ngài tại kỳ Bỉ Võ Đại Hội Vương Hầu Chiến Khu xuyên máy chủ tích điểm trận đạt hạng thứ {0}， sau đây là phần thưởng xếp hạng của ngài， xin kiểm tra nhận lấy!,
2663,1621,4,4,2,1004,8,1,9,750,1,68,4000,,,,,,,,,,s==60|Phần thưởng giải đấu tích điểm liên server Khu Vực Vương Hầu,s==191|Kính thưa Chủ công:<br/>Chúc mừng ngài tại kỳ Bỉ Võ Đại Hội Vương Hầu Chiến Khu xuyên máy chủ tích điểm trận đạt hạng thứ {0}， sau đây là phần thưởng xếp hạng của ngài， xin kiểm tra nhận lấy!,
2664,1621,5,8,2,1004,5,1,9,600,1,68,3500,,,,,,,,,,s==60|Phần thưởng giải đấu tích điểm liên server Khu Vực Vương Hầu,s==191|Kính thưa Chủ công:<br/>Chúc mừng ngài tại kỳ Bỉ Võ Đại Hội Vương Hầu Chiến Khu xuyên máy chủ tích điểm trận đạt hạng thứ {0}， sau đây là phần thưởng xếp hạng của ngài， xin kiểm tra nhận lấy!,
2665,1621,9,16,2,1004,4,1,9,450,1,68,3000,,,,,,,,,,s==60|Phần thưởng giải đấu tích điểm liên server Khu Vực Vương Hầu,s==191|Kính thưa Chủ công:<br/>Chúc mừng ngài tại kỳ Bỉ Võ Đại Hội Vương Hầu Chiến Khu xuyên máy chủ tích điểm trận đạt hạng thứ {0}， sau đây là phần thưởng xếp hạng của ngài， xin kiểm tra nhận lấy!,
2666,1621,17,32,2,1004,3,1,9,300,1,68,2500,,,,,,,,,,s==60|Phần thưởng giải đấu tích điểm liên server Khu Vực Vương Hầu,s==191|Kính thưa Chủ công:<br/>Chúc mừng ngài tại kỳ Bỉ Võ Đại Hội Vương Hầu Chiến Khu xuyên máy chủ tích điểm trận đạt hạng thứ {0}， sau đây là phần thưởng xếp hạng của ngài， xin kiểm tra nhận lấy!,
2667,1621,33,64,2,1004,2,1,9,200,1,68,1500,,,,,,,,,,s==60|Phần thưởng giải đấu tích điểm liên server Khu Vực Vương Hầu,s==191|Kính thưa Chủ công:<br/>Chúc mừng ngài tại kỳ Bỉ Võ Đại Hội Vương Hầu Chiến Khu xuyên máy chủ tích điểm trận đạt hạng thứ {0}， sau đây là phần thưởng xếp hạng của ngài， xin kiểm tra nhận lấy!,
2668,1621,65,128,2,1004,1,1,9,100,1,68,1000,,,,,,,,,,s==60|Phần thưởng giải đấu tích điểm liên server Khu Vực Vương Hầu,s==191|Kính thưa Chủ công:<br/>Chúc mừng ngài tại kỳ Bỉ Võ Đại Hội Vương Hầu Chiến Khu xuyên máy chủ tích điểm trận đạt hạng thứ {0}， sau đây là phần thưởng xếp hạng của ngài， xin kiểm tra nhận lấy!,
2669,1631,1,1,2,1003,30,1,9,800,1,68,3000,2,3008,50,,,,,,,s==60|Phần thưởng giải đấu tích điểm liên server Khu Vực Quần Hùng,s==191|Kính thưa Chủ công:<br/>Chúc mừng ngài tại kỳ Bỉ Võ Đại Hội Quần Hùng Chiến Khu xuyên máy chủ tích điểm trận đạt hạng thứ {0}， sau đây là phần thưởng xếp hạng của ngài， xin kiểm tra nhận lấy!,
2670,1631,2,2,2,1003,25,1,9,650,1,68,2400,,,,,,,,,,s==60|Phần thưởng giải đấu tích điểm liên server Khu Vực Quần Hùng,s==191|Kính thưa Chủ công:<br/>Chúc mừng ngài tại kỳ Bỉ Võ Đại Hội Quần Hùng Chiến Khu xuyên máy chủ tích điểm trận đạt hạng thứ {0}， sau đây là phần thưởng xếp hạng của ngài， xin kiểm tra nhận lấy!,
2671,1631,3,3,2,1003,20,1,9,500,1,68,1500,,,,,,,,,,s==60|Phần thưởng giải đấu tích điểm liên server Khu Vực Quần Hùng,s==191|Kính thưa Chủ công:<br/>Chúc mừng ngài tại kỳ Bỉ Võ Đại Hội Quần Hùng Chiến Khu xuyên máy chủ tích điểm trận đạt hạng thứ {0}， sau đây là phần thưởng xếp hạng của ngài， xin kiểm tra nhận lấy!,
2672,1631,4,4,2,1003,12,1,9,400,1,68,1300,,,,,,,,,,s==60|Phần thưởng giải đấu tích điểm liên server Khu Vực Quần Hùng,s==191|Kính thưa Chủ công:<br/>Chúc mừng ngài tại kỳ Bỉ Võ Đại Hội Quần Hùng Chiến Khu xuyên máy chủ tích điểm trận đạt hạng thứ {0}， sau đây là phần thưởng xếp hạng của ngài， xin kiểm tra nhận lấy!,
2673,1631,5,8,2,1003,9,1,9,300,1,68,1100,,,,,,,,,,s==60|Phần thưởng giải đấu tích điểm liên server Khu Vực Quần Hùng,s==191|Kính thưa Chủ công:<br/>Chúc mừng ngài tại kỳ Bỉ Võ Đại Hội Quần Hùng Chiến Khu xuyên máy chủ tích điểm trận đạt hạng thứ {0}， sau đây là phần thưởng xếp hạng của ngài， xin kiểm tra nhận lấy!,
2674,1631,9,16,2,1003,6,1,9,230,1,68,900,,,,,,,,,,s==60|Phần thưởng giải đấu tích điểm liên server Khu Vực Quần Hùng,s==191|Kính thưa Chủ công:<br/>Chúc mừng ngài tại kỳ Bỉ Võ Đại Hội Quần Hùng Chiến Khu xuyên máy chủ tích điểm trận đạt hạng thứ {0}， sau đây là phần thưởng xếp hạng của ngài， xin kiểm tra nhận lấy!,
2675,1631,17,32,2,1003,3,1,9,150,1,68,700,,,,,,,,,,s==60|Phần thưởng giải đấu tích điểm liên server Khu Vực Quần Hùng,s==191|Kính thưa Chủ công:<br/>Chúc mừng ngài tại kỳ Bỉ Võ Đại Hội Quần Hùng Chiến Khu xuyên máy chủ tích điểm trận đạt hạng thứ {0}， sau đây là phần thưởng xếp hạng của ngài， xin kiểm tra nhận lấy!,
2676,1631,33,64,2,1003,2,1,9,100,1,68,500,,,,,,,,,,s==60|Phần thưởng giải đấu tích điểm liên server Khu Vực Quần Hùng,s==191|Kính thưa Chủ công:<br/>Chúc mừng ngài tại kỳ Bỉ Võ Đại Hội Quần Hùng Chiến Khu xuyên máy chủ tích điểm trận đạt hạng thứ {0}， sau đây là phần thưởng xếp hạng của ngài， xin kiểm tra nhận lấy!,
2677,1631,65,128,2,1003,1,1,9,50,1,68,400,,,,,,,,,,s==60|Phần thưởng giải đấu tích điểm liên server Khu Vực Quần Hùng,s==191|Kính thưa Chủ công:<br/>Chúc mừng ngài tại kỳ Bỉ Võ Đại Hội Quần Hùng Chiến Khu xuyên máy chủ tích điểm trận đạt hạng thứ {0}， sau đây là phần thưởng xếp hạng của ngài， xin kiểm tra nhận lấy!,
2680,1681,1,1,2,1004,55,1,9,6000,1,68,42000,2,3014,150,2,19574,1,2,19830,1,s==56|Phần thưởng Loại Trừ Thế Giới Khu Chiến Trường Vương Hầu,s==164|Kính thưa Chủ công:<br/>Chúc mừng ngài đã đạt hạng {0} trong kỳ thi đấu võ lâm khu vực Vương Hầu kỳ này， sau đây là phần thưởng xếp hạng của ngài， xin mời nhận lấy!,
2681,1681,2,2,2,1004,44,1,9,4800,1,68,34000,2,3014,100,2,19576,1,,,,s==56|Phần thưởng Loại Trừ Thế Giới Khu Chiến Trường Vương Hầu,s==164|Kính thưa Chủ công:<br/>Chúc mừng ngài đã đạt hạng {0} trong kỳ thi đấu võ lâm khu vực Vương Hầu kỳ này， sau đây là phần thưởng xếp hạng của ngài， xin mời nhận lấy!,
2682,1681,3,3,2,1004,33,1,9,3600,1,68,26000,2,3014,50,2,19578,1,,,,s==56|Phần thưởng Loại Trừ Thế Giới Khu Chiến Trường Vương Hầu,s==164|Kính thưa Chủ công:<br/>Chúc mừng ngài đã đạt hạng {0} trong kỳ thi đấu võ lâm khu vực Vương Hầu kỳ này， sau đây là phần thưởng xếp hạng của ngài， xin mời nhận lấy!,
2683,1681,4,4,2,1004,27,1,9,3000,1,68,24000,,,,,,,,,,s==56|Phần thưởng Loại Trừ Thế Giới Khu Chiến Trường Vương Hầu,s==164|Kính thưa Chủ công:<br/>Chúc mừng ngài đã đạt hạng {0} trong kỳ thi đấu võ lâm khu vực Vương Hầu kỳ này， sau đây là phần thưởng xếp hạng của ngài， xin mời nhận lấy!,
2684,1681,5,8,2,1004,22,1,9,2500,1,68,22000,,,,,,,,,,s==56|Phần thưởng Loại Trừ Thế Giới Khu Chiến Trường Vương Hầu,s==164|Kính thưa Chủ công:<br/>Chúc mừng ngài đã đạt hạng {0} trong kỳ thi đấu võ lâm khu vực Vương Hầu kỳ này， sau đây là phần thưởng xếp hạng của ngài， xin mời nhận lấy!,
2685,1681,9,16,2,1004,16,1,9,1900,1,68,19000,,,,,,,,,,s==56|Phần thưởng Loại Trừ Thế Giới Khu Chiến Trường Vương Hầu,s==164|Kính thưa Chủ công:<br/>Chúc mừng ngài đã đạt hạng {0} trong kỳ thi đấu võ lâm khu vực Vương Hầu kỳ này， sau đây là phần thưởng xếp hạng của ngài， xin mời nhận lấy!,
2686,1681,17,32,2,1004,11,1,9,1400,1,68,17000,,,,,,,,,,s==56|Phần thưởng Loại Trừ Thế Giới Khu Chiến Trường Vương Hầu,s==164|Kính thưa Chủ công:<br/>Chúc mừng ngài đã đạt hạng {0} trong kỳ thi đấu võ lâm khu vực Vương Hầu kỳ này， sau đây là phần thưởng xếp hạng của ngài， xin mời nhận lấy!,
2687,1681,33,64,2,1004,9,1,9,1100,1,68,15000,,,,,,,,,,s==56|Phần thưởng Loại Trừ Thế Giới Khu Chiến Trường Vương Hầu,s==164|Kính thưa Chủ công:<br/>Chúc mừng ngài đã đạt hạng {0} trong kỳ thi đấu võ lâm khu vực Vương Hầu kỳ này， sau đây là phần thưởng xếp hạng của ngài， xin mời nhận lấy!,
2688,1681,65,128,2,1004,7,1,9,800,1,68,12000,,,,,,,,,,s==56|Phần thưởng Loại Trừ Thế Giới Khu Chiến Trường Vương Hầu,s==164|Kính thưa Chủ công:<br/>Chúc mừng ngài đã đạt hạng {0} trong kỳ thi đấu võ lâm khu vực Vương Hầu kỳ này， sau đây là phần thưởng xếp hạng của ngài， xin mời nhận lấy!,
2689,1681,129,256,2,1004,5,1,9,600,1,68,10000,,,,,,,,,,s==56|Phần thưởng Loại Trừ Thế Giới Khu Chiến Trường Vương Hầu,s==164|Kính thưa Chủ công:<br/>Chúc mừng ngài đã đạt hạng {0} trong kỳ thi đấu võ lâm khu vực Vương Hầu kỳ này， sau đây là phần thưởng xếp hạng của ngài， xin mời nhận lấy!,
2690,1691,1,1,2,1004,17,1,9,1500,1,68,19000,2,3014,50,2,19575,1,2,19831,1,s==56|Phần thưởng Loại Trừ Thế Giới Khu Chiến Trường Quần Hùng,s==164|Kính thưa Chủ công:<br/>Chúc mừng ngài đã đạt hạng {0} trong kỳ thi đấu võ lâm khu vực Quần Hùng kỳ này， sau đây là phần thưởng xếp hạng của ngài， xin mời nhận lấy!,
2691,1691,2,2,2,1004,14,1,9,1200,1,68,16000,2,19577,1,,,,,,,s==56|Phần thưởng Loại Trừ Thế Giới Khu Chiến Trường Quần Hùng,s==164|Kính thưa Chủ công:<br/>Chúc mừng ngài đã đạt hạng {0} trong kỳ thi đấu võ lâm khu vực Quần Hùng kỳ này， sau đây là phần thưởng xếp hạng của ngài， xin mời nhận lấy!,
2692,1691,3,3,2,1004,12,1,9,900,1,68,12000,2,19579,1,,,,,,,s==56|Phần thưởng Loại Trừ Thế Giới Khu Chiến Trường Quần Hùng,s==164|Kính thưa Chủ công:<br/>Chúc mừng ngài đã đạt hạng {0} trong kỳ thi đấu võ lâm khu vực Quần Hùng kỳ này， sau đây là phần thưởng xếp hạng của ngài， xin mời nhận lấy!,
2693,1691,4,4,2,1004,10,1,9,750,1,68,11000,,,,,,,,,,s==56|Phần thưởng Loại Trừ Thế Giới Khu Chiến Trường Quần Hùng,s==164|Kính thưa Chủ công:<br/>Chúc mừng ngài đã đạt hạng {0} trong kỳ thi đấu võ lâm khu vực Quần Hùng kỳ này， sau đây là phần thưởng xếp hạng của ngài， xin mời nhận lấy!,
2694,1691,5,8,2,1004,8,1,9,700,1,68,10000,,,,,,,,,,s==56|Phần thưởng Loại Trừ Thế Giới Khu Chiến Trường Quần Hùng,s==164|Kính thưa Chủ công:<br/>Chúc mừng ngài đã đạt hạng {0} trong kỳ thi đấu võ lâm khu vực Quần Hùng kỳ này， sau đây là phần thưởng xếp hạng của ngài， xin mời nhận lấy!,
2695,1691,9,16,2,1004,6,1,9,650,1,68,9000,,,,,,,,,,s==56|Phần thưởng Loại Trừ Thế Giới Khu Chiến Trường Quần Hùng,s==164|Kính thưa Chủ công:<br/>Chúc mừng ngài đã đạt hạng {0} trong kỳ thi đấu võ lâm khu vực Quần Hùng kỳ này， sau đây là phần thưởng xếp hạng của ngài， xin mời nhận lấy!,
2696,1691,17,32,2,1004,4,1,9,550,1,68,8000,,,,,,,,,,s==56|Phần thưởng Loại Trừ Thế Giới Khu Chiến Trường Quần Hùng,s==164|Kính thưa Chủ công:<br/>Chúc mừng ngài đã đạt hạng {0} trong kỳ thi đấu võ lâm khu vực Quần Hùng kỳ này， sau đây là phần thưởng xếp hạng của ngài， xin mời nhận lấy!,
2697,1691,33,64,2,1004,3,1,9,500,1,68,6500,,,,,,,,,,s==56|Phần thưởng Loại Trừ Thế Giới Khu Chiến Trường Quần Hùng,s==164|Kính thưa Chủ công:<br/>Chúc mừng ngài đã đạt hạng {0} trong kỳ thi đấu võ lâm khu vực Quần Hùng kỳ này， sau đây là phần thưởng xếp hạng của ngài， xin mời nhận lấy!,
2698,1691,65,128,2,1004,2,1,9,400,1,68,5500,,,,,,,,,,s==56|Phần thưởng Loại Trừ Thế Giới Khu Chiến Trường Quần Hùng,s==164|Kính thưa Chủ công:<br/>Chúc mừng ngài đã đạt hạng {0} trong kỳ thi đấu võ lâm khu vực Quần Hùng kỳ này， sau đây là phần thưởng xếp hạng của ngài， xin mời nhận lấy!,
2699,1691,129,256,2,1004,1,1,9,300,1,68,4500,,,,,,,,,,s==56|Phần thưởng Loại Trừ Thế Giới Khu Chiến Trường Quần Hùng,s==164|Kính thưa Chủ công:<br/>Chúc mừng ngài đã đạt hạng {0} trong kỳ thi đấu võ lâm khu vực Quần Hùng kỳ này， sau đây là phần thưởng xếp hạng của ngài， xin mời nhận lấy!,
2700,2700,,,,,,,,,,,,,,,,,,,,,s==47|Hoạt động Thanh Mộng Kiều Kiều chưa nhận thưởng,s==155|Kính thưa Chủ công:<br/>Dưới đây là phần thưởng ngài đã kích hoạt nhưng chưa lĩnh trong sự kiện Thanh Mộng Kiều Kiều ， Mẫn Tâm Lễ Tặng ， xin mời kiểm nhận!,
2701,2701,,,,,,,,,,,,,,,,,,,,,s==47|Hoạt động Thanh Mộng Kiều Kiều chưa nhận thưởng,s==157|Kính thưa Chủ công:<br/>Dưới đây là phần thưởng ngài đã kích hoạt nhưng chưa lĩnh trong sự kiện Thanh Mộng Kiều Kiều ， Thiên Quyên Á Tập ， xin mời kiểm nhận!,
2702,2702,1,1,1,9,1000,2,1464,1,2,1463,1,,,,,,,,,,s==51|Phần thưởng xếp hạng hoạt động Thanh Mộng Kiều Kiều,s==205|Kính thưa Chủ công:<br/>Ngài trong sự kiện Thanh Mộng Kiều Kiều biệt tình Ưng Ca xếp hạng kết toán lần này ， đạt hạng <color=#a75f2f>{0}</c> ， dưới đây là phần thưởng xếp hạng của ngài ， xin mời kiểm nhận!,
2703,2702,2,2,1,9,800,2,1464,1,2,1463,1,,,,,,,,,,s==51|Phần thưởng xếp hạng hoạt động Thanh Mộng Kiều Kiều,s==205|Kính thưa Chủ công:<br/>Ngài trong sự kiện Thanh Mộng Kiều Kiều biệt tình Ưng Ca xếp hạng kết toán lần này ， đạt hạng <color=#a75f2f>{0}</c> ， dưới đây là phần thưởng xếp hạng của ngài ， xin mời kiểm nhận!,
2704,2702,3,3,1,9,500,2,1463,1,,,,,,,,,,,,,s==51|Phần thưởng xếp hạng hoạt động Thanh Mộng Kiều Kiều,s==205|Kính thưa Chủ công:<br/>Ngài trong sự kiện Thanh Mộng Kiều Kiều biệt tình Ưng Ca xếp hạng kết toán lần này ， đạt hạng <color=#a75f2f>{0}</c> ， dưới đây là phần thưởng xếp hạng của ngài ， xin mời kiểm nhận!,
2705,2702,4,10,1,9,400,2,1463,1,,,,,,,,,,,,,s==51|Phần thưởng xếp hạng hoạt động Thanh Mộng Kiều Kiều,s==205|Kính thưa Chủ công:<br/>Ngài trong sự kiện Thanh Mộng Kiều Kiều biệt tình Ưng Ca xếp hạng kết toán lần này ， đạt hạng <color=#a75f2f>{0}</c> ， dưới đây là phần thưởng xếp hạng của ngài ， xin mời kiểm nhận!,
2706,2702,11,20,1,9,300,2,1463,1,,,,,,,,,,,,,s==51|Phần thưởng xếp hạng hoạt động Thanh Mộng Kiều Kiều,s==205|Kính thưa Chủ công:<br/>Ngài trong sự kiện Thanh Mộng Kiều Kiều biệt tình Ưng Ca xếp hạng kết toán lần này ， đạt hạng <color=#a75f2f>{0}</c> ， dưới đây là phần thưởng xếp hạng của ngài ， xin mời kiểm nhận!,
2707,2702,21,9999,1,9,200,,,,,,,,,,,,,,,,s==51|Phần thưởng xếp hạng hoạt động Thanh Mộng Kiều Kiều,s==205|Kính thưa Chủ công:<br/>Ngài trong sự kiện Thanh Mộng Kiều Kiều biệt tình Ưng Ca xếp hạng kết toán lần này ， đạt hạng <color=#a75f2f>{0}</c> ， dưới đây là phần thưởng xếp hạng của ngài ， xin mời kiểm nhận!,
2708,2708,,,,,,,,,,,,,,,,,,,,,s==60|Hoạt động Thanh Mộng Kiều Kiều nạp liên tục chưa nhận thưởng,s==158|Kính thưa Chủ công:<br/>Dưới đây là phần thưởng ngài đã kích hoạt nhưng chưa lĩnh trong sự kiện Thanh Mộng Kiều Kiều ， Liên Sạc Hoạt Động ， xin mời kiểm nhận!,
2709,2709,,,,,,,,,,,,,,,,,,,,,s==61|Hoạt động Hoa Chương Khánh Điển nạp liên tục chưa nhận thưởng,s==159|Kính thưa Chủ công:<br/>Dưới đây là phần thưởng ngài đã kích hoạt nhưng chưa lĩnh trong sự kiện Hoa Chương Khánh Điển ， Liên Sạc Hoạt Động ， xin mời kiểm nhận!,
2710,2710,,,,,,,,,,,,,,,,,,,,,s==38|Phần thưởng rơi rớt Kim Cương Hồng Lâm,s==95|Kính thưa Chủ công:<br/>Đây là phần thưởng ngài bỏ quên trong sự kiện lần này，xin mời kiểm tra!,
2711,2711,,,,,,,,,,,,,,,,,,,,,s==25|Chuyển đổi Lệnh Kim Cương,s==171|Kính thưa Chủ công:<br/>Hoạt động Kim Cương Hồng Lâm đã kết thúc ， Kim Cương Lệnh trong hành trang sẽ tự động chuyển đổi thành Cấp Cao Tuần Phỏng Lệnh 。 xin mời kiểm nhận!,
2712,2710,,,,,,,,,,,,,,,,,,,,,s==37|Phần thưởng rơi rớt Quỷ Sách Yêu Sách,s==95|Kính thưa Chủ công:<br/>Đây là phần thưởng ngài bỏ quên trong sự kiện lần này，xin mời kiểm tra!,
2713,2711,,,,,,,,,,,,,,,,,,,,,s==28|Chuyển đổi Lông Bút Yêu Sách,s==173|Kính thưa Chủ công:<br/>Hoạt động Quỷ Quái Yêu Sách đã kết thúc ， Yêu Sách Lang Mao trong hành trang sẽ tự động chuyển đổi thành Cấp Cao Tuần Phỏng Lệnh 。 xin mời kiểm nhận!,
2714,2714,,,,,,,,,,,,,,,,,,,,,s==36|Chuyển đổi Tinh Hồn Đông Hoàng Chung,s==180|Kính thưa Chủ công:<br/>Hoạt động Chung Minh Kinh Thế đã kết thúc ， Tinh Phách Đông Hoàng Chung trong hành trang sẽ tự động chuyển đổi thành Thần Binh Chi Linh 。 xin mời kiểm nhận!,
2715,2715,,,,,,,,,,,,,,,,,,,,,s==30|Chuyển đổi Tinh Hồn Lạc Hà Thư,s==171|Kính thưa Chủ công:<br/>Hoạt động Lạc Thư Xuân Thu đã kết thúc ， Tinh Phách Lạc Hà Thư trong hành trang sẽ tự động chuyển đổi thành Thần Binh Chi Linh 。 xin mời kiểm nhận!,
2716,2716,,,,,,,,,,,,,,,,,,,,,s==32|Chuyển đổi Tinh Hồn Luyện Yêu Hồ,s==174|Kính thưa Chủ công:<br/>Hoạt động Yêu Hồ Bách Luyện đã kết thúc ， Tinh Phách Luyện Yêu Hồ trong hành trang sẽ tự động chuyển đổi thành Thần Binh Chi Linh 。 xin mời kiểm nhận!,
2717,2717,,,,,,,,,,,,,,,,,,,,,s==35|Chuyển đổi Phiếu Thám Bảo Thần Binh,s==158|Kính thưa Chủ công:<br/>Hoạt động Thần Binh đã kết thúc ， Phiếu Thám Bảo Thần Binh trong hành trang sẽ tự động chuyển đổi thành Đồng Tiền 。 xin mời kiểm nhận!,
2718,2718,,,,,,,,,,,,,,,,,,,,,s==35|Phần thưởng rơi rớt Ngụy Vũ Ỷ Thiên,s==97|Kính thưa Chủ công:<br/>Đây là phần thưởng ngài bỏ sót trong sự kiện lần này ， xin mời kiểm nhận!,
2719,2719,,,,,,,,,,,,,,,,,,,,,s==25|Chuyển đổi Bảo Châu Võ Đế,s==169|Kính thưa Chủ công:<br/>Hoạt động Ngụy Vũ Ỷ Thiên đã kết thúc ， Ngự Đế Bảo Châu trong hành trang sẽ tự động chuyển đổi thành Cấp Cao Tuần Phỏng Lệnh 。 xin mời kiểm nhận!,
2720,2720,,,,,,,,,,,,,,,,,,,,,s==42|Hoạt động Ngụy Vũ Ỷ Thiên chưa nhận thưởng,s==151|Kính thưa Chủ công:<br/>Dưới đây là phần thưởng ngài đã kích hoạt nhưng chưa lĩnh trong sự kiện Ngụy Vũ Ỷ Thiên ， Đối Tửu Đương Ca ， xin mời kiểm nhận!,
2721,2721,,,,,,,,,,,,,,,,,,,,,s==42|Hoạt động Ngụy Vũ Ỷ Thiên chưa nhận thưởng,s==150|Kính thưa Chủ công:<br/>Dưới đây là phần thưởng ngài đã kích hoạt nhưng chưa lĩnh trong sự kiện Ngụy Vũ Ỷ Thiên ， Ngự Đế Bảo Điển ， xin mời kiểm nhận!,
2722,2722,,,,,,,,,,,,,,,,,,,,,s==68|Phần thưởng bồi thường xếp hạng Hỏi Đỉnh Trung Nguyên sau hợp server,s==197|Kính thưa Chủ công:<br/>Dưới đây là phần thưởng bồi thường cho ngài không thể tham gia ngay lập tức trong sự kiện Văn Hợp Hậu ， phần thưởng phát theo hạng tuần trước của ngài ， xin chú ý kiểm nhận!,
2723,2723,,,,,,,,,,,,,,,,,,,,,s==26|Phần thưởng Thẻ Vàng Tháng,s==128|Kính thưa Chủ công:<br/>Chúc mừng ngài đã mua Thẻ Vàng Tháng ， dưới đây là phần thưởng của Thẻ Vàng Tháng ， xin chú ý kiểm nhận!,
190,190,,,2,1078,150,,,,,,,,,,,,,,,,s==27|Phần thưởng hộ tống Tào Vận,s==168|Kính thưa Chủ công:<br/>Ngài trong sự kiện Tào Vận Phong Vân đã được bằng hữu {0} thuê mướn ， hộ tống thành công 。 dưới đây là phần thưởng thu được ， xin mời kiểm nhận!,
2724,2724,,,1,8,288888,2,1003,3,2,1006,500,,,,,,,,,,s==20|Phần thưởng theo dõi,s==118|Kính trọng Chủ công： Cảm tạ ngài đã quan tâm ， dưới đây là phần thưởng quan tâm của ngài ， chúc ngài chơi game vui vẻ!,
2730,2730,,,,,,,,,,,,,,,,,,,,,s==49|Hoạt động Nguyệt Vãn Trăng Thanh chưa nhận thưởng,s==161|Kính thưa Chủ công:<br/>Dưới đây là phần thưởng ngài đã kích hoạt nhưng chưa lĩnh trong sự kiện Nguyệt Vãn Thiên Quyên ， Thu Thưởng Hoa Vinh ， xin mời kiểm nhận!,
2731,2731,,,,,,,,,,,,,,,,,,,,,s==49|Hoạt động Nguyệt Vãn Trăng Thanh chưa nhận thưởng,s==165|Kính thưa Chủ công:<br/>Dưới đây là phần thưởng ngài đã kích hoạt nhưng chưa lĩnh trong sự kiện Nguyệt Vãn Thiên Quyên ， Nguyệt Cung Thương Trạm ， xin mời kiểm nhận!,
2732,2732,,,,,,,,,,,,,,,,,,,,,s==33|Chuyển đổi Tinh Hồn Khổng Đổng Ấn,s==176|Kính thưa Chủ công:<br/>Hoạt động Ấn Thụ Thiên Quyền đã kết thúc ， Tinh Phách Khổng Đổng Ấn trong hành trang sẽ tự động chuyển đổi thành Thần Binh Chi Linh 。 xin mời kiểm nhận!,
2733,2733,,,,,,,,,,,,,,,,,,,,,s==35|Chuyển đổi Phiếu Thám Bảo Thần Binh,s==167|Kính thưa Chủ công:<br/>Hoạt động Ấn Thụ Thiên Quyền đã kết thúc ， Phiếu Thám Bảo Thần Binh trong hành trang sẽ tự động chuyển đổi thành Đồng Tiền 。 xin mời kiểm nhận!,
2734,2734,,,,,,,,,,,,,,,,,,,,,s==48|Hoạt động Hoa Chương Khánh Điển chưa nhận thưởng,s==156|Kính thưa Chủ công:<br/>Dưới đây là phần thưởng ngài đã kích hoạt nhưng chưa lĩnh trong sự kiện Hoa Chương Khánh Điển ， Hoa Đản Hiến Lễ ， xin mời kiểm nhận!,
2735,2735,,,,,,,,,,,,,,,,,,,,,s==48|Hoạt động Hoa Chương Khánh Điển chưa nhận thưởng,s==159|Kính thưa Chủ công:<br/>Dưới đây là phần thưởng ngài đã kích hoạt nhưng chưa lĩnh trong sự kiện Hoa Chương Khánh Điển ， Khánh Điển Tập Thị ， xin mời kiểm nhận!,
2736,2736,,,,,,,,,,,,,,,,,,,,,s==39|Long Môn Đấu Trận đã được thiết lập lại,s==195|Kính thưa Chủ công:<br/>Vòng đấu mới của Long Môn Đấu Trận đã bắt đầu rồi ， phần thưởng kết toán hàng tuần vô cùng hậu hĩnh ， Chủ công mau chọn đội hình thích hợp tiến đến thách đấu kình địch đi!,
2737,2737,,,2,6678,1,,,,,,,,,,,,,,,,s==31|【Phiên bản Nhật】Yêu cầu đổi tên,s==138|Danh tướng của ngài không hợp lệ theo quy tắc hệ thống ， hệ thống sẽ đặt lại tên danh tướng 。 sau khi đặt lại sẽ phát cho ngài Thẻ Đổi Tên,
2738,2738,1,1,2,4050,1,1,9,3000,2,1006,5000,,,,,,,,,,s==48|Phần thưởng xếp hạng hoạt động Thịnh Thế Tuần Du,s==207|Kính thưa Chủ công:<br/>Ngài trong sự kiện Hoa Chương Khánh Điển thịnh thế Tuần Du xếp hạng kết toán lần này ， đạt hạng <color=#a75f2f>{0}</c> ， dưới đây là phần thưởng xếp hạng của ngài ， xin mời kiểm nhận!,
2739,2738,2,2,2,4040,2,1,9,2500,2,1006,4000,,,,,,,,,,s==48|Phần thưởng xếp hạng hoạt động Thịnh Thế Tuần Du,s==207|Kính thưa Chủ công:<br/>Ngài trong sự kiện Hoa Chương Khánh Điển thịnh thế Tuần Du xếp hạng kết toán lần này ， đạt hạng <color=#a75f2f>{0}</c> ， dưới đây là phần thưởng xếp hạng của ngài ， xin mời kiểm nhận!,
2740,2738,3,3,2,4040,1,1,9,2000,2,1006,3000,,,,,,,,,,s==48|Phần thưởng xếp hạng hoạt động Thịnh Thế Tuần Du,s==207|Kính thưa Chủ công:<br/>Ngài trong sự kiện Hoa Chương Khánh Điển thịnh thế Tuần Du xếp hạng kết toán lần này ， đạt hạng <color=#a75f2f>{0}</c> ， dưới đây là phần thưởng xếp hạng của ngài ， xin mời kiểm nhận!,
2741,2738,4,5,2,4030,3,1,9,1500,2,1006,2500,,,,,,,,,,s==48|Phần thưởng xếp hạng hoạt động Thịnh Thế Tuần Du,s==207|Kính thưa Chủ công:<br/>Ngài trong sự kiện Hoa Chương Khánh Điển thịnh thế Tuần Du xếp hạng kết toán lần này ， đạt hạng <color=#a75f2f>{0}</c> ， dưới đây là phần thưởng xếp hạng của ngài ， xin mời kiểm nhận!,
2742,2738,6,10,2,4030,2,1,9,1000,2,1006,2000,,,,,,,,,,s==48|Phần thưởng xếp hạng hoạt động Thịnh Thế Tuần Du,s==207|Kính thưa Chủ công:<br/>Ngài trong sự kiện Hoa Chương Khánh Điển thịnh thế Tuần Du xếp hạng kết toán lần này ， đạt hạng <color=#a75f2f>{0}</c> ， dưới đây là phần thưởng xếp hạng của ngài ， xin mời kiểm nhận!,
2743,2738,11,20,2,4030,1,1,9,800,2,1006,1800,,,,,,,,,,s==48|Phần thưởng xếp hạng hoạt động Thịnh Thế Tuần Du,s==207|Kính thưa Chủ công:<br/>Ngài trong sự kiện Hoa Chương Khánh Điển thịnh thế Tuần Du xếp hạng kết toán lần này ， đạt hạng <color=#a75f2f>{0}</c> ， dưới đây là phần thưởng xếp hạng của ngài ， xin mời kiểm nhận!,
2744,2738,21,50,2,4020,3,1,9,600,2,1006,1600,,,,,,,,,,s==48|Phần thưởng xếp hạng hoạt động Thịnh Thế Tuần Du,s==207|Kính thưa Chủ công:<br/>Ngài trong sự kiện Hoa Chương Khánh Điển thịnh thế Tuần Du xếp hạng kết toán lần này ， đạt hạng <color=#a75f2f>{0}</c> ， dưới đây là phần thưởng xếp hạng của ngài ， xin mời kiểm nhận!,
2745,2738,51,100,2,4020,2,1,9,500,2,1006,1400,,,,,,,,,,s==48|Phần thưởng xếp hạng hoạt động Thịnh Thế Tuần Du,s==207|Kính thưa Chủ công:<br/>Ngài trong sự kiện Hoa Chương Khánh Điển thịnh thế Tuần Du xếp hạng kết toán lần này ， đạt hạng <color=#a75f2f>{0}</c> ， dưới đây là phần thưởng xếp hạng của ngài ， xin mời kiểm nhận!,
2746,2738,101,200,2,4020,1,1,9,400,2,1006,1200,,,,,,,,,,s==48|Phần thưởng xếp hạng hoạt động Thịnh Thế Tuần Du,s==207|Kính thưa Chủ công:<br/>Ngài trong sự kiện Hoa Chương Khánh Điển thịnh thế Tuần Du xếp hạng kết toán lần này ， đạt hạng <color=#a75f2f>{0}</c> ， dưới đây là phần thưởng xếp hạng của ngài ， xin mời kiểm nhận!,
2747,2738,201,500,2,4010,3,1,9,300,2,1006,1000,,,,,,,,,,s==48|Phần thưởng xếp hạng hoạt động Thịnh Thế Tuần Du,s==207|Kính thưa Chủ công:<br/>Ngài trong sự kiện Hoa Chương Khánh Điển thịnh thế Tuần Du xếp hạng kết toán lần này ， đạt hạng <color=#a75f2f>{0}</c> ， dưới đây là phần thưởng xếp hạng của ngài ， xin mời kiểm nhận!,
2748,2738,501,1000,2,4010,2,1,9,200,2,1006,800,,,,,,,,,,s==48|Phần thưởng xếp hạng hoạt động Thịnh Thế Tuần Du,s==207|Kính thưa Chủ công:<br/>Ngài trong sự kiện Hoa Chương Khánh Điển thịnh thế Tuần Du xếp hạng kết toán lần này ， đạt hạng <color=#a75f2f>{0}</c> ， dưới đây là phần thưởng xếp hạng của ngài ， xin mời kiểm nhận!,
2749,2738,1001,9999,2,4010,1,1,9,100,2,1006,600,,,,,,,,,,s==48|Phần thưởng xếp hạng hoạt động Thịnh Thế Tuần Du,s==207|Kính thưa Chủ công:<br/>Ngài trong sự kiện Hoa Chương Khánh Điển thịnh thế Tuần Du xếp hạng kết toán lần này ， đạt hạng <color=#a75f2f>{0}</c> ， dưới đây là phần thưởng xếp hạng của ngài ， xin mời kiểm nhận!,
2750,2750,1,1,2,4050,1,1,9,3000,2,1006,5000,,,,,,,,,,s==48|Phần thưởng xếp hạng hoạt động Thịnh Thế Tuần Du,s==237|Kính thưa Chủ công:<br/>Do điều chỉnh chiến khu ， ngài trong sự kiện Hoa Chương Khánh Điển thịnh thế Tuần Du xếp hạng kết toán sớm lần này ， đạt hạng <color=#a75f2f>{0}</c> ， dưới đây là phần thưởng xếp hạng của ngài ， xin mời kiểm nhận!,
2751,2750,2,2,2,4040,2,1,9,2500,2,1006,4000,,,,,,,,,,s==48|Phần thưởng xếp hạng hoạt động Thịnh Thế Tuần Du,s==237|Kính thưa Chủ công:<br/>Do điều chỉnh chiến khu ， ngài trong sự kiện Hoa Chương Khánh Điển thịnh thế Tuần Du xếp hạng kết toán sớm lần này ， đạt hạng <color=#a75f2f>{0}</c> ， dưới đây là phần thưởng xếp hạng của ngài ， xin mời kiểm nhận!,
2752,2750,3,3,2,4040,1,1,9,2000,2,1006,3000,,,,,,,,,,s==48|Phần thưởng xếp hạng hoạt động Thịnh Thế Tuần Du,s==237|Kính thưa Chủ công:<br/>Do điều chỉnh chiến khu ， ngài trong sự kiện Hoa Chương Khánh Điển thịnh thế Tuần Du xếp hạng kết toán sớm lần này ， đạt hạng <color=#a75f2f>{0}</c> ， dưới đây là phần thưởng xếp hạng của ngài ， xin mời kiểm nhận!,
2753,2750,4,5,2,4030,3,1,9,1500,2,1006,2500,,,,,,,,,,s==48|Phần thưởng xếp hạng hoạt động Thịnh Thế Tuần Du,s==237|Kính thưa Chủ công:<br/>Do điều chỉnh chiến khu ， ngài trong sự kiện Hoa Chương Khánh Điển thịnh thế Tuần Du xếp hạng kết toán sớm lần này ， đạt hạng <color=#a75f2f>{0}</c> ， dưới đây là phần thưởng xếp hạng của ngài ， xin mời kiểm nhận!,
2754,2750,6,10,2,4030,2,1,9,1000,2,1006,2000,,,,,,,,,,s==48|Phần thưởng xếp hạng hoạt động Thịnh Thế Tuần Du,s==237|Kính thưa Chủ công:<br/>Do điều chỉnh chiến khu ， ngài trong sự kiện Hoa Chương Khánh Điển thịnh thế Tuần Du xếp hạng kết toán sớm lần này ， đạt hạng <color=#a75f2f>{0}</c> ， dưới đây là phần thưởng xếp hạng của ngài ， xin mời kiểm nhận!,
2755,2750,11,20,2,4030,1,1,9,800,2,1006,1800,,,,,,,,,,s==48|Phần thưởng xếp hạng hoạt động Thịnh Thế Tuần Du,s==237|Kính thưa Chủ công:<br/>Do điều chỉnh chiến khu ， ngài trong sự kiện Hoa Chương Khánh Điển thịnh thế Tuần Du xếp hạng kết toán sớm lần này ， đạt hạng <color=#a75f2f>{0}</c> ， dưới đây là phần thưởng xếp hạng của ngài ， xin mời kiểm nhận!,
2756,2750,21,50,2,4020,3,1,9,600,2,1006,1600,,,,,,,,,,s==48|Phần thưởng xếp hạng hoạt động Thịnh Thế Tuần Du,s==237|Kính thưa Chủ công:<br/>Do điều chỉnh chiến khu ， ngài trong sự kiện Hoa Chương Khánh Điển thịnh thế Tuần Du xếp hạng kết toán sớm lần này ， đạt hạng <color=#a75f2f>{0}</c> ， dưới đây là phần thưởng xếp hạng của ngài ， xin mời kiểm nhận!,
2757,2750,51,100,2,4020,2,1,9,500,2,1006,1400,,,,,,,,,,s==48|Phần thưởng xếp hạng hoạt động Thịnh Thế Tuần Du,s==237|Kính thưa Chủ công:<br/>Do điều chỉnh chiến khu ， ngài trong sự kiện Hoa Chương Khánh Điển thịnh thế Tuần Du xếp hạng kết toán sớm lần này ， đạt hạng <color=#a75f2f>{0}</c> ， dưới đây là phần thưởng xếp hạng của ngài ， xin mời kiểm nhận!,
2758,2750,101,200,2,4020,1,1,9,400,2,1006,1200,,,,,,,,,,s==48|Phần thưởng xếp hạng hoạt động Thịnh Thế Tuần Du,s==237|Kính thưa Chủ công:<br/>Do điều chỉnh chiến khu ， ngài trong sự kiện Hoa Chương Khánh Điển thịnh thế Tuần Du xếp hạng kết toán sớm lần này ， đạt hạng <color=#a75f2f>{0}</c> ， dưới đây là phần thưởng xếp hạng của ngài ， xin mời kiểm nhận!,
2759,2750,201,500,2,4010,3,1,9,300,2,1006,1000,,,,,,,,,,s==48|Phần thưởng xếp hạng hoạt động Thịnh Thế Tuần Du,s==237|Kính thưa Chủ công:<br/>Do điều chỉnh chiến khu ， ngài trong sự kiện Hoa Chương Khánh Điển thịnh thế Tuần Du xếp hạng kết toán sớm lần này ， đạt hạng <color=#a75f2f>{0}</c> ， dưới đây là phần thưởng xếp hạng của ngài ， xin mời kiểm nhận!,
2760,2750,501,1000,2,4010,2,1,9,200,2,1006,800,,,,,,,,,,s==48|Phần thưởng xếp hạng hoạt động Thịnh Thế Tuần Du,s==237|Kính thưa Chủ công:<br/>Do điều chỉnh chiến khu ， ngài trong sự kiện Hoa Chương Khánh Điển thịnh thế Tuần Du xếp hạng kết toán sớm lần này ， đạt hạng <color=#a75f2f>{0}</c> ， dưới đây là phần thưởng xếp hạng của ngài ， xin mời kiểm nhận!,
2761,2750,1001,9999,2,4010,1,1,9,100,2,1006,600,,,,,,,,,,s==48|Phần thưởng xếp hạng hoạt động Thịnh Thế Tuần Du,s==237|Kính thưa Chủ công:<br/>Do điều chỉnh chiến khu ， ngài trong sự kiện Hoa Chương Khánh Điển thịnh thế Tuần Du xếp hạng kết toán sớm lần này ， đạt hạng <color=#a75f2f>{0}</c> ， dưới đây là phần thưởng xếp hạng của ngài ， xin mời kiểm nhận!,
2780,2780,,,,,,,,,,,,,,,,,,,,,s==39|Phần thưởng rơi rớt Huyễn Tuyền Điệp Vũ,s==97|Kính thưa Chủ công:<br/>Đây là phần thưởng ngài bỏ sót trong sự kiện lần này ， xin mời kiểm nhận!,
2781,2781,,,,,,,,,,,,,,,,,,,,,s==30|Chuyển đổi Bảo Châu Huyễn Điệp,s==173|Kính thưa Chủ công:<br/>Hoạt động Hưu Tuyền Điệp Vũ đã kết thúc ， Bảo Châu Hưu Điệp trong hành trang sẽ tự động chuyển đổi thành Cấp Cao Tuần Phỏng Lệnh 。 xin mời kiểm nhận!,
2782,2782,,,,,,,,,,,,,,,,,,,,,s==46|Hoạt động Huyễn Tuyền Điệp Vũ chưa nhận thưởng,s==156|Kính thưa Chủ công:<br/>Dưới đây là phần thưởng ngài đã kích hoạt nhưng chưa lĩnh trong sự kiện Hưu Tuyền Điệp Vũ ， Hưu Tuyền Xuyên Lưu ， xin mời kiểm nhận!,
2783,2783,,,,,,,,,,,,,,,,,,,,,s==46|Hoạt động Huyễn Tuyền Điệp Vũ chưa nhận thưởng,s==153|Kính thưa Chủ công:<br/>Dưới đây là phần thưởng ngài đã kích hoạt nhưng chưa lĩnh trong sự kiện Hưu Tuyền Điệp Vũ ， Hoàn Điệp Bí Lục ， xin mời kiểm nhận!,
2790,2790,,,,,,,,,,,,,,,,,,,,,s==44|Hoạt động Lâm Lương Tặng Lễ chưa nhận thưởng,s==151|Kính thưa Chủ công:<br/>Dưới đây là phần thưởng ngài đã kích hoạt nhưng chưa lĩnh trong sự kiện Chu Niên Khánh ， Lâm Lương Tặng Lễ ， xin mời kiểm nhận!,
2791,2791,,,,,,,,,,,,,,,,,,,,,s==43|Hoạt động Ngọc Phách Á Tập chưa nhận thưởng,s==150|Kính thưa Chủ công:<br/>Dưới đây là phần thưởng ngài đã kích hoạt nhưng chưa lĩnh trong sự kiện Chu Niên Khánh ， Ngọc Phách Á Tập ， xin mời kiểm nhận!,
2792,2792,,,,,,,,,,,,,,,,,,,,,s==42|Hoạt động Lưu Ly Bảo Giám chưa nhận thưởng,s==149|Kính thưa Chủ công:<br/>Dưới đây là phần thưởng ngài đã kích hoạt nhưng chưa lĩnh trong sự kiện Chu Niên Khánh ， Lưu Ly Bảo Giám ， xin mời kiểm nhận!,
2800,2800,,,,,,,,,,,,,,,,,,,,,s==43|Phần thưởng xếp hạng quyết chiến Chiến Đỉnh,s==186|Kính thưa Chủ công:<br/>Ngài trong sự kiện Quyết Chiến Chi Đỉnh xếp hạng kết toán lần này ， vị trí <color=#a75f2f>{0}</c> ， dưới đây là phần thưởng xếp hạng của ngài ， xin mời kiểm nhận!,
2801,2801,,,,,,,,,,,,,,,,,,,,,s==43|Phần thưởng xếp hạng quyết chiến Chiến Đỉnh,s==212|Kính thưa Chủ công:<br/>Do điều chỉnh chiến khu ， ngài trong sự kiện Quyết Chiến Chi Đỉnh xếp hạng kết toán lần này ， vị trí <color=#a75f2f>{0}</c> ， dưới đây là phần thưởng xếp hạng của ngài ， xin mời kiểm nhận!,
2802,2802,,,,,,,,,,,,,,,,,,,,,s==43|Phần thưởng nhiệm vụ Quyết Chiến Chiến Đỉnh,s==104|Kính thưa Chủ công:<br/>Ngài có phần thưởng nhiệm vụ Quyết Chiến Chi Đỉnh chưa lĩnh ， xin mời kiểm nhận!,
2803,2803,,,,,,,,,,,,,,,,,,,,,s==51|Phần thưởng đạt mốc đầu tiên Quyết Chiến Chiến Đỉnh,s==104|Kính thưa Chủ công:<br/>Ngài có phần thưởng đầu tiên Quyết Chiến Chi Đỉnh chưa lĩnh ， xin mời kiểm nhận!,
2804,2804,,,,,,,,,,,,,,,,,,,,,s==36|Phần thưởng rơi rớt Bá Vương Cái Thế,s==97|Kính thưa Chủ công:<br/>Đây là phần thưởng ngài bỏ sót trong sự kiện lần này ， xin mời kiểm nhận!,
2805,2805,,,,,,,,,,,,,,,,,,,,,s==28|Chuyển đổi Bảo Châu Bá Vương,s==172|Kính thưa Chủ công:<br/>Hoạt động Bá Vương Cái Thế đã kết thúc ， Bảo Châu Bá Vương trong hành trang sẽ tự động chuyển đổi thành Cấp Cao Tuần Phỏng Lệnh 。 xin mời kiểm nhận!,
2806,2806,,,,,,,,,,,,,,,,,,,,,s==44|Hoạt động Bạo Vương Cái Thế chưa nhận thưởng,s==155|Kính thưa Chủ công:<br/>Dưới đây là phần thưởng ngài đã kích hoạt nhưng chưa nhận trong sự kiện Bạo Vương Cái Thế ， Loạn Cương Dịch Thế ， xin mời nhận lấy!,
2807,2807,,,,,,,,,,,,,,,,,,,,,s==44|Hoạt động Bạo Vương Cái Thế chưa nhận thưởng,s==156|Kính thưa Chủ công:<br/>Dưới đây là phần thưởng ngài đã kích hoạt nhưng chưa nhận trong sự kiện Bạo Vương Cái Thế ， Bạo Vương Chiếu Lệnh ， xin mời nhận lấy!,
2808,2808,,,,,,,,,,,,,,,,,,,,,s==37|Phần thưởng rơi rớt Thiên Mệnh Cao Tổ,s==97|Kính thưa Chủ công:<br/>Đây là phần thưởng ngài bỏ sót trong sự kiện lần này ， xin mời kiểm nhận!,
2809,2809,,,,,,,,,,,,,,,,,,,,,s==29|Chuyển đổi Hán Vương Bảo Châu,s==178|Kính thưa Chủ công:<br/>Sự kiện Thiên Mệnh Cao Tổ đã kết thúc ， bảo vật Hán Vương Bảo Châu trong hành trang sẽ tự động chuyển đổi thành Cấp Cao Tầm Phỏng Lệnh 。 xin mời nhận lấy!,
2810,2810,,,,,,,,,,,,,,,,,,,,,s==44|Hoạt động Thiên Mệnh Cao Tổ chưa nhận thưởng,s==151|Kính thưa Chủ công:<br/>Dưới đây là phần thưởng ngài đã kích hoạt nhưng chưa nhận trong sự kiện Thiên Mệnh Cao Tổ ， Ân Luật Trị Thế ， xin mời nhận lấy!,
2811,2811,,,,,,,,,,,,,,,,,,,,,s==44|Hoạt động Thiên Mệnh Cao Tổ chưa nhận thưởng,s==156|Kính thưa Chủ công:<br/>Dưới đây là phần thưởng ngài đã kích hoạt nhưng chưa nhận trong sự kiện Thiên Mệnh Cao Tổ ， Hán Vương Chiếu Lệnh ， xin mời nhận lấy!,
2900,2900,1,1,2,4050,1,1,9,3000,2,1006,5000,,,,,,,,,,s==50|Phần thưởng xếp hạng hoạt động Thịnh Điển Đại Hưng,s==210|Kính thưa Chủ công:<br/>Ngài trong sự kiện Kỷ Niệm Đại Lễ lần này， hoạt động Thịnh Điển Đại Hưng đã xếp hạng ， đạt hạng thứ <color=#a75f2f>{0}</c> ， dưới đây là phần thưởng xếp hạng của ngài ， xin mời nhận lấy!,
2901,2900,2,2,2,4040,2,1,9,2500,2,1006,4000,,,,,,,,,,s==50|Phần thưởng xếp hạng hoạt động Thịnh Điển Đại Hưng,s==210|Kính thưa Chủ công:<br/>Ngài trong sự kiện Kỷ Niệm Đại Lễ lần này， hoạt động Thịnh Điển Đại Hưng đã xếp hạng ， đạt hạng thứ <color=#a75f2f>{0}</c> ， dưới đây là phần thưởng xếp hạng của ngài ， xin mời nhận lấy!,
2902,2900,3,3,2,4040,1,1,9,2000,2,1006,3000,,,,,,,,,,s==50|Phần thưởng xếp hạng hoạt động Thịnh Điển Đại Hưng,s==210|Kính thưa Chủ công:<br/>Ngài trong sự kiện Kỷ Niệm Đại Lễ lần này， hoạt động Thịnh Điển Đại Hưng đã xếp hạng ， đạt hạng thứ <color=#a75f2f>{0}</c> ， dưới đây là phần thưởng xếp hạng của ngài ， xin mời nhận lấy!,
2903,2900,4,5,2,4030,3,1,9,1500,2,1006,2500,,,,,,,,,,s==50|Phần thưởng xếp hạng hoạt động Thịnh Điển Đại Hưng,s==210|Kính thưa Chủ công:<br/>Ngài trong sự kiện Kỷ Niệm Đại Lễ lần này， hoạt động Thịnh Điển Đại Hưng đã xếp hạng ， đạt hạng thứ <color=#a75f2f>{0}</c> ， dưới đây là phần thưởng xếp hạng của ngài ， xin mời nhận lấy!,
2904,2900,6,10,2,4030,2,1,9,1000,2,1006,2000,,,,,,,,,,s==50|Phần thưởng xếp hạng hoạt động Thịnh Điển Đại Hưng,s==210|Kính thưa Chủ công:<br/>Ngài trong sự kiện Kỷ Niệm Đại Lễ lần này， hoạt động Thịnh Điển Đại Hưng đã xếp hạng ， đạt hạng thứ <color=#a75f2f>{0}</c> ， dưới đây là phần thưởng xếp hạng của ngài ， xin mời nhận lấy!,
2905,2900,11,20,2,4030,1,1,9,800,2,1006,1800,,,,,,,,,,s==50|Phần thưởng xếp hạng hoạt động Thịnh Điển Đại Hưng,s==210|Kính thưa Chủ công:<br/>Ngài trong sự kiện Kỷ Niệm Đại Lễ lần này， hoạt động Thịnh Điển Đại Hưng đã xếp hạng ， đạt hạng thứ <color=#a75f2f>{0}</c> ， dưới đây là phần thưởng xếp hạng của ngài ， xin mời nhận lấy!,
2906,2900,21,50,2,4020,3,1,9,600,2,1006,1600,,,,,,,,,,s==50|Phần thưởng xếp hạng hoạt động Thịnh Điển Đại Hưng,s==210|Kính thưa Chủ công:<br/>Ngài trong sự kiện Kỷ Niệm Đại Lễ lần này， hoạt động Thịnh Điển Đại Hưng đã xếp hạng ， đạt hạng thứ <color=#a75f2f>{0}</c> ， dưới đây là phần thưởng xếp hạng của ngài ， xin mời nhận lấy!,
2907,2900,51,100,2,4020,2,1,9,500,2,1006,1400,,,,,,,,,,s==50|Phần thưởng xếp hạng hoạt động Thịnh Điển Đại Hưng,s==210|Kính thưa Chủ công:<br/>Ngài trong sự kiện Kỷ Niệm Đại Lễ lần này， hoạt động Thịnh Điển Đại Hưng đã xếp hạng ， đạt hạng thứ <color=#a75f2f>{0}</c> ， dưới đây là phần thưởng xếp hạng của ngài ， xin mời nhận lấy!,
2908,2900,101,200,2,4020,1,1,9,400,2,1006,1200,,,,,,,,,,s==50|Phần thưởng xếp hạng hoạt động Thịnh Điển Đại Hưng,s==210|Kính thưa Chủ công:<br/>Ngài trong sự kiện Kỷ Niệm Đại Lễ lần này， hoạt động Thịnh Điển Đại Hưng đã xếp hạng ， đạt hạng thứ <color=#a75f2f>{0}</c> ， dưới đây là phần thưởng xếp hạng của ngài ， xin mời nhận lấy!,
2909,2900,201,500,2,4010,3,1,9,300,2,1006,1000,,,,,,,,,,s==50|Phần thưởng xếp hạng hoạt động Thịnh Điển Đại Hưng,s==210|Kính thưa Chủ công:<br/>Ngài trong sự kiện Kỷ Niệm Đại Lễ lần này， hoạt động Thịnh Điển Đại Hưng đã xếp hạng ， đạt hạng thứ <color=#a75f2f>{0}</c> ， dưới đây là phần thưởng xếp hạng của ngài ， xin mời nhận lấy!,
2910,2900,501,1000,2,4010,2,1,9,200,2,1006,800,,,,,,,,,,s==50|Phần thưởng xếp hạng hoạt động Thịnh Điển Đại Hưng,s==210|Kính thưa Chủ công:<br/>Ngài trong sự kiện Kỷ Niệm Đại Lễ lần này， hoạt động Thịnh Điển Đại Hưng đã xếp hạng ， đạt hạng thứ <color=#a75f2f>{0}</c> ， dưới đây là phần thưởng xếp hạng của ngài ， xin mời nhận lấy!,
2911,2900,1001,9999,2,4010,1,1,9,100,2,1006,600,,,,,,,,,,s==50|Phần thưởng xếp hạng hoạt động Thịnh Điển Đại Hưng,s==210|Kính thưa Chủ công:<br/>Ngài trong sự kiện Kỷ Niệm Đại Lễ lần này， hoạt động Thịnh Điển Đại Hưng đã xếp hạng ， đạt hạng thứ <color=#a75f2f>{0}</c> ， dưới đây là phần thưởng xếp hạng của ngài ， xin mời nhận lấy!,
2912,2912,,,,,,,,,,,,,,,,,,,,,s==34|Hoạt động Kỷ Niệm chưa nhận thưởng,s==141|Kính thưa Chủ công:<br/>Dưới đây là phần thưởng ngài đã kích hoạt nhưng chưa nhận trong sự kiện Kỷ Niệm ， Tri Ân Đặc Điển ， xin mời nhận lấy!,
2913,2913,,,,,,,,,,,,,,,,,,,,,s==32|Chuyển đổi Cốt Tinh Quạt Côn Lôn,s==170|Kính thưa Chủ công:<br/>Sự kiện Côn Lôn Châu Viêm đã kết thúc ， tinh hồn Côn Lôn Phiến trong hành trang sẽ tự động chuyển đổi thành Thần Binh Chi Linh 。 xin mời nhận lấy!,
2914,2914,,,,,,,,,,,,,,,,,,,,,s==35|Chuyển đổi Phiếu Thám Bảo Thần Binh,s==160|Kính thưa Chủ công:<br/>Sự kiện Côn Lôn Châu Viêm đã kết thúc ， vé Thần Binh Thám Bảo trong hành trang sẽ tự động chuyển đổi thành Đồng Tiền 。 xin mời nhận lấy!,
2920,2920,,,,,,,,,,,,,,,,,,,,,s==48|Phần thưởng chưa nhận hoạt động Thái Hổ Đăng Môn,s==123|Kính thưa Chủ công:<br/>Dưới đây là phần thưởng ngài chưa nhận trong sự kiện Kỷ Niệm ， Thái Hổ Đăng Môn ， xin mời nhận lấy!,
3000,3000,1,1,1,9,500,1,8,5000000,2,1464,1,,,,,,,,,,s==35|Phần thưởng xếp hạng Tiệc Giao Thừa,s==123|Kính thưa Chủ công:<br/>Ngài trong sự kiện Giao Thừa Yến đã đạt thành tích hạng {0} ， xin nhận lấy phần thưởng vinh dự này!,
3001,3000,2,2,1,9,400,1,8,4000000,2,1464,1,,,,,,,,,,s==35|Phần thưởng xếp hạng Tiệc Giao Thừa,s==123|Kính thưa Chủ công:<br/>Ngài trong sự kiện Giao Thừa Yến đã đạt thành tích hạng {0} ， xin nhận lấy phần thưởng vinh dự này!,
3002,3000,3,3,1,9,300,1,8,3000000,2,1464,1,,,,,,,,,,s==35|Phần thưởng xếp hạng Tiệc Giao Thừa,s==123|Kính thưa Chủ công:<br/>Ngài trong sự kiện Giao Thừa Yến đã đạt thành tích hạng {0} ， xin nhận lấy phần thưởng vinh dự này!,
3003,3000,4,5,1,9,280,1,8,2800000,,,,,,,,,,,,,s==35|Phần thưởng xếp hạng Tiệc Giao Thừa,s==123|Kính thưa Chủ công:<br/>Ngài trong sự kiện Giao Thừa Yến đã đạt thành tích hạng {0} ， xin nhận lấy phần thưởng vinh dự này!,
3004,3000,6,10,1,9,260,1,8,2600000,,,,,,,,,,,,,s==35|Phần thưởng xếp hạng Tiệc Giao Thừa,s==123|Kính thưa Chủ công:<br/>Ngài trong sự kiện Giao Thừa Yến đã đạt thành tích hạng {0} ， xin nhận lấy phần thưởng vinh dự này!,
3005,3000,11,20,1,9,240,1,8,2400000,,,,,,,,,,,,,s==35|Phần thưởng xếp hạng Tiệc Giao Thừa,s==123|Kính thưa Chủ công:<br/>Ngài trong sự kiện Giao Thừa Yến đã đạt thành tích hạng {0} ， xin nhận lấy phần thưởng vinh dự này!,
3006,3000,21,50,1,9,220,1,8,2200000,,,,,,,,,,,,,s==35|Phần thưởng xếp hạng Tiệc Giao Thừa,s==123|Kính thưa Chủ công:<br/>Ngài trong sự kiện Giao Thừa Yến đã đạt thành tích hạng {0} ， xin nhận lấy phần thưởng vinh dự này!,
3007,3000,51,999,1,9,200,1,8,2000000,,,,,,,,,,,,,s==35|Phần thưởng xếp hạng Tiệc Giao Thừa,s==123|Kính thưa Chủ công:<br/>Ngài trong sự kiện Giao Thừa Yến đã đạt thành tích hạng {0} ， xin nhận lấy phần thưởng vinh dự này!,
3009,3009,,,,,,,,,,,,,,,,,,,,,s==41|Hoạt động Lý Dược Tân Hỷ chưa nhận thưởng,s==150|Kính thưa Chủ công:<br/>Dưới đây là phần thưởng ngài đã kích hoạt nhưng chưa nhận trong sự kiện Lý Dược Tân Hỷ ， Ngọc Khánh Báo Hỷ ， xin mời nhận lấy!,
3010,3010,,,,,,,,,,,,,,,,,,,,,s==41|Hoạt động Lý Dược Tân Hỷ chưa nhận thưởng,s==149|Kính thưa Chủ công:<br/>Dưới đây là phần thưởng ngài đã kích hoạt nhưng chưa nhận trong sự kiện Lý Dược Tân Hỷ ， Cẩm Phúc Lâm Môn ， xin mời nhận lấy!,
3011,3011,,,,,,,,,,,,,,,,,,,,,s==41|Hoạt động Lý Dược Tân Hỷ chưa nhận thưởng,s==148|Kính thưa Chủ công:<br/>Dưới đây là phần thưởng ngài đã kích hoạt nhưng chưa nhận trong sự kiện Lý Dược Tân Hỷ ， Tân Tuế Tập Thị ， xin mời nhận lấy!,
3012,3012,,,,,,,,,,,,,,,,,,,,,s==43|Hoạt động Tỉnh Sư Náo Xuân chưa nhận thưởng,s==151|Kính thưa Chủ công:<br/>Dưới đây là phần thưởng ngài đã kích hoạt nhưng chưa nhận trong sự kiện Tỉnh Sư Náo Xuân ， Hỏa Thụ Ngân Hoa ， xin mời nhận lấy!,
3013,3013,,,,,,,,,,,,,,,,,,,,,s==43|Hoạt động Tỉnh Sư Náo Xuân chưa nhận thưởng,s==151|Kính thưa Chủ công:<br/>Dưới đây là phần thưởng ngài đã kích hoạt nhưng chưa nhận trong sự kiện Tỉnh Sư Náo Xuân ， Tân Xuân Thị Tập ， xin mời nhận lấy!,
3014,3014,,,,,,,,,,,,,,,,,,,,,s==43|Hoạt động Tỉnh Sư Náo Xuân chưa nhận thưởng,s==152|Kính thưa Chủ công:<br/>Dưới đây là phần thưởng ngài đã kích hoạt nhưng chưa nhận trong sự kiện Tỉnh Sư Náo Xuân ， Tỉnh Sư Tống Phúc ， xin mời nhận lấy!,
3015,3015,,,,,,,,,,,,,,,,,,,,,s==49|Phần thưởng chưa nhận liên tục nạp Lý Dược Tân Hỷ,s==150|Kính thưa Chủ công:<br/>Dưới đây là phần thưởng ngài đã kích hoạt nhưng chưa nhận trong sự kiện Lý Dược Tân Hỷ ， Ngọc Khánh Báo Hỷ ， xin mời nhận lấy!,
3020,3020,1,1,2,4050,1,1,9,3000,2,1006,5000,,,,,,,,,,s==48|Phần thưởng xếp hạng hoạt động Tiền Trình Cẩm Tú,s==210|Kính thưa Chủ công:<br/>Ngài trong sự kiện Tỉnh Sư Náo Xuân lần này， hoạt động Tiền Trình Cẩm Tú đã xếp hạng ， đạt hạng thứ <color=#a75f2f>{0}</c> ， dưới đây là phần thưởng xếp hạng của ngài ， xin mời nhận lấy!,
3021,3020,2,2,2,4040,2,1,9,2500,2,1006,4000,,,,,,,,,,s==48|Phần thưởng xếp hạng hoạt động Tiền Trình Cẩm Tú,s==210|Kính thưa Chủ công:<br/>Ngài trong sự kiện Tỉnh Sư Náo Xuân lần này， hoạt động Tiền Trình Cẩm Tú đã xếp hạng ， đạt hạng thứ <color=#a75f2f>{0}</c> ， dưới đây là phần thưởng xếp hạng của ngài ， xin mời nhận lấy!,
3022,3020,3,3,2,4040,1,1,9,2000,2,1006,3000,,,,,,,,,,s==48|Phần thưởng xếp hạng hoạt động Tiền Trình Cẩm Tú,s==210|Kính thưa Chủ công:<br/>Ngài trong sự kiện Tỉnh Sư Náo Xuân lần này， hoạt động Tiền Trình Cẩm Tú đã xếp hạng ， đạt hạng thứ <color=#a75f2f>{0}</c> ， dưới đây là phần thưởng xếp hạng của ngài ， xin mời nhận lấy!,
3023,3020,4,5,2,4030,3,1,9,1500,2,1006,2500,,,,,,,,,,s==48|Phần thưởng xếp hạng hoạt động Tiền Trình Cẩm Tú,s==210|Kính thưa Chủ công:<br/>Ngài trong sự kiện Tỉnh Sư Náo Xuân lần này， hoạt động Tiền Trình Cẩm Tú đã xếp hạng ， đạt hạng thứ <color=#a75f2f>{0}</c> ， dưới đây là phần thưởng xếp hạng của ngài ， xin mời nhận lấy!,
3024,3020,6,10,2,4030,2,1,9,1000,2,1006,2000,,,,,,,,,,s==48|Phần thưởng xếp hạng hoạt động Tiền Trình Cẩm Tú,s==210|Kính thưa Chủ công:<br/>Ngài trong sự kiện Tỉnh Sư Náo Xuân lần này， hoạt động Tiền Trình Cẩm Tú đã xếp hạng ， đạt hạng thứ <color=#a75f2f>{0}</c> ， dưới đây là phần thưởng xếp hạng của ngài ， xin mời nhận lấy!,
3025,3020,11,20,2,4030,1,1,9,800,2,1006,1800,,,,,,,,,,s==48|Phần thưởng xếp hạng hoạt động Tiền Trình Cẩm Tú,s==210|Kính thưa Chủ công:<br/>Ngài trong sự kiện Tỉnh Sư Náo Xuân lần này， hoạt động Tiền Trình Cẩm Tú đã xếp hạng ， đạt hạng thứ <color=#a75f2f>{0}</c> ， dưới đây là phần thưởng xếp hạng của ngài ， xin mời nhận lấy!,
3026,3020,21,50,2,4020,3,1,9,600,2,1006,1600,,,,,,,,,,s==48|Phần thưởng xếp hạng hoạt động Tiền Trình Cẩm Tú,s==210|Kính thưa Chủ công:<br/>Ngài trong sự kiện Tỉnh Sư Náo Xuân lần này， hoạt động Tiền Trình Cẩm Tú đã xếp hạng ， đạt hạng thứ <color=#a75f2f>{0}</c> ， dưới đây là phần thưởng xếp hạng của ngài ， xin mời nhận lấy!,
3027,3020,51,100,2,4020,2,1,9,500,2,1006,1400,,,,,,,,,,s==48|Phần thưởng xếp hạng hoạt động Tiền Trình Cẩm Tú,s==210|Kính thưa Chủ công:<br/>Ngài trong sự kiện Tỉnh Sư Náo Xuân lần này， hoạt động Tiền Trình Cẩm Tú đã xếp hạng ， đạt hạng thứ <color=#a75f2f>{0}</c> ， dưới đây là phần thưởng xếp hạng của ngài ， xin mời nhận lấy!,
3028,3020,101,200,2,4020,1,1,9,400,2,1006,1200,,,,,,,,,,s==48|Phần thưởng xếp hạng hoạt động Tiền Trình Cẩm Tú,s==210|Kính thưa Chủ công:<br/>Ngài trong sự kiện Tỉnh Sư Náo Xuân lần này， hoạt động Tiền Trình Cẩm Tú đã xếp hạng ， đạt hạng thứ <color=#a75f2f>{0}</c> ， dưới đây là phần thưởng xếp hạng của ngài ， xin mời nhận lấy!,
3029,3020,201,500,2,4010,3,1,9,300,2,1006,1000,,,,,,,,,,s==48|Phần thưởng xếp hạng hoạt động Tiền Trình Cẩm Tú,s==210|Kính thưa Chủ công:<br/>Ngài trong sự kiện Tỉnh Sư Náo Xuân lần này， hoạt động Tiền Trình Cẩm Tú đã xếp hạng ， đạt hạng thứ <color=#a75f2f>{0}</c> ， dưới đây là phần thưởng xếp hạng của ngài ， xin mời nhận lấy!,
3030,3020,501,1000,2,4010,2,1,9,200,2,1006,800,,,,,,,,,,s==48|Phần thưởng xếp hạng hoạt động Tiền Trình Cẩm Tú,s==210|Kính thưa Chủ công:<br/>Ngài trong sự kiện Tỉnh Sư Náo Xuân lần này， hoạt động Tiền Trình Cẩm Tú đã xếp hạng ， đạt hạng thứ <color=#a75f2f>{0}</c> ， dưới đây là phần thưởng xếp hạng của ngài ， xin mời nhận lấy!,
3031,3020,1001,9999,2,4010,1,1,9,100,2,1006,600,,,,,,,,,,s==48|Phần thưởng xếp hạng hoạt động Tiền Trình Cẩm Tú,s==210|Kính thưa Chủ công:<br/>Ngài trong sự kiện Tỉnh Sư Náo Xuân lần này， hoạt động Tiền Trình Cẩm Tú đã xếp hạng ， đạt hạng thứ <color=#a75f2f>{0}</c> ， dưới đây là phần thưởng xếp hạng của ngài ， xin mời nhận lấy!,
3100,3100,,,,,,,,,,,,,,,,,,,,,s==38|Phần thưởng rơi rớt Tiên Kiếm Tàn Mộng,s==95|Kính thưa Chủ công:<br/>Đây là phần thưởng ngài bỏ quên trong sự kiện lần này，xin mời kiểm tra!,
3101,3101,,,,,,,,,,,,,,,,,,,,,s==30|Chuyển đổi Long Khôi Phiên Lâm,s==170|Kính thưa Chủ công:<br/>Sự kiện Tiên Kiếm Tàn Mộng đã kết thúc ， bảo châu Long Quỳ trong hành trang sẽ tự động chuyển đổi thành Cấp Cao Tầm Phỏng Lệnh 。 xin mời nhận lấy!,
3102,3102,,,,,,,,,,,,,,,,,,,,,s==45|Hoạt động Tiên Kiếm Tàn Mộng chưa nhận thưởng,s==156|Kính thưa Chủ công:<br/>Dưới đây là phần thưởng ngài đã kích hoạt nhưng chưa nhận trong sự kiện Tiên Kiếm Tàn Mộng ， Cách Thế Trung Tình ， xin mời nhận lấy!,
3103,3103,,,,,,,,,,,,,,,,,,,,,s==45|Hoạt động Tiên Kiếm Tàn Mộng chưa nhận thưởng,s==152|Kính thưa Chủ công:<br/>Dưới đây là phần thưởng ngài đã kích hoạt nhưng chưa nhận trong sự kiện Tiên Kiếm Tàn Mộng ， Long Quỳ Bí Lục ， xin mời nhận lấy!,
3040,3040,,,,,,,,,,,,,,,,,,,,,s==50|Phát thưởng hàng ngày hoạt động Toàn Dân Cược Đoán,s==289|Kính thưa Chủ công:<br/>Dưới đây là phần thưởng ngài đã thắng trong sự kiện Toàn Dân Cược Đoán ， trong trận đấu {0} đối đầu {1} <br/>đặt cược ：{2}  hạn mức ：{3}  tỷ lệ ：{4}<br/>trận này thắng được chip World Cup {5} ， xin mời nhận lấy! Chi tiết thắng thua có thể xem tại giao diện sự kiện~,
3041,3041,,,,,,,,,,,,,,,,,,,,,s==57|Chuyển đổi Châu Bảng Vô Địch hoạt động Toàn Dân Cược Đoán,s==150|Kính thưa Chủ công:<br/>Sự kiện Toàn Dân Cược Đoán đã kết thúc ， chip World Cup còn lại của ngài đã tự động chuyển thành Danh Vọng ， xin mời nhận lấy!,
3048,3048,,,,,,,,,,,,,,,,,,,,,s==50|Hoạt động Thượng Nguyên Minh Tiêu chưa nhận thưởng,s==158|Kính thưa Chủ công:<br/>Dưới đây là phần thưởng ngài đã kích hoạt nhưng chưa nhận trong sự kiện Thượng Nguyên Minh Tiêu ， Như Ngư Đắc Thủy ， xin mời nhận lấy!,
3049,3049,,,,,,,,,,,,,,,,,,,,,s==57|Phần thưởng thu thập chưa nhận hoạt động Đằng Long Bí Bảo,s==143|Kính thưa Chủ công:<br/>Sự kiện Đằng Long Bí Bảo đã kết thúc ， ngài có phần thưởng thu thập chưa nhận ， nay đã phát qua thư ， xin mời nhận lấy!,
3050,3050,,,,,,,,,,,,,,,,,,,,,s==56|Phần thưởng tập hợp chưa nhận hoạt động Đằng Long Bí Bảo,s==168|Kính thưa Chủ công:<br/>Sự kiện Đằng Long Bí Bảo đã kết thúc ， ngài có phần thưởng tập hợp chưa nhận ， nay phát qua thư phần thưởng tự chọn đầu tiên ， xin mời nhận lấy!,
3051,3051,,,,,,,,,,,,,,,,,,,,,s==36|Đổi thuốc hiện hình Đằng Long Bí Bảo,s==156|Kính thưa Chủ công:<br/>Sự kiện Đằng Long Bí Bảo đã kết thúc ， thuốc hiện hình còn lại của ngài tự động đổi thành Cấp Cao Tầm Phỏng Lệnh ， xin mời nhận lấy!,
3052,3052,,,,,,,,,,,,,,,,,,,,,s==57|Phần thưởng nhiệm vụ hoạt động Đằng Long Bí Bảo chưa nhận,s==126|Kính thưa Chủ công:<br/>Hôm qua ngài có phần thưởng nhiệm vụ Đằng Long Bí Bảo chưa nhận ， nay phát qua thư ， xin mời nhận lấy!,
3200,3200,,,,,,,,,,,,,,,,,,,,,s==39|Phần thưởng nhiệm vụ Linh Thú chưa nhận,s==136|Kính thưa Chủ công:<br/>Dưới đây là phần thưởng ngài đã kích hoạt nhưng chưa nhận trong nhiệm vụ Linh Thú tuần trước ， xin mời nhận lấy!,
3210,3210,,,,,,,,,,,,,,,,,,,,,s==35|Đấu giá thành công tại Sảnh Đấu Giá,s==173|Kính thưa Chủ công:<br/>Ngài đã đấu giá thành công {1} với giá {0} Sao Kim tại sàn đấu giá ， vật phẩm đã phát trong lịch sử giao dịch sàn đấu giá ， xin nhanh chóng nhận lấy!,
3211,3211,,,,,,,,,,,,,,,,,,,,,s==33|Đấu giá thất bại tại Sảnh Đấu Giá,s==173|Kính thưa Chủ công:<br/>Do điều chỉnh chiến khu ， tạm thời đóng sàn đấu giá ， ngài đấu giá {1} với giá {0} Sao Kim thất bại ， Sao Kim đã hoàn trả ， xin nhanh chóng nhận lấy!,
3212,3212,,,,,,,,,,,,,,,,,,,,,s==31|Bán thành công tại Sảnh Đấu Giá,s==256|Kính thưa Chủ công:<br/>Vật phẩm 【{0}】 ngài đã đăng bán tại sàn đấu giá thành công với giá {1} Sao Kim ， trừ phí {2}% tức {3} Sao Kim ， thực nhận Sao Kim khóa là {4} ， tiền đấu giá đã có trong ô đăng bán Linh Thú tại sàn đấu giá ， xin nhanh chóng nhận lấy!,
3213,3213,,,,,,,,,,,,,,,,,,,,,s==55|Bồi hoàn Sao Kim khóa chưa nhận do bảo trì Sảnh Đấu Giá,s==224|Kính thưa Chủ công:<br/>Do bảo trì sàn đấu giá ， vật phẩm 【{0}】 ngài đăng bán thành công với giá {1} Sao Kim， trừ phí {2}% tức {3} Sao Kim ， thực nhận Sao Kim khóa {4} chưa nhận ， nay phát qua thư ， xin nhanh chóng nhận lấy!,
3250,3250,,,,,,,,,,,,,,,,,,,,,s==49|Phần thưởng chưa nhận hoạt động Hồng Vận Phúc Lục,s==132|Kính thưa Chủ công:<br/>Dưới đây là phần thưởng ngài đã kích hoạt nhưng chưa nhận trong sự kiện Phúc Vận Lễ Nghi ， xin mời nhận lấy!,
2812,2812,,,,,,,,,,,,,,,,,,,,,s==36|Phần thưởng rơi rớt Kỳ Xảo Tước Minh,s==97|Kính thưa Chủ công:<br/>Đây là phần thưởng ngài bỏ sót trong sự kiện lần này ， xin mời kiểm nhận!,
2813,2813,,,,,,,,,,,,,,,,,,,,,s==26|Chuyển đổi Bảo Châu Cơ Xảo,s==162|Kính thưa Chủ công:<br/>Sự kiện Kỳ Xảo Tước Minh đã kết thúc ， bảo châu Kỳ Xảo trong hành trang sẽ tự động chuyển thành Cấp Cao Tầm Phỏng Lệnh 。 xin mời nhận lấy!,
2814,2814,,,,,,,,,,,,,,,,,,,,,s==43|Hoạt động Kỳ Xảo Tước Minh chưa nhận thưởng,s==148|Kính thưa Chủ công:<br/>Dưới đây là phần thưởng ngài đã kích hoạt nhưng chưa nhận trong sự kiện Kỳ Xảo Tước Minh ， Kỳ Xảo Bí Lục ， xin mời nhận lấy!,
2815,2815,,,,,,,,,,,,,,,,,,,,,s==43|Hoạt động Kỳ Xảo Tước Minh chưa nhận thưởng,s==152|Kính thưa Chủ công:<br/>Dưới đây là phần thưởng ngài đã kích hoạt nhưng chưa nhận trong sự kiện Kỳ Xảo Tước Minh ， Xảo Phát Kỳ Trung ， xin mời nhận lấy!,
2816,2816,,,,,,,,,,,,,,,,,,,,,s==36|Hoạt động Tuần Vàng chưa nhận thưởng,s==151|Kính thưa Chủ công:<br/>Dưới đây là phần thưởng ngài đã kích hoạt nhưng chưa nhận trong sự kiện Hoàng Kim Chuẩn ， Hoàng Kim Hiến Lễ ， xin mời nhận lấy!,
2817,2817,,,,,,,,,,,,,,,,,,,,,s==36|Hoạt động Tuần Vàng chưa nhận thưởng,s==151|Kính thưa Chủ công:<br/>Dưới đây là phần thưởng ngài đã kích hoạt nhưng chưa nhận trong sự kiện Hoàng Kim Chuẩn ， Hoàng Kim Tập Thị ， xin mời nhận lấy!,
2818,2818,1,1,2,4050,1,1,9,3000,2,1006,5000,,,,,,,,,,s==48|Phần thưởng xếp hạng hoạt động Tuần Vàng Tuần Du,s==209|Kính thưa Chủ công:<br/>Ngài trong sự kiện Hoàng Kim Chuẩn lần này， hoạt động Hoàng Kim Tuần Du đã xếp hạng ， đạt hạng thứ <color=#a75f2f>{0}</c> ， dưới đây là phần thưởng xếp hạng của ngài ， xin mời nhận lấy!,
2819,2818,2,2,2,4040,2,1,9,2500,2,1006,4000,,,,,,,,,,s==48|Phần thưởng xếp hạng hoạt động Tuần Vàng Tuần Du,s==209|Kính thưa Chủ công:<br/>Ngài trong sự kiện Hoàng Kim Chuẩn lần này， hoạt động Hoàng Kim Tuần Du đã xếp hạng ， đạt hạng thứ <color=#a75f2f>{0}</c> ， dưới đây là phần thưởng xếp hạng của ngài ， xin mời nhận lấy!,
2820,2818,3,3,2,4040,1,1,9,2000,2,1006,3000,,,,,,,,,,s==48|Phần thưởng xếp hạng hoạt động Tuần Vàng Tuần Du,s==209|Kính thưa Chủ công:<br/>Ngài trong sự kiện Hoàng Kim Chuẩn lần này， hoạt động Hoàng Kim Tuần Du đã xếp hạng ， đạt hạng thứ <color=#a75f2f>{0}</c> ， dưới đây là phần thưởng xếp hạng của ngài ， xin mời nhận lấy!,
2821,2818,4,5,2,4030,3,1,9,1500,2,1006,2500,,,,,,,,,,s==48|Phần thưởng xếp hạng hoạt động Tuần Vàng Tuần Du,s==209|Kính thưa Chủ công:<br/>Ngài trong sự kiện Hoàng Kim Chuẩn lần này， hoạt động Hoàng Kim Tuần Du đã xếp hạng ， đạt hạng thứ <color=#a75f2f>{0}</c> ， dưới đây là phần thưởng xếp hạng của ngài ， xin mời nhận lấy!,
2822,2818,6,10,2,4030,2,1,9,1000,2,1006,2000,,,,,,,,,,s==48|Phần thưởng xếp hạng hoạt động Tuần Vàng Tuần Du,s==209|Kính thưa Chủ công:<br/>Ngài trong sự kiện Hoàng Kim Chuẩn lần này， hoạt động Hoàng Kim Tuần Du đã xếp hạng ， đạt hạng thứ <color=#a75f2f>{0}</c> ， dưới đây là phần thưởng xếp hạng của ngài ， xin mời nhận lấy!,
2823,2818,11,20,2,4030,1,1,9,800,2,1006,1800,,,,,,,,,,s==48|Phần thưởng xếp hạng hoạt động Tuần Vàng Tuần Du,s==209|Kính thưa Chủ công:<br/>Ngài trong sự kiện Hoàng Kim Chuẩn lần này， hoạt động Hoàng Kim Tuần Du đã xếp hạng ， đạt hạng thứ <color=#a75f2f>{0}</c> ， dưới đây là phần thưởng xếp hạng của ngài ， xin mời nhận lấy!,
2824,2818,21,50,2,4020,3,1,9,600,2,1006,1600,,,,,,,,,,s==48|Phần thưởng xếp hạng hoạt động Tuần Vàng Tuần Du,s==209|Kính thưa Chủ công:<br/>Ngài trong sự kiện Hoàng Kim Chuẩn lần này， hoạt động Hoàng Kim Tuần Du đã xếp hạng ， đạt hạng thứ <color=#a75f2f>{0}</c> ， dưới đây là phần thưởng xếp hạng của ngài ， xin mời nhận lấy!,
2825,2818,51,100,2,4020,2,1,9,500,2,1006,1400,,,,,,,,,,s==48|Phần thưởng xếp hạng hoạt động Tuần Vàng Tuần Du,s==209|Kính thưa Chủ công:<br/>Ngài trong sự kiện Hoàng Kim Chuẩn lần này， hoạt động Hoàng Kim Tuần Du đã xếp hạng ， đạt hạng thứ <color=#a75f2f>{0}</c> ， dưới đây là phần thưởng xếp hạng của ngài ， xin mời nhận lấy!,
2826,2818,101,200,2,4020,1,1,9,400,2,1006,1200,,,,,,,,,,s==48|Phần thưởng xếp hạng hoạt động Tuần Vàng Tuần Du,s==209|Kính thưa Chủ công:<br/>Ngài trong sự kiện Hoàng Kim Chuẩn lần này， hoạt động Hoàng Kim Tuần Du đã xếp hạng ， đạt hạng thứ <color=#a75f2f>{0}</c> ， dưới đây là phần thưởng xếp hạng của ngài ， xin mời nhận lấy!,
2827,2818,201,500,2,4010,3,1,9,300,2,1006,1000,,,,,,,,,,s==48|Phần thưởng xếp hạng hoạt động Tuần Vàng Tuần Du,s==209|Kính thưa Chủ công:<br/>Ngài trong sự kiện Hoàng Kim Chuẩn lần này， hoạt động Hoàng Kim Tuần Du đã xếp hạng ， đạt hạng thứ <color=#a75f2f>{0}</c> ， dưới đây là phần thưởng xếp hạng của ngài ， xin mời nhận lấy!,
2828,2818,501,1000,2,4010,2,1,9,200,2,1006,800,,,,,,,,,,s==48|Phần thưởng xếp hạng hoạt động Tuần Vàng Tuần Du,s==209|Kính thưa Chủ công:<br/>Ngài trong sự kiện Hoàng Kim Chuẩn lần này， hoạt động Hoàng Kim Tuần Du đã xếp hạng ， đạt hạng thứ <color=#a75f2f>{0}</c> ， dưới đây là phần thưởng xếp hạng của ngài ， xin mời nhận lấy!,
2829,2818,1001,9999,2,4010,1,1,9,100,2,1006,600,,,,,,,,,,s==48|Phần thưởng xếp hạng hoạt động Tuần Vàng Tuần Du,s==209|Kính thưa Chủ công:<br/>Ngài trong sự kiện Hoàng Kim Chuẩn lần này， hoạt động Hoàng Kim Tuần Du đã xếp hạng ， đạt hạng thứ <color=#a75f2f>{0}</c> ， dưới đây là phần thưởng xếp hạng của ngài ， xin mời nhận lấy!,
2830,2830,1,1,2,4050,1,1,9,3000,2,1006,5000,,,,,,,,,,s==48|Phần thưởng xếp hạng hoạt động Tuần Vàng Tuần Du,s==225|Kính thưa Chủ công:<br/>Do điều chỉnh chiến khu， ngài trong sự kiện Tuần Vàng tuần hành vàng lần này đã được tính điểm xếp hạng sớm， đạt hạng <color=#a75f2f>{0}</c>， sau đây là phần thưởng xếp hạng của ngài， xin mời nhận lấy!,
2831,2830,2,2,2,4040,2,1,9,2500,2,1006,4000,,,,,,,,,,s==48|Phần thưởng xếp hạng hoạt động Tuần Vàng Tuần Du,s==225|Kính thưa Chủ công:<br/>Do điều chỉnh chiến khu， ngài trong sự kiện Tuần Vàng tuần hành vàng lần này đã được tính điểm xếp hạng sớm， đạt hạng <color=#a75f2f>{0}</c>， sau đây là phần thưởng xếp hạng của ngài， xin mời nhận lấy!,
2832,2830,3,3,2,4040,1,1,9,2000,2,1006,3000,,,,,,,,,,s==48|Phần thưởng xếp hạng hoạt động Tuần Vàng Tuần Du,s==225|Kính thưa Chủ công:<br/>Do điều chỉnh chiến khu， ngài trong sự kiện Tuần Vàng tuần hành vàng lần này đã được tính điểm xếp hạng sớm， đạt hạng <color=#a75f2f>{0}</c>， sau đây là phần thưởng xếp hạng của ngài， xin mời nhận lấy!,
2833,2830,4,5,2,4030,3,1,9,1500,2,1006,2500,,,,,,,,,,s==48|Phần thưởng xếp hạng hoạt động Tuần Vàng Tuần Du,s==225|Kính thưa Chủ công:<br/>Do điều chỉnh chiến khu， ngài trong sự kiện Tuần Vàng tuần hành vàng lần này đã được tính điểm xếp hạng sớm， đạt hạng <color=#a75f2f>{0}</c>， sau đây là phần thưởng xếp hạng của ngài， xin mời nhận lấy!,
2834,2830,6,10,2,4030,2,1,9,1000,2,1006,2000,,,,,,,,,,s==48|Phần thưởng xếp hạng hoạt động Tuần Vàng Tuần Du,s==225|Kính thưa Chủ công:<br/>Do điều chỉnh chiến khu， ngài trong sự kiện Tuần Vàng tuần hành vàng lần này đã được tính điểm xếp hạng sớm， đạt hạng <color=#a75f2f>{0}</c>， sau đây là phần thưởng xếp hạng của ngài， xin mời nhận lấy!,
2835,2830,11,20,2,4030,1,1,9,800,2,1006,1800,,,,,,,,,,s==48|Phần thưởng xếp hạng hoạt động Tuần Vàng Tuần Du,s==225|Kính thưa Chủ công:<br/>Do điều chỉnh chiến khu， ngài trong sự kiện Tuần Vàng tuần hành vàng lần này đã được tính điểm xếp hạng sớm， đạt hạng <color=#a75f2f>{0}</c>， sau đây là phần thưởng xếp hạng của ngài， xin mời nhận lấy!,
2836,2830,21,50,2,4020,3,1,9,600,2,1006,1600,,,,,,,,,,s==48|Phần thưởng xếp hạng hoạt động Tuần Vàng Tuần Du,s==225|Kính thưa Chủ công:<br/>Do điều chỉnh chiến khu， ngài trong sự kiện Tuần Vàng tuần hành vàng lần này đã được tính điểm xếp hạng sớm， đạt hạng <color=#a75f2f>{0}</c>， sau đây là phần thưởng xếp hạng của ngài， xin mời nhận lấy!,
2837,2830,51,100,2,4020,2,1,9,500,2,1006,1400,,,,,,,,,,s==48|Phần thưởng xếp hạng hoạt động Tuần Vàng Tuần Du,s==225|Kính thưa Chủ công:<br/>Do điều chỉnh chiến khu， ngài trong sự kiện Tuần Vàng tuần hành vàng lần này đã được tính điểm xếp hạng sớm， đạt hạng <color=#a75f2f>{0}</c>， sau đây là phần thưởng xếp hạng của ngài， xin mời nhận lấy!,
2838,2830,101,200,2,4020,1,1,9,400,2,1006,1200,,,,,,,,,,s==48|Phần thưởng xếp hạng hoạt động Tuần Vàng Tuần Du,s==225|Kính thưa Chủ công:<br/>Do điều chỉnh chiến khu， ngài trong sự kiện Tuần Vàng tuần hành vàng lần này đã được tính điểm xếp hạng sớm， đạt hạng <color=#a75f2f>{0}</c>， sau đây là phần thưởng xếp hạng của ngài， xin mời nhận lấy!,
2839,2830,201,500,2,4010,3,1,9,300,2,1006,1000,,,,,,,,,,s==48|Phần thưởng xếp hạng hoạt động Tuần Vàng Tuần Du,s==225|Kính thưa Chủ công:<br/>Do điều chỉnh chiến khu， ngài trong sự kiện Tuần Vàng tuần hành vàng lần này đã được tính điểm xếp hạng sớm， đạt hạng <color=#a75f2f>{0}</c>， sau đây là phần thưởng xếp hạng của ngài， xin mời nhận lấy!,
2840,2830,501,1000,2,4010,2,1,9,200,2,1006,800,,,,,,,,,,s==48|Phần thưởng xếp hạng hoạt động Tuần Vàng Tuần Du,s==225|Kính thưa Chủ công:<br/>Do điều chỉnh chiến khu， ngài trong sự kiện Tuần Vàng tuần hành vàng lần này đã được tính điểm xếp hạng sớm， đạt hạng <color=#a75f2f>{0}</c>， sau đây là phần thưởng xếp hạng của ngài， xin mời nhận lấy!,
2841,2830,1001,9999,2,4010,1,1,9,100,2,1006,600,,,,,,,,,,s==48|Phần thưởng xếp hạng hoạt động Tuần Vàng Tuần Du,s==225|Kính thưa Chủ công:<br/>Do điều chỉnh chiến khu， ngài trong sự kiện Tuần Vàng tuần hành vàng lần này đã được tính điểm xếp hạng sớm， đạt hạng <color=#a75f2f>{0}</c>， sau đây là phần thưởng xếp hạng của ngài， xin mời nhận lấy!,
2850,2850,,,,,,,,,,,,,,,,,,,,,s==42|Phần thưởng lớn  trưởng võ tướng chưa nhận,s==98|Kính thưa Chủ công:<br/>Đây là phần thưởng ngài chưa nhận trong sự kiện lần này， xin mời nhận lấy!,
3260,3260,,,,,,,,,,,,,,,,,,,,,s==43|Phần thưởng chưa nhận của Cơ Chiến Tam Quốc,s==112|Kính thưa Chủ công:<br/>Sau đây là phần thưởng ngài chưa nhận trong sự kiện Cơ Chiến Tam Quốc， xin mời nhận lấy!,
2860,2860,,,,,,,,,,,,,,,,,,,,,s==34|Phần thưởng lớn võ tướng chưa nhận,s==98|Kính thưa Chủ công:<br/>Đây là phần thưởng ngài chưa nhận trong sự kiện lần này， xin mời nhận lấy!,
2870,2870,,,,,,,,,,,,,,,,,,,,,s==39|Phần thưởng vòng quay bảo vật chưa nhận,s==98|Kính thưa Chủ công:<br/>Đây là phần thưởng ngài chưa nhận trong sự kiện lần này， xin mời nhận lấy!,
2871,2871,,,,,,,,,,,,,,,,,,,,,s==33|Đặc quyền chơi game tặng thêm nạp,s==140|Kính thưa Chủ công:<br/>Phần đính kèm là lượng nguyên bảo hoàn trả thêm đặc quyền chơi khách， xin mời nhận ngay， chúc ngài chơi game vui vẻ!,
2872,2872,,,,,,,,,,,,,,,,,,,,,s==32|Tặng thêm hoàn trả nạp từ bạn bè,s==129|Kính thưa Chủ công:<br/>Phần đính kèm là nguyên bảo hoàn trả do bằng hữu mang đến， xin mời nhận ngay， chúc ngài chơi game vui vẻ!,
2873,2873,,,,,,,,,,,,,,,,,,,,,s==39|Phần thưởng chưa nhận phúc lợi bảy ngày,s==98|Kính thưa Chủ công:<br/>Đây là phần thưởng ngài chưa nhận trong sự kiện lần này， xin mời nhận lấy!,
2875,2513,,,,,,,,,,,,,,,,,,,,,s==47|Phần thưởng chưa nhận sự kiện Đồng Mộng Du Viên,s==147|Kính thưa Chủ công:<br/>Sau đây là phần thưởng ngài đã kích hoạt nhưng chưa nhận trong sự kiện Đồng Mộng Du Viên， Mãnh Ký Mộc Mã， xin mời nhận lấy!,
2876,2514,,,,,,,,,,,,,,,,,,,,,s==47|Phần thưởng chưa nhận sự kiện Đồng Mộng Du Viên,s==153|Kính thưa Chủ công:<br/>Sau đây là phần thưởng ngài đã kích hoạt nhưng chưa nhận trong sự kiện Đồng Mộng Du Viên， Thông Thú Thương Phố， xin mời nhận lấy!,
2877,2506,1,1,2,4050,1,1,9,3000,2,1006,5000,,,,,,,,,,s==46|Phần thưởng xếp hạng sự kiện Đồng Mộng Du Viên,s==178|Kính thưa Chủ công:<br/>Ngài trong sự kiện Rừng Kẹo Đồng Mộng Du Viên lần này đã được xếp hạng <color=#a75f2f>{0}</c>， sau đây là phần thưởng xếp hạng của ngài， xin mời nhận lấy!,
2878,2506,2,2,2,4040,2,1,9,2500,2,1006,4000,,,,,,,,,,s==46|Phần thưởng xếp hạng sự kiện Đồng Mộng Du Viên,s==178|Kính thưa Chủ công:<br/>Ngài trong sự kiện Rừng Kẹo Đồng Mộng Du Viên lần này đã được xếp hạng <color=#a75f2f>{0}</c>， sau đây là phần thưởng xếp hạng của ngài， xin mời nhận lấy!,
2879,2506,3,3,2,4040,1,1,9,2000,2,1006,3000,,,,,,,,,,s==46|Phần thưởng xếp hạng sự kiện Đồng Mộng Du Viên,s==178|Kính thưa Chủ công:<br/>Ngài trong sự kiện Rừng Kẹo Đồng Mộng Du Viên lần này đã được xếp hạng <color=#a75f2f>{0}</c>， sau đây là phần thưởng xếp hạng của ngài， xin mời nhận lấy!,
2880,2506,4,5,2,4030,3,1,9,1500,2,1006,2500,,,,,,,,,,s==46|Phần thưởng xếp hạng sự kiện Đồng Mộng Du Viên,s==178|Kính thưa Chủ công:<br/>Ngài trong sự kiện Rừng Kẹo Đồng Mộng Du Viên lần này đã được xếp hạng <color=#a75f2f>{0}</c>， sau đây là phần thưởng xếp hạng của ngài， xin mời nhận lấy!,
2881,2506,6,10,2,4030,2,1,9,1000,2,1006,2000,,,,,,,,,,s==46|Phần thưởng xếp hạng sự kiện Đồng Mộng Du Viên,s==178|Kính thưa Chủ công:<br/>Ngài trong sự kiện Rừng Kẹo Đồng Mộng Du Viên lần này đã được xếp hạng <color=#a75f2f>{0}</c>， sau đây là phần thưởng xếp hạng của ngài， xin mời nhận lấy!,
2882,2506,11,20,2,4030,1,1,9,800,2,1006,1800,,,,,,,,,,s==46|Phần thưởng xếp hạng sự kiện Đồng Mộng Du Viên,s==178|Kính thưa Chủ công:<br/>Ngài trong sự kiện Rừng Kẹo Đồng Mộng Du Viên lần này đã được xếp hạng <color=#a75f2f>{0}</c>， sau đây là phần thưởng xếp hạng của ngài， xin mời nhận lấy!,
2883,2506,21,50,2,4020,3,1,9,600,2,1006,1600,,,,,,,,,,s==46|Phần thưởng xếp hạng sự kiện Đồng Mộng Du Viên,s==178|Kính thưa Chủ công:<br/>Ngài trong sự kiện Rừng Kẹo Đồng Mộng Du Viên lần này đã được xếp hạng <color=#a75f2f>{0}</c>， sau đây là phần thưởng xếp hạng của ngài， xin mời nhận lấy!,
2884,2506,51,100,2,4020,2,1,9,500,2,1006,1400,,,,,,,,,,s==46|Phần thưởng xếp hạng sự kiện Đồng Mộng Du Viên,s==178|Kính thưa Chủ công:<br/>Ngài trong sự kiện Rừng Kẹo Đồng Mộng Du Viên lần này đã được xếp hạng <color=#a75f2f>{0}</c>， sau đây là phần thưởng xếp hạng của ngài， xin mời nhận lấy!,
2885,2506,101,200,2,4020,1,1,9,400,2,1006,1200,,,,,,,,,,s==46|Phần thưởng xếp hạng sự kiện Đồng Mộng Du Viên,s==178|Kính thưa Chủ công:<br/>Ngài trong sự kiện Rừng Kẹo Đồng Mộng Du Viên lần này đã được xếp hạng <color=#a75f2f>{0}</c>， sau đây là phần thưởng xếp hạng của ngài， xin mời nhận lấy!,
2886,2506,201,500,2,4010,3,1,9,300,2,1006,1000,,,,,,,,,,s==46|Phần thưởng xếp hạng sự kiện Đồng Mộng Du Viên,s==178|Kính thưa Chủ công:<br/>Ngài trong sự kiện Rừng Kẹo Đồng Mộng Du Viên lần này đã được xếp hạng <color=#a75f2f>{0}</c>， sau đây là phần thưởng xếp hạng của ngài， xin mời nhận lấy!,
2887,2506,501,1000,2,4010,2,1,9,200,2,1006,800,,,,,,,,,,s==46|Phần thưởng xếp hạng sự kiện Đồng Mộng Du Viên,s==178|Kính thưa Chủ công:<br/>Ngài trong sự kiện Rừng Kẹo Đồng Mộng Du Viên lần này đã được xếp hạng <color=#a75f2f>{0}</c>， sau đây là phần thưởng xếp hạng của ngài， xin mời nhận lấy!,
2888,2506,1001,9999,2,4010,1,1,9,100,2,1006,600,,,,,,,,,,s==46|Phần thưởng xếp hạng sự kiện Đồng Mộng Du Viên,s==178|Kính thưa Chủ công:<br/>Ngài trong sự kiện Rừng Kẹo Đồng Mộng Du Viên lần này đã được xếp hạng <color=#a75f2f>{0}</c>， sau đây là phần thưởng xếp hạng của ngài， xin mời nhận lấy!,
2890,2890,1,5,2,30055,1,2,19636,1,2,6878,20,,,,,,,,,,s==42|Phần thưởng bảng tặng hoa Thề ước Hoa Giác,s==177|Kính thưa Chủ công:<br/>Ngài trong sự kiện Bảng Tặng Hoa Thề Hoa Giả lần này đã được xếp hạng <color=#a75f2f>{0}</c>， sau đây là phần thưởng xếp hạng của ngài， xin mời nhận lấy!,
2891,2890,6,10,2,30056,1,2,19637,1,2,6878,15,,,,,,,,,,s==42|Phần thưởng bảng tặng hoa Thề ước Hoa Giác,s==177|Kính thưa Chủ công:<br/>Ngài trong sự kiện Bảng Tặng Hoa Thề Hoa Giả lần này đã được xếp hạng <color=#a75f2f>{0}</c>， sau đây là phần thưởng xếp hạng của ngài， xin mời nhận lấy!,
2892,2890,11,30,2,30057,1,2,19638,1,2,6878,10,,,,,,,,,,s==42|Phần thưởng bảng tặng hoa Thề ước Hoa Giác,s==177|Kính thưa Chủ công:<br/>Ngài trong sự kiện Bảng Tặng Hoa Thề Hoa Giả lần này đã được xếp hạng <color=#a75f2f>{0}</c>， sau đây là phần thưởng xếp hạng của ngài， xin mời nhận lấy!,
2893,2890,31,100,2,6878,5,2,8226,20,,,,,,,,,,,,,s==42|Phần thưởng bảng tặng hoa Thề ước Hoa Giác,s==177|Kính thưa Chủ công:<br/>Ngài trong sự kiện Bảng Tặng Hoa Thề Hoa Giả lần này đã được xếp hạng <color=#a75f2f>{0}</c>， sau đây là phần thưởng xếp hạng của ngài， xin mời nhận lấy!,
2894,2894,1,5,2,30052,1,2,19633,1,,,,,,,,,,,,,s==41|Phần thưởng bảng thu hoa Thề ước Hoa Giác,s==176|Kính thưa Chủ công:<br/>Ngài trong sự kiện Bảng Thu Hoa Thề Hoa Giả lần này đã được xếp hạng <color=#a75f2f>{0}</c>， sau đây là phần thưởng xếp hạng của ngài， xin mời nhận lấy!,
2895,2894,6,10,2,30053,1,2,19634,1,,,,,,,,,,,,,s==41|Phần thưởng bảng thu hoa Thề ước Hoa Giác,s==176|Kính thưa Chủ công:<br/>Ngài trong sự kiện Bảng Thu Hoa Thề Hoa Giả lần này đã được xếp hạng <color=#a75f2f>{0}</c>， sau đây là phần thưởng xếp hạng của ngài， xin mời nhận lấy!,
2896,2894,11,100,2,30054,1,2,19635,1,,,,,,,,,,,,,s==41|Phần thưởng bảng thu hoa Thề ước Hoa Giác,s==176|Kính thưa Chủ công:<br/>Ngài trong sự kiện Bảng Thu Hoa Thề Hoa Giả lần này đã được xếp hạng <color=#a75f2f>{0}</c>， sau đây là phần thưởng xếp hạng của ngài， xin mời nhận lấy!,
2930,2930,,,,,,,,,,,,,,,,,,,,,s==39|Bảng xếp hạng tặng hoa Thề ước Hoa Giác,s==120|Kính thưa Chủ công: Sự kiện Thề Hoa Giả lần này đã kết thúc， thông tin top {0} người chơi bảng tặng hoa như sau：<br/>{1},
2931,2931,,,,,,,,,,,,,,,,,,,,,s==38|Bảng xếp hạng thu hoa Thề ước Hoa Giác,s==119|Kính thưa Chủ công: Sự kiện Thề Hoa Giả lần này đã kết thúc， thông tin top {0} người chơi bảng thu hoa như sau：<br/>{1},
2932,2932,,,,,,,,,,,,,,,,,,,,,s==38|Phần thưởng chưa nhận Thề ước Hoa Giác,s==124|Kính thưa Chủ công:<br/>Đây là phần thưởng nhiệm vụ ngài chưa nhận trong sự kiện Thề Hoa Giả ngày hôm qua， xin mời nhận lấy!,
2933,2933,,,,,,,,,,,,,,,,,,,,,s==38|Phần thưởng chưa nhận Thề ước Hoa Giác,s==98|Kính thưa Chủ công:<br/>Đây là phần thưởng ngài chưa nhận trong sự kiện lần này， xin mời nhận lấy!,
2940,2940,1,5,,,,,,,,,,,,,,,,,,,s==44|Phần thưởng bảng xếp hạng Vạn Linh Hiến Thụy,s==169|Kính thưa Chủ công:<br/>Ngài trong sự kiện Vạn Linh Hiến Thụ lần này đã được xếp hạng <color=#a75f2f>{0}</c>， sau đây là phần thưởng xếp hạng của ngài， xin mời nhận lấy!,
2941,2940,6,10,,,,,,,,,,,,,,,,,,,s==44|Phần thưởng bảng xếp hạng Vạn Linh Hiến Thụy,s==169|Kính thưa Chủ công:<br/>Ngài trong sự kiện Vạn Linh Hiến Thụ lần này đã được xếp hạng <color=#a75f2f>{0}</c>， sau đây là phần thưởng xếp hạng của ngài， xin mời nhận lấy!,
2942,2940,11,30,,,,,,,,,,,,,,,,,,,s==44|Phần thưởng bảng xếp hạng Vạn Linh Hiến Thụy,s==169|Kính thưa Chủ công:<br/>Ngài trong sự kiện Vạn Linh Hiến Thụ lần này đã được xếp hạng <color=#a75f2f>{0}</c>， sau đây là phần thưởng xếp hạng của ngài， xin mời nhận lấy!,
2943,2940,31,100,,,,,,,,,,,,,,,,,,,s==44|Phần thưởng bảng xếp hạng Vạn Linh Hiến Thụy,s==169|Kính thưa Chủ công:<br/>Ngài trong sự kiện Vạn Linh Hiến Thụ lần này đã được xếp hạng <color=#a75f2f>{0}</c>， sau đây là phần thưởng xếp hạng của ngài， xin mời nhận lấy!,
2944,2944,1,5,,,,,,,,,,,,,,,,,,,s==44|Phần thưởng bảng xếp hạng Vạn Linh Hiến Thụy,s==169|Kính thưa Chủ công:<br/>Ngài trong sự kiện Vạn Linh Hiến Thụ lần này đã được xếp hạng <color=#a75f2f>{0}</c>， sau đây là phần thưởng xếp hạng của ngài， xin mời nhận lấy!,
2945,2944,6,10,,,,,,,,,,,,,,,,,,,s==44|Phần thưởng bảng xếp hạng Vạn Linh Hiến Thụy,s==169|Kính thưa Chủ công:<br/>Ngài trong sự kiện Vạn Linh Hiến Thụ lần này đã được xếp hạng <color=#a75f2f>{0}</c>， sau đây là phần thưởng xếp hạng của ngài， xin mời nhận lấy!,
2946,2944,11,30,,,,,,,,,,,,,,,,,,,s==44|Phần thưởng bảng xếp hạng Vạn Linh Hiến Thụy,s==169|Kính thưa Chủ công:<br/>Ngài trong sự kiện Vạn Linh Hiến Thụ lần này đã được xếp hạng <color=#a75f2f>{0}</c>， sau đây là phần thưởng xếp hạng của ngài， xin mời nhận lấy!,
2947,2944,31,100,,,,,,,,,,,,,,,,,,,s==44|Phần thưởng bảng xếp hạng Vạn Linh Hiến Thụy,s==169|Kính thưa Chủ công:<br/>Ngài trong sự kiện Vạn Linh Hiến Thụ lần này đã được xếp hạng <color=#a75f2f>{0}</c>， sau đây là phần thưởng xếp hạng của ngài， xin mời nhận lấy!,
2948,2948,1,5,,,,,,,,,,,,,,,,,,,s==44|Phần thưởng bảng xếp hạng Vạn Linh Hiến Thụy,s==169|Kính thưa Chủ công:<br/>Ngài trong sự kiện Vạn Linh Hiến Thụ lần này đã được xếp hạng <color=#a75f2f>{0}</c>， sau đây là phần thưởng xếp hạng của ngài， xin mời nhận lấy!,
2949,2948,6,10,,,,,,,,,,,,,,,,,,,s==44|Phần thưởng bảng xếp hạng Vạn Linh Hiến Thụy,s==169|Kính thưa Chủ công:<br/>Ngài trong sự kiện Vạn Linh Hiến Thụ lần này đã được xếp hạng <color=#a75f2f>{0}</c>， sau đây là phần thưởng xếp hạng của ngài， xin mời nhận lấy!,
2950,2948,11,30,,,,,,,,,,,,,,,,,,,s==44|Phần thưởng bảng xếp hạng Vạn Linh Hiến Thụy,s==169|Kính thưa Chủ công:<br/>Ngài trong sự kiện Vạn Linh Hiến Thụ lần này đã được xếp hạng <color=#a75f2f>{0}</c>， sau đây là phần thưởng xếp hạng của ngài， xin mời nhận lấy!,
2951,2948,31,100,,,,,,,,,,,,,,,,,,,s==44|Phần thưởng bảng xếp hạng Vạn Linh Hiến Thụy,s==169|Kính thưa Chủ công:<br/>Ngài trong sự kiện Vạn Linh Hiến Thụ lần này đã được xếp hạng <color=#a75f2f>{0}</c>， sau đây là phần thưởng xếp hạng của ngài， xin mời nhận lấy!,
2952,2952,,,,,,,,,,,,,,,,,,,,,s==32|Bảng xếp hạng Vạn Linh Hiến Thụy,s==131|Kính thưa Chủ công: Sự kiện Vạn Linh Hiến Thụ lần này đã kết thúc， thông tin top {0} người chơi theo điểm tích lũy như sau：<br/>{1},
2953,2953,,,,,,,,,,,,,,,,,,,,,s==32|Bảng xếp hạng Vạn Linh Hiến Thụy,s==131|Kính thưa Chủ công: Sự kiện Vạn Linh Hiến Thụ lần này đã kết thúc， thông tin top {0} người chơi theo điểm tích lũy như sau：<br/>{1},
2954,2954,,,,,,,,,,,,,,,,,,,,,s==32|Bảng xếp hạng Vạn Linh Hiến Thụy,s==121|Kính thưa Chủ công: Sự kiện Vạn Linh Hiến Thụ lần này đã kết thúc， thông tin top {0} người chơi xếp hạng như sau：<br/>{1},
2955,2955,,,,,,,,,,,,,,,,,,,,,s==40|Phần thưởng chưa nhận Vạn Linh Hiến Thụy,s==130|Kính thưa Chủ công:<br/>Đây là phần thưởng nhiệm vụ ngài chưa nhận trong sự kiện Vạn Linh Hiến Thụ ngày hôm qua， xin mời nhận lấy!,
2956,2956,,,,,,,,,,,,,,,,,,,,,s==40|Phần thưởng chưa nhận Vạn Linh Hiến Thụy,s==98|Kính thưa Chủ công:<br/>Đây là phần thưởng ngài chưa nhận trong sự kiện lần này， xin mời nhận lấy!,
2957,3300,,,,,,,,,,,,,,,,,,,,,s==53|Phần thưởng đặc biệt giới hạn {0} mệnh giá Hàn Nguyên,s==12|Ngày thứ {0},
2958,2958,,,,,,,,,,,,,,,,,,,,,s==35|Thu hồi vật phẩm Vạn Linh Hiến Thụy,s==157|Kính thưa Chủ công:<br/>Ngài trong sự kiện Vạn Linh Hiến Thụ lần này còn vật phẩm chưa tiêu hao， đã tự động chuyển đổi thành vật phẩm khác， xin mời nhận lấy!,
2960,2960,,,,,,,,,,,,,,,,,,,,,s==38|Phần thưởng rơi rớt Đạo Cốt Tiên Phong,s==97|Kính thưa Chủ công:<br/>Đây là phần thưởng ngài bỏ sót trong sự kiện lần này ， xin mời kiểm nhận!,
2961,2961,,,,,,,,,,,,,,,,,,,,,s==26|Chuyển đổi Ngọc Bảo Ô Giác,s==165|Kính thưa Chủ công:<br/>Sự kiện Đạo Cốt Tiên Phong đã kết thúc， Ngọc Bảo Tạc Mã trong hành trang sẽ tự động chuyển đổi thành Lệnh Tìm Kiếm Cao Cấp。 xin mời nhận lấy!,
2962,2962,,,,,,,,,,,,,,,,,,,,,s==48|Phần thưởng chưa nhận sự kiện Đạo Cốt Tiên Phong,s==152|Kính thưa Chủ công:<br/>Sau đây là phần thưởng ngài đã kích hoạt nhưng chưa nhận trong sự kiện Đạo Cốt Tiên Phong， Độn Giáp Thiên Thư， xin mời nhận lấy!,
2963,2963,,,,,,,,,,,,,,,,,,,,,s==48|Phần thưởng chưa nhận sự kiện Đạo Cốt Tiên Phong,s==152|Kính thưa Chủ công:<br/>Sau đây là phần thưởng ngài đã kích hoạt nhưng chưa nhận trong sự kiện Đạo Cốt Tiên Phong， Tường Tinh Bái Đẩu， xin mời nhận lấy!,
2964,2964,,,,,,,,,,,,,,,,,,,,,s==53|Nâng cấp phần thưởng bảng xếp hạng Vạn Linh Hiến Thụy,s==199|Kính thưa Chủ công:<br/>Trong sự kiện Vạn Linh Hiến Thụ， nhờ công sức chung của top mười người chơi trên bảng xếp hạng， hiện đã mở khóa phần thưởng <color=#a75f2f>Tiên Nguyên Trì</c>， thật đáng mừng!,
2965,2965,,,,,,,,,,,,,,,,,,,,,s==53|Nâng cấp phần thưởng bảng xếp hạng Vạn Linh Hiến Thụy,s==199|Kính thưa Chủ công:<br/>Trong sự kiện Vạn Linh Hiến Thụ， nhờ công sức chung của top mười người chơi trên bảng xếp hạng， hiện đã mở khóa phần thưởng <color=#a75f2f>Thần Nguyên Trì</c>， thật đáng mừng!,
2966,2966,,,,,,,,,,,,,,,,,,,,,s==63|Phần thưởng chưa nhận tích lũy rút thăm sự kiện Hạ Nhiệt Rực Rỡ,s==155|Kính thưa Chủ công:<br/>Sau đây là phần thưởng ngài đã kích hoạt nhưng chưa nhận trong sự kiện Mùa Hè Rực Rỡ， Truy Tìm Kho Báu Dưới Biển， xin mời nhận lấy!,
2967,2967,,,,,,,,,,,,,,,,,,,,,s==54|Phần thưởng chưa nhận tích nạp sự kiện Hạ Nhiệt Rực Rỡ,s==148|Kính thưa Chủ công:<br/>Sau đây là phần thưởng ngài đã kích hoạt nhưng chưa nhận trong sự kiện Mùa Hè Rực Rỡ， Mát Lành Một Mùa Hè， xin mời nhận lấy!,
2968,2968,,,,,,,,,,,,,,,,,,,,,s==58|Phần thưởng chưa nhận liên tục nạp sự kiện Hạ Nhiệt Rực Rỡ,s==146|Kính thưa Chủ công:<br/>Sau đây là phần thưởng ngài đã kích hoạt nhưng chưa nhận trong sự kiện Mùa Hè Rực Rỡ， Mùa Hè Phong Tặng， xin mời nhận lấy!,
2969,2969,,,,,,,,,,,,,,,,,,,,,s==40|Thu hồi vật phẩm sự kiện Hạ Nhiệt Rực Rỡ,s==153|Kính thưa Chủ công:<br/>Ngài trong sự kiện Mùa Hè Rực Rỡ lần này còn vật phẩm chưa tiêu hao， đã tự động chuyển đổi thành vật phẩm khác， xin mời nhận lấy!,
2980,2980,,,,,,,,,,,,,,,,,,,,,s==39|Phần thưởng chưa nhận thẻ tuần đặc biệt,s==141|Kính thưa Chủ công:<br/>Đây là phần thưởng thẻ tuần đặc biệt ngài chưa nhận， đồng thời bù phát {0} điểm Trân Bảo Điểm， xin mời nhận kịp thời!,
2981,2981,1,1,2,4050,1,1,9,3000,2,1006,5000,,,,,,,,,,s==51|Phần thưởng xếp hạng câu cá sự kiện Hạ Nhiệt Rực Rỡ,s==170|Kính thưa Chủ công:<br/>Ngài trong sự kiện Thủy Ngư Đỉnh Nhân lần này đã được xếp hạng <color=#a75f2f>{0}</c>， sau đây là phần thưởng xếp hạng của ngài， xin mời nhận lấy!,
2982,2981,2,2,2,4040,2,1,9,2500,2,1006,4000,,,,,,,,,,s==51|Phần thưởng xếp hạng câu cá sự kiện Hạ Nhiệt Rực Rỡ,s==170|Kính thưa Chủ công:<br/>Ngài trong sự kiện Thủy Ngư Đỉnh Nhân lần này đã được xếp hạng <color=#a75f2f>{0}</c>， sau đây là phần thưởng xếp hạng của ngài， xin mời nhận lấy!,
2983,2981,3,3,2,4040,1,1,9,2000,2,1006,3000,,,,,,,,,,s==51|Phần thưởng xếp hạng câu cá sự kiện Hạ Nhiệt Rực Rỡ,s==170|Kính thưa Chủ công:<br/>Ngài trong sự kiện Thủy Ngư Đỉnh Nhân lần này đã được xếp hạng <color=#a75f2f>{0}</c>， sau đây là phần thưởng xếp hạng của ngài， xin mời nhận lấy!,
2984,2981,4,5,2,4030,3,1,9,1500,2,1006,2500,,,,,,,,,,s==51|Phần thưởng xếp hạng câu cá sự kiện Hạ Nhiệt Rực Rỡ,s==170|Kính thưa Chủ công:<br/>Ngài trong sự kiện Thủy Ngư Đỉnh Nhân lần này đã được xếp hạng <color=#a75f2f>{0}</c>， sau đây là phần thưởng xếp hạng của ngài， xin mời nhận lấy!,
2985,2981,6,10,2,4030,2,1,9,1000,2,1006,2000,,,,,,,,,,s==51|Phần thưởng xếp hạng câu cá sự kiện Hạ Nhiệt Rực Rỡ,s==170|Kính thưa Chủ công:<br/>Ngài trong sự kiện Thủy Ngư Đỉnh Nhân lần này đã được xếp hạng <color=#a75f2f>{0}</c>， sau đây là phần thưởng xếp hạng của ngài， xin mời nhận lấy!,
2986,2981,11,20,2,4030,1,1,9,800,2,1006,1800,,,,,,,,,,s==51|Phần thưởng xếp hạng câu cá sự kiện Hạ Nhiệt Rực Rỡ,s==170|Kính thưa Chủ công:<br/>Ngài trong sự kiện Thủy Ngư Đỉnh Nhân lần này đã được xếp hạng <color=#a75f2f>{0}</c>， sau đây là phần thưởng xếp hạng của ngài， xin mời nhận lấy!,
2987,2981,21,50,2,4020,3,1,9,600,2,1006,1600,,,,,,,,,,s==51|Phần thưởng xếp hạng câu cá sự kiện Hạ Nhiệt Rực Rỡ,s==170|Kính thưa Chủ công:<br/>Ngài trong sự kiện Thủy Ngư Đỉnh Nhân lần này đã được xếp hạng <color=#a75f2f>{0}</c>， sau đây là phần thưởng xếp hạng của ngài， xin mời nhận lấy!,
2988,2981,51,100,2,4020,2,1,9,500,2,1006,1400,,,,,,,,,,s==51|Phần thưởng xếp hạng câu cá sự kiện Hạ Nhiệt Rực Rỡ,s==170|Kính thưa Chủ công:<br/>Ngài trong sự kiện Thủy Ngư Đỉnh Nhân lần này đã được xếp hạng <color=#a75f2f>{0}</c>， sau đây là phần thưởng xếp hạng của ngài， xin mời nhận lấy!,
2989,2981,101,200,2,4020,1,1,9,400,2,1006,1200,,,,,,,,,,s==51|Phần thưởng xếp hạng câu cá sự kiện Hạ Nhiệt Rực Rỡ,s==170|Kính thưa Chủ công:<br/>Ngài trong sự kiện Thủy Ngư Đỉnh Nhân lần này đã được xếp hạng <color=#a75f2f>{0}</c>， sau đây là phần thưởng xếp hạng của ngài， xin mời nhận lấy!,
2990,2981,201,500,2,4010,3,1,9,300,2,1006,1000,,,,,,,,,,s==51|Phần thưởng xếp hạng câu cá sự kiện Hạ Nhiệt Rực Rỡ,s==170|Kính thưa Chủ công:<br/>Ngài trong sự kiện Thủy Ngư Đỉnh Nhân lần này đã được xếp hạng <color=#a75f2f>{0}</c>， sau đây là phần thưởng xếp hạng của ngài， xin mời nhận lấy!,
2991,2981,501,1000,2,4010,2,1,9,200,2,1006,800,,,,,,,,,,s==51|Phần thưởng xếp hạng câu cá sự kiện Hạ Nhiệt Rực Rỡ,s==170|Kính thưa Chủ công:<br/>Ngài trong sự kiện Thủy Ngư Đỉnh Nhân lần này đã được xếp hạng <color=#a75f2f>{0}</c>， sau đây là phần thưởng xếp hạng của ngài， xin mời nhận lấy!,
2992,2981,1001,9999,2,4010,1,1,9,100,2,1006,600,,,,,,,,,,s==51|Phần thưởng xếp hạng câu cá sự kiện Hạ Nhiệt Rực Rỡ,s==170|Kính thưa Chủ công:<br/>Ngài trong sự kiện Thủy Ngư Đỉnh Nhân lần này đã được xếp hạng <color=#a75f2f>{0}</c>， sau đây là phần thưởng xếp hạng của ngài， xin mời nhận lấy!,
3300,3300,,,,,,,,,,,,,,,,,,,,,s==36|Bảo Bối Đằng Long Hợp Phủ Bồi Thường,s==159|Kính thưa Chủ công:<br/>Do việc hợp phó gây ra di chuyển dữ liệu， lần hợp phó này sẽ phát thưởng bồi thường cho kỳ kỳ Thăng Long Bí Bảo， xin Chủ công nhận lấy!,
3310,3310,,,,,,,,,,,,,,,,,,,,,s==37|Phần Thưởng Tiên Âm Lăng Hoàn Tàn Lạc,s==97|Kính thưa Chủ công:<br/>Đây là phần thưởng ngài bỏ sót trong sự kiện lần này ， xin mời kiểm nhận!,
3311,3311,,,,,,,,,,,,,,,,,,,,,s==27|Chuyển Đổi Bảo Châu Tiên Âm,s==177|Kính thưa Chủ công:<br/>Hoạt động Lăng Hoàn Tiên Âm đã kết thúc， trong hành trang của Chủ công， Tiên Âm Bảo Châu sẽ tự động chuyển đổi thành Cấp Cao Tuần Phó Lệnh。 Xin nhận lấy!,
3312,3312,,,,,,,,,,,,,,,,,,,,,s==49|Phần Thưởng Hoạt Động Tiên Âm Lăng Hoàn Chưa Nhận,s==149|Kính thưa Chủ công:<br/>Dưới đây là phần thưởng Chủ công đã kích hoạt nhưng chưa nhận trong hoạt động Lăng Hoàn Tiên Âm， Hổ Giác Á Tập， xin nhận lấy!,
3313,3313,,,,,,,,,,,,,,,,,,,,,s==49|Phần Thưởng Hoạt Động Tiên Âm Lăng Hoàn Chưa Nhận,s==151|Kính thưa Chủ công:<br/>Dưới đây là phần thưởng Chủ công đã kích hoạt nhưng chưa nhận trong hoạt động Lăng Hoàn Tiên Âm， Nguyệt Hạ Tỳ Bà， xin nhận lấy!,
3320,3320,,,,,,,,,,,,,,,,,,,,,s==34|Phần Thưởng Hằng Ngày Thẻ Trọn Đời,s==121|Kính thưa Chủ công:<br/>Dưới đây là phần thưởng hàng ngày của Thẻ Trọn Đời mà Chủ công hôm nay có thể nhận， xin nhận lấy!,
3321,3321,,,,,,,,,,,,,,,,,,,,,s==31|Phần Thưởng 7 Ngày Thẻ Trọn Đời,s==122|Kính thưa Chủ công:<br/>Dưới đây là phần thưởng mỗi 7 ngày của Thẻ Trọn Đời mà Chủ công hôm nay có thể nhận， xin nhận lấy!,
2921,3310,,,,,,,,,,,,,,,,,,,,,s==39|Phần Thưởng Tích Nạp Tặng Quà Chưa Nhận,s==93|Kính thưa Chủ công:<br/>Đây là phần thưởng tích nạp chưa nhận của Chủ công， xin mau nhận lấy!,
3322,3322,,,,,,,,,,,,,,,,,,,,,s==39|Phần Thưởng Tàn Lạc Thiết Giáp Đằng Phi,s==97|Kính thưa Chủ công:<br/>Đây là phần thưởng ngài bỏ sót trong sự kiện lần này ， xin mời kiểm nhận!,
3323,3323,,,,,,,,,,,,,,,,,,,,,s==30|Chuyển Đổi Bảo Châu Thiết Giáp,s==183|Kính thưa Chủ công:<br/>Hoạt động Thiết Giáp Thăng Phi đã kết thúc， trong hành trang của Chủ công， Thiết Giáp Bảo Châu sẽ tự động chuyển đổi thành Cấp Cao Tuần Phó Lệnh。 Xin nhận lấy!,
3324,3324,,,,,,,,,,,,,,,,,,,,,s==51|Phần Thưởng Hoạt Động Thiết Giáp Đằng Phi Chưa Nhận,s==157|Kính thưa Chủ công:<br/>Dưới đây là phần thưởng Chủ công đã kích hoạt nhưng chưa nhận trong hoạt động Thiết Giáp Thăng Phi， Khoa Kỹ Vinh Quang， xin nhận lấy!,
3325,3325,,,,,,,,,,,,,,,,,,,,,s==51|Phần Thưởng Hoạt Động Thiết Giáp Đằng Phi Chưa Nhận,s==156|Kính thưa Chủ công:<br/>Dưới đây là phần thưởng Chủ công đã kích hoạt nhưng chưa nhận trong hoạt động Thiết Giáp Thăng Phi， Cơ Giáp Phi Thăng， xin nhận lấy!,
3328,3328,,,,,,,,,,,,,,,,,,,,,s==26|Nhắc Nhở Hết Hạn Tướng Thử,s==189|Kính thưa Chủ công:<br/>Tướng thử dụng <color=#a75f2f>{0}</c> của Chủ công đã hết hạn， trang bị và nguyên liệu của tướng thử dụng đã được trả về hành trang của Chủ công， xin lưu ý nhận lấy!,
3400,3400,1,1,1,9,600,1,8,5000000,2,1001,1000,,,,,,,,,,s==28|Phần thưởng Xếp Hạng Mời Bạn,s==190|Kính thưa Chủ công:<br/>Chúc mừng ngài đã đạt hạng <color=#a75f2f>{0}</c> trong bảng xếp hạng hoạt động Mời Hữu Hằng Tuần lần này， sau đây là phần thưởng xếp hạng của ngài， xin mời nhận lấy!,
3401,3400,2,2,1,9,500,1,8,4000000,2,1001,800,,,,,,,,,,s==28|Phần thưởng Xếp Hạng Mời Bạn,s==190|Kính thưa Chủ công:<br/>Chúc mừng ngài đã đạt hạng <color=#a75f2f>{0}</c> trong bảng xếp hạng hoạt động Mời Hữu Hằng Tuần lần này， sau đây là phần thưởng xếp hạng của ngài， xin mời nhận lấy!,
3402,3400,3,3,1,9,400,1,8,3000000,2,1001,600,,,,,,,,,,s==28|Phần thưởng Xếp Hạng Mời Bạn,s==190|Kính thưa Chủ công:<br/>Chúc mừng ngài đã đạt hạng <color=#a75f2f>{0}</c> trong bảng xếp hạng hoạt động Mời Hữu Hằng Tuần lần này， sau đây là phần thưởng xếp hạng của ngài， xin mời nhận lấy!,
3403,3400,4,5,1,9,350,1,8,2500000,2,1001,500,,,,,,,,,,s==28|Phần thưởng Xếp Hạng Mời Bạn,s==190|Kính thưa Chủ công:<br/>Chúc mừng ngài đã đạt hạng <color=#a75f2f>{0}</c> trong bảng xếp hạng hoạt động Mời Hữu Hằng Tuần lần này， sau đây là phần thưởng xếp hạng của ngài， xin mời nhận lấy!,
3404,3400,6,10,1,9,300,1,8,2000000,2,1001,400,,,,,,,,,,s==28|Phần thưởng Xếp Hạng Mời Bạn,s==190|Kính thưa Chủ công:<br/>Chúc mừng ngài đã đạt hạng <color=#a75f2f>{0}</c> trong bảng xếp hạng hoạt động Mời Hữu Hằng Tuần lần này， sau đây là phần thưởng xếp hạng của ngài， xin mời nhận lấy!,
3405,3400,11,20,1,9,250,1,8,1500000,2,1001,300,,,,,,,,,,s==28|Phần thưởng Xếp Hạng Mời Bạn,s==190|Kính thưa Chủ công:<br/>Chúc mừng ngài đã đạt hạng <color=#a75f2f>{0}</c> trong bảng xếp hạng hoạt động Mời Hữu Hằng Tuần lần này， sau đây là phần thưởng xếp hạng của ngài， xin mời nhận lấy!,
3406,3400,21,50,1,9,200,1,8,1000000,2,1001,200,,,,,,,,,,s==28|Phần thưởng Xếp Hạng Mời Bạn,s==190|Kính thưa Chủ công:<br/>Chúc mừng ngài đã đạt hạng <color=#a75f2f>{0}</c> trong bảng xếp hạng hoạt động Mời Hữu Hằng Tuần lần này， sau đây là phần thưởng xếp hạng của ngài， xin mời nhận lấy!,
3410,3410,,,,,,,,,,,,,,,,,,,,,s==27|Phần thưởng chia lợi bạn bè,s==127|Kính thưa Chủ công:<br/>Bằng hữu của Chủ công trong sự kiện nạp thẻ đã mang đến phần thưởng sau đây。 xin mời Chủ công nhận lấy!,
3330,3330,,,,,,,,,,,,,,,,,,,,,s==47|Phần Thưởng Kết Toán Hằng Ngày Cửu Châu Chí Tôn,s==209|Kính thưa Chủ công:<br/>Trong trò chơi Cửu Châu Chí Tôn hôm nay， Chủ công đạt hạng {0} khi kết toán cuối cùng， điểm số là {1}， xếp hạng {2}， nhận được phần thưởng kết toán hàng ngày dưới đây， xin mau nhận lấy!,
3331,3331,,,,,,,,,,,,,,,,,,,,,s==41|Phần Thưởng Kết Toán Mùa Cửu Châu Chí Tôn,s==204|Kính thưa Chủ công:<br/>Trong mùa giải Cửu Châu Chí Tôn này， Chủ công đạt hạng {0} khi kết toán cuối cùng， điểm số là {1}， xếp hạng {2}， nhận được phần thưởng kết toán mùa giải dưới đây， xin mau nhận lấy!,
3332,3332,,,,,,,,,,,,,,,,,,,,,s==39|Phần Thưởng Lệnh Chiến Cửu Châu Chí Tôn,s==132|Kính thưa Chủ công:<br/>Trong vòng Chiến Lệnh Cửu Châu Chí Tôn này， Chủ công còn phần thưởng chiến lệnh chưa nhận， xin mau nhận lấy!,
3333,3333,,,,,,,,,,,,,,,,,,,,,s==36|Phần Thưởng Đoạn Vị Cửu Châu Chí Tôn,s==131|Kính thưa Chủ công:<br/>Trong vòng chơi Cửu Châu Chí Tôn này， Chủ công đã đạt hạng {0}， nhận được danh hiệu hạng， xin mau nhận lấy!,
3340,3340,,,,,,,,,,,,,,,,,,,,,s==26|Phúc Lợi Nạp Thẻ Đồng Quốc,s==125|Kính thưa Chủ công:<br/>Chủ công đã tích nạp tổng cộng {0} Đồng Tam Quốc， đây là phúc lợi nạp của Chủ công， xin mau nhận lấy!,
3334,3334,,,,,,,,,,,,,,,,,,,,,s==39|Phần Thưởng Tàn Lạc Linh Phượng Sơn Hải,s==97|Kính thưa Chủ công:<br/>Đây là phần thưởng ngài bỏ sót trong sự kiện lần này ， xin mời kiểm nhận!,
3335,3335,,,,,,,,,,,,,,,,,,,,,s==31|Chuyển Đổi Bảo Châu Linh Phượng,s==183|Kính thưa Chủ công:<br/>Hoạt động Sơn Hải Linh Phượng đã kết thúc， trong hành trang của Chủ công， Linh Phượng Bảo Châu sẽ tự động chuyển đổi thành Cấp Cao Tuần Phó Lệnh。 Xin nhận lấy!,
3336,3336,,,,,,,,,,,,,,,,,,,,,s==51|Phần Thưởng Hoạt Động Linh Phượng Sơn Hải Chưa Nhận,s==157|Kính thưa Chủ công:<br/>Dưới đây là phần thưởng Chủ công đã kích hoạt nhưng chưa nhận trong hoạt động Sơn Hải Linh Phượng， Duyên Kết Hồng Nhan， xin nhận lấy!,
3337,3337,,,,,,,,,,,,,,,,,,,,,s==51|Phần Thưởng Hoạt Động Linh Phượng Sơn Hải Chưa Nhận,s==158|Kính thưa Chủ công:<br/>Dưới đây là phần thưởng Chủ công đã kích hoạt nhưng chưa nhận trong hoạt động Sơn Hải Linh Phượng， Tâm Động Linh Phượng， xin nhận lấy!,
3338,3338,,,,,,,,,,,,,,,,,,,,,s==26|Nhắc Nhở Hết Hạn Tướng Thử,s==189|Kính thưa Chủ công:<br/>Tướng thử dụng <color=#a75f2f>{0}</c> của Chủ công đã hết hạn， trang bị và nguyên liệu của tướng thử dụng đã được trả về hành trang của Chủ công， xin lưu ý nhận lấy!,
3350,3350,,,,,,,,,,,,,,,,,,,,,s==62|Phần Thưởng Tích Quay Hoạt Động Đông Nhật Noãn Dương Chưa Nhận,s==157|Kính thưa Chủ công:<br/>Dưới đây là phần thưởng Chủ công đã kích hoạt nhưng chưa nhận trong hoạt động Đông Nhật Noãn Dương， Đông Nhật Tuần Bảo， xin nhận lấy!,
3351,3351,,,,,,,,,,,,,,,,,,,,,s==61|Phần Thưởng Tích Nạp Hoạt Động Đông Nhật Noãn Dương Chưa Nhận,s==158|Kính thưa Chủ công:<br/>Dưới đây là phần thưởng Chủ công đã kích hoạt nhưng chưa nhận trong hoạt động Đông Nhật Noãn Dương， Đông Nhật Tống Noãn， xin nhận lấy!,
3352,3352,,,,,,,,,,,,,,,,,,,,,s==66|Phần Thưởng Nạp Liên Tiếp Hoạt Động Đông Nhật Noãn Dương Chưa Nhận,s==155|Kính thưa Chủ công:<br/>Dưới đây là phần thưởng Chủ công đã kích hoạt nhưng chưa nhận trong hoạt động Đông Nhật Noãn Dương， Hàn Đông Tặng Lễ， xin nhận lấy!,
3353,3353,,,,,,,,,,,,,,,,,,,,,s==45|Thu Hồi Đạo Cụ Hoạt Động Đông Nhật Noãn Dương,s==163|Kính thưa Chủ công:<br/>Trong hoạt động Đông Nhật Noãn Dương lần này， Chủ công còn vật phẩm chưa tiêu hao， đã tự động chuyển đổi thành vật phẩm khác， xin nhận lấy!,
3354,3354,1,1,2,4050,1,1,9,3000,2,1006,5000,,,,,,,,,,s==58|Phần Thưởng Xếp Hạng Câu Cá Hoạt Động Đông Nhật Noãn Dương,s==188|Kính thưa Chủ công:<br/>Trong kết toán xếp hạng hoạt động Hàn Giang Độc Điếu lần này， Chủ công đạt hạng <color=#a75f2f>{0}</c>， dưới đây là phần thưởng xếp hạng của Chủ công， xin nhận lấy!,
3355,3354,2,2,2,4040,2,1,9,2500,2,1006,4000,,,,,,,,,,s==58|Phần Thưởng Xếp Hạng Câu Cá Hoạt Động Đông Nhật Noãn Dương,s==188|Kính thưa Chủ công:<br/>Trong kết toán xếp hạng hoạt động Hàn Giang Độc Điếu lần này， Chủ công đạt hạng <color=#a75f2f>{0}</c>， dưới đây là phần thưởng xếp hạng của Chủ công， xin nhận lấy!,
3356,3354,3,3,2,4040,1,1,9,2000,2,1006,3000,,,,,,,,,,s==58|Phần Thưởng Xếp Hạng Câu Cá Hoạt Động Đông Nhật Noãn Dương,s==188|Kính thưa Chủ công:<br/>Trong kết toán xếp hạng hoạt động Hàn Giang Độc Điếu lần này， Chủ công đạt hạng <color=#a75f2f>{0}</c>， dưới đây là phần thưởng xếp hạng của Chủ công， xin nhận lấy!,
3357,3354,4,5,2,4030,3,1,9,1500,2,1006,2500,,,,,,,,,,s==58|Phần Thưởng Xếp Hạng Câu Cá Hoạt Động Đông Nhật Noãn Dương,s==188|Kính thưa Chủ công:<br/>Trong kết toán xếp hạng hoạt động Hàn Giang Độc Điếu lần này， Chủ công đạt hạng <color=#a75f2f>{0}</c>， dưới đây là phần thưởng xếp hạng của Chủ công， xin nhận lấy!,
3358,3354,6,10,2,4030,2,1,9,1000,2,1006,2000,,,,,,,,,,s==58|Phần Thưởng Xếp Hạng Câu Cá Hoạt Động Đông Nhật Noãn Dương,s==188|Kính thưa Chủ công:<br/>Trong kết toán xếp hạng hoạt động Hàn Giang Độc Điếu lần này， Chủ công đạt hạng <color=#a75f2f>{0}</c>， dưới đây là phần thưởng xếp hạng của Chủ công， xin nhận lấy!,
3359,3354,11,20,2,4030,1,1,9,800,2,1006,1800,,,,,,,,,,s==58|Phần Thưởng Xếp Hạng Câu Cá Hoạt Động Đông Nhật Noãn Dương,s==188|Kính thưa Chủ công:<br/>Trong kết toán xếp hạng hoạt động Hàn Giang Độc Điếu lần này， Chủ công đạt hạng <color=#a75f2f>{0}</c>， dưới đây là phần thưởng xếp hạng của Chủ công， xin nhận lấy!,
3360,3354,21,50,2,4020,3,1,9,600,2,1006,1600,,,,,,,,,,s==58|Phần Thưởng Xếp Hạng Câu Cá Hoạt Động Đông Nhật Noãn Dương,s==188|Kính thưa Chủ công:<br/>Trong kết toán xếp hạng hoạt động Hàn Giang Độc Điếu lần này， Chủ công đạt hạng <color=#a75f2f>{0}</c>， dưới đây là phần thưởng xếp hạng của Chủ công， xin nhận lấy!,
3361,3354,51,100,2,4020,2,1,9,500,2,1006,1400,,,,,,,,,,s==58|Phần Thưởng Xếp Hạng Câu Cá Hoạt Động Đông Nhật Noãn Dương,s==188|Kính thưa Chủ công:<br/>Trong kết toán xếp hạng hoạt động Hàn Giang Độc Điếu lần này， Chủ công đạt hạng <color=#a75f2f>{0}</c>， dưới đây là phần thưởng xếp hạng của Chủ công， xin nhận lấy!,
3362,3354,101,200,2,4020,1,1,9,400,2,1006,1200,,,,,,,,,,s==58|Phần Thưởng Xếp Hạng Câu Cá Hoạt Động Đông Nhật Noãn Dương,s==188|Kính thưa Chủ công:<br/>Trong kết toán xếp hạng hoạt động Hàn Giang Độc Điếu lần này， Chủ công đạt hạng <color=#a75f2f>{0}</c>， dưới đây là phần thưởng xếp hạng của Chủ công， xin nhận lấy!,
3363,3354,201,500,2,4010,3,1,9,300,2,1006,1000,,,,,,,,,,s==58|Phần Thưởng Xếp Hạng Câu Cá Hoạt Động Đông Nhật Noãn Dương,s==188|Kính thưa Chủ công:<br/>Trong kết toán xếp hạng hoạt động Hàn Giang Độc Điếu lần này， Chủ công đạt hạng <color=#a75f2f>{0}</c>， dưới đây là phần thưởng xếp hạng của Chủ công， xin nhận lấy!,
3364,3354,501,1000,2,4010,2,1,9,200,2,1006,800,,,,,,,,,,s==58|Phần Thưởng Xếp Hạng Câu Cá Hoạt Động Đông Nhật Noãn Dương,s==188|Kính thưa Chủ công:<br/>Trong kết toán xếp hạng hoạt động Hàn Giang Độc Điếu lần này， Chủ công đạt hạng <color=#a75f2f>{0}</c>， dưới đây là phần thưởng xếp hạng của Chủ công， xin nhận lấy!,
3365,3354,1001,9999,2,4010,1,1,9,100,2,1006,600,,,,,,,,,,s==58|Phần Thưởng Xếp Hạng Câu Cá Hoạt Động Đông Nhật Noãn Dương,s==188|Kính thưa Chủ công:<br/>Trong kết toán xếp hạng hoạt động Hàn Giang Độc Điếu lần này， Chủ công đạt hạng <color=#a75f2f>{0}</c>， dưới đây là phần thưởng xếp hạng của Chủ công， xin nhận lấy!,
3366,3366,,,,,,,,,,,,,,,,,,,,,s==36|Phần Thưởng Tàn Lạc Hổ Tiếu Tiêu Dao,s==97|Kính thưa Chủ công:<br/>Đây là phần thưởng ngài bỏ sót trong sự kiện lần này ， xin mời kiểm nhận!,
3367,3367,,,,,,,,,,,,,,,,,,,,,s==26|Chuyển Đổi Bảo Châu Hổ Ảnh,s==175|Kính thưa Chủ công:<br/>Hoạt động Hổ Tiếu Tiêu Dao đã kết thúc， trong hành trang của Chủ công， Hổ Ảnh Bảo Châu sẽ tự động chuyển đổi thành Cấp Cao Tuần Phó Lệnh。 Xin nhận lấy!,
3368,3368,,,,,,,,,,,,,,,,,,,,,s==48|Phần Thưởng Hoạt Động Hổ Tiếu Tiêu Dao Chưa Nhận,s==154|Kính thưa Chủ công:<br/>Dưới đây là phần thưởng Chủ công đã kích hoạt nhưng chưa nhận trong hoạt động Hổ Tiếu Tiêu Dao， Thiện Chiến Bí Điển， xin nhận lấy!,
3369,3369,,,,,,,,,,,,,,,,,,,,,s==48|Phần Thưởng Hoạt Động Hổ Tiếu Tiêu Dao Chưa Nhận,s==155|Kính thưa Chủ công:<br/>Dưới đây là phần thưởng Chủ công đã kích hoạt nhưng chưa nhận trong hoạt động Hổ Tiếu Tiêu Dao， Hiệu Tướng Truyền Kỳ， xin nhận lấy!,
3370,3370,,,,,,,,,,,,,,,,,,,,,s==26|Nhắc Nhở Hết Hạn Tướng Thử,s==189|Kính thưa Chủ công:<br/>Tướng thử dụng <color=#a75f2f>{0}</c> của Chủ công đã hết hạn， trang bị và nguyên liệu của tướng thử dụng đã được trả về hành trang của Chủ công， xin lưu ý nhận lấy!,
3371,3371,,,,,,,,,,,,,,,,,,,,,s==61|Phần Thưởng Tích Nạp Hoạt Động Đông Nhật Noãn Dương Chưa Nhận,s==136|Kính thưa Chủ công:<br/>Dưới đây là phần thưởng tích nạp chưa nhận trong hoạt động Đông Nhật Noãn Dương， Hàn Đông Tặng Lễ， xin nhận lấy!,
2993,2993,,,,,,,,,,,,,,,,,,,,,s==54|Phần thưởng chưa nhận tích nạp sự kiện Hạ Nhiệt Rực Rỡ,s==131|Kính thưa Chủ công:<br/>Dưới đây là phần thưởng tích nạp chưa nhận trong hoạt động Bân Phồn Hạ Nhật， Thịnh Hạ Hữu Lễ， xin nhận lấy!,
3375,3375,,,,,,,,,,,,,,,,,,,,,s==50|Phần Thưởng Hoạt Động Linh Lộng Bảo Điển Chưa Nhận,s==125|Kính thưa Chủ công:<br/>Dưới đây là phần thưởng Chủ công đã kích hoạt nhưng chưa nhận trong Lăng Lộng Bảo Điển， xin nhận lấy!,
3376,3376,,,,,,,,,,,,,,,,,,,,,s==43|Phần Thưởng Tàn Lạc Xích Phượng Liêu Nguyên,s==97|Kính thưa Chủ công:<br/>Đây là phần thưởng ngài bỏ sót trong sự kiện lần này ， xin mời kiểm nhận!,
3377,3377,,,,,,,,,,,,,,,,,,,,,s==31|Chuyển Đổi Bảo Châu Xích Phượng,s==187|Kính thưa Chủ công:<br/>Hoạt động Xích Phượng Liêu Nguyên đã kết thúc， trong hành trang của Chủ công， Xích Phượng Bảo Châu sẽ tự động chuyển đổi thành Cấp Cao Tuần Phó Lệnh。 Xin nhận lấy!,
3378,3378,,,,,,,,,,,,,,,,,,,,,s==55|Phần Thưởng Hoạt Động Xích Phượng Liêu Nguyên Chưa Nhận,s==160|Kính thưa Chủ công:<br/>Dưới đây là phần thưởng Chủ công đã kích hoạt nhưng chưa nhận trong hoạt động Xích Phượng Liêu Nguyên， Diệu Sách Binh Thư， xin nhận lấy!,
3379,3379,,,,,,,,,,,,,,,,,,,,,s==55|Phần Thưởng Hoạt Động Xích Phượng Liêu Nguyên Chưa Nhận,s==165|Kính thưa Chủ công:<br/>Dưới đây là phần thưởng Chủ công đã kích hoạt nhưng chưa nhận trong hoạt động Xích Phượng Liêu Nguyên， Mưu Tướng Truyền Thuyết， xin nhận lấy!,
3380,3380,,,,,,,,,,,,,,,,,,,,,s==26|Nhắc Nhở Hết Hạn Tướng Thử,s==189|Kính thưa Chủ công:<br/>Tướng thử dụng <color=#a75f2f>{0}</c> của Chủ công đã hết hạn， trang bị và nguyên liệu của tướng thử dụng đã được trả về hành trang của Chủ công， xin lưu ý nhận lấy!,
3381,3381,,,,,,,,,,,,,,,,,,,,,s==66|Phần Thưởng Nạp Liên Tiếp Hoạt Động Đông Nhật Noãn Dương Chưa Nhận,s==151|Kính thưa Chủ công:<br/>Dưới đây là phần thưởng ngài đã kích hoạt nhưng chưa nhận trong sự kiện Tỉnh Sư Náo Xuân ， Hỏa Thụ Ngân Hoa ， xin mời nhận lấy!,
3419,3420,,,1,8,3000000,1,9,500,,,,,,,,,,,,,s==53|Phần Thưởng Xếp Hạng Đại Thưởng May Mắn Loạn Thất Man,s==250|Kính thưa Chủ công:<br/>Đinh đinh đinh đinh~ Siêu Cấp May Mắn Tinh chính là Chủ công! Chúc mừng Chủ công đã trúng đại giải may mắn trong sự kiện Thất Man Chi Loạn lần này， thật là vận may lớn~ Dưới đây là phần thưởng của Chủ công， xin lưu ý nhận lấy~,
3420,3420,1,1,1,33,3000,1,9,250,,,,,,,,,,,,,s==34|Phần Thưởng Xếp Hạng Loạn Thất Man,s==160|Kính thưa Chủ công:<br/>Chúc mừng Chủ công đã đạt thành tích hạng 1 trong sự kiện Thất Man Chi Loạn lần này， dưới đây là phần thưởng của Chủ công， xin nhận lấy!,
3421,3420,2,2,1,33,2000,1,9,200,,,,,,,,,,,,,s==34|Phần Thưởng Xếp Hạng Loạn Thất Man,s==160|Kính thưa Chủ công:<br/>Chúc mừng Chủ công đã đạt thành tích hạng 2 trong sự kiện Thất Man Chi Loạn lần này， dưới đây là phần thưởng của Chủ công， xin nhận lấy!,
3422,3420,3,3,1,33,1500,1,9,150,,,,,,,,,,,,,s==34|Phần Thưởng Xếp Hạng Loạn Thất Man,s==160|Kính thưa Chủ công:<br/>Chúc mừng Chủ công đã đạt thành tích hạng 3 trong sự kiện Thất Man Chi Loạn lần này， dưới đây là phần thưởng của Chủ công， xin nhận lấy!,
3423,3420,4,5,1,33,1200,1,9,125,,,,,,,,,,,,,s==34|Phần Thưởng Xếp Hạng Loạn Thất Man,s==162|Kính thưa Chủ công:<br/>Chúc mừng Chủ công đã đạt thành tích hạng 4~5 trong sự kiện Thất Man Chi Loạn lần này， dưới đây là phần thưởng của Chủ công， xin nhận lấy!,
3424,3420,6,10,1,33,900,1,9,100,,,,,,,,,,,,,s==34|Phần Thưởng Xếp Hạng Loạn Thất Man,s==163|Kính thưa Chủ công:<br/>Chúc mừng Chủ công đã đạt thành tích hạng 6~10 trong sự kiện Thất Man Chi Loạn lần này， dưới đây là phần thưởng của Chủ công， xin nhận lấy!,
3425,3420,11,20,1,33,700,1,9,75,,,,,,,,,,,,,s==34|Phần Thưởng Xếp Hạng Loạn Thất Man,s==164|Kính thưa Chủ công:<br/>Chúc mừng Chủ công đã đạt thành tích hạng 11~20 trong sự kiện Thất Man Chi Loạn lần này， dưới đây là phần thưởng của Chủ công， xin nhận lấy!,
3426,3420,21,50,1,33,500,1,9,50,,,,,,,,,,,,,s==34|Phần Thưởng Xếp Hạng Loạn Thất Man,s==164|Kính thưa Chủ công:<br/>Chúc mừng Chủ công đã đạt thành tích hạng 21~50 trong sự kiện Thất Man Chi Loạn lần này， dưới đây là phần thưởng của Chủ công， xin nhận lấy!,
3427,3420,51,100,1,33,400,1,9,35,,,,,,,,,,,,,s==34|Phần Thưởng Xếp Hạng Loạn Thất Man,s==165|Kính thưa Chủ công:<br/>Chúc mừng Chủ công đã đạt thành tích hạng 51~100 trong sự kiện Thất Man Chi Loạn lần này， dưới đây là phần thưởng của Chủ công， xin nhận lấy!,
3428,3420,101,200,1,33,300,1,9,25,,,,,,,,,,,,,s==34|Phần Thưởng Xếp Hạng Loạn Thất Man,s==159|Kính thưa Chủ Công:<br/>Chúc mừng ngài đã đạt thành tích hạng 101~200 tầng trong cuộc loạn 七蛮之乱 lần này，phần thưởng sau đây xin mời ngài nhận lấy，mời kiểm tra!,
3429,3420,201,500,1,33,200,1,9,20,,,,,,,,,,,,,s==34|Phần Thưởng Xếp Hạng Loạn Thất Man,s==159|Kính thưa Chủ Công:<br/>Chúc mừng ngài đã đạt thành tích hạng 201~500 tầng trong cuộc loạn 七蛮之乱 lần này，phần thưởng sau đây xin mời ngài nhận lấy，mời kiểm tra!,
3430,3420,501,99999,1,33,150,1,9,15,,,,,,,,,,,,,s==34|Phần Thưởng Xếp Hạng Loạn Thất Man,s==160|Kính thưa Chủ Công:<br/>Chúc mừng ngài đã đạt thành tích hạng 501~9999 tầng trong cuộc loạn 七蛮之乱 lần này，phần thưởng sau đây xin mời ngài nhận lấy，mời kiểm tra!,
3431,3431,1,100000000,1,33,200,1,8,100000,,,,,,,,,,,,,s==53|Phần thưởng tổng sát thương máy chủ Thất Man Chi Loạn,s==169|Kính thưa Chủ Công:<br/>Máy chủ ngài đang ở đã gây tổng sát thương 1~1 ức trong cuộc loạn 七蛮之乱 lần này，phần thưởng sau đây xin mời ngài nhận lấy，xin hãy cố gắng hơn nữa!,
3432,3431,100000001,200000000,1,33,250,1,8,150000,,,,,,,,,,,,,s==53|Phần thưởng tổng sát thương máy chủ Thất Man Chi Loạn,s==169|Kính thưa Chủ Công:<br/>Máy chủ ngài đang ở đã gây tổng sát thương 1~2 ức trong cuộc loạn 七蛮之乱 lần này，phần thưởng sau đây xin mời ngài nhận lấy，xin hãy cố gắng hơn nữa!,
3433,3431,200000001,300000000,1,33,300,1,8,200000,,,,,,,,,,,,,s==53|Phần thưởng tổng sát thương máy chủ Thất Man Chi Loạn,s==169|Kính thưa Chủ Công:<br/>Máy chủ ngài đang ở đã gây tổng sát thương 2~3 ức trong cuộc loạn 七蛮之乱 lần này，phần thưởng sau đây xin mời ngài nhận lấy，xin hãy cố gắng hơn nữa!,
3434,3431,300000001,500000000,1,33,400,1,8,250000,,,,,,,,,,,,,s==53|Phần thưởng tổng sát thương máy chủ Thất Man Chi Loạn,s==169|Kính thưa Chủ Công:<br/>Máy chủ ngài đang ở đã gây tổng sát thương 3~5 ức trong cuộc loạn 七蛮之乱 lần này，phần thưởng sau đây xin mời ngài nhận lấy，xin hãy cố gắng hơn nữa!,
3435,3431,500000001,700000000,1,33,500,1,8,300000,,,,,,,,,,,,,s==53|Phần thưởng tổng sát thương máy chủ Thất Man Chi Loạn,s==169|Kính thưa Chủ Công:<br/>Máy chủ ngài đang ở đã gây tổng sát thương 5~7 ức trong cuộc loạn 七蛮之乱 lần này，phần thưởng sau đây xin mời ngài nhận lấy，xin hãy cố gắng hơn nữa!,
3436,3431,700000001,1000000000,1,33,700,1,8,350000,,,,,,,,,,,,,s==53|Phần thưởng tổng sát thương máy chủ Thất Man Chi Loạn,s==170|Kính thưa Chủ Công:<br/>Máy chủ ngài đang ở đã gây tổng sát thương 7~10 ức trong cuộc loạn 七蛮之乱 lần này，phần thưởng sau đây xin mời ngài nhận lấy，xin hãy cố gắng hơn nữa!,
3437,3431,1000000001,1300000000,1,33,900,1,8,400000,,,,,,,,,,,,,s==53|Phần thưởng tổng sát thương máy chủ Thất Man Chi Loạn,s==171|Kính thưa Chủ Công:<br/>Máy chủ ngài đang ở đã gây tổng sát thương 10~13 ức trong cuộc loạn 七蛮之乱 lần này，phần thưởng sau đây xin mời ngài nhận lấy，xin hãy cố gắng hơn nữa!,
3438,3431,1300000001,1800000000,1,33,1200,1,8,450000,,,,,,,,,,,,,s==53|Phần thưởng tổng sát thương máy chủ Thất Man Chi Loạn,s==171|Kính thưa Chủ Công:<br/>Máy chủ ngài đang ở đã gây tổng sát thương 13~18 ức trong cuộc loạn 七蛮之乱 lần này，phần thưởng sau đây xin mời ngài nhận lấy，xin hãy cố gắng hơn nữa!,
3439,3431,1800000001,2100000000,1,33,1500,1,8,500000,,,,,,,,,,,,,s==53|Phần thưởng tổng sát thương máy chủ Thất Man Chi Loạn,s==266|Kính thưa Chủ Công:<br/>Máy chủ ngài đang ở đã gây tổng sát thương 18~21 ức (nếu vượt quá phạm vi sát thương này，phần thưởng cũng sẽ phát theo bậc này)，đã đạt phần thưởng bậc cao nhất。phần thưởng sau đây là vật phẩm ngài xứng đáng nhận lấy，xin hãy tiếp tục duy trì!~,