id,eventType,eventId,eventValue,eventName,iconPath,param%1,param%2,param%3,param%4,param%5,args,extra,desc,
1,1,10101,,s==14|Chiến lợi phẩm,,1,2,3,,,,,,
2,2,10201,,s==6|Y quán,,0,,,,,,,s==152|Y viện là nơi cứu mạng， trong y viện có thể trị liệu cho tướng đang sống， hồi phục 50% sinh mệnh tối đa của vị tướng đó， xin hãy dùng vào lúc thích hợp。,
3,3,10301,,s==8|Thần đàn,,0,,,,,,,s==132|Thần đàn là nơi tế tự cổ xưa， trên thần đàn có thể ngẫu nhiên phục sinh một tướng đã tử trận， tướng đó phục sinh liền đầy sinh mệnh。,
4,4,10401,,s==17|Quân doanh thường,,1,2,3,,,,,s==111|Mời một vị tướng trợ giúp ngươi hoàn thành chuyến viễn chinh này， chạm giữ vào ảnh tướng để xem thông tin tướng,
5,4,10402,,s==17|Quân doanh thường,,2,3,4,,,,,s==111|Mời một vị tướng trợ giúp ngươi hoàn thành chuyến viễn chinh này， chạm giữ vào ảnh tướng để xem thông tin tướng,
6,4,10403,,s==17|Quân doanh thường,,2,4,5,,,,,s==111|Mời một vị tướng trợ giúp ngươi hoàn thành chuyến viễn chinh này， chạm giữ vào ảnh tướng để xem thông tin tướng,
7,4,10404,,s==18|Quân doanh Thần Ma,,4,5,,,,,,s==111|Mời một vị tướng trợ giúp ngươi hoàn thành chuyến viễn chinh này， chạm giữ vào ảnh tướng để xem thông tin tướng,
8,12,11201,,s==43|Sự kiện trống treo biểu tượng hàng rào trái,s==11|icon_fence3,,,,,,,,s==132|Thần đàn là nơi tế tự cổ xưa， trên thần đàn có thể ngẫu nhiên phục sinh một tướng đã tử trận， tướng đó phục sinh liền đầy sinh mệnh。,
9,12,11202,,s==43|Sự kiện trống treo biểu tượng hàng rào phải,s==11|icon_fence2,,,,,,,,,
10,12,11203,,s==44|Sự kiện trống treo biểu tượng hàng rào ngang,s==11|icon_fence1,,,,,,,,,
11,12,11204,,s==31|Sự kiện trống treo hiệu ứng lửa,,,,,,,,,,
12,12,11205,,s==48|Sự kiện trống treo biểu tượng cơ quan đã sử dụng,s==23|icon_usedmechanism_blue,,,,,,,,,
13,12,11206,,s==44|Sự kiện trống treo biểu tượng quân doanh lửa,s==12|icon_barrack,,,,,,,,,
14,12,11207,,s==33|Sự kiện trống treo biểu tượng cầu,s==11|icon_bridge,,,,,,,,,
15,12,11208,,s==40|Sự kiện trống treo biểu tượng máy bắn đá,s==16|icon_rockThrower,,,,,,,,,
16,12,11209,,s==38|Sự kiện trống treo biểu tượng tháp tên,s==10|icon_tower,,,,,,,,,
17,12,11210,,s==45|Sự kiện trống treo biểu tượng thành lũy ngang,s==16|icon_wall_bottom,,,,,,,,,
18,12,11211,,s==49|Sự kiện trống treo biểu tượng thành lũy trái dưới,s==21|icon_wall_left_bottom,,,,,,,,,
19,12,11212,,s==49|Sự kiện trống treo biểu tượng thành lũy trái trên,s==17|icon_wall_left_up,,,,,,,,,
20,12,11213,,s==49|Sự kiện trống treo biểu tượng thành lũy trái đứng,s==15|icon_wall_right,,,,,,,,,
21,12,11220,,s==49|Sự kiện trống treo biểu tượng thành lũy phải đứng,s==15|icon_wall_right,,,,,,,,,
22,12,11221,,s==54|Sự kiện trống treo biểu tượng thành lũy trái giữa đứng,s==15|icon_wall_right,,,,,,,,,
23,12,11222,,s==54|Sự kiện trống treo biểu tượng thành lũy phải giữa đứng,s==15|icon_wall_right,,,,,,,,,
24,12,11214,,s==49|Sự kiện trống treo biểu tượng thành lũy phải dưới,s==22|icon_wall_right_bottom,,,,,,,,,
25,12,11215,,s==49|Sự kiện trống treo biểu tượng thành lũy phải trên,s==18|icon_wall_right_up,,,,,,,,,
26,12,11216,,s==47|Sự kiện trống treo biểu tượng xe thồ lương thực,s==13|icon_grainCar,,,,,,,,,
27,12,11217,,s==39|Sự kiện trống treo biểu tượng kho lương,s==14|icon_wareHouse,,,,,,,,,
28,12,11218,,s==46|Sự kiện trống treo biểu tượng xe thồ lương lửa,s==13|icon_grainCar,,,,,,,,,
29,12,11219,,s==43|Sự kiện trống treo biểu tượng kho lương lửa,s==14|icon_wareHouse,,,,,,,,,
30,12,11223,,s==9|Thành môn,s==9|icon_door,,,,,,,,,
31,12,11224,,s==9|Thôn trấn,s==12|icon_village,,,,,,,,,
32,12,11225,,s==18|Thôn trấn bốc cháy,s==12|icon_village,,,,,,,,,
33,12,11226,,s==40|Sự kiện trống treo biểu tượng quân doanh,s==12|icon_barrack,,,,,,,,,
34,12,11227,,s==45|Sự kiện trống treo biểu tượng quân doanh địch,s==13|icon_barrack1,,,,,,,,,
35,12,11228,,s==54|Sự kiện trống treo biểu tượng quân doanh địch bốc cháy,s==13|icon_barrack1,,,,,,,,,
36,12,11229,,s==35|Sự kiện trống treo phần trái thuyền,s==10|icon_ship8,,,,,,,,,
37,12,11230,,s==35|Sự kiện trống treo phần phải thuyền,s==10|icon_ship7,,,,,,,,,
38,12,11231,,s==44|Sự kiện trống treo thuyền nguyên chiếc ngang,s==10|icon_ship6,,,,,,,,,
39,12,11232,,s==43|Sự kiện trống treo thuyền nguyên chiếc chéo,s==10|icon_ship5,,,,,,,,,
40,12,11233,,s==33|Sự kiện trống treo biểu tượng cầu,s==9|icon_qiao,,,,,,,,,
41,12,11234,,s==35|Sự kiện trống treo biểu tượng trống,s==7|icon_gu,,,,,,,,,
42,12,11235,,s==36|Sự kiện trống treo biểu tượng tế đàn,s==10|icon_jitan,,,,,,,,,
43,12,11236,,s==40|Sự kiện trống treo biểu tượng giếng nước,s==9|icon_well,,,,,,,,,
44,12,11237,,s==39|Sự kiện trống treo biểu tượng cây tuyết,s==11|icon_xueshu,,,,,,,,,
45,12,11238,,s==39|Sự kiện trống treo thuyền trái bốc cháy,s==10|icon_ship8,,,,,,,,,
46,12,11239,,s==39|Sự kiện trống treo thuyền phải bốc cháy,s==10|icon_ship7,,,,,,,,,
47,12,11240,,s==53|Sự kiện trống treo thuyền nguyên chiếc ngang bốc cháy,s==10|icon_ship6,,,,,,,,,
48,12,11241,,s==49|Sự kiện trống treo thuyền nguyên chiếc hướng trái,s==10|icon_ship9,,,,,,,,,
49,12,11242,,s==44|Sự kiện trống treo chướng ngại vật dưới trái,s==12|icon_antler1,,,,,,,,,
50,12,11243,,s==44|Sự kiện trống treo chướng ngại vật dưới phải,s==12|icon_antler2,,,,,,,,,
51,12,11244,,s==40|Sự kiện trống treo chướng ngại vật ngang,s==12|icon_antler3,,,,,,,,,
52,12,11245,,s==30|Sự kiện trống treo trống chiến,s==7|icon_gu,,,,,,,,,
53,12,11246,,s==35|Sự kiện trống thuyền đứng hướng lên,s==11|icon_shipup,,,,,,,,,
54,12,11247,,s==37|Sự kiện trống thuyền đứng hướng xuống,s==13|icon_shipdown,,,,,,,,,
55,12,11248,,s==44|Sự kiện trống thuyền đứng hướng lên bốc cháy,s==11|icon_shipup,,,,,,,,,
56,12,11249,,s==46|Sự kiện trống thuyền đứng hướng xuống bốc cháy,s==13|icon_shipdown,,,,,,,,,
57,12,11250,,s==32|Sự kiện trống treo thùng gỗ tròn,s==10|icon_bowie,,,,,,,,,
58,14,21401,,s==7|Cơ quan,,,,,,,,,s==47|Có tấn công tế đàn phá trừ yêu thuật hay không?,
59,14,11401,,s==8|Thùng gỗ,s==17|icon_kongshuitong,,,2,,,,,s==26|Đã thu được thùng gỗ rỗng。,
60,14,11402,,s==8|Thùng gỗ,s==16|icon_manshuitong,,,2,,,,,s==30|Đã thu được thùng gỗ đầy nước。,
61,14,11403,,s==10|Máy bắn đá,s==16|icon_rockThrower,,,2,,,,,s==17|Đã sử dụng nỏ đá。,
62,14,11404,,s==8|Đống lửa,s==12|icon_bonfire,,,2,,,,,s==20|Đã dập tắt đống lửa。,
63,14,11405,,s==10|Giếng nước,s==14|icon_waterwell,,,2,,,,,s==26|Đã dùng thùng gỗ múc nước。,
64,14,11406,,s==15|Cơ quan cây hoa,s==11|icon_flower,,,2,,,,,s==26|Phát hiện đường đi bí mật。,
65,14,11407,,s==10|Giếng nước,s==14|icon_waterwell,,,2,,,,,s==24|Một giếng nước đầy tràn。,
66,14,11408,,s==8|Hàng rào,s==11|icon_fence1,,,2,,,,,s==38|Hàng rào kiên cố， cần dùng đá ném phá。,
67,14,11409,,s==8|Đống lửa,s==12|icon_bonfire,,,2,,,,,s==35|Tiền phương có đống lửa chắn đường。,
68,14,11410,,s==3|Rìu,s==8|icon_axe,,,2,,,,,s==16|Đã thu được rìu。,
69,14,11411,,s==7|Bụi gai,s==12|icon_bramble,,,2,,,,,s==24|Tiền phương đầy gai góc。,
70,14,11412,,s==16|Hồ trong đồng cỏ,s==14|icon_grasslake,,,2,,,,,s==12|Một hồ nước。,
71,14,11413,,s==12|Hồ trong cát,s==13|icon_sandlake,,,2,,,,,s==12|Một hồ nước。,
72,14,11414,,s==7|Bụi gai,s==12|icon_bramble,,,2,,,,,s==19|Đã chặt bỏ bụi gai。,
73,14,11415,,s==7|Hồ nước,s==14|icon_grasslake,,,2,,,,,s==26|Đã dùng thùng gỗ múc nước。,
74,15,11501,,s==20|Truyền tống trận lam,,3,1,,,,,,,
75,15,11502,,s==20|Truyền tống trận lục,,3,1,,,,,,,
76,15,11503,,s==21|Truyền tống trận hồng,,3,1,,,,,,,
77,15,11504,,s==20|Truyền tống trận kim,,3,1,,,,,,,
78,15,11505,,s==19|Truyền tống trận tử,,3,1,,,,,,,
79,20,12001,,s==39|Sự kiện trống treo máy bắn đá vĩnh viễn,s==16|icon_rockThrower,,,,,,,,,
80,20,12002,,s==42|Sự kiện trống treo quả cầu tuyết vĩnh viễn,s==13|icon_snowball,,,,,,,,,
81,20,12003,,s==27|Sự kiện trống treo lửa trại,s==12|icon_bonfire,,,,,,,,,
82,20,12004,,s==37|Sự kiện trống treo hàng rào vĩnh viễn,s==11|icon_fence1,,,,,,,,,
83,20,12005,,s==39|Sự kiện trống treo giếng nước vĩnh viễn,s==9|icon_jing,,,,,,,,,
84,20,12006,,s==39|Sự kiện trống treo đồng cỏ hồ vĩnh viễn,s==14|icon_grasslake,,,,,,,,,
85,20,12007,,s==35|Sự kiện trống treo hồ cát vĩnh viễn,s==13|icon_sandlake,,,,,,,,,
86,20,12008,,s==36|Sự kiện trống treo bụi gai vĩnh viễn,s==12|icon_bramble,,,,,,,,,
10001,5,10501,,s==9|Rương báu,,1501,,,,,,,,
10002,5,10502,,s==9|Rương báu,,1502,,,,,,,,
10003,5,10503,,s==9|Rương báu,,1503,,,,,,,,
10004,5,10504,,s==9|Rương báu,,1504,,,,,,,,
10005,5,10505,,s==9|Rương báu,,1505,,,,,,,,
10006,5,10506,,s==9|Rương báu,,1506,,,,,,,,
10007,7,10701,,s==9|Địch Quân,,25402,50101,,,,,,s==138|Nơi này bị quân địch chiếm đóng， phải đánh bại bọn chúng mới có thể qua được nơi này。 Sau khi chiến thắng có thể thu hoạch chiến lợi phẩm。,
10008,7,10702,,s==9|Địch Quân,,25402,50102,,,,,,s==138|Nơi này bị quân địch chiếm đóng， phải đánh bại bọn chúng mới có thể qua được nơi này。 Sau khi chiến thắng có thể thu hoạch chiến lợi phẩm。,
10009,7,10703,,s==9|Địch Quân,,23301,50103,,,,,,s==138|Nơi này bị quân địch chiếm đóng， phải đánh bại bọn chúng mới có thể qua được nơi này。 Sau khi chiến thắng có thể thu hoạch chiến lợi phẩm。,
10010,7,10704,,s==9|Địch Quân,,24403,50104,,,,,,s==138|Nơi này bị quân địch chiếm đóng， phải đánh bại bọn chúng mới có thể qua được nơi này。 Sau khi chiến thắng có thể thu hoạch chiến lợi phẩm。,
10011,7,10705,,s==9|Địch Quân,,22403,50105,,,,,,s==138|Nơi này bị quân địch chiếm đóng， phải đánh bại bọn chúng mới có thể qua được nơi này。 Sau khi chiến thắng có thể thu hoạch chiến lợi phẩm。,
10012,7,10706,,s==9|Địch Quân,,21404,50106,,,,,,s==138|Nơi này bị quân địch chiếm đóng， phải đánh bại bọn chúng mới có thể qua được nơi này。 Sau khi chiến thắng có thể thu hoạch chiến lợi phẩm。,
10013,7,10707,,s==9|Địch Quân,,25503,50107,,,,,,s==138|Nơi này bị quân địch chiếm đóng， phải đánh bại bọn chúng mới có thể qua được nơi này。 Sau khi chiến thắng có thể thu hoạch chiến lợi phẩm。,
10014,7,10708,,s==9|Địch Quân,,24403,50108,,,,,,s==138|Nơi này bị quân địch chiếm đóng， phải đánh bại bọn chúng mới có thể qua được nơi này。 Sau khi chiến thắng có thể thu hoạch chiến lợi phẩm。,
10015,7,10709,,s==9|Địch Quân,,24301,50109,,,,,,s==138|Nơi này bị quân địch chiếm đóng， phải đánh bại bọn chúng mới có thể qua được nơi này。 Sau khi chiến thắng có thể thu hoạch chiến lợi phẩm。,
10016,7,10710,,s==9|Địch Quân,,24301,50110,,,,,,s==138|Nơi này bị quân địch chiếm đóng， phải đánh bại bọn chúng mới có thể qua được nơi này。 Sau khi chiến thắng có thể thu hoạch chiến lợi phẩm。,
10017,8,10801,,s==6|Bố cáo,,,,,,,,,s==303|Thái thú U Châu Lưu Dự ban bố cáo thị： Nay Hoàng Cân tụ tập bọn phản loạn， gần đây lại xâm phạm địa giới U Châu ta， tàn sát sinh linh， hủy hoại dân chúng， vì phòng ngừa châu quận phòng bị sơ suất， thừa mệnh Hoàng thượng minh chiếu， chiêu mộ hào kiệt tứ phương， theo quân giữ thành， bảo vệ bờ cõi an dân。,
10018,9,10901,,s==9|Mở khóa ô,,,,,,,s==32|51|52|53|61|62|63|64|71|72|73|74,,s==9|Mở khóa ô,
10019,9,10902,,s==9|Mở khóa ô,,,,,,,s==56|5|6|7|15|16|17|25|26|27|34|35|36|37|44|45|46|47|55|54|65,,s==9|Mở khóa ô,
10020,9,10903,,s==9|Mở khóa ô,,,,,,,s==42|8|9|10|18|19|20|28|29|30|38|39|40|48|49|50,,s==9|Mở khóa ô,
10021,9,10904,,s==9|Mở khóa ô,,,,,,,s==47|57|58|59|60|67|68|69|70|76|77|78|79|80|66|75|56,,s==9|Mở khóa ô,
10022,10,11001,,s==10|Kịch bản 1,,1006,,,,,,,,
10023,10,11002,,s==10|Kịch bản 1,,1007,,,,,,,,
10024,10,11003,,s==10|Kịch bản 1,,1008,,,,,,,,
10025,11,11104,,s==23|Đối thoại Quân nhu quan,s==8|j_duihua,21501,1001,,,,,,,
10026,11,11105,,s==20|Đối thoại Trương Phi,s==8|j_duihua,22502,1009,,,,,,,
10027,11,11106,,s==17|Đối thoại Quan Vũ,s==8|j_duihua,22504,1011,,,,,,,
10028,11,11107,,s==16|Đối thoại Lưu Bị,s==8|j_duihua,21501,1013,,,,,,,
20001,5,20501,,s==9|Rương báu,,2501,,,,,,,,
20002,5,20502,,s==9|Rương báu,,2502,,,,,,,,
20003,5,20503,,s==9|Rương báu,,2503,,,,,,,,
20004,5,20504,,s==9|Rương báu,,2504,,,,,,,,
20005,5,20505,,s==9|Rương báu,,2505,,,,,,,,
20006,5,20506,,s==9|Rương báu,,2506,,,,,,,,
20007,5,20507,,s==9|Rương báu,,2507,,,,,,,,
20008,5,20508,,s==9|Rương báu,,2508,,,,,,,,
20009,5,20509,,s==9|Rương báu,,2509,,,,,,,,
20010,5,20510,,s==9|Rương báu,,2510,,,,,,,,
20066,5,20511,,s==9|Rương báu,,2511,,,,,,,,
20011,7,20701,,s==9|Địch Quân,,22101,52001,,,,,,s==138|Nơi này bị quân địch chiếm đóng， phải đánh bại bọn chúng mới có thể qua được nơi này。 Sau khi chiến thắng có thể thu hoạch chiến lợi phẩm。,
20012,7,20702,,s==9|Địch Quân,,22101,52002,,,,,,s==138|Nơi này bị quân địch chiếm đóng， phải đánh bại bọn chúng mới có thể qua được nơi này。 Sau khi chiến thắng có thể thu hoạch chiến lợi phẩm。,
20013,7,20703,,s==9|Địch Quân,,23404,52003,,,,,,s==138|Nơi này bị quân địch chiếm đóng， phải đánh bại bọn chúng mới có thể qua được nơi này。 Sau khi chiến thắng có thể thu hoạch chiến lợi phẩm。,
20014,7,20704,,s==9|Địch Quân,,24404,52004,,,,,,s==138|Nơi này bị quân địch chiếm đóng， phải đánh bại bọn chúng mới có thể qua được nơi này。 Sau khi chiến thắng có thể thu hoạch chiến lợi phẩm。,
20015,7,20705,,s==9|Địch Quân,,25402,52005,,,,,,s==138|Nơi này bị quân địch chiếm đóng， phải đánh bại bọn chúng mới có thể qua được nơi này。 Sau khi chiến thắng có thể thu hoạch chiến lợi phẩm。,
20016,7,20706,,s==9|Địch Quân,,21404,52006,,,,,,s==138|Nơi này bị quân địch chiếm đóng， phải đánh bại bọn chúng mới có thể qua được nơi này。 Sau khi chiến thắng có thể thu hoạch chiến lợi phẩm。,
20017,7,20707,,s==9|Địch Quân,,22403,52007,,,,,,s==138|Nơi này bị quân địch chiếm đóng， phải đánh bại bọn chúng mới có thể qua được nơi này。 Sau khi chiến thắng có thể thu hoạch chiến lợi phẩm。,
20018,7,20708,,s==9|Địch Quân,,24403,52008,,,,,,s==138|Nơi này bị quân địch chiếm đóng， phải đánh bại bọn chúng mới có thể qua được nơi này。 Sau khi chiến thắng có thể thu hoạch chiến lợi phẩm。,
20019,7,20709,,s==9|Địch Quân,,22402,52009,,,,,,s==138|Nơi này bị quân địch chiếm đóng， phải đánh bại bọn chúng mới có thể qua được nơi này。 Sau khi chiến thắng có thể thu hoạch chiến lợi phẩm。,
20020,7,20710,,s==9|Địch Quân,,25401,52010,,,,,,s==138|Nơi này bị quân địch chiếm đóng， phải đánh bại bọn chúng mới có thể qua được nơi này。 Sau khi chiến thắng có thể thu hoạch chiến lợi phẩm。,
20021,7,20711,,s==9|Địch Quân,,25501,52011,,,,,,s==138|Nơi này bị quân địch chiếm đóng， phải đánh bại bọn chúng mới có thể qua được nơi này。 Sau khi chiến thắng có thể thu hoạch chiến lợi phẩm。,
20022,7,20712,,s==9|Địch Quân,,22401,52012,,,,,,s==138|Nơi này bị quân địch chiếm đóng， phải đánh bại bọn chúng mới có thể qua được nơi này。 Sau khi chiến thắng có thể thu hoạch chiến lợi phẩm。,
20023,7,20713,,s==9|Địch Quân,,23506,52013,,,,,,s==138|Nơi này bị quân địch chiếm đóng， phải đánh bại bọn chúng mới có thể qua được nơi này。 Sau khi chiến thắng có thể thu hoạch chiến lợi phẩm。,
20024,7,20714,,s==9|Địch Quân,,21508,52014,,,,,,s==138|Nơi này bị quân địch chiếm đóng， phải đánh bại bọn chúng mới có thể qua được nơi này。 Sau khi chiến thắng có thể thu hoạch chiến lợi phẩm。,
20025,7,20715,,s==9|Địch Quân,,25503,52015,,,,,,s==138|Nơi này bị quân địch chiếm đóng， phải đánh bại bọn chúng mới có thể qua được nơi này。 Sau khi chiến thắng có thể thu hoạch chiến lợi phẩm。,
20026,7,20716,,s==9|Địch Quân,,21505,52016,,,,,,s==138|Nơi này bị quân địch chiếm đóng， phải đánh bại bọn chúng mới có thể qua được nơi này。 Sau khi chiến thắng có thể thu hoạch chiến lợi phẩm。,
20027,7,20717,,s==9|Địch Quân,,22403,52017,,,,,,s==138|Nơi này bị quân địch chiếm đóng， phải đánh bại bọn chúng mới có thể qua được nơi này。 Sau khi chiến thắng có thể thu hoạch chiến lợi phẩm。,
20028,7,20718,,s==9|Địch Quân,,23502,52018,,,,,,s==138|Nơi này bị quân địch chiếm đóng， phải đánh bại bọn chúng mới có thể qua được nơi này。 Sau khi chiến thắng có thể thu hoạch chiến lợi phẩm。,
20029,7,20719,,s==9|Địch Quân,,24401,52019,,,,,,s==138|Nơi này bị quân địch chiếm đóng， phải đánh bại bọn chúng mới có thể qua được nơi này。 Sau khi chiến thắng có thể thu hoạch chiến lợi phẩm。,
20030,7,20720,,s==9|Địch Quân,,25404,52020,,,,,,s==138|Nơi này bị quân địch chiếm đóng， phải đánh bại bọn chúng mới có thể qua được nơi này。 Sau khi chiến thắng có thể thu hoạch chiến lợi phẩm。,
20031,7,20721,,s==9|Địch Quân,,21501,52021,,,,,,s==138|Nơi này bị quân địch chiếm đóng， phải đánh bại bọn chúng mới có thể qua được nơi này。 Sau khi chiến thắng có thể thu hoạch chiến lợi phẩm。,
20032,7,20722,,s==9|Địch Quân,,22505,52022,,,,,,s==138|Nơi này bị quân địch chiếm đóng， phải đánh bại bọn chúng mới có thể qua được nơi này。 Sau khi chiến thắng có thể thu hoạch chiến lợi phẩm。,
20033,7,20723,,s==9|Địch Quân,,23507,52023,,,,,,s==138|Nơi này bị quân địch chiếm đóng， phải đánh bại bọn chúng mới có thể qua được nơi này。 Sau khi chiến thắng có thể thu hoạch chiến lợi phẩm。,
20034,7,20724,,s==9|Địch Quân,,24404,52024,,,,,,s==138|Nơi này bị quân địch chiếm đóng， phải đánh bại bọn chúng mới có thể qua được nơi này。 Sau khi chiến thắng có thể thu hoạch chiến lợi phẩm。,
20035,7,20725,,s==9|Địch Quân,,25503,52025,,,,,,s==138|Nơi này bị quân địch chiếm đóng， phải đánh bại bọn chúng mới có thể qua được nơi này。 Sau khi chiến thắng có thể thu hoạch chiến lợi phẩm。,
20036,7,20726,,s==9|Địch Quân,,21510,52026,,,,,,s==138|Nơi này bị quân địch chiếm đóng， phải đánh bại bọn chúng mới có thể qua được nơi này。 Sau khi chiến thắng có thể thu hoạch chiến lợi phẩm。,
20037,7,20727,,s==9|Địch Quân,,22505,52027,,,,,,s==138|Nơi này bị quân địch chiếm đóng， phải đánh bại bọn chúng mới có thể qua được nơi này。 Sau khi chiến thắng có thể thu hoạch chiến lợi phẩm。,
20038,7,20728,,s==9|Địch Quân,,24301,52028,,,,,,s==138|Nơi này bị quân địch chiếm đóng， phải đánh bại bọn chúng mới có thể qua được nơi này。 Sau khi chiến thắng có thể thu hoạch chiến lợi phẩm。,
20039,7,20729,,s==9|Địch Quân,,24403,52029,,,,,,s==138|Nơi này bị quân địch chiếm đóng， phải đánh bại bọn chúng mới có thể qua được nơi này。 Sau khi chiến thắng có thể thu hoạch chiến lợi phẩm。,
20040,7,20730,,s==9|Địch Quân,,24301,52030,,,,,,s==138|Nơi này bị quân địch chiếm đóng， phải đánh bại bọn chúng mới có thể qua được nơi này。 Sau khi chiến thắng có thể thu hoạch chiến lợi phẩm。,
20041,7,20731,,s==9|Địch Quân,,24504,52032,,,,,,s==138|Nơi này bị quân địch chiếm đóng， phải đánh bại bọn chúng mới có thể qua được nơi này。 Sau khi chiến thắng có thể thu hoạch chiến lợi phẩm。,
20042,7,20732,,s==9|Địch Quân,,24504,52031,,,,,,s==138|Nơi này bị quân địch chiếm đóng， phải đánh bại bọn chúng mới có thể qua được nơi này。 Sau khi chiến thắng có thể thu hoạch chiến lợi phẩm。,
20043,7,20733,,s==9|Địch Quân,,24504,52033,,,,,,s==138|Nơi này bị quân địch chiếm đóng， phải đánh bại bọn chúng mới có thể qua được nơi này。 Sau khi chiến thắng có thể thu hoạch chiến lợi phẩm。,
20044,7,20734,,s==9|Địch Quân,,24501,52034,,,,,,s==138|Nơi này bị quân địch chiếm đóng， phải đánh bại bọn chúng mới có thể qua được nơi này。 Sau khi chiến thắng có thể thu hoạch chiến lợi phẩm。,
20045,9,20901,,s==9|Mở khóa ô,,,,,,,s==92|1|2|3|4|5|17|18|19|20|33|34|35|36|37|49|50|51|52|67|68|83|84|100|115|116|132|147|162|163|178,,s==9|Mở khóa ô,
20046,9,20902,,s==9|Mở khóa ô,,,,,,,s==56|65|66|81|82|97|98|99|113|114|129|130|131|145|146|161|177,,s==9|Mở khóa ô,
20047,9,20903,,s==9|Mở khóa ô,,,,,,,s==62|13|14|15|16|29|30|31|32|45|46|47|48|60|61|62|63|64|77|78|79|80,,s==9|Mở khóa ô,
20048,9,20904,,s==9|Mở khóa ô,,,,,,,s==121|6|7|8|9|10|11|12|21|22|23|24|25|26|27|28|38|39|40|41|42|43|44|53|54|55|56|57|58|69|70|71|72|73|74|87|88|89|90|59|75|76|91,,s==9|Mở khóa ô,
20049,9,20905,,s==9|Mở khóa ô,,,,,,,s==220|85|86|92|93|94|95|96|101|102|103|104|105|106|107|108|109|110|111|112|117|118|119|120|121|122|123|124|125|126|127|128|138|139|140|141|142|143|144|154|155|156|157|158|159|160|171|172|173|174|175|176|187|188|189|190|191|192,,s==9|Mở khóa ô,
20050,11,21101,,s==19|Đối thoại phó tướng,s==8|j_duihua,25301,2001,,,,,,,
20051,11,21102,,s==19|Đối thoại Đổng Trác,s==8|j_duihua,25513,2002,,,,,,,
20052,11,21103,,s==21|Đối thoại phó tướng 2,s==8|j_duihua,25301,2005,,,,,,,
20053,10,21001,,s==18|Hồi ức Trương Giác,,2011,,,,,,,,
20054,10,21002,,s==17|Hồi ức Trương Bảo,,2008,,,,,,,,
20055,10,21003,,s==19|Hồi ức Trương Lương,,2009,,,,,,,,
20056,13,21301,,s==75|Lần đầu phong ấn lối đi 、 hiện ra một nhân vật 、 mở lối bên hữu tuyến đường,,,,,,,s==37|83|11|40011,150|13|40013,170|13|40013,,,
20057,13,21302,,s==21|Diệt hỏa Trương Lương,,,,,,,s==59|109|8|40008,110|8|40008,124|8|40008,126|8|40008,140|8|40008,,,
20058,13,21303,,s==20|Diệt hỏa Trương Giác,,,,,,,s==101|60|8|40008,78|8|40008,79|8|40008,15|8|40008,31|8|40008,47|8|40008,15|13|40013,31|13|40013,47|13|40013,,,
20059,13,21304,,s==20|Ba huynh đệ tái xuất,,,,,,,,,,
20060,10,21004,,s==15|Hồi ức khai màn,,2012,,,,,,,,
20061,10,21005,,s==20|Hồi ức sau cơ quan 1,,2014,,,,,,,,
20062,10,21006,,s==20|Hồi ức sau cơ quan 2,,2016,,,,,,,,
20063,10,21007,,s==36|Hồi ức sau khi Trương Giác chiến bại,,2019,,,,,,,,
20064,11,21150,,s==26|Đối thoại nhắc nhở binh vệ,s==8|j_duihua,21101,2104,,,,,,,
20065,11,21151,,s==27|Đối thoại nhắc nhở nghĩa sĩ,s==8|j_duihua,23401,2109,,,,,,,
30001,9,30901,,s==9|Mở khóa ô,,,,,,,s==176|1|2|3|4|5|6|7|8|9|17|18|19|20|21|22|23|24|33|34|35|36|37|38|39|40|41|49|50|51|52|53|54|55|56|65|66|67|68|69|70|71|72|73|81|82|83|84|85|86|87|88|97|98|99|100|101|102|103|104|105,,,
30002,9,30902,,s==9|Mở khóa ô,,,,,,,s==162|10|11|12|13|14|15|16|25|26|27|28|29|30|31|32|42|43|44|45|46|47|48|57|58|59|60|61|62|63|64|74|75|76|77|78|79|80|89|90|91|92|93|94|95|96|106|107|108|109|110|111|112,,,
30003,9,30903,,s==9|Mở khóa ô,,,,,,,s==211|177|178|179|180|181|182|183|193|194|195|196|197|198|199|200|209|210|211|212|213|214|215|216|217|225|226|227|228|229|230|231|232|233|234|241|242|243|244|245|246|247|248|249|257|258|259|260|261|262|263|264|265|266,,,
30004,9,30904,,s==9|Mở khóa ô,,,,,,,s==295|121|122|123|124|125|126|127|128|138|139|140|141|142|143|144|153|154|155|156|157|158|159|160|169|170|171|172|173|174|175|176|184|185|186|187|188|189|190|191|192|201|202|203|204|205|206|207|208|218|219|220|221|222|223|224|235|236|237|238|239|240|250|251|252|253|254|255|256|267|268|269|270|271|272,,,
30005,5,30501,,s==9|Rương báu,,3501,,,,,,,,
30006,5,30502,,s==9|Rương báu,,3502,,,,,,,,
30007,5,30503,,s==9|Rương báu,,3503,,,,,,,,
30008,5,30504,,s==9|Rương báu,,3504,,,,,,,,
30009,5,30505,,s==9|Rương báu,,3505,,,,,,,,
30010,5,30506,,s==9|Rương báu,,3506,,,,,,,,
30011,5,30507,,s==9|Rương báu,,3507,,,,,,,,
30012,5,30508,,s==9|Rương báu,,3508,,,,,,,,
30013,5,30509,,s==9|Rương báu,,3509,,,,,,,,
30014,7,30701,,s==9|Địch Quân,,21510,53001,,,,,,s==138|Nơi này bị quân địch chiếm đóng， phải đánh bại bọn chúng mới có thể qua được nơi này。 Sau khi chiến thắng có thể thu hoạch chiến lợi phẩm。,
30015,7,30702,,s==9|Địch Quân,,23506,53002,,,,,,s==138|Nơi này bị quân địch chiếm đóng， phải đánh bại bọn chúng mới có thể qua được nơi này。 Sau khi chiến thắng có thể thu hoạch chiến lợi phẩm。,
30016,7,30703,,s==9|Địch Quân,,22501,53003,,,,,,s==138|Nơi này bị quân địch chiếm đóng， phải đánh bại bọn chúng mới có thể qua được nơi này。 Sau khi chiến thắng có thể thu hoạch chiến lợi phẩm。,
30017,7,30704,,s==9|Địch Quân,,25506,53004,,,,,,s==138|Nơi này bị quân địch chiếm đóng， phải đánh bại bọn chúng mới có thể qua được nơi này。 Sau khi chiến thắng có thể thu hoạch chiến lợi phẩm。,
30018,7,30705,,s==9|Địch Quân,,24513,53005,,,,,,s==138|Nơi này bị quân địch chiếm đóng， phải đánh bại bọn chúng mới có thể qua được nơi này。 Sau khi chiến thắng có thể thu hoạch chiến lợi phẩm。,
30019,7,30706,,s==9|Địch Quân,,22501,53006,,,,,,s==138|Nơi này bị quân địch chiếm đóng， phải đánh bại bọn chúng mới có thể qua được nơi này。 Sau khi chiến thắng có thể thu hoạch chiến lợi phẩm。,
30020,7,30707,,s==9|Địch Quân,,22509,53007,,,,,,s==138|Nơi này bị quân địch chiếm đóng， phải đánh bại bọn chúng mới có thể qua được nơi này。 Sau khi chiến thắng có thể thu hoạch chiến lợi phẩm。,
30021,7,30708,,s==9|Địch Quân,,23510,53008,,,,,,s==138|Nơi này bị quân địch chiếm đóng， phải đánh bại bọn chúng mới có thể qua được nơi này。 Sau khi chiến thắng có thể thu hoạch chiến lợi phẩm。,
30022,7,30709,,s==9|Địch Quân,,24513,53009,,,,,,s==138|Nơi này bị quân địch chiếm đóng， phải đánh bại bọn chúng mới có thể qua được nơi này。 Sau khi chiến thắng có thể thu hoạch chiến lợi phẩm。,
30023,7,30710,,s==9|Địch Quân,,25509,53010,,,,,,s==138|Nơi này bị quân địch chiếm đóng， phải đánh bại bọn chúng mới có thể qua được nơi này。 Sau khi chiến thắng có thể thu hoạch chiến lợi phẩm。,
30024,7,30711,,s==9|Địch Quân,,21505,53011,,,,,,s==138|Nơi này bị quân địch chiếm đóng， phải đánh bại bọn chúng mới có thể qua được nơi này。 Sau khi chiến thắng có thể thu hoạch chiến lợi phẩm。,
30025,7,30712,,s==9|Địch Quân,,23504,53012,,,,,,s==138|Nơi này bị quân địch chiếm đóng， phải đánh bại bọn chúng mới có thể qua được nơi này。 Sau khi chiến thắng có thể thu hoạch chiến lợi phẩm。,
30026,7,30713,,s==9|Địch Quân,,22511,53013,,,,,,s==138|Nơi này bị quân địch chiếm đóng， phải đánh bại bọn chúng mới có thể qua được nơi này。 Sau khi chiến thắng có thể thu hoạch chiến lợi phẩm。,
30027,7,30714,,s==9|Địch Quân,,21508,53014,,,,,,s==138|Nơi này bị quân địch chiếm đóng， phải đánh bại bọn chúng mới có thể qua được nơi này。 Sau khi chiến thắng có thể thu hoạch chiến lợi phẩm。,
30028,7,30715,,s==9|Địch Quân,,24503,53015,,,,,,s==138|Nơi này bị quân địch chiếm đóng， phải đánh bại bọn chúng mới có thể qua được nơi này。 Sau khi chiến thắng có thể thu hoạch chiến lợi phẩm。,
30029,7,30716,,s==9|Địch Quân,,23504,53016,,,,,,s==138|Nơi này bị quân địch chiếm đóng， phải đánh bại bọn chúng mới có thể qua được nơi này。 Sau khi chiến thắng có thể thu hoạch chiến lợi phẩm。,
30030,7,30717,,s==9|Địch Quân,,22508,53017,,,,,,s==138|Nơi này bị quân địch chiếm đóng， phải đánh bại bọn chúng mới có thể qua được nơi này。 Sau khi chiến thắng có thể thu hoạch chiến lợi phẩm。,
30031,7,30718,,s==9|Địch Quân,,23507,53018,,,,,,s==138|Nơi này bị quân địch chiếm đóng， phải đánh bại bọn chúng mới có thể qua được nơi này。 Sau khi chiến thắng có thể thu hoạch chiến lợi phẩm。,
30032,7,30719,,s==9|Địch Quân,,24508,53019,,,,,,s==138|Nơi này bị quân địch chiếm đóng， phải đánh bại bọn chúng mới có thể qua được nơi này。 Sau khi chiến thắng có thể thu hoạch chiến lợi phẩm。,
30033,7,30720,,s==8|Hoa Hùng,,25503,53020,,,,,,s==138|Nơi này bị quân địch chiếm đóng， phải đánh bại bọn chúng mới có thể qua được nơi này。 Sau khi chiến thắng có thể thu hoạch chiến lợi phẩm。,
30034,7,30721,,s==9|Địch Quân,,21507,53021,,,,,,s==138|Nơi này bị quân địch chiếm đóng， phải đánh bại bọn chúng mới có thể qua được nơi này。 Sau khi chiến thắng có thể thu hoạch chiến lợi phẩm。,
30035,7,30722,,s==9|Địch Quân,,23504,53022,,,,,,s==138|Nơi này bị quân địch chiếm đóng， phải đánh bại bọn chúng mới có thể qua được nơi này。 Sau khi chiến thắng có thể thu hoạch chiến lợi phẩm。,
30036,7,30723,,s==9|Địch Quân,,22507,53023,,,,,,s==138|Nơi này bị quân địch chiếm đóng， phải đánh bại bọn chúng mới có thể qua được nơi này。 Sau khi chiến thắng có thể thu hoạch chiến lợi phẩm。,
30037,7,30724,,s==9|Địch Quân,,23506,53024,,,,,,s==138|Nơi này bị quân địch chiếm đóng， phải đánh bại bọn chúng mới có thể qua được nơi này。 Sau khi chiến thắng có thể thu hoạch chiến lợi phẩm。,
30038,7,30725,,s==9|Địch Quân,,24504,53025,,,,,,s==138|Nơi này bị quân địch chiếm đóng， phải đánh bại bọn chúng mới có thể qua được nơi này。 Sau khi chiến thắng có thể thu hoạch chiến lợi phẩm。,
30039,7,30726,,s==9|Địch Quân,,24503,53026,,,,,,s==138|Nơi này bị quân địch chiếm đóng， phải đánh bại bọn chúng mới có thể qua được nơi này。 Sau khi chiến thắng có thể thu hoạch chiến lợi phẩm。,
30040,7,30727,,s==9|Địch Quân,,22501,53027,,,,,,s==138|Nơi này bị quân địch chiếm đóng， phải đánh bại bọn chúng mới có thể qua được nơi này。 Sau khi chiến thắng có thể thu hoạch chiến lợi phẩm。,
30041,7,30728,,s==9|Địch Quân,,23508,53028,,,,,,s==138|Nơi này bị quân địch chiếm đóng， phải đánh bại bọn chúng mới có thể qua được nơi này。 Sau khi chiến thắng có thể thu hoạch chiến lợi phẩm。,
30042,7,30729,,s==9|Địch Quân,,24510,53029,,,,,,s==138|Nơi này bị quân địch chiếm đóng， phải đánh bại bọn chúng mới có thể qua được nơi này。 Sau khi chiến thắng có thể thu hoạch chiến lợi phẩm。,
30043,7,30730,,s==9|Địch Quân,,25509,53030,,,,,,s==138|Nơi này bị quân địch chiếm đóng， phải đánh bại bọn chúng mới có thể qua được nơi này。 Sau khi chiến thắng có thể thu hoạch chiến lợi phẩm。,
30044,7,30731,,s==11|Lưu Tam Đao,,25401,53031,,,,,,s==138|Nơi này bị quân địch chiếm đóng， phải đánh bại bọn chúng mới có thể qua được nơi này。 Sau khi chiến thắng có thể thu hoạch chiến lợi phẩm。,
30045,7,30732,,s==5|Lữ Bố,,25504,53032,,,,,,s==138|Nơi này bị quân địch chiếm đóng， phải đánh bại bọn chúng mới có thể qua được nơi này。 Sau khi chiến thắng có thể thu hoạch chiến lợi phẩm。,
30046,7,30733,,s==17|Đáy quan Hoa Hùng,,25506,53033,,,,,,s==138|Nơi này bị quân địch chiếm đóng， phải đánh bại bọn chúng mới có thể qua được nơi này。 Sau khi chiến thắng có thể thu hoạch chiến lợi phẩm。,
30047,7,30734,,s==9|Đổng Trác,,25513,53034,,,,,,s==138|Nơi này bị quân địch chiếm đóng， phải đánh bại bọn chúng mới có thể qua được nơi này。 Sau khi chiến thắng có thể thu hoạch chiến lợi phẩm。,
30048,7,30735,,s==5|Lữ Bố,,25504,53035,,,,,,s==138|Nơi này bị quân địch chiếm đóng， phải đánh bại bọn chúng mới có thể qua được nơi này。 Sau khi chiến thắng có thể thu hoạch chiến lợi phẩm。,
30080,7,30736,,s==9|Địch Quân,,24501,53030,,,,,,s==138|Nơi này bị quân địch chiếm đóng， phải đánh bại bọn chúng mới có thể qua được nơi này。 Sau khi chiến thắng có thể thu hoạch chiến lợi phẩm。,
30049,11,31101,,s==13|Hồi ức thủ vệ,s==8|j_duihua,22101,3001,,,,,,,
30050,11,31102,,s==13|Hồi ức thủ vệ,s==8|j_duihua,22101,3002,,,,,,,
30051,11,31103,,s==17|Hồi ức Viên Thiệu,s==8|j_duihua,24502,3003,,,,,,,
30052,11,31104,,s==15|Hồi ức Tào Tháo,s==8|j_duihua,25510,3008,,,,,,,
30053,11,31105,,s==15|Hồi ức Tôn Kiên,s==8|j_duihua,23513,3010,,,,,,,
30054,11,31106,,s==18|Hồi ức Lưu Tam Đao,s==8|j_duihua,25401,3013,,,,,,,
30055,11,31107,,s==14|Hồi ức Lỗ Chất,s==8|j_duihua,24402,3014,,,,,,,
30056,11,31108,,s==17|Hồi ức Tào Tháo 2,s==8|j_duihua,25510,3007,,,,,,,
30057,10,31001,,s==14|Hồi ức Lữ Bố 1,,3016,,,,,,,,
30058,10,31002,,s==16|Hồi ức Đổng Trác,,3017,,,,,,,,
30059,10,31003,,s==15|Hồi ức khai màn,,3019,,,,,,,,
30060,10,31004,,s==29|Lữ Bố khuyên rút lui kịch bản,,3020,,,,,,,,
30061,4,30401,,s==19|Quân doanh đặc biệt,,6,,,,,,,s==111|Mời một vị tướng trợ giúp ngươi hoàn thành chuyến viễn chinh này， chạm giữ vào ảnh tướng để xem thông tin tướng,
30062,4,30402,,s==19|Quân doanh đặc biệt,,7,,,,,,,s==111|Mời một vị tướng trợ giúp ngươi hoàn thành chuyến viễn chinh này， chạm giữ vào ảnh tướng để xem thông tin tướng,
30063,4,30403,,s==19|Quân doanh đặc biệt,,8,,,,,,,s==111|Mời một vị tướng trợ giúp ngươi hoàn thành chuyến viễn chinh này， chạm giữ vào ảnh tướng để xem thông tin tướng,
30064,4,30404,,s==19|Quân doanh đặc biệt,,9,,,,,,,s==111|Mời một vị tướng trợ giúp ngươi hoàn thành chuyến viễn chinh này， chạm giữ vào ảnh tướng để xem thông tin tướng,
30065,4,30405,,s==19|Quân doanh đặc biệt,,10,,,,,,,s==111|Mời một vị tướng trợ giúp ngươi hoàn thành chuyến viễn chinh này， chạm giữ vào ảnh tướng để xem thông tin tướng,
30066,4,30406,,s==19|Quân doanh đặc biệt,,11,,,,,,,s==111|Mời một vị tướng trợ giúp ngươi hoàn thành chuyến viễn chinh này， chạm giữ vào ảnh tướng để xem thông tin tướng,
30067,13,31301,,s==26|Thay đổi kịch bản Tào Tháo,,,,,,,s==25|261|15|40015,262|15|40015,,,
30068,13,31302,,s==35|Biến cửa thành Hổ Lao thành vệ binh,,,,,,,s==11|85|15|40015,,,
30069,13,31303,,s==30|Biến cửa Tứ Thủy thành vệ binh,,,,,,,s==11|93|15|40015,,,
30070,4,30407,,s==19|Quân doanh đặc biệt,,13,,,,,,,s==111|Mời một vị tướng trợ giúp ngươi hoàn thành chuyến viễn chinh này， chạm giữ vào ảnh tướng để xem thông tin tướng,
30071,11,31109,,s==20|Hoàng Cái kịch bản 2,s==8|j_duihua,23513,3021,,,,,,,
30072,13,31304,,s==26|Thay đổi kịch bản Tôn Kiên,,,,,,,s==25|244|15|40015,245|15|40015,,,
30073,11,31110,,s==19|Trương Phi kịch bản,s==8|j_duihua,22502,3023,,,,,,,
30074,11,31111,,s==20|Kịch bản thuyết phục,s==8|j_duihua,22511,3024,,,,,,,
30075,11,31112,,s==17|Quách Tỵ kịch bản,s==8|j_duihua,25301,3025,,,,,,,
30076,10,31005,,s==27|Chém giết Hoa Hùng kịch bản,,3046,,,,,,,,
30077,13,31305,,s==84|Sau khi chém giết Hoa Hùng và đối thoại với Viên Thiệu thay đổi kịch bản Lưu Tam Đao,,,,,,,s==51|228|15|40015,211|15|40015,117|15|40015,114|15|40015,,,
30078,13,31306,,s==54|Sau đối thoại với Viên Thiệu thay đổi kịch bản Lỗ Chất,,,,,,,s==25|230|15|40015,231|15|40015,,,
30079,10,31006,,s==30|Kịch bản giết chết Lưu Tam Đao,,3058,,,,,,,,
40001,9,40901,,s==9|Mở khóa ô,,,,,,,s==96|5|6|7|8|9|21|22|23|24|38|37|39|49|50|51|52|53|54|55|65|66|67|68|69|70|71|72|81|82|83|84|85|86|87,,,
40002,9,40902,,s==9|Mở khóa ô,,,,,,,s==181|10|11|12|13|14|15|16|25|26|28|27|29|30|31|32|40|41|42|43|44|45|46|47|48|56|57|58|59|60|61|62|63|64|73|74|75|76|77|78|79|80|88|89|90|91|92|93|94|95|96|105|106|107|108|109|110|111|112,,,
40003,9,40903,,s==9|Mở khóa ô,,,,,,,s==200|97|98|99|100|101|102|103|104|113|115|114|116|117|118|119|129|130|131|132|133|134|135|136|145|146|147|148|149|150|151|161|162|163|164|165|166|167|168|177|178|179|180|181|182|183|120|137|152|169|184|185,,,
40004,9,40904,,s==9|Mở khóa ô,,,,,,,s==147|121|122|123|124|125|126|127|128|138|139|140|141|142|143|144|153|154|155|156|157|158|159|160|170|171|172|173|174|175|176|186|187|188|189|190|191|192,,,
40005,5,40501,,s==9|Rương báu,,4501,,,,,,,,
40006,5,40502,,s==9|Rương báu,,4502,,,,,,,,
40007,5,40503,,s==9|Rương báu,,4503,,,,,,,,
40008,5,40504,,s==9|Rương báu,,4504,,,,,,,,
40009,5,40505,,s==9|Rương báu,,4505,,,,,,,,
40010,5,40506,,s==9|Rương báu,,4506,,,,,,,,
40011,5,40507,,s==9|Rương báu,,4507,,,,,,,,
40012,5,40508,,s==9|Rương báu,,4508,,,,,,,,
40013,5,40509,,s==9|Rương báu,,4509,,,,,,,,
40014,7,40701,,s==9|Địch Quân,,23507,54001,,,,,,s==138|Nơi này bị quân địch chiếm đóng， phải đánh bại bọn chúng mới có thể qua được nơi này。 Sau khi chiến thắng có thể thu hoạch chiến lợi phẩm。,
40015,7,40702,,s==9|Địch Quân,,21501,54002,,,,,,s==138|Nơi này bị quân địch chiếm đóng， phải đánh bại bọn chúng mới có thể qua được nơi này。 Sau khi chiến thắng có thể thu hoạch chiến lợi phẩm。,
40016,7,40703,,s==9|Địch Quân,,21505,54003,,,,,,s==138|Nơi này bị quân địch chiếm đóng， phải đánh bại bọn chúng mới có thể qua được nơi này。 Sau khi chiến thắng có thể thu hoạch chiến lợi phẩm。,
40017,7,40704,,s==9|Địch Quân,,23507,54004,,,,,,s==138|Nơi này bị quân địch chiếm đóng， phải đánh bại bọn chúng mới có thể qua được nơi này。 Sau khi chiến thắng có thể thu hoạch chiến lợi phẩm。,
40018,7,40705,,s==9|Địch Quân,,24506,54005,,,,,,s==138|Nơi này bị quân địch chiếm đóng， phải đánh bại bọn chúng mới có thể qua được nơi này。 Sau khi chiến thắng có thể thu hoạch chiến lợi phẩm。,
40019,7,40706,,s==9|Địch Quân,,21508,54006,,,,,,s==138|Nơi này bị quân địch chiếm đóng， phải đánh bại bọn chúng mới có thể qua được nơi này。 Sau khi chiến thắng có thể thu hoạch chiến lợi phẩm。,
40020,7,40707,,s==9|Địch Quân,,21501,54007,,,,,,s==138|Nơi này bị quân địch chiếm đóng， phải đánh bại bọn chúng mới có thể qua được nơi này。 Sau khi chiến thắng có thể thu hoạch chiến lợi phẩm。,
40021,7,40708,,s==9|Địch Quân,,25503,54008,,,,,,s==138|Nơi này bị quân địch chiếm đóng， phải đánh bại bọn chúng mới có thể qua được nơi này。 Sau khi chiến thắng có thể thu hoạch chiến lợi phẩm。,
40022,7,40709,,s==9|Địch Quân,,21504,54009,,,,,,s==138|Nơi này bị quân địch chiếm đóng， phải đánh bại bọn chúng mới có thể qua được nơi này。 Sau khi chiến thắng có thể thu hoạch chiến lợi phẩm。,
40023,7,40710,,s==9|Địch Quân,,25506,54010,,,,,,s==138|Nơi này bị quân địch chiếm đóng， phải đánh bại bọn chúng mới có thể qua được nơi này。 Sau khi chiến thắng có thể thu hoạch chiến lợi phẩm。,
40024,7,40711,,s==9|Địch Quân,,24502,54011,,,,,,s==138|Nơi này bị quân địch chiếm đóng， phải đánh bại bọn chúng mới có thể qua được nơi này。 Sau khi chiến thắng có thể thu hoạch chiến lợi phẩm。,
40025,7,40712,,s==9|Địch Quân,,21503,54012,,,,,,s==138|Nơi này bị quân địch chiếm đóng， phải đánh bại bọn chúng mới có thể qua được nơi này。 Sau khi chiến thắng có thể thu hoạch chiến lợi phẩm。,
40026,7,40713,,s==9|Địch Quân,,22501,54013,,,,,,s==138|Nơi này bị quân địch chiếm đóng， phải đánh bại bọn chúng mới có thể qua được nơi này。 Sau khi chiến thắng có thể thu hoạch chiến lợi phẩm。,
40027,7,40714,,s==9|Địch Quân,,22511,54014,,,,,,s==138|Nơi này bị quân địch chiếm đóng， phải đánh bại bọn chúng mới có thể qua được nơi này。 Sau khi chiến thắng có thể thu hoạch chiến lợi phẩm。,
40028,7,40715,,s==9|Địch Quân,,24503,54015,,,,,,s==138|Nơi này bị quân địch chiếm đóng， phải đánh bại bọn chúng mới có thể qua được nơi này。 Sau khi chiến thắng có thể thu hoạch chiến lợi phẩm。,
40029,7,40716,,s==9|Địch Quân,,23507,54016,,,,,,s==138|Nơi này bị quân địch chiếm đóng， phải đánh bại bọn chúng mới có thể qua được nơi này。 Sau khi chiến thắng có thể thu hoạch chiến lợi phẩm。,
40030,7,40717,,s==9|Địch Quân,,22502,54017,,,,,,s==138|Nơi này bị quân địch chiếm đóng， phải đánh bại bọn chúng mới có thể qua được nơi này。 Sau khi chiến thắng có thể thu hoạch chiến lợi phẩm。,
40031,7,40718,,s==9|Địch Quân,,21508,54018,,,,,,s==138|Nơi này bị quân địch chiếm đóng， phải đánh bại bọn chúng mới có thể qua được nơi này。 Sau khi chiến thắng có thể thu hoạch chiến lợi phẩm。,
40032,7,40719,,s==9|Địch Quân,,23504,54019,,,,,,s==138|Nơi này bị quân địch chiếm đóng， phải đánh bại bọn chúng mới có thể qua được nơi này。 Sau khi chiến thắng có thể thu hoạch chiến lợi phẩm。,
40033,7,40720,,s==9|Địch Quân,,21504,54020,,,,,,s==138|Nơi này bị quân địch chiếm đóng， phải đánh bại bọn chúng mới có thể qua được nơi này。 Sau khi chiến thắng có thể thu hoạch chiến lợi phẩm。,
40034,7,40721,,s==9|Địch Quân,,21510,54021,,,,,,s==138|Nơi này bị quân địch chiếm đóng， phải đánh bại bọn chúng mới có thể qua được nơi này。 Sau khi chiến thắng có thể thu hoạch chiến lợi phẩm。,
40035,7,40722,,s==9|Địch Quân,,22502,54022,,,,,,s==138|Nơi này bị quân địch chiếm đóng， phải đánh bại bọn chúng mới có thể qua được nơi này。 Sau khi chiến thắng có thể thu hoạch chiến lợi phẩm。,
40036,7,40723,,s==9|Địch Quân,,21510,54023,,,,,,s==138|Nơi này bị quân địch chiếm đóng， phải đánh bại bọn chúng mới có thể qua được nơi này。 Sau khi chiến thắng có thể thu hoạch chiến lợi phẩm。,
40037,7,40724,,s==9|Địch Quân,,22509,54024,,,,,,s==138|Nơi này bị quân địch chiếm đóng， phải đánh bại bọn chúng mới có thể qua được nơi này。 Sau khi chiến thắng có thể thu hoạch chiến lợi phẩm。,
40038,7,40725,,s==9|Địch Quân,,23506,54025,,,,,,s==138|Nơi này bị quân địch chiếm đóng， phải đánh bại bọn chúng mới có thể qua được nơi này。 Sau khi chiến thắng có thể thu hoạch chiến lợi phẩm。,
40039,7,40726,,s==9|Địch Quân,,24506,54026,,,,,,s==138|Nơi này bị quân địch chiếm đóng， phải đánh bại bọn chúng mới có thể qua được nơi này。 Sau khi chiến thắng có thể thu hoạch chiến lợi phẩm。,
40040,7,40727,,s==9|Địch Quân,,22502,54027,,,,,,s==138|Nơi này bị quân địch chiếm đóng， phải đánh bại bọn chúng mới có thể qua được nơi này。 Sau khi chiến thắng có thể thu hoạch chiến lợi phẩm。,
40041,7,40728,,s==9|Địch Quân,,21505,54028,,,,,,s==138|Nơi này bị quân địch chiếm đóng， phải đánh bại bọn chúng mới có thể qua được nơi này。 Sau khi chiến thắng có thể thu hoạch chiến lợi phẩm。,
40042,7,40729,,s==9|Địch Quân,,22507,54029,,,,,,s==138|Nơi này bị quân địch chiếm đóng， phải đánh bại bọn chúng mới có thể qua được nơi này。 Sau khi chiến thắng có thể thu hoạch chiến lợi phẩm。,
40043,7,40730,,s==9|Địch Quân,,23506,54030,,,,,,s==138|Nơi này bị quân địch chiếm đóng， phải đánh bại bọn chúng mới có thể qua được nơi này。 Sau khi chiến thắng có thể thu hoạch chiến lợi phẩm。,
40044,7,40731,,s==9|Địch Quân,,24513,54031,,,,,,s==138|Nơi này bị quân địch chiếm đóng， phải đánh bại bọn chúng mới có thể qua được nơi này。 Sau khi chiến thắng có thể thu hoạch chiến lợi phẩm。,
40045,7,40732,,s==9|Địch Quân,,22502,54032,,,,,,s==138|Nơi này bị quân địch chiếm đóng， phải đánh bại bọn chúng mới có thể qua được nơi này。 Sau khi chiến thắng có thể thu hoạch chiến lợi phẩm。,
40046,7,40733,,s==9|Địch Quân,,22501,54033,,,,,,s==138|Nơi này bị quân địch chiếm đóng， phải đánh bại bọn chúng mới có thể qua được nơi này。 Sau khi chiến thắng có thể thu hoạch chiến lợi phẩm。,
40047,7,40734,,s==9|Địch Quân,,22501,54034,,,,,,s==138|Nơi này bị quân địch chiếm đóng， phải đánh bại bọn chúng mới có thể qua được nơi này。 Sau khi chiến thắng có thể thu hoạch chiến lợi phẩm。,
40048,7,40735,,s==9|Địch Quân,,25513,54035,,,,,,s==138|Nơi này bị quân địch chiếm đóng， phải đánh bại bọn chúng mới có thể qua được nơi này。 Sau khi chiến thắng có thể thu hoạch chiến lợi phẩm。,
40049,7,40736,,s==9|Địch Quân,,21508,54036,,,,,,s==138|Nơi này bị quân địch chiếm đóng， phải đánh bại bọn chúng mới có thể qua được nơi này。 Sau khi chiến thắng có thể thu hoạch chiến lợi phẩm。,
40050,11,41101,,s==25|Đối thoại với Điêu Thuyền,s==8|j_duihua,25507,4001,,,,,,,
40051,11,41102,,s==30|Đối thoại với lưu manh binh vệ,s==8|j_duihua,25301,4024,,,,,,,
40052,11,41103,,s==34|Kết thúc đối thoại với Điêu Thuyền,s==8|j_duihua,25507,4020,,,,,,,
40053,10,41001,,s==15|Hồi ức khai màn,,4019,,,,,,,,
40054,10,41002,,s==24|Gặp Điêu Thuyền kịch bản,,4012,,,,,,,,
40055,10,41003,,s==32|Đối thoại với Đổng Trác kịch bản,,4017,,,,,,,,
40056,10,41011,,s==33|Lữ Bố hỏi về Điêu Thuyền kịch bản,,4058,,,,,,,,
40057,13,41301,,s==41|Đánh bại lưu manh binh vệ chuyển hàng rào,,,,,,,s==10|54|1|40001,,,
40058,11,41104,,s==31|Bẫy lưu manh binh vệ 1 kịch bản,s==8|j_duihua,25301,4029,,,,,,,
40059,13,41302,,s==39|Chuyển hướng lưu manh binh vệ dẫn đường,,,,,,,s==9|9|1|40001,,,
40060,10,41005,,s==34|Đánh bại lưu manh binh vệ kịch bản,,4033,,,,,,,,
40061,10,41006,,s==36|Đánh bại Lưu Manh Binh Vệ 2 kịch bản,,4034,,,,,,,,
40062,11,41105,,s==31|Lưu Manh Binh Vệ bẫy 2 kịch bản,s==8|j_duihua,25301,4029,,,,,,,
40063,13,41303,,s==38|Lưu Manh Binh Vệ bẫy xuất hiện binh mã,,,,,,,s==42|7|1|40001,21|1|40001,22|1|40001,54|1|40001,,,
40064,11,41106,,s==26|Lần đầu gặp Lữ Bố kịch bản,s==8|j_duihua,25504,4036,,,,,,,
40065,4,40401,,s==16|Doanh trại Lữ Bố,,14,,,,,,,s==111|Mời một vị tướng trợ giúp ngươi hoàn thành chuyến viễn chinh này， chạm giữ vào ảnh tướng để xem thông tin tướng,
40066,10,41007,,s==19|Lần đầu gặp sát thủ,,4044,,,,,,,,
40067,10,41008,,s==24|Sau khi đánh bại sát thủ,,4047,,,,,,,,
40068,10,41009,,s==23|Lần thứ hai gặp sát thủ,,4048,,,,,,,,
40069,11,41117,,s==22|Lần thứ ba gặp sát thủ,s==8|j_duihua,23507,4052,,,,,,,
40070,10,41012,,s==24|Lữ Bố bị thương kịch bản,,4053,,,,,,,,
40071,10,41013,,s==26|Sau lần thứ tư gặp sát thủ,,4064,,,,,,,,
40072,11,41107,,s==22|Lần thứ tư gặp sát thủ,s==8|j_duihua,24506,4063,,,,,,,
40073,11,41108,,s==25|Ám sát Đổng Trác kịch bản,s==8|j_duihua,25513,4068,,,,,,,
40074,10,41016,,s==37|Giết chết thế thân Đổng Trác kịch bản,,4075,,,,,,,,
40075,13,41304,,s==39|Chuyển đổi giết chết thế thân Đổng Trác,,,,,,,s==32|12|1|40001,13|1|40001,30|1|40001,,,
40076,11,41110,,s==23|Đổng Trác thật kịch bản,s==8|j_duihua,25513,4080,,,,,,,
40077,10,41014,,s==33|Giết chết Đổng Trác thật kịch bản,,4082,,,,,,,,
40078,10,41015,,s==17|Kết thúc kịch bản,,4084,,,,,,,,
50001,7,50701,,s==9|Địch Quân,,25506,55001,,,,,,s==138|Nơi này bị quân địch chiếm đóng， phải đánh bại bọn chúng mới có thể qua được nơi này。 Sau khi chiến thắng có thể thu hoạch chiến lợi phẩm。,
50002,7,50702,,s==9|Địch Quân,,24502,55002,,,,,,s==138|Nơi này bị quân địch chiếm đóng， phải đánh bại bọn chúng mới có thể qua được nơi này。 Sau khi chiến thắng có thể thu hoạch chiến lợi phẩm。,
50003,7,50703,,s==9|Địch Quân,,22501,55003,,,,,,s==138|Nơi này bị quân địch chiếm đóng， phải đánh bại bọn chúng mới có thể qua được nơi này。 Sau khi chiến thắng có thể thu hoạch chiến lợi phẩm。,
50004,7,50704,,s==9|Địch Quân,,21504,55004,,,,,,s==138|Nơi này bị quân địch chiếm đóng， phải đánh bại bọn chúng mới có thể qua được nơi này。 Sau khi chiến thắng có thể thu hoạch chiến lợi phẩm。,
50005,7,50705,,s==9|Địch Quân,,21510,55005,,,,,,s==138|Nơi này bị quân địch chiếm đóng， phải đánh bại bọn chúng mới có thể qua được nơi này。 Sau khi chiến thắng có thể thu hoạch chiến lợi phẩm。,
50006,7,50706,,s==9|Địch Quân,,24510,55006,,,,,,s==138|Nơi này bị quân địch chiếm đóng， phải đánh bại bọn chúng mới có thể qua được nơi này。 Sau khi chiến thắng có thể thu hoạch chiến lợi phẩm。,
50007,7,50707,,s==9|Địch Quân,,25503,55007,,,,,,s==138|Nơi này bị quân địch chiếm đóng， phải đánh bại bọn chúng mới có thể qua được nơi này。 Sau khi chiến thắng có thể thu hoạch chiến lợi phẩm。,
50008,7,50708,,s==9|Địch Quân,,23504,55008,,,,,,s==138|Nơi này bị quân địch chiếm đóng， phải đánh bại bọn chúng mới có thể qua được nơi này。 Sau khi chiến thắng có thể thu hoạch chiến lợi phẩm。,
50009,7,50709,,s==9|Địch Quân,,24504,55009,,,,,,s==138|Nơi này bị quân địch chiếm đóng， phải đánh bại bọn chúng mới có thể qua được nơi này。 Sau khi chiến thắng có thể thu hoạch chiến lợi phẩm。,
50010,7,50710,,s==9|Địch Quân,,24510,55010,,,,,,s==138|Nơi này bị quân địch chiếm đóng， phải đánh bại bọn chúng mới có thể qua được nơi này。 Sau khi chiến thắng có thể thu hoạch chiến lợi phẩm。,
50011,7,50711,,s==7|Hứa Chử,,21510,55011,,,,,,s==138|Nơi này bị quân địch chiếm đóng， phải đánh bại bọn chúng mới có thể qua được nơi này。 Sau khi chiến thắng có thể thu hoạch chiến lợi phẩm。,
50012,7,50712,,s==9|Địch Quân,,22509,55012,,,,,,s==138|Nơi này bị quân địch chiếm đóng， phải đánh bại bọn chúng mới có thể qua được nơi này。 Sau khi chiến thắng có thể thu hoạch chiến lợi phẩm。,
50013,7,50713,,s==9|Địch Quân,,21505,55013,,,,,,s==138|Nơi này bị quân địch chiếm đóng， phải đánh bại bọn chúng mới có thể qua được nơi này。 Sau khi chiến thắng có thể thu hoạch chiến lợi phẩm。,
50014,7,50714,,s==9|Địch Quân,,24508,55014,,,,,,s==138|Nơi này bị quân địch chiếm đóng， phải đánh bại bọn chúng mới có thể qua được nơi này。 Sau khi chiến thắng có thể thu hoạch chiến lợi phẩm。,
50015,7,50715,,s==9|Địch Quân,,22511,55015,,,,,,s==138|Nơi này bị quân địch chiếm đóng， phải đánh bại bọn chúng mới có thể qua được nơi này。 Sau khi chiến thắng có thể thu hoạch chiến lợi phẩm。,
50016,7,50716,,s==9|Địch Quân,,22501,55016,,,,,,s==138|Nơi này bị quân địch chiếm đóng， phải đánh bại bọn chúng mới có thể qua được nơi này。 Sau khi chiến thắng có thể thu hoạch chiến lợi phẩm。,
50017,7,50717,,s==12|Trương Thiệu,,24404,55017,,,,,,s==138|Nơi này bị quân địch chiếm đóng， phải đánh bại bọn chúng mới có thể qua được nơi này。 Sau khi chiến thắng có thể thu hoạch chiến lợi phẩm。,
50018,7,50718,,s==10|Điền Phong,,2450110,55018,,,,,,s==138|Nơi này bị quân địch chiếm đóng， phải đánh bại bọn chúng mới có thể qua được nơi này。 Sau khi chiến thắng có thể thu hoạch chiến lợi phẩm。,
50019,7,50719,,s==9|Địch Quân,,23508,55019,,,,,,s==138|Nơi này bị quân địch chiếm đóng， phải đánh bại bọn chúng mới có thể qua được nơi này。 Sau khi chiến thắng có thể thu hoạch chiến lợi phẩm。,
50020,7,50720,,s==9|Địch Quân,,25503,55020,,,,,,s==138|Nơi này bị quân địch chiếm đóng， phải đánh bại bọn chúng mới có thể qua được nơi này。 Sau khi chiến thắng có thể thu hoạch chiến lợi phẩm。,
50021,7,50721,,s==9|Địch Quân,,24510,55021,,,,,,s==138|Nơi này bị quân địch chiếm đóng， phải đánh bại bọn chúng mới có thể qua được nơi này。 Sau khi chiến thắng có thể thu hoạch chiến lợi phẩm。,
50022,7,50722,,s==9|Địch Quân,,23503,55022,,,,,,s==138|Nơi này bị quân địch chiếm đóng， phải đánh bại bọn chúng mới có thể qua được nơi này。 Sau khi chiến thắng có thể thu hoạch chiến lợi phẩm。,
50023,7,50723,,s==9|Địch Quân,,24508,55023,,,,,,s==138|Nơi này bị quân địch chiếm đóng， phải đánh bại bọn chúng mới có thể qua được nơi này。 Sau khi chiến thắng có thể thu hoạch chiến lợi phẩm。,
50024,7,50724,,s==9|Địch Quân,,24506,55024,,,,,,s==138|Nơi này bị quân địch chiếm đóng， phải đánh bại bọn chúng mới có thể qua được nơi này。 Sau khi chiến thắng có thể thu hoạch chiến lợi phẩm。,
50025,7,50725,,s==9|Địch Quân,,22509,55025,,,,,,s==138|Nơi này bị quân địch chiếm đóng， phải đánh bại bọn chúng mới có thể qua được nơi này。 Sau khi chiến thắng có thể thu hoạch chiến lợi phẩm。,
50026,7,50726,,s==9|Địch Quân,,21505,55026,,,,,,s==138|Nơi này bị quân địch chiếm đóng， phải đánh bại bọn chúng mới có thể qua được nơi này。 Sau khi chiến thắng có thể thu hoạch chiến lợi phẩm。,
50027,7,50727,,s==9|Địch Quân,,25503,55027,,,,,,s==138|Nơi này bị quân địch chiếm đóng， phải đánh bại bọn chúng mới có thể qua được nơi này。 Sau khi chiến thắng có thể thu hoạch chiến lợi phẩm。,
50028,7,50728,,s==9|Địch Quân,,21508,55028,,,,,,s==138|Nơi này bị quân địch chiếm đóng， phải đánh bại bọn chúng mới có thể qua được nơi này。 Sau khi chiến thắng có thể thu hoạch chiến lợi phẩm。,
50029,7,50729,,s==9|Địch Quân,,25506,55029,,,,,,s==138|Nơi này bị quân địch chiếm đóng， phải đánh bại bọn chúng mới có thể qua được nơi này。 Sau khi chiến thắng có thể thu hoạch chiến lợi phẩm。,
50030,7,50730,,s==9|Địch Quân,,24502,55030,,,,,,s==138|Nơi này bị quân địch chiếm đóng， phải đánh bại bọn chúng mới có thể qua được nơi này。 Sau khi chiến thắng có thể thu hoạch chiến lợi phẩm。,
50031,7,50731,,s==9|Địch Quân,,22501,55031,,,,,,s==138|Nơi này bị quân địch chiếm đóng， phải đánh bại bọn chúng mới có thể qua được nơi này。 Sau khi chiến thắng có thể thu hoạch chiến lợi phẩm。,
50032,7,50732,,s==9|Địch Quân,,21504,55032,,,,,,s==138|Nơi này bị quân địch chiếm đóng， phải đánh bại bọn chúng mới có thể qua được nơi này。 Sau khi chiến thắng có thể thu hoạch chiến lợi phẩm。,
50033,7,50733,,s==9|Địch Quân,,21510,55033,,,,,,s==138|Nơi này bị quân địch chiếm đóng， phải đánh bại bọn chúng mới có thể qua được nơi này。 Sau khi chiến thắng có thể thu hoạch chiến lợi phẩm。,
50034,7,50734,,s==9|Địch Quân,,24510,55034,,,,,,s==138|Nơi này bị quân địch chiếm đóng， phải đánh bại bọn chúng mới có thể qua được nơi này。 Sau khi chiến thắng có thể thu hoạch chiến lợi phẩm。,
50035,7,50735,,s==9|Địch Quân,,25503,55035,,,,,,s==138|Nơi này bị quân địch chiếm đóng， phải đánh bại bọn chúng mới có thể qua được nơi này。 Sau khi chiến thắng có thể thu hoạch chiến lợi phẩm。,
50036,7,50736,,s==9|Địch Quân,,23504,55036,,,,,,s==138|Nơi này bị quân địch chiếm đóng， phải đánh bại bọn chúng mới có thể qua được nơi này。 Sau khi chiến thắng có thể thu hoạch chiến lợi phẩm。,
50037,7,50737,,s==9|Địch Quân,,24504,55037,,,,,,s==138|Nơi này bị quân địch chiếm đóng， phải đánh bại bọn chúng mới có thể qua được nơi này。 Sau khi chiến thắng có thể thu hoạch chiến lợi phẩm。,
50038,7,50738,,s==9|Địch Quân,,24510,55038,,,,,,s==138|Nơi này bị quân địch chiếm đóng， phải đánh bại bọn chúng mới có thể qua được nơi này。 Sau khi chiến thắng có thể thu hoạch chiến lợi phẩm。,
50039,7,50739,,s==9|Địch Quân,,21505,55039,,,,,,s==138|Nơi này bị quân địch chiếm đóng， phải đánh bại bọn chúng mới có thể qua được nơi này。 Sau khi chiến thắng có thể thu hoạch chiến lợi phẩm。,
50040,7,50740,,s==9|Địch Quân,,22509,55040,,,,,,s==138|Nơi này bị quân địch chiếm đóng， phải đánh bại bọn chúng mới có thể qua được nơi này。 Sau khi chiến thắng có thể thu hoạch chiến lợi phẩm。,
50041,7,50741,,s==9|Địch Quân,,21505,55041,,,,,,s==138|Nơi này bị quân địch chiếm đóng， phải đánh bại bọn chúng mới có thể qua được nơi này。 Sau khi chiến thắng có thể thu hoạch chiến lợi phẩm。,
50042,7,50742,,s==9|Địch Quân,,24508,55042,,,,,,s==138|Nơi này bị quân địch chiếm đóng， phải đánh bại bọn chúng mới có thể qua được nơi này。 Sau khi chiến thắng có thể thu hoạch chiến lợi phẩm。,
50043,7,50743,,s==9|Địch Quân,,22511,55043,,,,,,s==138|Nơi này bị quân địch chiếm đóng， phải đánh bại bọn chúng mới có thể qua được nơi này。 Sau khi chiến thắng có thể thu hoạch chiến lợi phẩm。,
50044,7,50744,,s==9|Địch Quân,,22501,55044,,,,,,s==138|Nơi này bị quân địch chiếm đóng， phải đánh bại bọn chúng mới có thể qua được nơi này。 Sau khi chiến thắng có thể thu hoạch chiến lợi phẩm。,
50045,7,50745,,s==9|Địch Quân,,22507,55045,,,,,,s==138|Nơi này bị quân địch chiếm đóng， phải đánh bại bọn chúng mới có thể qua được nơi này。 Sau khi chiến thắng có thể thu hoạch chiến lợi phẩm。,
50046,7,50746,,s==9|Địch Quân,,24513,55046,,,,,,s==138|Nơi này bị quân địch chiếm đóng， phải đánh bại bọn chúng mới có thể qua được nơi này。 Sau khi chiến thắng có thể thu hoạch chiến lợi phẩm。,
50047,7,50747,,s==9|Địch Quân,,23508,55047,,,,,,s==138|Nơi này bị quân địch chiếm đóng， phải đánh bại bọn chúng mới có thể qua được nơi này。 Sau khi chiến thắng có thể thu hoạch chiến lợi phẩm。,
50048,7,50748,,s==9|Địch Quân,,25503,55048,,,,,,s==138|Nơi này bị quân địch chiếm đóng， phải đánh bại bọn chúng mới có thể qua được nơi này。 Sau khi chiến thắng có thể thu hoạch chiến lợi phẩm。,
50049,7,50749,,s==9|Địch Quân,,24510,55049,,,,,,s==138|Nơi này bị quân địch chiếm đóng， phải đánh bại bọn chúng mới có thể qua được nơi này。 Sau khi chiến thắng có thể thu hoạch chiến lợi phẩm。,
50050,7,50750,,s==9|Địch Quân,,23503,55050,,,,,,s==138|Nơi này bị quân địch chiếm đóng， phải đánh bại bọn chúng mới có thể qua được nơi này。 Sau khi chiến thắng có thể thu hoạch chiến lợi phẩm。,
50051,7,50751,,s==9|Địch Quân,,24508,55051,,,,,,s==138|Nơi này bị quân địch chiếm đóng， phải đánh bại bọn chúng mới có thể qua được nơi này。 Sau khi chiến thắng có thể thu hoạch chiến lợi phẩm。,
50052,7,50752,,s==9|Địch Quân,,25510,55052,,,,,,s==138|Nơi này bị quân địch chiếm đóng， phải đánh bại bọn chúng mới có thể qua được nơi này。 Sau khi chiến thắng có thể thu hoạch chiến lợi phẩm。,
50053,7,50753,,s==9|Địch Quân,,22509,55053,,,,,,s==138|Nơi này bị quân địch chiếm đóng， phải đánh bại bọn chúng mới có thể qua được nơi này。 Sau khi chiến thắng có thể thu hoạch chiến lợi phẩm。,
50054,7,50754,,s==9|Địch Quân,,21505,55054,,,,,,s==138|Nơi này bị quân địch chiếm đóng， phải đánh bại bọn chúng mới có thể qua được nơi này。 Sau khi chiến thắng có thể thu hoạch chiến lợi phẩm。,
50055,7,50755,,s==8|Tào Tháo,,25510,55055,,,,,,s==138|Nơi này bị quân địch chiếm đóng， phải đánh bại bọn chúng mới có thể qua được nơi này。 Sau khi chiến thắng có thể thu hoạch chiến lợi phẩm。,
50056,5,50501,,s==9|Rương báu,,5501,,,,,,,,
50057,5,50502,,s==9|Rương báu,,5502,,,,,,,,
50058,5,50503,,s==9|Rương báu,,5503,,,,,,,,
50059,5,50504,,s==9|Rương báu,,5504,,,,,,,,
50060,5,50505,,s==9|Rương báu,,5505,,,,,,,,
50061,5,50506,,s==9|Rương báu,,5506,,,,,,,,
50062,5,50507,,s==9|Rương báu,,5507,,,,,,,,
50063,4,50401,,s==19|Quân doanh đặc biệt,,7,,,,,,,s==111|Mời một vị tướng trợ giúp ngươi hoàn thành chuyến viễn chinh này， chạm giữ vào ảnh tướng để xem thông tin tướng,
50064,9,50901,,s==9|Mở khóa ô,,,,,,,s==417|202|93|94|111|112|113|127|128|129|130|132|131|145|146|147|148|149|150|163|164|165|166|167|168|181|182|183|184|185|186|187|199|200|201|203|204|205|206|217|218|219|220|221|222|223|224|225|235|236|237|238|239|240|241|242|243|244|245|246|260|261|262|263|264|265|266|278|279|280|281|282|283|284|296|297|298|299|300|301|302|303|304|314|315|316|317|319|318|320|321|332|333|334|335|336|337|338|339|350|351|352|353|354|355|356,,,
50065,9,50902,,s==9|Mở khóa ô,,,,,,,s==90|28|29|46|47|48|63|64|65|81|83|82|84|99|100|101|118|119|136|137|154|155|171|172|189|190|207,,,
50066,9,50903,,s==9|Mở khóa ô,,,,,,,s==79|105|106|107|122|123|124|125|126|138|140|139|141|142|143|144|157|158|159|160|161,,,
50067,13,51301,,s==12|Mở thành môn,,,,,,,s==12|256|13|40013,,,
50068,13,51302,,s==17|Ra binh phục kích,,,,,,,s==202|28|13|40013,64|13|40013,65|13|40013,82|13|40013,99|13|40013,101|13|40013,118|13|40013,119|13|40013,137|13|40013,136|13|40013,154|13|40013,155|13|40013,171|13|40013,172|13|40013,273|13|40013,274|13|40013,,,
50069,13,51303,,s==30|Loại bỏ một phần tổng binh lực,,,,,,,s==254|199|13|40013,164|13|40013,167|13|40013,184|13|40013,201|13|40013,203|13|40013,220|13|40013,280|13|40013,316|13|40013,352|13|40013,300|13|40013,336|13|40013,124|13|40013,125|13|40013,142|13|40013,47|13|40013,64|13|40013,65|13|40013,83|13|40013,29|13|40013,,,
50070,10,51001,,s==25|Chương năm khai cảnh kịch,,5001,,,,,,,,
50071,10,51002,,s==16|Bị mai phục kịch,,5008,,,,,,,,
50072,10,51003,,s==17|Đánh chết Hứa Chử,,5036,,,,,,,,
50073,10,51004,,s==20|Đánh chết Viên Thiệu,,5021,,,,,,,,
50074,10,51005,,s==18|Đánh chết Tào Tháo,,5025,,,,,,,,
50075,10,51006,,s==11|Dự trữ kịch,,5018,,,,,,,,
50076,10,51007,,s==11|Dự trữ kịch,,5020,,,,,,,,
50077,11,51101,,s==19|Đối thoại Đào Khiêm,s==8|j_duihua,22404,5006,,,,,,,
50078,11,51102,,s==17|Đối thoại Lỗ Chất,s==8|j_duihua,24402,5004,,,,,,,
50079,11,51103,,s==18|Đối thoại Tào Tháo,s==8|j_duihua,25510,5022,,,,,,,
50080,11,51104,,s==22|Đối thoại Trương Thiệu,s==8|j_duihua,24404,5010,,,,,,,
50081,11,51105,,s==16|Đối thoại Hứa Du,s==8|j_duihua,21405,5021,,,,,,,
50082,11,51106,,s==20|Đối thoại Điền Phong,s==8|j_duihua,24501,5011,,,,,,,
50083,11,51107,,s==49|Điền Phong、 Cự Thụ、 Viên Thiệu đồng một đối thoại,s==8|j_duihua,24401,5021,,,,,,,
50084,11,51108,,s==49|Điền Phong、 Cự Thụ、 Viên Thiệu đồng một đối thoại,s==8|j_duihua,24501,5021,,,,,,,
50085,11,51109,,s==49|Điền Phong、 Cự Thụ、 Viên Thiệu đồng một đối thoại,s==8|j_duihua,24502,5015,,,,,,,
50086,7,50757,,s==23|83 ô trận chiến lần hai,,25506,55057,,,,,,s==138|Nơi này bị quân địch chiếm đóng， phải đánh bại bọn chúng mới có thể qua được nơi này。 Sau khi chiến thắng có thể thu hoạch chiến lợi phẩm。,
50087,11,51111,,s==19|Lần đầu gặp Hứa Chử,s==8|j_duihua,21510,5035,,,,,,,
50088,7,50756,,s==20|Viên Thiệu chiến đấu,,24502,55056,,,,,,s==138|Nơi này bị quân địch chiếm đóng， phải đánh bại bọn chúng mới có thể qua được nơi này。 Sau khi chiến thắng có thể thu hoạch chiến lợi phẩm。,
50089,11,51112,,s==38|Chưa gặp Viên Thiệu đối thoại Tào Tháo,s==8|j_duihua,25510,5038,,,,,,,
50090,10,51008,,s==42|Chưa gặp Viên Thiệu đánh bại Tào Tháo kịch,,5041,,,,,,,,
60001,7,60701,,s==9|Địch Quân,,21504,56001,,,,,,s==138|Nơi này bị quân địch chiếm đóng， phải đánh bại bọn chúng mới có thể qua được nơi này。 Sau khi chiến thắng có thể thu hoạch chiến lợi phẩm。,
60002,7,60702,,s==9|Địch Quân,,21510,56002,,,,,,s==138|Nơi này bị quân địch chiếm đóng， phải đánh bại bọn chúng mới có thể qua được nơi này。 Sau khi chiến thắng có thể thu hoạch chiến lợi phẩm。,
60003,7,60703,,s==9|Địch Quân,,24510,56003,,,,,,s==138|Nơi này bị quân địch chiếm đóng， phải đánh bại bọn chúng mới có thể qua được nơi này。 Sau khi chiến thắng có thể thu hoạch chiến lợi phẩm。,
60004,7,60704,,s==9|Địch Quân,,25503,56004,,,,,,s==138|Nơi này bị quân địch chiếm đóng， phải đánh bại bọn chúng mới có thể qua được nơi này。 Sau khi chiến thắng có thể thu hoạch chiến lợi phẩm。,
60005,7,60705,,s==9|Địch Quân,,23504,56005,,,,,,s==138|Nơi này bị quân địch chiếm đóng， phải đánh bại bọn chúng mới có thể qua được nơi này。 Sau khi chiến thắng có thể thu hoạch chiến lợi phẩm。,
60006,7,60706,,s==9|Địch Quân,,24504,56006,,,,,,s==138|Nơi này bị quân địch chiếm đóng， phải đánh bại bọn chúng mới có thể qua được nơi này。 Sau khi chiến thắng có thể thu hoạch chiến lợi phẩm。,
60007,7,60707,,s==9|Địch Quân,,24510,56007,,,,,,s==138|Nơi này bị quân địch chiếm đóng， phải đánh bại bọn chúng mới có thể qua được nơi này。 Sau khi chiến thắng có thể thu hoạch chiến lợi phẩm。,
60008,7,60708,,s==9|Địch Quân,,21505,56008,,,,,,s==138|Nơi này bị quân địch chiếm đóng， phải đánh bại bọn chúng mới có thể qua được nơi này。 Sau khi chiến thắng có thể thu hoạch chiến lợi phẩm。,
60009,7,60709,,s==9|Địch Quân,,22509,56009,,,,,,s==138|Nơi này bị quân địch chiếm đóng， phải đánh bại bọn chúng mới có thể qua được nơi này。 Sau khi chiến thắng có thể thu hoạch chiến lợi phẩm。,
60010,7,60710,,s==9|Địch Quân,,21505,56010,,,,,,s==138|Nơi này bị quân địch chiếm đóng， phải đánh bại bọn chúng mới có thể qua được nơi này。 Sau khi chiến thắng có thể thu hoạch chiến lợi phẩm。,
60011,7,60711,,s==9|Địch Quân,,24508,56011,,,,,,s==138|Nơi này bị quân địch chiếm đóng， phải đánh bại bọn chúng mới có thể qua được nơi này。 Sau khi chiến thắng có thể thu hoạch chiến lợi phẩm。,
60012,7,60712,,s==9|Địch Quân,,22511,56012,,,,,,s==138|Nơi này bị quân địch chiếm đóng， phải đánh bại bọn chúng mới có thể qua được nơi này。 Sau khi chiến thắng có thể thu hoạch chiến lợi phẩm。,
60013,7,60713,,s==9|Địch Quân,,22501,56013,,,,,,s==138|Nơi này bị quân địch chiếm đóng， phải đánh bại bọn chúng mới có thể qua được nơi này。 Sau khi chiến thắng có thể thu hoạch chiến lợi phẩm。,
60014,7,60714,,s==9|Địch Quân,,22507,56014,,,,,,s==138|Nơi này bị quân địch chiếm đóng， phải đánh bại bọn chúng mới có thể qua được nơi này。 Sau khi chiến thắng có thể thu hoạch chiến lợi phẩm。,
60015,7,60715,,s==9|Địch Quân,,24513,56015,,,,,,s==138|Nơi này bị quân địch chiếm đóng， phải đánh bại bọn chúng mới có thể qua được nơi này。 Sau khi chiến thắng có thể thu hoạch chiến lợi phẩm。,
60016,7,60716,,s==9|Địch Quân,,23508,56016,,,,,,s==138|Nơi này bị quân địch chiếm đóng， phải đánh bại bọn chúng mới có thể qua được nơi này。 Sau khi chiến thắng có thể thu hoạch chiến lợi phẩm。,
60017,7,60717,,s==9|Địch Quân,,25503,56017,,,,,,s==138|Nơi này bị quân địch chiếm đóng， phải đánh bại bọn chúng mới có thể qua được nơi này。 Sau khi chiến thắng có thể thu hoạch chiến lợi phẩm。,
60018,7,60718,,s==9|Địch Quân,,24510,56018,,,,,,s==138|Nơi này bị quân địch chiếm đóng， phải đánh bại bọn chúng mới có thể qua được nơi này。 Sau khi chiến thắng có thể thu hoạch chiến lợi phẩm。,
60019,7,60719,,s==9|Địch Quân,,23503,56019,,,,,,s==138|Nơi này bị quân địch chiếm đóng， phải đánh bại bọn chúng mới có thể qua được nơi này。 Sau khi chiến thắng có thể thu hoạch chiến lợi phẩm。,
60020,7,60720,,s==9|Địch Quân,,24508,56020,,,,,,s==138|Nơi này bị quân địch chiếm đóng， phải đánh bại bọn chúng mới có thể qua được nơi này。 Sau khi chiến thắng có thể thu hoạch chiến lợi phẩm。,
60021,7,60721,,s==9|Địch Quân,,24506,56021,,,,,,s==138|Nơi này bị quân địch chiếm đóng， phải đánh bại bọn chúng mới có thể qua được nơi này。 Sau khi chiến thắng có thể thu hoạch chiến lợi phẩm。,
60022,7,60722,,s==9|Địch Quân,,22509,56022,,,,,,s==138|Nơi này bị quân địch chiếm đóng， phải đánh bại bọn chúng mới có thể qua được nơi này。 Sau khi chiến thắng có thể thu hoạch chiến lợi phẩm。,
60023,7,60723,,s==9|Địch Quân,,21505,56023,,,,,,s==138|Nơi này bị quân địch chiếm đóng， phải đánh bại bọn chúng mới có thể qua được nơi này。 Sau khi chiến thắng có thể thu hoạch chiến lợi phẩm。,
60024,7,60724,,s==9|Địch Quân,,25503,56024,,,,,,s==138|Nơi này bị quân địch chiếm đóng， phải đánh bại bọn chúng mới có thể qua được nơi này。 Sau khi chiến thắng có thể thu hoạch chiến lợi phẩm。,
60025,7,60725,,s==9|Địch Quân,,21508,56025,,,,,,s==138|Nơi này bị quân địch chiếm đóng， phải đánh bại bọn chúng mới có thể qua được nơi này。 Sau khi chiến thắng có thể thu hoạch chiến lợi phẩm。,
60026,7,60726,,s==9|Địch Quân,,25506,56026,,,,,,s==138|Nơi này bị quân địch chiếm đóng， phải đánh bại bọn chúng mới có thể qua được nơi này。 Sau khi chiến thắng có thể thu hoạch chiến lợi phẩm。,
60027,7,60727,,s==9|Địch Quân,,24502,56027,,,,,,s==138|Nơi này bị quân địch chiếm đóng， phải đánh bại bọn chúng mới có thể qua được nơi này。 Sau khi chiến thắng có thể thu hoạch chiến lợi phẩm。,
60028,7,60728,,s==9|Địch Quân,,22501,56028,,,,,,s==138|Nơi này bị quân địch chiếm đóng， phải đánh bại bọn chúng mới có thể qua được nơi này。 Sau khi chiến thắng có thể thu hoạch chiến lợi phẩm。,
60029,7,60729,,s==9|Địch Quân,,21504,56029,,,,,,s==138|Nơi này bị quân địch chiếm đóng， phải đánh bại bọn chúng mới có thể qua được nơi này。 Sau khi chiến thắng có thể thu hoạch chiến lợi phẩm。,
60030,7,60730,,s==9|Địch Quân,,21510,56030,,,,,,s==138|Nơi này bị quân địch chiếm đóng， phải đánh bại bọn chúng mới có thể qua được nơi này。 Sau khi chiến thắng có thể thu hoạch chiến lợi phẩm。,
60031,7,60731,,s==9|Địch Quân,,24510,56031,,,,,,s==138|Nơi này bị quân địch chiếm đóng， phải đánh bại bọn chúng mới có thể qua được nơi này。 Sau khi chiến thắng có thể thu hoạch chiến lợi phẩm。,
60032,7,60732,,s==9|Địch Quân,,25503,56032,,,,,,s==138|Nơi này bị quân địch chiếm đóng， phải đánh bại bọn chúng mới có thể qua được nơi này。 Sau khi chiến thắng có thể thu hoạch chiến lợi phẩm。,
60033,7,60733,,s==9|Địch Quân,,23504,56033,,,,,,s==138|Nơi này bị quân địch chiếm đóng， phải đánh bại bọn chúng mới có thể qua được nơi này。 Sau khi chiến thắng có thể thu hoạch chiến lợi phẩm。,
60034,7,60734,,s==9|Địch Quân,,24504,56034,,,,,,s==138|Nơi này bị quân địch chiếm đóng， phải đánh bại bọn chúng mới có thể qua được nơi này。 Sau khi chiến thắng có thể thu hoạch chiến lợi phẩm。,
60035,7,60735,,s==9|Địch Quân,,24510,56035,,,,,,s==138|Nơi này bị quân địch chiếm đóng， phải đánh bại bọn chúng mới có thể qua được nơi này。 Sau khi chiến thắng có thể thu hoạch chiến lợi phẩm。,
60036,7,60736,,s==9|Địch Quân,,21505,56036,,,,,,s==138|Nơi này bị quân địch chiếm đóng， phải đánh bại bọn chúng mới có thể qua được nơi này。 Sau khi chiến thắng có thể thu hoạch chiến lợi phẩm。,
60037,7,60737,,s==9|Địch Quân,,22509,56037,,,,,,s==138|Nơi này bị quân địch chiếm đóng， phải đánh bại bọn chúng mới có thể qua được nơi này。 Sau khi chiến thắng có thể thu hoạch chiến lợi phẩm。,
60038,7,60738,,s==9|Địch Quân,,21505,56038,,,,,,s==138|Nơi này bị quân địch chiếm đóng， phải đánh bại bọn chúng mới có thể qua được nơi này。 Sau khi chiến thắng có thể thu hoạch chiến lợi phẩm。,
60039,7,60739,,s==9|Địch Quân,,24508,56039,,,,,,s==138|Nơi này bị quân địch chiếm đóng， phải đánh bại bọn chúng mới có thể qua được nơi này。 Sau khi chiến thắng có thể thu hoạch chiến lợi phẩm。,
60040,7,60740,,s==9|Địch Quân,,22511,56040,,,,,,s==138|Nơi này bị quân địch chiếm đóng， phải đánh bại bọn chúng mới có thể qua được nơi này。 Sau khi chiến thắng có thể thu hoạch chiến lợi phẩm。,
60041,7,60741,,s==9|Địch Quân,,22501,56041,,,,,,s==138|Nơi này bị quân địch chiếm đóng， phải đánh bại bọn chúng mới có thể qua được nơi này。 Sau khi chiến thắng có thể thu hoạch chiến lợi phẩm。,
60042,7,60742,,s==9|Địch Quân,,22507,56042,,,,,,s==138|Nơi này bị quân địch chiếm đóng， phải đánh bại bọn chúng mới có thể qua được nơi này。 Sau khi chiến thắng có thể thu hoạch chiến lợi phẩm。,
60043,7,60743,,s==9|Địch Quân,,24513,56043,,,,,,s==138|Nơi này bị quân địch chiếm đóng， phải đánh bại bọn chúng mới có thể qua được nơi này。 Sau khi chiến thắng có thể thu hoạch chiến lợi phẩm。,
60044,7,60744,,s==9|Địch Quân,,23508,56044,,,,,,s==138|Nơi này bị quân địch chiếm đóng， phải đánh bại bọn chúng mới có thể qua được nơi này。 Sau khi chiến thắng có thể thu hoạch chiến lợi phẩm。,
60045,7,60745,,s==9|Địch Quân,,25503,56045,,,,,,s==138|Nơi này bị quân địch chiếm đóng， phải đánh bại bọn chúng mới có thể qua được nơi này。 Sau khi chiến thắng có thể thu hoạch chiến lợi phẩm。,
60046,7,60746,,s==9|Địch Quân,,24510,56046,,,,,,s==138|Nơi này bị quân địch chiếm đóng， phải đánh bại bọn chúng mới có thể qua được nơi này。 Sau khi chiến thắng có thể thu hoạch chiến lợi phẩm。,
60047,7,60747,,s==9|Địch Quân,,23503,56047,,,,,,s==138|Nơi này bị quân địch chiếm đóng， phải đánh bại bọn chúng mới có thể qua được nơi này。 Sau khi chiến thắng có thể thu hoạch chiến lợi phẩm。,
60048,7,60748,,s==9|Địch Quân,,24508,56048,,,,,,s==138|Nơi này bị quân địch chiếm đóng， phải đánh bại bọn chúng mới có thể qua được nơi này。 Sau khi chiến thắng có thể thu hoạch chiến lợi phẩm。,
60049,7,60749,,s==9|Địch Quân,,24506,56049,,,,,,s==138|Nơi này bị quân địch chiếm đóng， phải đánh bại bọn chúng mới có thể qua được nơi này。 Sau khi chiến thắng có thể thu hoạch chiến lợi phẩm。,
60050,7,60750,,s==9|Địch Quân,,22509,56050,,,,,,s==138|Nơi này bị quân địch chiếm đóng， phải đánh bại bọn chúng mới có thể qua được nơi này。 Sau khi chiến thắng có thể thu hoạch chiến lợi phẩm。,
60051,7,60751,,s==9|Địch Quân,,21505,56051,,,,,,s==138|Nơi này bị quân địch chiếm đóng， phải đánh bại bọn chúng mới có thể qua được nơi này。 Sau khi chiến thắng có thể thu hoạch chiến lợi phẩm。,
60052,7,60752,,s==9|Địch Quân,,24502,56052,,,,,,s==138|Nơi này bị quân địch chiếm đóng， phải đánh bại bọn chúng mới có thể qua được nơi này。 Sau khi chiến thắng có thể thu hoạch chiến lợi phẩm。,
60053,5,60501,,s==9|Rương báu,,6501,,,,,,,,
60054,5,60502,,s==9|Rương báu,,6502,,,,,,,,
60055,5,60503,,s==9|Rương báu,,6503,,,,,,,,
60056,5,60504,,s==9|Rương báu,,6504,,,,,,,,
60057,5,60505,,s==9|Rương báu,,6505,,,,,,,,
60058,5,60506,,s==9|Rương báu,,6506,,,,,,,,
60059,5,60507,,s==9|Rương báu,,6507,,,,,,,,
60060,5,60508,,s==9|Rương báu,,6508,,,,,,,,
60061,9,60901,,s==9|Mở khóa ô,,,,,,,s==49|3|4|5|6|7|8|9|10|20|22|21|23|24|25|26|38|39|43|55,,,
60062,9,60902,,s==9|Mở khóa ô,,,,,,,s==364|11|12|13|14|27|28|29|30|31|40|41|42|44|45|46|47|48|49|56|57|58|59|60|61|62|63|64|65|66|67|73|74|75|76|77|78|79|80|81|82|83|84|94|97|98|99|100|101|102|116|117|118|119|120|121|122|123|124|125|126|136|139|140|141|142|143|144|159|160|161|162|177|178|179|180|196|197|198|15|16|17|18|32|33|34|35|36|50|51|52|53|54|68|69|70|71|72|85|86|87|88|89|90|103|104|105|106|107|108,,,
60063,9,60903,,s==9|Mở khóa ô,,,,,,,s==166|91|92|93|95|96|115|109|110|111|112|113|114|116|127|128|129|130|131|132|133|145|146|147|148|149|150|151|152|163|164|165|166|167|168|169|181|182|183|184|185|186|187|204,,,
60064,9,60904,,s==9|Mở khóa ô,,,,,,,s==287|134|135|137|138|153|154|155|156|157|158|170|171|172|173|174|175|176|188|189|190|191|192|193|194|195|205|206|207|208|209|210|211|212|213|214|215|216|223|224|225|226|227|228|229|230|231|232|233|234|241|242|243|244|245|246|247|248|249|250|251|252|260|261|262|263|264|265|266|267|268|269|270,,,
60065,10,61001,,s==15|Hồi ức khai màn,,6022,,,,,,,,
60066,10,61002,,s==51|Diễn biến kế hoạch Đông dương Tây kích tại Diên Tân,,6008,,,,,,,,
60067,10,61003,,s==24|Diễn biến đốt lương thảo,,6016,,,,,,,,
60068,10,61006,,s==29|Kết thúc diễn biến Viên Thiệu,,6021,,,,,,,,
60069,11,61101,,s==19|Đối thoại Quách Gia,s==8|j_duihua,21507,6001,,,,,,,
60070,11,61102,,s==22|Đối thoại binh sĩ Ngụy,s==8|j_duihua,21101,6004,,,,,,,
60071,11,61103,,s==18|Đối thoại Từ Hoảng,s==8|j_duihua,21403,6005,,,,,,,
60072,11,61104,,s==17|Đối thoại Tuân Úc,s==8|j_duihua,21401,6006,,,,,,,
60073,11,61105,,s==16|Đối thoại Hứa Du,s==8|j_duihua,21405,6011,,,,,,,
60074,11,61111,,s==20|Đối thoại Viên Thiệu,s==8|j_duihua,24502,6035,,,,,,,
60075,13,61301,,s==19|Đông dương Tây kích,,,,,,,s==142|148|14|40014,150|14|40014,173|14|40014,174|14|40014,175|14|40014,192|14|40014,193|14|40014,194|14|40014,210|14|40014,211|14|40014,176|24|40024,,,
60076,13,61302,,s==24|Lộ trình bí ẩn xuất hiện,,,,,,,s==37|125|14|40014,142|14|40014,57|14|40014,,,
60077,13,61303,,s==43|Đốt lương thảo làm giảm binh lực Viên Thiệu,,,,,,,s==310|32|14|40014,33|14|40014,34|14|40014,35|14|40014,50|14|40014,51|14|40014,52|14|40014,53|14|40014,54|14|40014,68|14|40014,69|14|40014,70|14|40014,71|14|40014,72|14|40014,86|14|40014,87|14|40014,89|14|40014,90|14|40014,105|14|40014,107|14|40014,4|14|40014,6|14|40014,8|14|40014,22|14|40014,24|14|40014,26|14|40014,,,
60078,4,60401,,s==19|Quân doanh đặc biệt,,18,,,,,,,s==111|Mời một vị tướng trợ giúp ngươi hoàn thành chuyến viễn chinh này， chạm giữ vào ảnh tướng để xem thông tin tướng,
60079,4,60402,,s==19|Quân doanh đặc biệt,,19,,,,,,,s==111|Mời một vị tướng trợ giúp ngươi hoàn thành chuyến viễn chinh này， chạm giữ vào ảnh tướng để xem thông tin tướng,
60080,13,61304,,s==36|Từ Hoảng chỉ dẫn lối đi cho nhân vật,,,,,,,s==12|116|14|40014,,,
70001,7,70701,,s==9|Vô Thường,,25501,57001,,,,,,s==138|Nơi này bị quân địch chiếm đóng， phải đánh bại bọn chúng mới có thể qua được nơi này。 Sau khi chiến thắng có thể thu hoạch chiến lợi phẩm。,
70002,7,70702,,s==10|Độc Hoa Đà,,25514,57002,,,,,,s==138|Nơi này bị quân địch chiếm đóng， phải đánh bại bọn chúng mới có thể qua được nơi này。 Sau khi chiến thắng có thể thu hoạch chiến lợi phẩm。,
70003,7,70703,,s==9|Hào Thịnh,,22404,57003,,,,,,s==138|Nơi này bị quân địch chiếm đóng， phải đánh bại bọn chúng mới có thể qua được nơi này。 Sau khi chiến thắng có thể thu hoạch chiến lợi phẩm。,
70004,7,70704,,s==7|Dũng sĩ,,21101,57004,,,,,,s==138|Nơi này bị quân địch chiếm đóng， phải đánh bại bọn chúng mới có thể qua được nơi này。 Sau khi chiến thắng có thể thu hoạch chiến lợi phẩm。,
70005,7,70705,,s==7|Quỷ vật,,25501,57005,,,,,,s==138|Nơi này bị quân địch chiếm đóng， phải đánh bại bọn chúng mới có thể qua được nơi này。 Sau khi chiến thắng có thể thu hoạch chiến lợi phẩm。,
70006,7,70706,,s==15|Địa bỉ lưu manh,,23101,57006,,,,,,s==138|Nơi này bị quân địch chiếm đóng， phải đánh bại bọn chúng mới có thể qua được nơi này。 Sau khi chiến thắng có thể thu hoạch chiến lợi phẩm。,
70007,7,70707,,s==16|Nữ nhân đứt chân,,25404,57007,,,,,,s==138|Nơi này bị quân địch chiếm đóng， phải đánh bại bọn chúng mới có thể qua được nơi này。 Sau khi chiến thắng có thể thu hoạch chiến lợi phẩm。,
70008,7,70708,,s==8|Thôn Dân,,24503,57008,,,,,,s==138|Nơi này bị quân địch chiếm đóng， phải đánh bại bọn chúng mới có thể qua được nơi này。 Sau khi chiến thắng có thể thu hoạch chiến lợi phẩm。,
70009,7,70709,,s==8|Thôn Dân,,22504,57009,,,,,,s==138|Nơi này bị quân địch chiếm đóng， phải đánh bại bọn chúng mới có thể qua được nơi này。 Sau khi chiến thắng có thể thu hoạch chiến lợi phẩm。,
70010,7,70710,,s==8|Thôn Dân,,23508,57010,,,,,,s==138|Nơi này bị quân địch chiếm đóng， phải đánh bại bọn chúng mới có thể qua được nơi này。 Sau khi chiến thắng có thể thu hoạch chiến lợi phẩm。,
70011,7,70711,,s==8|Thôn Dân,,24510,57011,,,,,,s==138|Nơi này bị quân địch chiếm đóng， phải đánh bại bọn chúng mới có thể qua được nơi này。 Sau khi chiến thắng có thể thu hoạch chiến lợi phẩm。,
70012,7,70712,,s==8|Thôn Dân,,25506,57012,,,,,,s==138|Nơi này bị quân địch chiếm đóng， phải đánh bại bọn chúng mới có thể qua được nơi này。 Sau khi chiến thắng có thể thu hoạch chiến lợi phẩm。,
70013,7,70713,,s==8|Thôn Dân,,21503,57013,,,,,,s==138|Nơi này bị quân địch chiếm đóng， phải đánh bại bọn chúng mới có thể qua được nơi này。 Sau khi chiến thắng có thể thu hoạch chiến lợi phẩm。,
70014,7,70714,,s==8|Thôn Dân,,23503,57014,,,,,,s==138|Nơi này bị quân địch chiếm đóng， phải đánh bại bọn chúng mới có thể qua được nơi này。 Sau khi chiến thắng có thể thu hoạch chiến lợi phẩm。,
70015,7,70715,,s==8|Thôn Dân,,22507,57015,,,,,,s==138|Nơi này bị quân địch chiếm đóng， phải đánh bại bọn chúng mới có thể qua được nơi này。 Sau khi chiến thắng có thể thu hoạch chiến lợi phẩm。,
70016,7,70716,,s==8|Thôn Dân,,24504,57016,,,,,,s==138|Nơi này bị quân địch chiếm đóng， phải đánh bại bọn chúng mới có thể qua được nơi này。 Sau khi chiến thắng có thể thu hoạch chiến lợi phẩm。,
70017,7,70717,,s==8|Thôn Dân,,24504,57017,,,,,,s==138|Nơi này bị quân địch chiếm đóng， phải đánh bại bọn chúng mới có thể qua được nơi này。 Sau khi chiến thắng có thể thu hoạch chiến lợi phẩm。,
70018,7,70718,,s==8|Thôn Dân,,24503,57018,,,,,,s==138|Nơi này bị quân địch chiếm đóng， phải đánh bại bọn chúng mới có thể qua được nơi này。 Sau khi chiến thắng có thể thu hoạch chiến lợi phẩm。,
70019,7,70719,,s==8|Thôn Dân,,22504,57019,,,,,,s==138|Nơi này bị quân địch chiếm đóng， phải đánh bại bọn chúng mới có thể qua được nơi này。 Sau khi chiến thắng có thể thu hoạch chiến lợi phẩm。,
70020,7,70720,,s==8|Thôn Dân,,23508,57020,,,,,,s==138|Nơi này bị quân địch chiếm đóng， phải đánh bại bọn chúng mới có thể qua được nơi này。 Sau khi chiến thắng có thể thu hoạch chiến lợi phẩm。,
70021,7,70721,,s==8|Thôn Dân,,24510,57021,,,,,,s==138|Nơi này bị quân địch chiếm đóng， phải đánh bại bọn chúng mới có thể qua được nơi này。 Sau khi chiến thắng có thể thu hoạch chiến lợi phẩm。,
70022,7,70722,,s==8|Thôn Dân,,21508,57022,,,,,,s==138|Nơi này bị quân địch chiếm đóng， phải đánh bại bọn chúng mới có thể qua được nơi này。 Sau khi chiến thắng có thể thu hoạch chiến lợi phẩm。,
70023,7,70723,,s==8|Thôn Dân,,21508,57023,,,,,,s==138|Nơi này bị quân địch chiếm đóng， phải đánh bại bọn chúng mới có thể qua được nơi này。 Sau khi chiến thắng có thể thu hoạch chiến lợi phẩm。,
70024,7,70724,,s==8|Thôn Dân,,23510,57024,,,,,,s==138|Nơi này bị quân địch chiếm đóng， phải đánh bại bọn chúng mới có thể qua được nơi này。 Sau khi chiến thắng có thể thu hoạch chiến lợi phẩm。,
70025,7,70725,,s==8|Thôn Dân,,23507,57025,,,,,,s==138|Nơi này bị quân địch chiếm đóng， phải đánh bại bọn chúng mới có thể qua được nơi này。 Sau khi chiến thắng có thể thu hoạch chiến lợi phẩm。,
70026,7,70726,,s==8|Thôn Dân,,23507,57026,,,,,,s==138|Nơi này bị quân địch chiếm đóng， phải đánh bại bọn chúng mới có thể qua được nơi này。 Sau khi chiến thắng có thể thu hoạch chiến lợi phẩm。,
70027,7,70727,,s==8|Thôn Dân,,25504,57027,,,,,,s==138|Nơi này bị quân địch chiếm đóng， phải đánh bại bọn chúng mới có thể qua được nơi này。 Sau khi chiến thắng có thể thu hoạch chiến lợi phẩm。,
70028,7,70728,,s==10|Thiên thần,,22504,57028,,,,,,s==138|Nơi này bị quân địch chiếm đóng， phải đánh bại bọn chúng mới có thể qua được nơi này。 Sau khi chiến thắng có thể thu hoạch chiến lợi phẩm。,
70029,7,70729,,s==10|Thiên thần,,24504,57029,,,,,,s==138|Nơi này bị quân địch chiếm đóng， phải đánh bại bọn chúng mới có thể qua được nơi này。 Sau khi chiến thắng có thể thu hoạch chiến lợi phẩm。,
70030,7,70730,,s==10|Thiên thần,,24506,57030,,,,,,s==138|Nơi này bị quân địch chiếm đóng， phải đánh bại bọn chúng mới có thể qua được nơi này。 Sau khi chiến thắng có thể thu hoạch chiến lợi phẩm。,
70031,7,70731,,s==8|Thôn Dân,,21508,57031,,,,,,s==138|Nơi này bị quân địch chiếm đóng， phải đánh bại bọn chúng mới có thể qua được nơi này。 Sau khi chiến thắng có thể thu hoạch chiến lợi phẩm。,
70032,7,70732,,s==16|Vệ binh Tào Tháo,,21503,57032,,,,,,s==138|Nơi này bị quân địch chiếm đóng， phải đánh bại bọn chúng mới có thể qua được nơi này。 Sau khi chiến thắng có thể thu hoạch chiến lợi phẩm。,
70033,7,70733,,s==16|Vệ binh Tào Tháo,,21508,57033,,,,,,s==138|Nơi này bị quân địch chiếm đóng， phải đánh bại bọn chúng mới có thể qua được nơi này。 Sau khi chiến thắng có thể thu hoạch chiến lợi phẩm。,
70034,7,70734,,s==16|Vệ binh Tào Tháo,,21505,57034,,,,,,s==138|Nơi này bị quân địch chiếm đóng， phải đánh bại bọn chúng mới có thể qua được nơi này。 Sau khi chiến thắng có thể thu hoạch chiến lợi phẩm。,
70035,7,70735,,s==8|Tào Tháo,,25510,57035,,,,,,s==138|Nơi này bị quân địch chiếm đóng， phải đánh bại bọn chúng mới có thể qua được nơi này。 Sau khi chiến thắng có thể thu hoạch chiến lợi phẩm。,
70036,15,71501,,s==25|Truyền tống trận tử sắc 1,,267,1,,,,,,,
70037,15,71502,,s==25|Truyền tống trận tử sắc 2,,209,2,,,,,,,
70038,15,71503,,s==43|Truyền tống trận tử sắc trở về khu vực sinh,,139,2,,,,,,,
70039,15,71504,,s==25|Truyền tống trận bạch sắc,,52,2,,,,,,,
70040,15,71505,,s==26|Truyền tống trận hoàng sắc,,77,2,,,,,,,
70041,15,71506,,s==26|Truyền tống trận cuối cùng,,267,1,,,,,,,
70042,5,70501,,s==13|Rương báu yếu,,7501,,,,,,,,
70043,5,70502,,s==13|Rương báu yếu,,7502,,,,,,,,
70044,5,70503,,s==13|Rương báu yếu,,7503,,,,,,,,
70045,5,70504,,s==13|Rương báu yếu,,7504,,,,,,,,
70046,5,70505,,s==13|Rương báu yếu,,7505,,,,,,,,
70047,5,70506,,s==9|Rương báu,,7506,,,,,,,,
70048,5,70507,,s==9|Rương báu,,7507,,,,,,,,
70049,5,70508,,s==9|Rương báu,,7508,,,,,,,,
70050,5,70509,,s==9|Rương báu,,7509,,,,,,,,
70051,5,70510,,s==9|Rương báu,,7510,,,,,,,,
70052,5,70511,,s==9|Rương báu,,7511,,,,,,,,
70053,5,70512,,s==9|Rương báu,,7512,,,,,,,,
70054,5,70513,,s==9|Rương báu,,7513,,,,,,,,
70055,4,70401,,s==19|Quân doanh đặc biệt,,15,,,,,,,s==111|Mời một vị tướng trợ giúp ngươi hoàn thành chuyến viễn chinh này， chạm giữ vào ảnh tướng để xem thông tin tướng,
70056,4,70402,,s==19|Quân doanh đặc biệt,,16,,,,,,,s==111|Mời một vị tướng trợ giúp ngươi hoàn thành chuyến viễn chinh này， chạm giữ vào ảnh tướng để xem thông tin tướng,
70057,4,70403,,s==19|Quân doanh đặc biệt,,17,,,,,,,s==111|Mời một vị tướng trợ giúp ngươi hoàn thành chuyến viễn chinh này， chạm giữ vào ảnh tướng để xem thông tin tướng,
70058,8,70801,,s==14|Tam Sinh Thạch,,,,,,,,,s==14|Tam Sinh Thạch,
70059,17,71701,,s==37|Chuyển đổi sự kiện xuất trận nhân vật,,21501,,,,,,,,
70060,11,71101,,s==28|Dùng để hiển thị Điêu Thuyền,,25507,1001,,,,,,,
70061,11,71102,,s==28|Dùng để hiển thị Điêu Thuyền,,23503,1001,,,,,,,
70062,11,71103,,s==28|Dùng để hiển thị Điêu Thuyền,,23508,1001,,,,,,,
70063,11,71104,,s==28|Dùng để hiển thị Điêu Thuyền,,23504,1001,,,,,,,
70064,11,71105,,s==28|Dùng để hiển thị Điêu Thuyền,,21503,1001,,,,,,,
70065,11,71106,,s==22|Đối thoại với hào thần,s==8|j_duihua,22404,7016,,,,,,,
70066,11,71107,,s==32|Đối thoại với dũng sĩ và binh vệ,s==8|j_duihua,23502,7025,,,,,,,
70067,11,71108,,s==24|Bị Ma Hoa Đà thuyết phục,s==8|j_duihua,25514,7047,,,,,,,
70068,11,71109,,s==43|Đối thoại với Quan Vũ (5 thần trận cản trở),s==8|j_duihua,22504,7057,,,,,,,
70069,11,71110,,s==22|Đối thoại với Tào Tháo,s==8|j_duihua,25510,7059,,,,,,,
70070,9,70901,,s==9|Mở khóa ô,,,,,,,s==131|81|82|83|84|85|97|98|99|100|113|101|114|115|116|117|129|130|131|132|133|145|146|147|148|149|161|162|163|164|165|177|178|179|180|181,,,
70071,9,70902,,s==9|Mở khóa ô,,,,,,,s==124|86|87|88|102|103|104|105|106|118|119|120|121|122|134|135|136|137|138|139|150|151|152|153|154|166|167|168|169|170|182|183|184,,,
70072,9,70903,,s==22|Mở khóa ô vùng xanh lá,,,,,,,s==151|194|209|210|211|212|213|214|225|226|227|229|228|230|241|242|243|244|245|246|247|257|258|259|260|261|262|263|273|274|275|276|277|289|290|291|292|293|294,,,
70073,9,70904,,s==24|Mở khóa ô vùng cuối cùng,,,,,,,s==155|206|216|217|218|219|220|221|222|223|224|232|233|234|235|236|237|238|239|240|248|249|250|251|252|253|254|255|256|264|265|266|267|268|269|270|271|272|282|283,,,
70074,9,70905,,s==20|Mở khóa ô vùng trắng,,,,,,,s==182|67|1|2|3|4|5|6|7|8|9|11|10|12|13|14|15|16|17|18|19|20|21|22|23|24|25|26|27|28|29|30|31|32|33|35|36|37|38|39|40|41|42|43|44|45|46|47|48|49|50|51|52|53|54|55|56|57|58|59|60|61|62|63|64,,,
70075,9,70906,,s==19|Mở khóa ô vùng vàng,,,,,,,s==148|76|77|78|79|80|91|92|93|94|96|95|108|109|110|111|112|124|125|126|127|128|141|142|143|144|156|157|158|159|160|172|173|174|175|176|188|189|190|191|192,,,
70076,13,71301,,s==22|Hiển thị lối đi Tầng 1,,,,,,,s==25|194|13|40013,209|13|40013,,,
70077,13,71302,,s==22|Hiển thị lối đi Tầng 2,,,,,,,s==23|67|13|40013,51|13|40013,,,
70078,13,71303,,s==22|Hiển thị lối đi Tầng 3,,,,,,,s==35|57|13|40013,58|13|40013,59|13|40013,,,
70079,13,71304,,s==22|Hiển thị lối đi Tầng 4,,,,,,,s==51|206|13|40013,219|13|40013,220|13|40013,221|13|40013,,,
70080,13,71305,,s==35|Bảo rương binh biến thành chiến đấu,,,,,,,s==12|120|13|40013,,,
70081,13,71306,,s==33|Mỹ nhân binh biến thành chiến đấu,,,,,,,s==12|152|13|40013,,,
70082,13,71307,,s==18|Bảo rương biến mất,,,,,,,s==62|87|13|40013,88|13|40013,103|13|40013,104|13|40013,105|13|40013,,,
70083,13,71308,,s==16|Mỹ nhân biến mất,,,,,,,s==64|167|13|40013,168|13|40013,169|13|40013,183|13|40013,184|13|40013,,,
70084,13,71309,,s==23|Thiêu hủy 1 thôn Tầng 1,,,,,,,s==25|214|13|40013,230|13|40013,,,
70085,13,71310,,s==23|Thiêu hủy 2 thôn Tầng 2,,,,,,,s==25|291|13|40013,293|13|40013,,,
70086,13,71311,,s==23|Thiêu hủy 3 thôn Tầng 3,,,,,,,s==22|3|13|40013,35|13|40013,,,
70087,13,71312,,s==23|Thiêu hủy 4 thôn Tầng 4,,,,,,,s==23|22|13|40013,24|13|40013,,,
70088,13,71313,,s==23|Thiêu hủy 5 thôn Tầng 5,,,,,,,s==142|156|13|40013,157|13|40013,159|13|40013,172|13|40013,173|13|40013,175|13|40013,176|13|40013,188|13|40013,189|13|40013,191|13|40013,192|13|40013,,,
70089,13,71314,,s==39|Khương Duy biến thành sự kiện chiến đấu,,,,,,,s==38|126|13|40013,142|13|40013,143|13|40013,,,
70090,10,71001,,s==15|Hồi ức khai màn,,7001,,,,,,,,
70091,10,71002,,s==32|Xem xong kịch bản Tam Sinh Thạch,,6008,,,,,,,,
70092,10,71003,,s==27|Đánh xong kịch bản hào thần,,7022,,,,,,,,
70093,10,71004,,s==33|Cứu xong dũng sĩ binh vệ kịch bản,,7028,,,,,,,,
70094,10,71005,,s==41|Thiêu hủy thôn đầu góc trái dưới kịch bản,,7054,,,,,,,,
70095,10,71006,,s==45|Thiêu hủy thôn thứ hai góc trái dưới kịch bản,,7055,,,,,,,,
70096,10,71007,,s==32|Thiêu hủy 3 thôn Tầng 3 kịch bản,,7054,,,,,,,,
70097,10,71008,,s==32|Thiêu hủy 4 thôn Tầng 4 kịch bản,,7055,,,,,,,,
70098,10,71009,,s==32|Thiêu hủy 5 thôn Tầng 5 kịch bản,,7056,,,,,,,,
70099,10,71010,,s==27|Đánh xong kịch bản Tào Tháo,,7061,,,,,,,,
70100,10,71011,,s==28|Vô Thường đánh xong kịch bản,,7008,,,,,,,,
70101,10,71012,,s==20|Đánh chết Độc Hoa Đà,,7013,,,,,,,,
70102,11,71111,,s==18|Kịch bản Vô Thường,s==8|j_duihua,25501,7003,,,,,,,
70103,11,71112,,s==21|Lần đầu gặp Ma Hoa Đà,s==8|j_duihua,25514,7009,,,,,,,
70104,10,71013,,s==18|Cứu người gãy chân,,7046,,,,,,,,
70105,11,71113,,s==18|Cứu người gãy chân,s==8|j_duihua,21101,7041,,,,,,,
70106,10,71014,,s==12|Cứu mẹ người,,7039,,,,,,,,
70107,11,71114,,s==17|Cứu người Mộc Cầm,s==8|j_duihua,23101,7032,,,,,,,
80001,7,80701,,s==18|Địa Ngục Ảo Ảnh·Ma,,25507,50801,,,,,,s==138|Nơi này bị quân địch chiếm đóng， phải đánh bại bọn chúng mới có thể qua được nơi này。 Sau khi chiến thắng có thể thu hoạch chiến lợi phẩm。,
80002,7,80702,,s==18|Địa Ngục Ảo Ảnh·Ma,,25503,50802,,,,,,s==138|Nơi này bị quân địch chiếm đóng， phải đánh bại bọn chúng mới có thể qua được nơi này。 Sau khi chiến thắng có thể thu hoạch chiến lợi phẩm。,
80003,7,80703,,s==18|Địa Ngục Ảo Ảnh·Ma,,25506,50803,,,,,,s==138|Nơi này bị quân địch chiếm đóng， phải đánh bại bọn chúng mới có thể qua được nơi này。 Sau khi chiến thắng có thể thu hoạch chiến lợi phẩm。,
80004,7,80704,,s==18|Địa Ngục Ảo Ảnh·Ma,,25509,50804,,,,,,s==138|Nơi này bị quân địch chiếm đóng， phải đánh bại bọn chúng mới có thể qua được nơi này。 Sau khi chiến thắng có thể thu hoạch chiến lợi phẩm。,
80005,7,80705,,s==18|Địa Ngục Ảo Ảnh·Ma,,25513,50805,,,,,,s==138|Nơi này bị quân địch chiếm đóng， phải đánh bại bọn chúng mới có thể qua được nơi này。 Sau khi chiến thắng có thể thu hoạch chiến lợi phẩm。,
80006,7,80706,,s==18|Địa Ngục Ảo Ảnh·Ma,,25510,50806,,,,,,s==138|Nơi này bị quân địch chiếm đóng， phải đánh bại bọn chúng mới có thể qua được nơi này。 Sau khi chiến thắng có thể thu hoạch chiến lợi phẩm。,
80007,7,80707,,s==18|Địa Ngục Ảo Ảnh·Ma,,25507,50807,,,,,,s==138|Nơi này bị quân địch chiếm đóng， phải đánh bại bọn chúng mới có thể qua được nơi này。 Sau khi chiến thắng có thể thu hoạch chiến lợi phẩm。,
80008,7,80708,,s==18|Địa Ngục Ảo Ảnh·Ma,,25503,50808,,,,,,s==138|Nơi này bị quân địch chiếm đóng， phải đánh bại bọn chúng mới có thể qua được nơi này。 Sau khi chiến thắng có thể thu hoạch chiến lợi phẩm。,
80009,7,80709,,s==18|Địa Ngục Ảo Ảnh·Ma,,25506,50809,,,,,,s==138|Nơi này bị quân địch chiếm đóng， phải đánh bại bọn chúng mới có thể qua được nơi này。 Sau khi chiến thắng có thể thu hoạch chiến lợi phẩm。,
80010,7,80710,,s==18|Địa Ngục Ảo Ảnh·Ma,,25514,50810,,,,,,s==138|Nơi này bị quân địch chiếm đóng， phải đánh bại bọn chúng mới có thể qua được nơi này。 Sau khi chiến thắng có thể thu hoạch chiến lợi phẩm。,
80011,7,80711,,s==17|Ảo Ảnh·Thái Sử Từ,,23506,50811,,,,,,s==138|Nơi này bị quân địch chiếm đóng， phải đánh bại bọn chúng mới có thể qua được nơi này。 Sau khi chiến thắng có thể thu hoạch chiến lợi phẩm。,
80012,7,80712,,s==15|Ảo Ảnh·Cam Ninh,,23507,50812,,,,,,s==138|Nơi này bị quân địch chiếm đóng， phải đánh bại bọn chúng mới có thể qua được nơi này。 Sau khi chiến thắng có thể thu hoạch chiến lợi phẩm。,
80013,7,80713,,s==19|Địa Ngục Ảo Ảnh·Ngô,,23503,50813,,,,,,s==138|Nơi này bị quân địch chiếm đóng， phải đánh bại bọn chúng mới có thể qua được nơi này。 Sau khi chiến thắng có thể thu hoạch chiến lợi phẩm。,
80014,7,80714,,s==19|Địa Ngục Ảo Ảnh·Ngô,,23504,50814,,,,,,s==138|Nơi này bị quân địch chiếm đóng， phải đánh bại bọn chúng mới có thể qua được nơi này。 Sau khi chiến thắng có thể thu hoạch chiến lợi phẩm。,
80015,7,80715,,s==14|Ảo Ảnh·Quan Vũ,,22504,50815,,,,,,s==138|Nơi này bị quân địch chiếm đóng， phải đánh bại bọn chúng mới có thể qua được nơi này。 Sau khi chiến thắng có thể thu hoạch chiến lợi phẩm。,
80016,7,80716,,s==19|Địa Ngục Ảo Ảnh·Ngô,,22508,50816,,,,,,s==138|Nơi này bị quân địch chiếm đóng， phải đánh bại bọn chúng mới có thể qua được nơi này。 Sau khi chiến thắng có thể thu hoạch chiến lợi phẩm。,
80017,7,80717,,s==20|Địa Ngục Ảo Ảnh·Thục,,22507,50817,,,,,,s==138|Nơi này bị quân địch chiếm đóng， phải đánh bại bọn chúng mới có thể qua được nơi này。 Sau khi chiến thắng có thể thu hoạch chiến lợi phẩm。,
80018,7,80718,,s==20|Địa Ngục Ảo Ảnh·Thục,,22509,50818,,,,,,s==138|Nơi này bị quân địch chiếm đóng， phải đánh bại bọn chúng mới có thể qua được nơi này。 Sau khi chiến thắng có thể thu hoạch chiến lợi phẩm。,
80019,7,80719,,s==20|Địa Ngục Ảo Ảnh·Thục,,22511,50819,,,,,,s==138|Nơi này bị quân địch chiếm đóng， phải đánh bại bọn chúng mới có thể qua được nơi này。 Sau khi chiến thắng có thể thu hoạch chiến lợi phẩm。,
80020,7,80720,,s==20|Địa Ngục Ảo Ảnh·Thục,,22502,50820,,,,,,s==138|Nơi này bị quân địch chiếm đóng， phải đánh bại bọn chúng mới có thể qua được nơi này。 Sau khi chiến thắng có thể thu hoạch chiến lợi phẩm。,
80021,7,80721,,s==20|Địa Ngục Ảo Ảnh·Thục,,22501,50821,,,,,,s==138|Nơi này bị quân địch chiếm đóng， phải đánh bại bọn chúng mới có thể qua được nơi này。 Sau khi chiến thắng có thể thu hoạch chiến lợi phẩm。,
80022,7,80722,,s==20|Địa Ngục Ảo Ảnh·Thục,,22504,50822,,,,,,s==138|Nơi này bị quân địch chiếm đóng， phải đánh bại bọn chúng mới có thể qua được nơi này。 Sau khi chiến thắng có thể thu hoạch chiến lợi phẩm。,
80023,7,80723,,s==20|Địa Ngục Ảo Ảnh·Thục,,22507,50823,,,,,,s==138|Nơi này bị quân địch chiếm đóng， phải đánh bại bọn chúng mới có thể qua được nơi này。 Sau khi chiến thắng có thể thu hoạch chiến lợi phẩm。,
80024,7,80724,,s==20|Địa Ngục Ảo Ảnh·Thục,,22508,50824,,,,,,s==138|Nơi này bị quân địch chiếm đóng， phải đánh bại bọn chúng mới có thể qua được nơi này。 Sau khi chiến thắng có thể thu hoạch chiến lợi phẩm。,
80025,7,80725,,s==20|Địa Ngục Ảo Ảnh·Ngụy,,21505,50825,,,,,,s==138|Nơi này bị quân địch chiếm đóng， phải đánh bại bọn chúng mới có thể qua được nơi này。 Sau khi chiến thắng có thể thu hoạch chiến lợi phẩm。,
80026,7,80726,,s==20|Địa Ngục Ảo Ảnh·Ngụy,,21504,50826,,,,,,s==138|Nơi này bị quân địch chiếm đóng， phải đánh bại bọn chúng mới có thể qua được nơi này。 Sau khi chiến thắng có thể thu hoạch chiến lợi phẩm。,
80027,7,80727,,s==20|Địa Ngục Ảo Ảnh·Ngụy,,21503,50827,,,,,,s==138|Nơi này bị quân địch chiếm đóng， phải đánh bại bọn chúng mới có thể qua được nơi này。 Sau khi chiến thắng có thể thu hoạch chiến lợi phẩm。,
80028,7,80728,,s==18|Ảo Ảnh·Trương Liêu,,21508,50828,,,,,,s==138|Nơi này bị quân địch chiếm đóng， phải đánh bại bọn chúng mới có thể qua được nơi này。 Sau khi chiến thắng có thể thu hoạch chiến lợi phẩm。,
80029,7,80729,,s==20|Địa Ngục Ảo Ảnh·Ngụy,,21510,50829,,,,,,s==138|Nơi này bị quân địch chiếm đóng， phải đánh bại bọn chúng mới có thể qua được nơi này。 Sau khi chiến thắng có thể thu hoạch chiến lợi phẩm。,
80030,7,80730,,s==15|Ảo Ảnh·Tào Tháo,,25510,50830,,,,,,s==138|Nơi này bị quân địch chiếm đóng， phải đánh bại bọn chúng mới có thể qua được nơi này。 Sau khi chiến thắng có thể thu hoạch chiến lợi phẩm。,
80031,7,80731,,s==17|Ảo Ảnh·Trương Phi,,22502,50831,,,,,,s==138|Nơi này bị quân địch chiếm đóng， phải đánh bại bọn chúng mới có thể qua được nơi này。 Sau khi chiến thắng có thể thu hoạch chiến lợi phẩm。,
80032,7,80732,,s==20|Địa Ngục Ảo Ảnh·Thần,,2450110,50832,,,,,,s==138|Nơi này bị quân địch chiếm đóng， phải đánh bại bọn chúng mới có thể qua được nơi này。 Sau khi chiến thắng có thể thu hoạch chiến lợi phẩm。,
80033,7,80733,,s==20|Địa Ngục Ảo Ảnh·Thần,,24503,50833,,,,,,s==138|Nơi này bị quân địch chiếm đóng， phải đánh bại bọn chúng mới có thể qua được nơi này。 Sau khi chiến thắng có thể thu hoạch chiến lợi phẩm。,
80034,7,80734,,s==20|Địa Ngục Ảo Ảnh·Thần,,24502,50834,,,,,,s==138|Nơi này bị quân địch chiếm đóng， phải đánh bại bọn chúng mới có thể qua được nơi này。 Sau khi chiến thắng có thể thu hoạch chiến lợi phẩm。,
80035,7,80735,,s==20|Địa Ngục Ảo Ảnh·Thần,,24510,50835,,,,,,s==138|Nơi này bị quân địch chiếm đóng， phải đánh bại bọn chúng mới có thể qua được nơi này。 Sau khi chiến thắng có thể thu hoạch chiến lợi phẩm。,
80036,7,80736,,s==20|Địa Ngục Ảo Ảnh·Thần,,24506,50836,,,,,,s==138|Nơi này bị quân địch chiếm đóng， phải đánh bại bọn chúng mới có thể qua được nơi này。 Sau khi chiến thắng có thể thu hoạch chiến lợi phẩm。,
80037,7,80737,,s==20|Địa Ngục Ảo Ảnh·Thần,,24513,50837,,,,,,s==138|Nơi này bị quân địch chiếm đóng， phải đánh bại bọn chúng mới có thể qua được nơi này。 Sau khi chiến thắng có thể thu hoạch chiến lợi phẩm。,
80038,7,80738,,s==12|Thần·Gia Cát,,24508,50838,,,,,,s==138|Nơi này bị quân địch chiếm đóng， phải đánh bại bọn chúng mới có thể qua được nơi này。 Sau khi chiến thắng có thể thu hoạch chiến lợi phẩm。,
80039,17,81701,,s==37|Ma địa khối lặp lại chuyển đổi bản đồ,s==25|icon_usedmechanism_purple,,,,,,s==42|91|2|33|40033,83|2|14|40014,216|2|37|40037,,,
80040,17,81702,,s==37|Ma địa khối lặp lại chuyển đổi bản đồ,s==25|icon_usedmechanism_purple,,,,,,s==42|91|1|33|40033,83|1|14|40014,216|1|37|40037,,,
80041,17,81703,,s==38|Ngô địa khối lặp lại chuyển đổi bản đồ,s==22|icon_usedmechanism_red,,,,,,s==42|231|2|37|40037,23|2|33|40033,317|2|1|40001,,,
80042,17,81704,,s==38|Ngô địa khối lặp lại chuyển đổi bản đồ,s==22|icon_usedmechanism_red,,,,,,s==42|231|1|37|40037,23|1|33|40033,317|1|1|40001,,,
80043,17,81705,,s==39|Thục địa khối lặp lại chuyển đổi bản đồ,s==24|icon_usedmechanism_green,,,,,,s==43|260|2|1|40001,166|2|33|40033,197|2|37|40037,,,
80044,17,81706,,s==39|Thục địa khối lặp lại chuyển đổi bản đồ,s==24|icon_usedmechanism_green,,,,,,s==43|260|1|1|40001,166|1|33|40033,197|1|37|40037,,,
80045,17,81707,,s==39|Ngụy địa khối lặp lại chuyển đổi bản đồ,s==23|icon_usedmechanism_blue,,,,,,s==43|119|2|14|40014,220|2|13|40013,244|2|1|40001,,,
80046,17,81708,,s==39|Ngụy địa khối lặp lại chuyển đổi bản đồ,s==23|icon_usedmechanism_blue,,,,,,s==43|119|1|14|40014,220|1|13|40013,244|1|1|40001,,,
80047,17,81709,,s==39|Thần địa khối lặp lại chuyển đổi bản đồ,s==25|icon_usedmechanism_yellow,,,,,,s==44|221|2|13|40013,256|2|13|40013,174|2|14|40014,,,
80048,17,81710,,s==39|Thần địa khối lặp lại chuyển đổi bản đồ,s==25|icon_usedmechanism_yellow,,,,,,s==44|221|1|13|40013,256|1|13|40013,174|1|14|40014,,,
80049,5,80501,,s==9|Rương báu,,8501,,,,,,,,
80050,5,80502,,s==9|Rương báu,,8502,,,,,,,,
80051,5,80503,,s==9|Rương báu,,8503,,,,,,,,
80052,5,80504,,s==9|Rương báu,,8504,,,,,,,,
80053,5,80505,,s==9|Rương báu,,8505,,,,,,,,
80054,5,80506,,s==9|Rương báu,,8506,,,,,,,,
80055,5,80507,,s==9|Rương báu,,8507,,,,,,,,
80056,4,80401,,s==19|Quân doanh đặc biệt,,15,,,,,,,s==111|Mời một vị tướng trợ giúp ngươi hoàn thành chuyến viễn chinh này， chạm giữ vào ảnh tướng để xem thông tin tướng,
80057,4,80402,,s==19|Quân doanh đặc biệt,,16,,,,,,,s==111|Mời một vị tướng trợ giúp ngươi hoàn thành chuyến viễn chinh này， chạm giữ vào ảnh tướng để xem thông tin tướng,
80058,4,80403,,s==19|Quân doanh đặc biệt,,17,,,,,,,s==111|Mời một vị tướng trợ giúp ngươi hoàn thành chuyến viễn chinh này， chạm giữ vào ảnh tướng để xem thông tin tướng,
80059,15,81501,,s==27|Hồng sắc truyền tống trận 1,,323,1,,,,,,,
80060,15,81502,,s==27|Hồng sắc truyền tống trận 2,,248,1,,,,,,,
80061,15,81503,,s==25|Truyền tống trận tử sắc 1,,109,1,,,,,,,
80062,15,81504,,s==25|Truyền tống trận tử sắc 2,,109,1,,,,,,,
80063,15,81505,,s==26|Lục sắc truyền tống trận 1,,244,1,,,,,,,
80064,15,81506,,s==26|Lục sắc truyền tống trận 2,,224,1,,,,,,,
80065,15,81507,,s==26|Lam sắc truyền tống trận 1,,80,1,,,,,,,
80066,15,81508,,s==26|Lam sắc truyền tống trận 2,,220,1,,,,,,,
80067,15,81509,,s==26|Kim sắc truyền tống trận 1,,257,1,,,,,,,
80068,15,81510,,s==26|Kim sắc truyền tống trận 2,,173,1,,,,,,,
80069,10,81001,,s==15|Lữ Bố xuất trận,,8001,,,,,,,,
80070,10,81002,,s==42|Lữ Bố phát giác truyền tống trận khởi động,,8005,,,,,,,,
80071,11,81101,,s==30|Quái vật đầu tiên của Ngô quốc,s==8|j_duihua,23506,8006,,,,,,,
80072,10,81003,,s==29|Quái vật thứ hai của Ngô quốc,,8008,,,,,,,,
80073,10,81004,,s==22|Lữ Bố sát thủ thỏa chí,,8009,,,,,,,,
80074,11,81102,,s==11|Gặp Quan Vũ,s==8|j_duihua,22504,8010,,,,,,,
80075,11,81103,,s==19|Mạc Hoa Đà trợ giúp,s==8|j_duihua,25514,8012,,,,,,,
80076,11,81104,,s==14|Gặp Trương Phi,s==8|j_duihua,22502,8015,,,,,,,
80077,11,81105,,s==15|Gặp Trương Liêu,s==8|j_duihua,21508,8016,,,,,,,
80078,11,81106,,s==12|Gặp Tào Tháo,s==8|j_duihua,25510,8017,,,,,,,
80079,10,81005,,s==24|Lữ Bố sát thủ thỏa chí 2,,8019,,,,,,,,
80080,10,81006,,s==9|Quan cuối,,8020,,,,,,,,
80081,15,81511,,s==39|Tử sắc chuyển sang hồng truyền tống môn,,323,1,,,,,,,
80082,15,81512,,s==40|Hồng sắc chuyển sang lục truyền tống môn,,224,1,,,,,,,
80083,15,81513,,s==39|Lục sắc chuyển sang lam truyền tống môn,,119,1,,,,,,,
80084,15,81514,,s==42|Bạch sắc chuyển sang hoàng truyền tống môn,,221,1,,,,,,,
90001,7,90701,,s==6|Thủ Vệ,,23503,50901,,,,,,s==138|Nơi này bị quân địch chiếm đóng， phải đánh bại bọn chúng mới có thể qua được nơi này。 Sau khi chiến thắng có thể thu hoạch chiến lợi phẩm。,
90002,7,90702,,s==6|Thủ Vệ,,24508,50902,,,,,,s==138|Nơi này bị quân địch chiếm đóng， phải đánh bại bọn chúng mới có thể qua được nơi này。 Sau khi chiến thắng có thể thu hoạch chiến lợi phẩm。,
90003,7,90703,,s==6|Thủ Vệ,,24506,50903,,,,,,s==138|Nơi này bị quân địch chiếm đóng， phải đánh bại bọn chúng mới có thể qua được nơi này。 Sau khi chiến thắng có thể thu hoạch chiến lợi phẩm。,
90004,7,90704,,s==6|Thủ Vệ,,22509,50904,,,,,,s==138|Nơi này bị quân địch chiếm đóng， phải đánh bại bọn chúng mới có thể qua được nơi này。 Sau khi chiến thắng có thể thu hoạch chiến lợi phẩm。,
90005,7,90705,,s==6|Thủ Vệ,,21505,50905,,,,,,s==138|Nơi này bị quân địch chiếm đóng， phải đánh bại bọn chúng mới có thể qua được nơi này。 Sau khi chiến thắng có thể thu hoạch chiến lợi phẩm。,
90006,7,90706,,s==9|Trần Cung,,25501,50906,,,,,,s==138|Nơi này bị quân địch chiếm đóng， phải đánh bại bọn chúng mới có thể qua được nơi này。 Sau khi chiến thắng có thể thu hoạch chiến lợi phẩm。,
90007,7,90707,,s==6|Thủ Vệ,,25506,50907,,,,,,s==138|Nơi này bị quân địch chiếm đóng， phải đánh bại bọn chúng mới có thể qua được nơi này。 Sau khi chiến thắng có thể thu hoạch chiến lợi phẩm。,
90008,7,90708,,s==6|Thủ Vệ,,24502,50908,,,,,,s==138|Nơi này bị quân địch chiếm đóng， phải đánh bại bọn chúng mới có thể qua được nơi này。 Sau khi chiến thắng có thể thu hoạch chiến lợi phẩm。,
90009,7,90709,,s==6|Thủ Vệ,,22501,50909,,,,,,s==138|Nơi này bị quân địch chiếm đóng， phải đánh bại bọn chúng mới có thể qua được nơi này。 Sau khi chiến thắng có thể thu hoạch chiến lợi phẩm。,
90010,7,90710,,s==6|Thủ Vệ,,21504,50910,,,,,,s==138|Nơi này bị quân địch chiếm đóng， phải đánh bại bọn chúng mới có thể qua được nơi này。 Sau khi chiến thắng có thể thu hoạch chiến lợi phẩm。,
90011,7,90711,,s==6|Thủ Vệ,,21510,50911,,,,,,s==138|Nơi này bị quân địch chiếm đóng， phải đánh bại bọn chúng mới có thể qua được nơi này。 Sau khi chiến thắng có thể thu hoạch chiến lợi phẩm。,
90012,7,90712,,s==6|Thủ Vệ,,24510,50912,,,,,,s==138|Nơi này bị quân địch chiếm đóng， phải đánh bại bọn chúng mới có thể qua được nơi này。 Sau khi chiến thắng có thể thu hoạch chiến lợi phẩm。,
90013,7,90713,,s==6|Thủ Vệ,,25503,50913,,,,,,s==138|Nơi này bị quân địch chiếm đóng， phải đánh bại bọn chúng mới có thể qua được nơi này。 Sau khi chiến thắng có thể thu hoạch chiến lợi phẩm。,
90014,7,90714,,s==6|Thủ Vệ,,23504,50914,,,,,,s==138|Nơi này bị quân địch chiếm đóng， phải đánh bại bọn chúng mới có thể qua được nơi này。 Sau khi chiến thắng có thể thu hoạch chiến lợi phẩm。,
90015,7,90715,,s==6|Thủ Vệ,,24504,50915,,,,,,s==138|Nơi này bị quân địch chiếm đóng， phải đánh bại bọn chúng mới có thể qua được nơi này。 Sau khi chiến thắng có thể thu hoạch chiến lợi phẩm。,
90016,7,90716,,s==7|Lục Tốn,,24506,50916,,,,,,s==138|Nơi này bị quân địch chiếm đóng， phải đánh bại bọn chúng mới có thể qua được nơi này。 Sau khi chiến thắng có thể thu hoạch chiến lợi phẩm。,
90017,7,90717,,s==6|Thủ Vệ,,25503,50917,,,,,,s==138|Nơi này bị quân địch chiếm đóng， phải đánh bại bọn chúng mới có thể qua được nơi này。 Sau khi chiến thắng có thể thu hoạch chiến lợi phẩm。,
90018,7,90718,,s==6|Thủ Vệ,,25506,50918,,,,,,s==138|Nơi này bị quân địch chiếm đóng， phải đánh bại bọn chúng mới có thể qua được nơi này。 Sau khi chiến thắng có thể thu hoạch chiến lợi phẩm。,
90019,7,90719,,s==6|Thủ Vệ,,25507,50919,,,,,,s==138|Nơi này bị quân địch chiếm đóng， phải đánh bại bọn chúng mới có thể qua được nơi này。 Sau khi chiến thắng có thể thu hoạch chiến lợi phẩm。,
90020,7,90720,,s==7|Mã Siêu,,22509,50920,,,,,,s==138|Nơi này bị quân địch chiếm đóng， phải đánh bại bọn chúng mới có thể qua được nơi này。 Sau khi chiến thắng có thể thu hoạch chiến lợi phẩm。,
90021,7,90721,,s==6|Thủ Vệ,,21504,50921,,,,,,s==138|Nơi này bị quân địch chiếm đóng， phải đánh bại bọn chúng mới có thể qua được nơi này。 Sau khi chiến thắng có thể thu hoạch chiến lợi phẩm。,
90022,7,90722,,s==6|Thủ Vệ,,21510,50922,,,,,,s==138|Nơi này bị quân địch chiếm đóng， phải đánh bại bọn chúng mới có thể qua được nơi này。 Sau khi chiến thắng có thể thu hoạch chiến lợi phẩm。,
90023,7,90723,,s==6|Thủ Vệ,,24510,50923,,,,,,s==138|Nơi này bị quân địch chiếm đóng， phải đánh bại bọn chúng mới có thể qua được nơi này。 Sau khi chiến thắng có thể thu hoạch chiến lợi phẩm。,
90024,7,90724,,s==6|Thủ Vệ,,25503,50924,,,,,,s==138|Nơi này bị quân địch chiếm đóng， phải đánh bại bọn chúng mới có thể qua được nơi này。 Sau khi chiến thắng có thể thu hoạch chiến lợi phẩm。,
90025,7,90725,,s==6|Thủ Vệ,,23504,50925,,,,,,s==138|Nơi này bị quân địch chiếm đóng， phải đánh bại bọn chúng mới có thể qua được nơi này。 Sau khi chiến thắng có thể thu hoạch chiến lợi phẩm。,
90026,7,90726,,s==6|Thủ Vệ,,24504,50926,,,,,,s==138|Nơi này bị quân địch chiếm đóng， phải đánh bại bọn chúng mới có thể qua được nơi này。 Sau khi chiến thắng có thể thu hoạch chiến lợi phẩm。,
90027,7,90727,,s==6|Thủ Vệ,,24510,50927,,,,,,s==138|Nơi này bị quân địch chiếm đóng， phải đánh bại bọn chúng mới có thể qua được nơi này。 Sau khi chiến thắng có thể thu hoạch chiến lợi phẩm。,
90028,7,90728,,s==6|Thủ Vệ,,21505,50928,,,,,,s==138|Nơi này bị quân địch chiếm đóng， phải đánh bại bọn chúng mới có thể qua được nơi này。 Sau khi chiến thắng có thể thu hoạch chiến lợi phẩm。,
90029,7,90729,,s==8|Bàng Đức,,21501,50929,,,,,,s==138|Nơi này bị quân địch chiếm đóng， phải đánh bại bọn chúng mới có thể qua được nơi này。 Sau khi chiến thắng có thể thu hoạch chiến lợi phẩm。,
90030,7,90730,,s==24|Thần Gia Cát bình thường,,24508,50930,,,,,,s==138|Nơi này bị quân địch chiếm đóng， phải đánh bại bọn chúng mới có thể qua được nơi này。 Sau khi chiến thắng có thể thu hoạch chiến lợi phẩm。,
90031,7,90731,,s==17|Trương Phi  cường,,22502,50931,,,,,,s==138|Nơi này bị quân địch chiếm đóng， phải đánh bại bọn chúng mới có thể qua được nơi này。 Sau khi chiến thắng có thể thu hoạch chiến lợi phẩm。,
90032,7,90732,,s==19|Thần Gia Cát  cường,,24508,50932,,,,,,s==138|Nơi này bị quân địch chiếm đóng， phải đánh bại bọn chúng mới có thể qua được nơi này。 Sau khi chiến thắng có thể thu hoạch chiến lợi phẩm。,
90033,1,90101,,s==35|Chiến lợi phẩm Lực lượng Thanh Long,,4,,,,,,,,
90034,1,90102,,s==33|Chiến lợi phẩm Lực lượng Chu Tước,,5,,,,,,,,
90035,1,90103,,s==32|Chiến lợi phẩm Lực lượng Bạch Hổ,,6,,,,,,,,
90036,1,90104,,s==33|Chiến lợi phẩm Lực lượng Huyền Vũ,,7,,,,,,,,
90037,4,90401,,s==32|Quân doanh đặc biệt Thần Quan Vũ,,20,,,,,,,s==111|Mời một vị tướng trợ giúp ngươi hoàn thành chuyến viễn chinh này， chạm giữ vào ảnh tướng để xem thông tin tướng,
90038,5,90501,,s==9|Rương báu,,9501,,,,,,,,
90039,5,90502,,s==9|Rương báu,,9502,,,,,,,,
90040,5,90503,,s==9|Rương báu,,9503,,,,,,,,
90041,5,90504,,s==9|Rương báu,,9504,,,,,,,,
90042,5,90505,,s==9|Rương báu,,9505,,,,,,,,
90043,5,90506,,s==9|Rương báu,,9506,,,,,,,,
90044,5,90507,,s==9|Rương báu,,9507,,,,,,,,
90045,5,90508,,s==9|Rương báu,,9508,,,,,,,,
90046,8,90801,,s==6|Bố cáo,,,,,,,,,s==55|Thu thập lực lượng Tứ Tượng， mới có thể đánh bại Lữ Bố。,
90047,10,91001,,s==15|Hồi ức khai màn,,9001,,,,,,,,
90048,10,91002,,s==31|Nhận buff tầng 1 trong kịch bản,,8005,,,,,,,,
90049,10,91003,,s==31|Nhận buff tầng 2 trong kịch bản,,8006,,,,,,,,
90050,10,91004,,s==31|Nhận buff tầng 3 trong kịch bản,,8008,,,,,,,,
90051,10,91005,,s==31|Nhận buff tầng 4 trong kịch bản,,8009,,,,,,,,
90052,10,91006,,s==17|Kết thúc kịch bản,,8010,,,,,,,,
90053,11,91101,,s==35|Đối thoại ải thứ nhất với Trần Cung,s==8|j_duihua,25501,9015,,,,,,,
90054,11,91102,,s==32|Đối thoại ải thứ hai với Mã Siêu,s==8|j_duihua,22509,9022,,,,,,,
90055,11,91103,,s==32|Đối thoại ải thứ ba với Bàng Đức,s==8|j_duihua,21501,9029,,,,,,,
90056,11,91104,,s==31|Đối thoại ải thứ tư với Lục Tốn,s==8|j_duihua,24506,9034,,,,,,,
90057,11,91105,,s==19|Cuối cùng cuối cùng,s==8|j_duihua,24508,9038,,,,,,,
90058,11,91106,,s==17|Bắt đầu đối thoại,s==8|j_duihua,24508,9005,,,,,,,
90059,11,91107,,s==18|Dự phòng đối thoại,s==8|j_duihua,21508,8016,,,,,,,
90060,13,91301,,s==24|Sự kiện chuyển hóa Lữ Bố,,,,,,,s==25|164|41|40041,162|41|40041,,,
90061,15,91501,,s==27|Hồng sắc truyền tống trận 1,,41,1,,,,,,,
90062,15,91502,,s==27|Hồng sắc truyền tống trận 2,,161,1,,,,,,,
90063,15,91503,,s==26|Lam sắc truyền tống trận 1,,90,1,,,,,,,
90064,15,91504,,s==26|Lam sắc truyền tống trận 2,,165,1,,,,,,,
90065,17,91701,,s==39|Mảnh đất Long chuyển đổi bản đồ lặp lại,s==12|icon_pullRod,,,,,,s==44|241|2|41|40041,280|2|50|40050,182|2|49|40049,,,
90066,17,91702,,s==39|Mảnh đất Long chuyển đổi bản đồ lặp lại,s==13|icon_pullRod2,,,,,,s==44|241|1|41|40041,280|1|49|40049,182|1|50|40050,,,
90067,17,91703,,s==41|Mảnh đất Phượng chuyển đổi bản đồ lặp lại,s==12|icon_pullRod,,,,,,s==44|101|2|41|40041,122|2|52|40052,143|2|51|40051,,,
90068,17,91704,,s==41|Mảnh đất Phượng chuyển đổi bản đồ lặp lại,s==13|icon_pullRod2,,,,,,s==44|101|1|41|40041,122|1|51|40051,143|1|52|40052,,,
90069,17,91705,,s==37|Mảnh đất Hổ chuyển đổi bản đồ lặp lại,s==12|icon_pullRod,,,,,,s==44|177|2|41|40041,233|2|54|40054,181|2|53|40053,,,
90070,17,91706,,s==37|Mảnh đất Hổ chuyển đổi bản đồ lặp lại,s==13|icon_pullRod2,,,,,,s==44|177|1|41|40041,233|1|53|40053,181|1|54|40054,,,
90071,17,91707,,s==38|Mảnh đất Quy chuyển đổi bản đồ lặp lại,s==12|icon_pullRod,,,,,,s==44|133|2|41|40041,188|2|56|40056,144|2|55|40055,,,
90072,17,91708,,s==38|Mảnh đất Quy chuyển đổi bản đồ lặp lại,s==13|icon_pullRod2,,,,,,s==44|133|1|41|40041,188|1|55|40055,144|1|56|40056,,,
90073,17,91709,,s==45|Truyền tống trận đỏ chuyển đổi bản đồ lặp lại,s==22|icon_usedmechanism_red,,,,,,s==42|50|2|41|40041,88|2|41|40041,161|2|41|40041,,,
90074,17,91710,,s==45|Truyền tống trận đỏ chuyển đổi bản đồ lặp lại,s==22|icon_usedmechanism_red,,,,,,s==42|50|1|41|40041,88|1|41|40041,161|1|41|40041,,,
90075,17,91711,,s==46|Truyền tống trận lam chuyển đổi bản đồ lặp lại,s==23|icon_usedmechanism_blue,,,,,,s==44|312|2|41|40041,254|2|41|40041,165|2|41|40041,,,
90076,17,91712,,s==46|Truyền tống trận lam chuyển đổi bản đồ lặp lại,s==23|icon_usedmechanism_blue,,,,,,s==44|312|1|41|40041,254|1|41|40041,165|1|41|40041,,,
90077,18,91801,,s==36|Chuyển hóa nhân vật chính xuất chinh,,24505,,,,,,,,
90078,19,91901,,s==30|Nhận sự kiện vật phẩm tạm thời,s==9|icon_box3,,,,,,s==19|2|1101|20,2|1102|50,,,
90079,10,91007,,s==43|Kịch bản nhắc nhở khi đánh chết quái thứ tư,,9014,,,,,,,,
90080,10,91008,,s==31|Đánh chết Trần Cung ải thứ nhất,,9018,,,,,,,,
90081,10,91009,,s==28|Đánh chết Mã Siêu ải thứ hai,,9025,,,,,,,,
90082,10,91010,,s==28|Đánh chết Bàng Đức ải thứ ba,,9032,,,,,,,,
90083,10,91011,,s==27|Đánh chết Lục Tốn ải thứ tư,,9036,,,,,,,,
90084,10,91012,,s==19|Cuối cùng cuối cùng,,9039,,,,,,,,
100001,4,100401,,s==19|Quân doanh đầu tiên,,21,,,,,,,s==111|Mời một vị tướng trợ giúp ngươi hoàn thành chuyến viễn chinh này， chạm giữ vào ảnh tướng để xem thông tin tướng,
100002,7,100701,,s==17|Tướng quân Ngụy 1,,21510,51101,,,,,,s==138|Nơi này bị quân địch chiếm đóng， phải đánh bại bọn chúng mới có thể qua được nơi này。 Sau khi chiến thắng có thể thu hoạch chiến lợi phẩm。,
100003,11,101101,,s==35|Đối thoại ải thứ nhất với Trần Cung,,25501,9015,,,,,,,
100004,5,100501,,s==11|Rương báu 1,,10501,,,,,,,,
100005,5,100502,,s==11|Rương báu 2,s==13|icon_grainCar,10502,,,,,,,,
100006,5,100503,,s==11|Rương báu 3,s==14|icon_wareHouse,10503,,,,,,,,
100007,5,100504,,s==11|Rương báu 4,s==13|icon_grainCar,10504,,,,,,,,
100008,5,100505,,s==11|Rương báu 5,s==14|icon_wareHouse,10505,,,,,,,,
100009,5,100506,,s==11|Rương báu 6,s==13|icon_grainCar,10506,,,,,,,,
100010,5,100507,,s==11|Rương báu 7,s==13|icon_grainCar,10507,,,,,,,,
100011,5,100508,,s==11|Rương báu 8,,10508,,,,,,,,
100012,5,100509,,s==11|Rương báu 9,s==13|icon_grainCar,10509,,,,,,,,
100013,5,100510,,s==12|Rương báu 10,s==13|icon_grainCar,10510,,,,,,,,
100014,10,101001,,s==8|Vào trận,,10001,,,,5,,,,
100015,10,101002,,s==10|Vào trận 2,,10007,,,,5,,,,
100016,10,101003,,s==10|Vào trận 3,,10009,,,,10,,,,
100017,11,101102,,s==17|Tướng quân Ngụy 1,,21101,10013,,,,,,,
100018,11,101103,,s==14|Binh sĩ Ngụy 2,s==8|j_duihua,21101,10017,,,,,,,
100019,11,101104,,s==12|Cam phu nhân,s==8|j_duihua,30007,10021,,,,,,,
100020,11,101105,,s==6|Từ Thứ,s==8|j_duihua,22510,10026,,,,,,,
100021,11,101106,,s==9|Hạ Hầu Ân,s==8|j_duihua,25503,10034,,,,,,,
100022,11,101107,,s==11|Mỵ phu nhân,s==8|j_duihua,30006,10039,,,,,,,
100023,11,101108,,s==8|Tào Tháo,s==8|j_duihua,25510,10046,,,,,,,
100024,11,101109,,s==10|Trương Phi,s==8|j_duihua,22502,10049,,,,,,,
100025,11,101110,,s==6|Lưu Bị,s==8|j_duihua,22507,10051,,,,,,,
100026,11,101111,,s==13|Gia Cát Lượng,s==8|j_duihua,22507,10053,,,,,,,
100027,7,100702,,s==21|Binh sĩ Ngụy khiếp sợ,,21510,51101,,,,,,s==138|Nơi này bị quân địch chiếm đóng， phải đánh bại bọn chúng mới có thể qua được nơi này。 Sau khi chiến thắng có thể thu hoạch chiến lợi phẩm。,
100028,10,101004,,s==21|Binh sĩ Ngụy khiếp sợ,,10013,,,,,,,,
100029,7,100703,,s==33|Hạ Hầu Đôn trước mặt Cam phu nhân,,21404,51106,,,,,,s==138|Nơi này bị quân địch chiếm đóng， phải đánh bại bọn chúng mới có thể qua được nơi này。 Sau khi chiến thắng có thể thu hoạch chiến lợi phẩm。,
100030,10,101005,,s==22|Tiền truyện Hạ Hầu Đôn,,10017,,,,,,,,
100031,10,101006,,s==36|Truyện nhặt được lương thảo đầu tiên,,10054,,,,,,,,
100032,11,101112,,s==23|Truyện đường hầm bí mật,s==9|icon_shan,,10055,2,,,,,,
100033,11,101113,,s==32|Binh lính trong đường hầm bí mật,s==8|j_duihua,22101,10056,,,,,,,
100034,11,101114,,s==23|Truyện đường hầm bí mật,s==9|icon_shan,,10058,2,,,,,,
100035,13,101301,,s==15|Sau Mỵ phu nhân,,,,,,,s==11|43|13|40013,,,
100036,13,101302,,s==16|Sau Cam phu nhân,,,,,,,s==38|236|13|40013,255|13|40013,256|13|40013,,,
100037,13,101303,,s==26|Sau đối thoại với Tào Tháo,,,,,,,s==25|211|13|40013,214|13|40013,,,
100038,13,101304,,s==10|Sau Chu Du,,,,,,,s==11|327|1|40001,,,
100039,13,101305,,s==19|Mở đầu ngoảnh đầu 1,,,,,,,s==11|325|1|40001,,,
100040,13,101306,,s==19|Mở đầu ngoảnh đầu 2,,,,,,,s==11|345|1|40001,,,
100041,7,100704,,s==9|Hạ Hầu Ân,,25503,51171,,,,,,s==138|Nơi này bị quân địch chiếm đóng， phải đánh bại bọn chúng mới có thể qua được nơi này。 Sau khi chiến thắng có thể thu hoạch chiến lợi phẩm。,
100042,10,101007,,s==27|Sau khi Mỵ phu nhân tử trận,,10044,,,,,,,,
100043,7,100705,,s==8|Tào Tháo,,25510,51175,,,,,,s==138|Nơi này bị quân địch chiếm đóng， phải đánh bại bọn chúng mới có thể qua được nơi này。 Sau khi chiến thắng có thể thu hoạch chiến lợi phẩm。,
100044,9,100901,,s==14|Mở khóa mở đầu,,,,,,,s==198|1|2|3|4|5|6|20|21|22|23|24|39|40|41|42|43|58|59|60|61|62|77|78|79|80|81|82|96|97|98|99|100|101|115|116|117|118|119|120|121|134|135|136|137|138|139|140|305|306|307|308|324|325|326|327|343|344|345|346,,,
100045,9,100902,,s==23|Mở khóa khu vực thứ hai,,,,,,,s==128|7|8|9|10|11|12|13|25|26|27|28|29|30|31|44|45|46|47|48|49|50|63|64|65|66|67|68|83|84|85|86|87|102|103|104|105|122|123|124|141|142,,,
100046,9,100903,,s==22|Mở khóa khu vực Từ Thứ,,,,,,,s==138|14|15|16|32|33|34|35|51|52|53|54|69|70|71|72|73|88|89|90|91|92|106|107|108|109|110|111|125|126|127|128|129|130|143|144|145|146|147|148|149,,,
100047,9,100904,,s==18|Mở khóa khu vực ẩn,,,,,,,s==208|361|360|359|342|341|340|323|322|304|303|302|285|284|283|266|265|264|247|246|245|228|227|226|209|208|207|190|189|188|171|170|169|152|151|150|133|132|131|114|113|112|95|94|93|76|75|74|57|56|55|38|37|36|19|18|17,,,
100048,9,100905,,s==38|Mở khóa khu vực Mỵ phu nhân nhảy giếng,,,,,,,s==287|160|161|162|163|164|165|166|167|168|178|179|180|181|182|183|184|185|186|187|198|199|200|201|202|203|204|205|206|217|218|219|220|221|222|223|224|225|236|237|238|239|240|241|242|243|244|255|256|257|258|259|260|261|262|263|275|276|277|278|279|280|281|282|293|294|295|296|297|298|299|300|301,,,
100049,9,100906,,s==26|Mở khóa khu vực Trương Phi,,,,,,,s==223|153|154|155|156|157|158|159|172|173|174|175|176|177|191|192|193|194|195|196|197|210|211|212|213|214|215|216|229|230|231|232|233|234|235|248|249|250|251|252|253|254|267|268|269|270|271|272|273|274|286|287|288|289|290|291|292,,,
100050,9,100907,,s==26|Mở khóa khu vực sau Chu Du,,,,,,,s==147|309|310|311|312|313|314|315|316|317|318|319|320|321|328|329|330|331|332|333|334|335|336|337|338|339|347|348|349|350|351|352|353|354|355|356|357|358,,,
100051,7,100706,,s==21|Tiểu boss giam giữ XX,,25506,51163,,,,,,s==138|Nơi này bị quân địch chiếm đóng， phải đánh bại bọn chúng mới có thể qua được nơi này。 Sau khi chiến thắng có thể thu hoạch chiến lợi phẩm。,
100052,7,100707,,s==14|Binh lính Ngụy,,27101,51102,,,,,,s==138|Nơi này bị quân địch chiếm đóng， phải đánh bại bọn chúng mới có thể qua được nơi này。 Sau khi chiến thắng có thể thu hoạch chiến lợi phẩm。,
100053,7,100708,,s==14|Binh lính Ngụy,,21505,51103,,,,,,s==138|Nơi này bị quân địch chiếm đóng， phải đánh bại bọn chúng mới có thể qua được nơi này。 Sau khi chiến thắng có thể thu hoạch chiến lợi phẩm。,
100054,7,100709,,s==14|Binh lính Ngụy,,21504,51104,,,,,,s==138|Nơi này bị quân địch chiếm đóng， phải đánh bại bọn chúng mới có thể qua được nơi này。 Sau khi chiến thắng có thể thu hoạch chiến lợi phẩm。,
100055,7,100710,,s==14|Binh lính Ngụy,,21505,51105,,,,,,s==138|Nơi này bị quân địch chiếm đóng， phải đánh bại bọn chúng mới có thể qua được nơi này。 Sau khi chiến thắng có thể thu hoạch chiến lợi phẩm。,
100056,7,100711,,s==14|Binh lính Ngụy,,24504,51107,,,,,,s==138|Nơi này bị quân địch chiếm đóng， phải đánh bại bọn chúng mới có thể qua được nơi này。 Sau khi chiến thắng có thể thu hoạch chiến lợi phẩm。,
100057,7,100712,,s==14|Binh lính Ngụy,,25514,51108,,,,,,s==138|Nơi này bị quân địch chiếm đóng， phải đánh bại bọn chúng mới có thể qua được nơi này。 Sau khi chiến thắng có thể thu hoạch chiến lợi phẩm。,
100058,7,100713,,s==14|Binh lính Ngụy,,24510,51109,,,,,,s==138|Nơi này bị quân địch chiếm đóng， phải đánh bại bọn chúng mới có thể qua được nơi này。 Sau khi chiến thắng có thể thu hoạch chiến lợi phẩm。,
100059,7,100714,,s==14|Binh lính Ngụy,,21507,51110,,,,,,s==138|Nơi này bị quân địch chiếm đóng， phải đánh bại bọn chúng mới có thể qua được nơi này。 Sau khi chiến thắng có thể thu hoạch chiến lợi phẩm。,
100060,7,100715,,s==14|Binh lính Ngụy,,21508,51111,,,,,,s==138|Nơi này bị quân địch chiếm đóng， phải đánh bại bọn chúng mới có thể qua được nơi này。 Sau khi chiến thắng có thể thu hoạch chiến lợi phẩm。,
100061,7,100716,,s==14|Binh lính Ngụy,,21505,51112,,,,,,s==138|Nơi này bị quân địch chiếm đóng， phải đánh bại bọn chúng mới có thể qua được nơi này。 Sau khi chiến thắng có thể thu hoạch chiến lợi phẩm。,
100062,7,100717,,s==14|Binh lính Ngụy,,21510,51113,,,,,,s==138|Nơi này bị quân địch chiếm đóng， phải đánh bại bọn chúng mới có thể qua được nơi này。 Sau khi chiến thắng có thể thu hoạch chiến lợi phẩm。,
100063,7,100718,,s==14|Binh lính Ngụy,,27101,51114,,,,,,s==138|Nơi này bị quân địch chiếm đóng， phải đánh bại bọn chúng mới có thể qua được nơi này。 Sau khi chiến thắng có thể thu hoạch chiến lợi phẩm。,
100064,7,100719,,s==14|Binh lính Ngụy,,24506,51115,,,,,,s==138|Nơi này bị quân địch chiếm đóng， phải đánh bại bọn chúng mới có thể qua được nơi này。 Sau khi chiến thắng có thể thu hoạch chiến lợi phẩm。,
100065,7,100720,,s==14|Binh lính Ngụy,,25507,51116,,,,,,s==138|Nơi này bị quân địch chiếm đóng， phải đánh bại bọn chúng mới có thể qua được nơi này。 Sau khi chiến thắng có thể thu hoạch chiến lợi phẩm。,
100066,7,100721,,s==14|Binh lính Ngụy,,24510,51117,,,,,,s==138|Nơi này bị quân địch chiếm đóng， phải đánh bại bọn chúng mới có thể qua được nơi này。 Sau khi chiến thắng có thể thu hoạch chiến lợi phẩm。,
100067,7,100722,,s==14|Binh lính Ngụy,,21510,51118,,,,,,s==138|Nơi này bị quân địch chiếm đóng， phải đánh bại bọn chúng mới có thể qua được nơi này。 Sau khi chiến thắng có thể thu hoạch chiến lợi phẩm。,
100068,7,100723,,s==14|Binh lính Ngụy,,21510,51119,,,,,,s==138|Nơi này bị quân địch chiếm đóng， phải đánh bại bọn chúng mới có thể qua được nơi này。 Sau khi chiến thắng có thể thu hoạch chiến lợi phẩm。,
100069,7,100724,,s==14|Binh lính Ngụy,,21503,51120,,,,,,s==138|Nơi này bị quân địch chiếm đóng， phải đánh bại bọn chúng mới có thể qua được nơi này。 Sau khi chiến thắng có thể thu hoạch chiến lợi phẩm。,
100070,7,100725,,s==14|Binh lính Ngụy,,21510,51121,,,,,,s==138|Nơi này bị quân địch chiếm đóng， phải đánh bại bọn chúng mới có thể qua được nơi này。 Sau khi chiến thắng có thể thu hoạch chiến lợi phẩm。,
100071,7,100726,,s==14|Binh lính Ngụy,,27101,51122,,,,,,s==138|Nơi này bị quân địch chiếm đóng， phải đánh bại bọn chúng mới có thể qua được nơi này。 Sau khi chiến thắng có thể thu hoạch chiến lợi phẩm。,
100072,7,100727,,s==14|Binh lính Ngụy,,24506,51123,,,,,,s==138|Nơi này bị quân địch chiếm đóng， phải đánh bại bọn chúng mới có thể qua được nơi này。 Sau khi chiến thắng có thể thu hoạch chiến lợi phẩm。,
100073,7,100728,,s==14|Binh lính Ngụy,,25515,51124,,,,,,s==138|Nơi này bị quân địch chiếm đóng， phải đánh bại bọn chúng mới có thể qua được nơi này。 Sau khi chiến thắng có thể thu hoạch chiến lợi phẩm。,
100074,7,100729,,s==14|Binh lính Ngụy,,23503,51125,,,,,,s==138|Nơi này bị quân địch chiếm đóng， phải đánh bại bọn chúng mới có thể qua được nơi này。 Sau khi chiến thắng có thể thu hoạch chiến lợi phẩm。,
100075,7,100730,,s==14|Binh lính Ngụy,,21507,51126,,,,,,s==138|Nơi này bị quân địch chiếm đóng， phải đánh bại bọn chúng mới có thể qua được nơi này。 Sau khi chiến thắng có thể thu hoạch chiến lợi phẩm。,
100076,7,100731,,s==14|Binh lính Ngụy,,21504,51127,,,,,,s==138|Nơi này bị quân địch chiếm đóng， phải đánh bại bọn chúng mới có thể qua được nơi này。 Sau khi chiến thắng có thể thu hoạch chiến lợi phẩm。,
100077,7,100732,,s==14|Binh lính Ngụy,,21510,51128,,,,,,s==138|Nơi này bị quân địch chiếm đóng， phải đánh bại bọn chúng mới có thể qua được nơi này。 Sau khi chiến thắng có thể thu hoạch chiến lợi phẩm。,
100078,7,100733,,s==14|Binh lính Ngụy,,21505,51129,,,,,,s==138|Nơi này bị quân địch chiếm đóng， phải đánh bại bọn chúng mới có thể qua được nơi này。 Sau khi chiến thắng có thể thu hoạch chiến lợi phẩm。,
100079,7,100734,,s==14|Binh lính Ngụy,,27101,51130,,,,,,s==138|Nơi này bị quân địch chiếm đóng， phải đánh bại bọn chúng mới có thể qua được nơi này。 Sau khi chiến thắng có thể thu hoạch chiến lợi phẩm。,
100080,7,100735,,s==14|Binh lính Ngụy,,24513,51131,,,,,,s==138|Nơi này bị quân địch chiếm đóng， phải đánh bại bọn chúng mới có thể qua được nơi này。 Sau khi chiến thắng có thể thu hoạch chiến lợi phẩm。,
100081,7,100736,,s==14|Binh lính Ngụy,,25513,51132,,,,,,s==138|Nơi này bị quân địch chiếm đóng， phải đánh bại bọn chúng mới có thể qua được nơi này。 Sau khi chiến thắng có thể thu hoạch chiến lợi phẩm。,
100082,7,100737,,s==14|Binh lính Ngụy,,24502,51133,,,,,,s==138|Nơi này bị quân địch chiếm đóng， phải đánh bại bọn chúng mới có thể qua được nơi này。 Sau khi chiến thắng có thể thu hoạch chiến lợi phẩm。,
100083,7,100738,,s==14|Binh lính Ngụy,,23506,51134,,,,,,s==138|Nơi này bị quân địch chiếm đóng， phải đánh bại bọn chúng mới có thể qua được nơi này。 Sau khi chiến thắng có thể thu hoạch chiến lợi phẩm。,
100084,7,100739,,s==14|Binh lính Ngụy,,25514,51135,,,,,,s==138|Nơi này bị quân địch chiếm đóng， phải đánh bại bọn chúng mới có thể qua được nơi này。 Sau khi chiến thắng có thể thu hoạch chiến lợi phẩm。,
100085,7,100740,,s==14|Binh lính Ngụy,,21510,51136,,,,,,s==138|Nơi này bị quân địch chiếm đóng， phải đánh bại bọn chúng mới có thể qua được nơi này。 Sau khi chiến thắng có thể thu hoạch chiến lợi phẩm。,
100086,7,100741,,s==14|Binh lính Ngụy,,27101,51137,,,,,,s==138|Nơi này bị quân địch chiếm đóng， phải đánh bại bọn chúng mới có thể qua được nơi này。 Sau khi chiến thắng có thể thu hoạch chiến lợi phẩm。,
100087,7,100742,,s==14|Binh lính Ngụy,,24513,51138,,,,,,s==138|Nơi này bị quân địch chiếm đóng， phải đánh bại bọn chúng mới có thể qua được nơi này。 Sau khi chiến thắng có thể thu hoạch chiến lợi phẩm。,
100088,7,100743,,s==14|Binh lính Ngụy,,25504,51139,,,,,,s==138|Nơi này bị quân địch chiếm đóng， phải đánh bại bọn chúng mới có thể qua được nơi này。 Sau khi chiến thắng có thể thu hoạch chiến lợi phẩm。,
100089,7,100744,,s==14|Binh lính Ngụy,,24506,51140,,,,,,s==138|Nơi này bị quân địch chiếm đóng， phải đánh bại bọn chúng mới có thể qua được nơi này。 Sau khi chiến thắng có thể thu hoạch chiến lợi phẩm。,
100090,7,100745,,s==14|Binh lính Ngụy,,21505,51141,,,,,,s==138|Nơi này bị quân địch chiếm đóng， phải đánh bại bọn chúng mới có thể qua được nơi này。 Sau khi chiến thắng có thể thu hoạch chiến lợi phẩm。,
100091,7,100746,,s==14|Binh lính Ngụy,,25509,51142,,,,,,s==138|Nơi này bị quân địch chiếm đóng， phải đánh bại bọn chúng mới có thể qua được nơi này。 Sau khi chiến thắng có thể thu hoạch chiến lợi phẩm。,
100092,7,100747,,s==14|Binh lính Ngụy,,24506,51143,,,,,,s==138|Nơi này bị quân địch chiếm đóng， phải đánh bại bọn chúng mới có thể qua được nơi này。 Sau khi chiến thắng có thể thu hoạch chiến lợi phẩm。,
100093,7,100748,,s==14|Binh lính Ngụy,,25515,51144,,,,,,s==138|Nơi này bị quân địch chiếm đóng， phải đánh bại bọn chúng mới có thể qua được nơi này。 Sau khi chiến thắng có thể thu hoạch chiến lợi phẩm。,
100094,7,100749,,s==14|Binh lính Ngụy,,23503,51145,,,,,,s==138|Nơi này bị quân địch chiếm đóng， phải đánh bại bọn chúng mới có thể qua được nơi này。 Sau khi chiến thắng có thể thu hoạch chiến lợi phẩm。,
100095,7,100750,,s==14|Binh lính Ngụy,,21504,51146,,,,,,s==138|Nơi này bị quân địch chiếm đóng， phải đánh bại bọn chúng mới có thể qua được nơi này。 Sau khi chiến thắng có thể thu hoạch chiến lợi phẩm。,
100096,7,100751,,s==14|Binh lính Ngụy,,21507,51147,,,,,,s==138|Nơi này bị quân địch chiếm đóng， phải đánh bại bọn chúng mới có thể qua được nơi này。 Sau khi chiến thắng có thể thu hoạch chiến lợi phẩm。,
100097,7,100752,,s==14|Binh lính Ngụy,,21510,51148,,,,,,s==138|Nơi này bị quân địch chiếm đóng， phải đánh bại bọn chúng mới có thể qua được nơi này。 Sau khi chiến thắng có thể thu hoạch chiến lợi phẩm。,
100098,7,100753,,s==14|Binh lính Ngụy,,21505,51149,,,,,,s==138|Nơi này bị quân địch chiếm đóng， phải đánh bại bọn chúng mới có thể qua được nơi này。 Sau khi chiến thắng có thể thu hoạch chiến lợi phẩm。,
100099,7,100754,,s==14|Binh lính Ngụy,,27101,51150,,,,,,s==138|Nơi này bị quân địch chiếm đóng， phải đánh bại bọn chúng mới có thể qua được nơi này。 Sau khi chiến thắng có thể thu hoạch chiến lợi phẩm。,
100100,7,100755,,s==14|Binh lính Ngụy,,24510,51151,,,,,,s==138|Nơi này bị quân địch chiếm đóng， phải đánh bại bọn chúng mới có thể qua được nơi này。 Sau khi chiến thắng có thể thu hoạch chiến lợi phẩm。,
100101,7,100756,,s==14|Binh lính Ngụy,,25506,51152,,,,,,s==138|Nơi này bị quân địch chiếm đóng， phải đánh bại bọn chúng mới có thể qua được nơi này。 Sau khi chiến thắng có thể thu hoạch chiến lợi phẩm。,
100102,7,100757,,s==14|Binh lính Ngụy,,23507,51153,,,,,,s==138|Nơi này bị quân địch chiếm đóng， phải đánh bại bọn chúng mới có thể qua được nơi này。 Sau khi chiến thắng có thể thu hoạch chiến lợi phẩm。,
100103,7,100758,,s==14|Binh lính Ngụy,,21507,51154,,,,,,s==138|Nơi này bị quân địch chiếm đóng， phải đánh bại bọn chúng mới có thể qua được nơi này。 Sau khi chiến thắng có thể thu hoạch chiến lợi phẩm。,
100104,7,100759,,s==14|Binh lính Ngụy,,21508,51155,,,,,,s==138|Nơi này bị quân địch chiếm đóng， phải đánh bại bọn chúng mới có thể qua được nơi này。 Sau khi chiến thắng có thể thu hoạch chiến lợi phẩm。,
100105,7,100760,,s==14|Binh lính Ngụy,,21508,51156,,,,,,s==138|Nơi này bị quân địch chiếm đóng， phải đánh bại bọn chúng mới có thể qua được nơi này。 Sau khi chiến thắng có thể thu hoạch chiến lợi phẩm。,
100106,7,100761,,s==14|Binh lính Ngụy,,21507,51157,,,,,,s==138|Nơi này bị quân địch chiếm đóng， phải đánh bại bọn chúng mới có thể qua được nơi này。 Sau khi chiến thắng có thể thu hoạch chiến lợi phẩm。,
100107,7,100762,,s==14|Binh lính Ngụy,,27101,51158,,,,,,s==138|Nơi này bị quân địch chiếm đóng， phải đánh bại bọn chúng mới có thể qua được nơi này。 Sau khi chiến thắng có thể thu hoạch chiến lợi phẩm。,
100108,7,100763,,s==14|Binh lính Ngụy,,24510,51159,,10000,,,,s==138|Nơi này bị quân địch chiếm đóng， phải đánh bại bọn chúng mới có thể qua được nơi này。 Sau khi chiến thắng có thể thu hoạch chiến lợi phẩm。,
100109,7,100764,,s==14|Binh lính Ngụy,,25513,51160,,10000,,,,s==138|Nơi này bị quân địch chiếm đóng， phải đánh bại bọn chúng mới có thể qua được nơi này。 Sau khi chiến thắng có thể thu hoạch chiến lợi phẩm。,
100110,7,100765,,s==14|Binh lính Ngụy,,24502,51161,,10000,,,,s==138|Nơi này bị quân địch chiếm đóng， phải đánh bại bọn chúng mới có thể qua được nơi này。 Sau khi chiến thắng có thể thu hoạch chiến lợi phẩm。,
100111,7,100766,,s==14|Binh lính Ngụy,,23504,51162,,10000,,,,s==138|Nơi này bị quân địch chiếm đóng， phải đánh bại bọn chúng mới có thể qua được nơi này。 Sau khi chiến thắng có thể thu hoạch chiến lợi phẩm。,
100112,7,100767,,s==14|Binh lính Ngụy,,21505,51164,,10000,,,,s==138|Nơi này bị quân địch chiếm đóng， phải đánh bại bọn chúng mới có thể qua được nơi này。 Sau khi chiến thắng có thể thu hoạch chiến lợi phẩm。,
100113,7,100768,,s==14|Binh lính Ngụy,,27101,51165,,10000,,,,s==138|Nơi này bị quân địch chiếm đóng， phải đánh bại bọn chúng mới có thể qua được nơi này。 Sau khi chiến thắng có thể thu hoạch chiến lợi phẩm。,
100114,7,100769,,s==14|Binh lính Ngụy,,24506,51166,,10000,,,,s==138|Nơi này bị quân địch chiếm đóng， phải đánh bại bọn chúng mới có thể qua được nơi này。 Sau khi chiến thắng có thể thu hoạch chiến lợi phẩm。,
100115,7,100770,,s==14|Binh lính Ngụy,,25504,51167,,10000,,,,s==138|Nơi này bị quân địch chiếm đóng， phải đánh bại bọn chúng mới có thể qua được nơi này。 Sau khi chiến thắng có thể thu hoạch chiến lợi phẩm。,
100116,7,100771,,s==14|Binh lính Ngụy,,24502,51168,,10000,,,,s==138|Nơi này bị quân địch chiếm đóng， phải đánh bại bọn chúng mới có thể qua được nơi này。 Sau khi chiến thắng có thể thu hoạch chiến lợi phẩm。,
100117,7,100772,,s==14|Binh lính Ngụy,,24504,51169,,10000,,,,s==138|Nơi này bị quân địch chiếm đóng， phải đánh bại bọn chúng mới có thể qua được nơi này。 Sau khi chiến thắng có thể thu hoạch chiến lợi phẩm。,
100118,7,100773,,s==14|Binh lính Ngụy,,25507,51170,,10000,,,,s==138|Nơi này bị quân địch chiếm đóng， phải đánh bại bọn chúng mới có thể qua được nơi này。 Sau khi chiến thắng có thể thu hoạch chiến lợi phẩm。,
100119,7,100774,,s==14|Binh lính Ngụy,,25507,51168,,,,,,s==138|Nơi này bị quân địch chiếm đóng， phải đánh bại bọn chúng mới có thể qua được nơi này。 Sau khi chiến thắng có thể thu hoạch chiến lợi phẩm。,
100120,7,100775,,s==14|Binh lính Ngụy,,25507,51172,,,,,,s==138|Nơi này bị quân địch chiếm đóng， phải đánh bại bọn chúng mới có thể qua được nơi này。 Sau khi chiến thắng có thể thu hoạch chiến lợi phẩm。,
100121,7,100776,,s==14|Binh lính Ngụy,,24513,51173,,,,,,s==138|Nơi này bị quân địch chiếm đóng， phải đánh bại bọn chúng mới có thể qua được nơi này。 Sau khi chiến thắng có thể thu hoạch chiến lợi phẩm。,
100122,7,100777,,s==14|Binh lính Ngụy,,24504,51174,,,,,,s==138|Nơi này bị quân địch chiếm đóng， phải đánh bại bọn chúng mới có thể qua được nơi này。 Sau khi chiến thắng có thể thu hoạch chiến lợi phẩm。,
100123,7,100778,,s==14|Binh lính Ngụy,,25509,51173,,,,,,s==138|Nơi này bị quân địch chiếm đóng， phải đánh bại bọn chúng mới có thể qua được nơi này。 Sau khi chiến thắng có thể thu hoạch chiến lợi phẩm。,
100124,7,100779,,s==14|Binh lính Ngụy,,24504,51174,,,,,,s==138|Nơi này bị quân địch chiếm đóng， phải đánh bại bọn chúng mới có thể qua được nơi này。 Sau khi chiến thắng có thể thu hoạch chiến lợi phẩm。,
100125,7,100780,,s==14|Binh lính Ngụy,,25509,51173,,,,,,s==138|Nơi này bị quân địch chiếm đóng， phải đánh bại bọn chúng mới có thể qua được nơi này。 Sau khi chiến thắng có thể thu hoạch chiến lợi phẩm。,
100126,5,110501,,s==9|Rương báu,s==9|icon_box2,11501,,,,,,,,
100127,5,110502,,s==9|Rương báu,s==9|icon_box2,11502,,,,,,,,
100128,5,110503,,s==9|Rương báu,s==9|icon_box2,11503,,,,,,,,
100129,5,110504,,s==9|Rương báu,s==9|icon_box2,11504,,,,,,,,
100130,5,110505,,s==9|Rương báu,s==9|icon_box2,11505,,,,,,,,
100131,5,110506,,s==9|Rương báu,s==9|icon_box2,11506,,,,,,,,
100132,5,110507,,s==9|Rương báu,s==9|icon_box2,11507,,,,,,,,
100133,5,110508,,s==9|Rương báu,s==9|icon_box2,11508,,,,,,,,
100134,5,110509,,s==9|Rương báu,s==9|icon_box2,11509,,,,,,,,
100135,5,110510,,s==9|Rương báu,s==9|icon_box2,11510,,,,,,,,
100136,5,110511,,s==9|Rương báu,s==9|icon_box2,11511,,,,,,,,
100137,5,110512,,s==9|Rương báu,s==9|icon_box2,11512,,,,,,,,
100138,5,110513,,s==9|Rương báu,s==9|icon_box2,11513,,,,,,,,
100139,5,110514,,s==9|Rương báu,s==9|icon_box2,11514,,,,,,,,
100140,7,110701,,s==27|Quân lính cấp 1 - Tuyết Cầu,,24510,51001,,100002,,,,s==138|Nơi này bị quân địch chiếm đóng， phải đánh bại bọn chúng mới có thể qua được nơi này。 Sau khi chiến thắng có thể thu hoạch chiến lợi phẩm。,
100141,7,110702,,s==30|Quân lính cấp 1 - Nhiệm vụ phụ,,24502,51002,,100002,,,,s==138|Nơi này bị quân địch chiếm đóng， phải đánh bại bọn chúng mới có thể qua được nơi này。 Sau khi chiến thắng có thể thu hoạch chiến lợi phẩm。,
100142,7,110703,,s==35|Quân lính cấp 1 - Rương báu ẩn giấu,,24506,51003,,100002,,,,s==138|Nơi này bị quân địch chiếm đóng， phải đánh bại bọn chúng mới có thể qua được nơi này。 Sau khi chiến thắng có thể thu hoạch chiến lợi phẩm。,
100143,7,110704,,s==34|Quân lính cấp 1 - Cổng truyền tống,,24501,51005,,100002,,,,s==138|Nơi này bị quân địch chiếm đóng， phải đánh bại bọn chúng mới có thể qua được nơi này。 Sau khi chiến thắng có thể thu hoạch chiến lợi phẩm。,
100144,7,110705,,s==49|Quân lính cấp 2 - Nhiệm vụ phụ phía trên bên trái,,22509,51004,,100004,,,,s==138|Nơi này bị quân địch chiếm đóng， phải đánh bại bọn chúng mới có thể qua được nơi này。 Sau khi chiến thắng có thể thu hoạch chiến lợi phẩm。,
100145,7,110706,,s==36|Quân lính cấp 2 - Phía dưới bên trái,,25503,51006,,100004,,,,s==138|Nơi này bị quân địch chiếm đóng， phải đánh bại bọn chúng mới có thể qua được nơi này。 Sau khi chiến thắng có thể thu hoạch chiến lợi phẩm。,
100146,7,110707,,s==28|Quân lính cấp 2 - Chính giữa,,25506,51007,,100004,,,,s==138|Nơi này bị quân địch chiếm đóng， phải đánh bại bọn chúng mới có thể qua được nơi này。 Sau khi chiến thắng có thể thu hoạch chiến lợi phẩm。,
100147,7,110708,,s==29|Quân lính cấp 2 - BOSS Chu Du,,23510,51008,,100006,,,,s==138|Nơi này bị quân địch chiếm đóng， phải đánh bại bọn chúng mới có thể qua được nơi này。 Sau khi chiến thắng có thể thu hoạch chiến lợi phẩm。,
100148,7,110709,,s==34|Quân lính cấp 2 - Cổng truyền tống,,21505,51009,,100004,,,,s==138|Nơi này bị quân địch chiếm đóng， phải đánh bại bọn chúng mới có thể qua được nơi này。 Sau khi chiến thắng có thể thu hoạch chiến lợi phẩm。,
100149,7,110710,,s==49|Quân lính cấp 2 - Nhiệm vụ phụ phía trên bên phải,,22511,51010,,100004,,,,s==138|Nơi này bị quân địch chiếm đóng， phải đánh bại bọn chúng mới có thể qua được nơi này。 Sau khi chiến thắng có thể thu hoạch chiến lợi phẩm。,
100150,7,110711,,s==32|Quân lính cấp 3 - Nhiệm vụ chính,,23503,51011,,100001,,,,s==138|Nơi này bị quân địch chiếm đóng， phải đánh bại bọn chúng mới có thể qua được nơi này。 Sau khi chiến thắng có thể thu hoạch chiến lợi phẩm。,
100151,7,110712,,s==35|Quân lính cấp 3 - BOSS Thần Quan Vũ,,24505,51014,,100001,,,,s==138|Nơi này bị quân địch chiếm đóng， phải đánh bại bọn chúng mới có thể qua được nơi này。 Sau khi chiến thắng có thể thu hoạch chiến lợi phẩm。,
111003,7,110713,,s==30|Quân lính cấp 3 - Nhiệm vụ phụ,,25507,51012,,100001,,,,s==138|Nơi này bị quân địch chiếm đóng， phải đánh bại bọn chúng mới có thể qua được nơi này。 Sau khi chiến thắng có thể thu hoạch chiến lợi phẩm。,
100153,7,110714,,s==30|Quân lính cấp 3 - Nhiệm vụ phụ,,23507,51013,,100001,,,,s==138|Nơi này bị quân địch chiếm đóng， phải đánh bại bọn chúng mới có thể qua được nơi này。 Sau khi chiến thắng có thể thu hoạch chiến lợi phẩm。,
100154,7,110715,,s==20|Quân lính Thanh Long,,24502,51015,,100005,,,,s==138|Nơi này bị quân địch chiếm đóng， phải đánh bại bọn chúng mới có thể qua được nơi này。 Sau khi chiến thắng có thể thu hoạch chiến lợi phẩm。,
100155,7,110716,,s==17|Quân lính Bạch Hổ,,24504,51016,,100005,,,,s==138|Nơi này bị quân địch chiếm đóng， phải đánh bại bọn chúng mới có thể qua được nơi này。 Sau khi chiến thắng có thể thu hoạch chiến lợi phẩm。,
100156,7,110717,,s==18|Quân lính Chu Tước,,24510,51017,,100005,,,,s==138|Nơi này bị quân địch chiếm đóng， phải đánh bại bọn chúng mới có thể qua được nơi này。 Sau khi chiến thắng có thể thu hoạch chiến lợi phẩm。,
100157,7,110718,,s==18|Quân lính Huyền Vũ,,21505,51018,,100005,,,,s==138|Nơi này bị quân địch chiếm đóng， phải đánh bại bọn chúng mới có thể qua được nơi này。 Sau khi chiến thắng có thể thu hoạch chiến lợi phẩm。,
100158,7,110719,,s==23|BOSS ải thứ tư - Tâm Ma,,4600701,51019,,100005,,,,s==138|Nơi này bị quân địch chiếm đóng， phải đánh bại bọn chúng mới có thể qua được nơi này。 Sau khi chiến thắng có thể thu hoạch chiến lợi phẩm。,
100159,15,111501,,s==16|Cổng truyền tống,,202,1,,,3,,,,
100160,15,111502,,s==16|Cổng truyền tống,,59,1,,,,,,,
100161,15,111503,,s==16|Cổng truyền tống,,216,1,,,,,,,
100162,9,110901,,s==23|Mở khóa khu vực thứ hai,,,,,,,s==319|141|142|143|144|145|146|147|148|149|150|161|162|163|164|165|166|167|168|169|170|181|182|183|184|185|186|187|188|189|190|201|202|203|204|205|206|207|208|209|210|221|222|223|224|225|226|227|228|229|230|241|242|243|244|245|246|247|248|249|250|261|262|263|264|265|266|267|268|269|270|281|282|283|284|285|286|287|288|289|290,,,
100163,9,110902,,s==22|Mở khóa khu vực thứ ba,,,,,,,s==203|31|32|33|34|35|36|37|38|39|40|41|51|52|53|54|55|56|57|58|59|60|71|72|73|74|75|76|77|78|79|80|91|92|93|94|95|96|97|98|99|100|111|112|113|114|115|116|117|118|119|120|131|132|133|134|135|136|137|138|139|140,,,
100164,9,110903,,s==22|Mở khóa khu vực thứ tư,,,,,,,s==275|172|173|174|175|176|177|178|179|180|191|192|193|194|195|196|197|198|199|200|211|212|213|214|215|216|217|218|219|220|231|232|233|234|235|236|237|238|239|240|251|252|253|254|255|256|257|258|259|260|271|272|273|274|275|276|277|278|279|280|291|292|293|294|295|296|297|298|299|300,,,
100165,9,110904,,s==37|Mở khóa rương báu ẩn giấu ải thứ nhất,,,,,,,s==7|102|103,,,
100166,9,110905,,s==28|Mở khóa hàng rào ải thứ nhất,,,,,,,s==19|105|106|107|108|109,,,
100167,11,111101,,s==34|Đối thoại trống - Biểu tượng nỏ đá,s==16|icon_rockThrower,,11002,2,,,,,,
100168,11,111102,,s==38|Đối thoại trống - Biểu tượng cây tuyết,s==11|icon_xueshu,,11001,2,,,,,,
100169,11,111103,,s==15|Gợi ý Tuyết Cầu,s==13|icon_snowball,,11003,2,,,,,,
100170,10,111001,,s==20|Đối thoại - Khởi đầu,,11004,,,,,,,,
100172,10,111002,,s==36|Đối thoại - Vào ải thứ hai Xích Bích,,11012,,,,,,,,
100173,11,111107,,s==25|Đối thoại - Gặp gỡ Chu Du,s==8|j_duihua,23510,11013,,,,,,,
100174,11,111108,,s==27|Đối thoại - Đánh bại Chu Du,s==8|j_duihua,23510,11020,,,,,,,
100175,10,111003,,s==35|Đối thoại - Vào ải thứ ba Kinh Châu,,11021,,,,,,,,
100176,11,111110,,s==31|Đối thoại - Gặp gỡ Thần Quan Vũ,s==8|j_duihua,24505,11022,,,,,,,
100177,11,111111,,s==33|Đối thoại - Đánh bại Thần Quan Vũ,s==8|j_duihua,24505,11023,,,,,,,
100179,11,111113,,s==25|Đối thoại - Gặp gỡ Tâm Ma,s==8|j_duihua,4600701,11026,,,,,,,
100180,11,111114,,s==27|Đối thoại - Đánh bại Tâm Ma,s==8|j_duihua,4600701,11036,,,,,,,
100181,12,111202,,s==43|Sự kiện trống mang biểu tượng quả cầu tuyết,s==13|icon_snowball,,,,,,,,,
100182,13,111301,,s==26|Con đường ẩn tàng biến mất,,,,,,,s==24|82|14|40014,102|14|40014,,,
100183,13,111302,,s==22|Quả cầu tuyết tan biến,,,,,,,s==11|26|14|40014,,,
100184,13,111303,,s==31|Hàng rào tầng đầu tiên biến mất,,,,,,,s==11|88|14|40014,,,
100185,13,111304,,s==28|Tầng thứ hai thuyền bốc cháy,,,,,,,s==103|164|24|40024,165|24|40024,166|24|40024,167|24|40024,244|24|40024,245|24|40024,246|24|40024,247|24|40024,,,
100186,13,111305,,s==27|Thanh Long cao đài hạ xuống,,,,,,,s==25|258|41|40041,277|49|40049,,,
100187,13,111306,,s==24|Bạch Hổ cao đài hạ xuống,,,,,,,s==12|276|53|40053,,,
100188,13,111307,,s==25|Chu Tước cao đài hạ xuống,,,,,,,s==12|275|51|40051,,,
100189,13,111308,,s==25|Huyền Vũ cao đài hạ xuống,,,,,,,s==12|274|55|40055,,,
100190,13,111309,,s==19|Dời chuyển ống kính,,,,,,,s==11|182|1|40001,,,
100191,13,111310,,s==21|Dời chuyển ống kính 2,,,,,,,s==11|54|13|40013,,,
100192,13,111311,,s==21|Dời chuyển ống kính 3,,,,,,,s==12|216|41|40041,,,
100193,10,111004,,s==29|Đối thoại - Sau khi khai trận,,11010,,,,,,,,
100194,4,110401,,s==30|Khai trận quân doanh Tôn Quyền,,22,,,,,,,s==131|Mời Tôn Quyền trợ giúp ngươi hoàn thành chuyến viễn chinh này， trường thời chạm giữ tướng nhãn tự có thể tra cứu thông tin tướng sĩ,
100195,4,120401,,s==29|Khai trận quân doanh Tào Tháo,,23,,,,,,,s==130|Mời Tào Tháo trợ giúp ngươi hoàn thành chuyến viễn chinh này， trường thời chạm giữ tướng nhãn tự có thể tra cứu thông tin tướng sĩ,
100196,15,121501,,s==18|Cổng truyền tống 1,,98,1,,,,,,,
100197,15,121502,,s==18|Cổng truyền tống 2,,198,1,,,,,,,
100198,8,120801,,s==17|Lời nhắc đống lửa,,,,,,,,,s==61|Nhặt thùng gỗ， đổ đầy vào giếng， mới có thể dập tắt đống lửa。,
100199,5,120501,,s==35|Rương báu - Rương nhỏ trong thành 1,s==9|icon_box2,12501,,,,,,,,
100200,5,120502,,s==35|Rương báu - Rương nhỏ trong thành 2,s==9|icon_box2,12502,,,,,,,,
100201,5,120503,,s==38|Rương báu - Rương rơi từ boss Cam Ninh,s==9|icon_box2,12503,,,,,,,,
100202,5,120504,,s==33|Rương báu - Rương nhỏ ngoài thành,s==9|icon_box2,12504,,,,,,,,
100203,5,120505,,s==29|Rương báu - Rương nhỏ ẩn tàng,s==9|icon_box2,12505,,,,,,,,
100204,5,120506,,s==39|Rương báu - Rương nhỏ góc trên bên phải,s==9|icon_box2,12506,,,,,,,,
100205,5,120507,,s==51|Rương báu - Rương rơi từ boss ẩn tàng Gia Cát Lượng,s==9|icon_box2,12507,,,,,,,,
100206,5,120508,,s==39|Rương báu - Rương rơi từ boss Triệu Vân,s==9|icon_box2,12508,,,,,,,,
100207,5,120509,,s==39|Rương báu - Rương nhỏ góc dưới bên phải,s==9|icon_box2,12509,,,,,,,,
100208,5,120510,,s==32|Rương báu - Rương sau khi bắn đá,s==9|icon_box2,12510,,,,,,,,
100209,5,120511,,s==33|Rương báu - Rương boss Trương Phi,s==9|icon_box2,12511,,,,,,,,
100210,5,120512,,s==30|Rương báu - Rương boss Quan Vũ,s==9|icon_box2,12512,,,,,,,,
100211,10,121001,,s==20|Đối thoại - Khởi đầu,,11044,,,,,,,,
100212,10,121002,,s==35|Đối thoại - Đánh bại quái thành môn,,11049,,,,,,,,
100213,10,121003,,s==33|Đối thoại - Đánh bại quái bờ sông,,11052,,,,,,,,
100214,10,121004,,s==52|Đối thoại - Đánh bại quái thành môn 2 (sau biến hóa),,11056,,,,,,,,
100215,11,121101,,s==27|Đối thoại - Thành môn Tôn U,s==8|j_duihua,21401,11059,,,,,,,
100216,11,121102,,s==27|Đối thoại - Gặp gỡ Cam Ninh,s==8|j_duihua,23507,11061,,,,,,,
100217,10,121005,,s==37|Đối thoại - Sau khi đánh bại Cam Ninh,,11062,,,,,,,,
100218,11,121103,,s==28|Đối thoại - Gặp gỡ Triệu Vân,s==8|j_duihua,22508,11063,,,,,,,
100219,10,121006,,s==38|Đối thoại - Sau khi đánh bại Triệu Vân,,11066,,,,,,,,
100220,11,121104,,s==29|Đối thoại - Gặp gỡ Trương Phi,s==8|j_duihua,22502,11067,,,,,,,
100221,11,121105,,s==26|Đối thoại - Gặp gỡ Quan Vũ,s==8|j_duihua,22504,11070,,,,,,,
100222,10,121007,,s==36|Đối thoại - Sau khi đánh bại Quan Vũ,,11074,,,,,,,,
100223,10,121008,,s==28|Đối thoại - Phát hiện bí đạo,,11077,,,,,,,,
100224,11,121106,,s==32|Đối thoại - Gặp gỡ Gia Cát Lượng,,22507,11078,,,,,,,
100225,10,121009,,s==34|Đối thoại - Đánh bại Gia Cát Lượng,,11080,,,,,,,,
100226,7,120701,,s==31|Chiến đấu - Binh lính thành môn,,22501,51201,,100001,,,,s==138|Nơi này bị quân địch chiếm đóng， phải đánh bại bọn chúng mới có thể qua được nơi này。 Sau khi chiến thắng có thể thu hoạch chiến lợi phẩm。,
100227,7,120702,,s==29|Chiến đấu - Binh lính bờ sông,,24508,51202,,100004,,,,s==138|Nơi này bị quân địch chiếm đóng， phải đánh bại bọn chúng mới có thể qua được nơi này。 Sau khi chiến thắng có thể thu hoạch chiến lợi phẩm。,
100228,7,120703,,s==46|Chiến đấu - Binh lính rương báu bên trái thành,,25504,51203,,100001,,,,s==138|Nơi này bị quân địch chiếm đóng， phải đánh bại bọn chúng mới có thể qua được nơi này。 Sau khi chiến thắng có thể thu hoạch chiến lợi phẩm。,
100229,7,120704,,s==42|Chiến đấu - Binh lính nhỏ bên trái thành 2,,23510,51204,,100001,,,,s==138|Nơi này bị quân địch chiếm đóng， phải đánh bại bọn chúng mới có thể qua được nơi này。 Sau khi chiến thắng có thể thu hoạch chiến lợi phẩm。,
100230,7,120705,,s==42|Chiến đấu - Binh lính rương báu giữa thành,,24506,51205,,100001,,,,s==138|Nơi này bị quân địch chiếm đóng， phải đánh bại bọn chúng mới có thể qua được nơi này。 Sau khi chiến thắng có thể thu hoạch chiến lợi phẩm。,
100231,7,120706,,s==25|Chiến đấu - Boss Cam Ninh,,23507,51206,,100004,,,,s==138|Nơi này bị quân địch chiếm đóng， phải đánh bại bọn chúng mới có thể qua được nơi này。 Sau khi chiến thắng có thể thu hoạch chiến lợi phẩm。,
100232,7,120707,,s==43|Chiến đấu - Binh lính rương báu ngoại thành,,21508,51207,,100004,,,,s==138|Nơi này bị quân địch chiếm đóng， phải đánh bại bọn chúng mới có thể qua được nơi này。 Sau khi chiến thắng có thể thu hoạch chiến lợi phẩm。,
100233,7,120708,,s==44|Chiến đấu - Binh lính đường giữa ngoại thành,,22501,51208,,100004,,,,s==138|Nơi này bị quân địch chiếm đóng， phải đánh bại bọn chúng mới có thể qua được nơi này。 Sau khi chiến thắng có thể thu hoạch chiến lợi phẩm。,
100234,7,120709,,s==41|Chiến đấu - Binh lính ẩn tàng ngoại thành,,23504,51209,,100004,,,,s==138|Nơi này bị quân địch chiếm đóng， phải đánh bại bọn chúng mới có thể qua được nơi này。 Sau khi chiến thắng có thể thu hoạch chiến lợi phẩm。,
100235,7,120710,,s==44|Chiến đấu - Binh lính cổng truyền tống Ô Lâm,,24506,51210,,100004,,,,s==138|Nơi này bị quân địch chiếm đóng， phải đánh bại bọn chúng mới có thể qua được nơi này。 Sau khi chiến thắng có thể thu hoạch chiến lợi phẩm。,
100236,7,120711,,s==35|Chiến đấu - Binh lính nhánh cao đài,,24508,51211,,100004,,,,s==138|Nơi này bị quân địch chiếm đóng， phải đánh bại bọn chúng mới có thể qua được nơi này。 Sau khi chiến thắng có thể thu hoạch chiến lợi phẩm。,
100237,7,120712,,s==30|Chiến đấu - Boss Gia Cát Lượng,,22507,51212,,100004,,,,s==138|Nơi này bị quân địch chiếm đóng， phải đánh bại bọn chúng mới có thể qua được nơi này。 Sau khi chiến thắng có thể thu hoạch chiến lợi phẩm。,
100238,7,120713,,s==26|Chiến đấu - Boss Triệu Vân,,22508,51213,,100004,,,,s==138|Nơi này bị quân địch chiếm đóng， phải đánh bại bọn chúng mới có thể qua được nơi này。 Sau khi chiến thắng có thể thu hoạch chiến lợi phẩm。,
100239,7,120714,,s==30|Chiến đấu - Binh lính thần đàn,,24506,51214,,100004,,,,s==138|Nơi này bị quân địch chiếm đóng， phải đánh bại bọn chúng mới có thể qua được nơi này。 Sau khi chiến thắng có thể thu hoạch chiến lợi phẩm。,
100240,7,120715,,s==44|Chiến đấu - Binh lính góc dưới bên phải rừng,,25507,51215,,100004,,,,s==138|Nơi này bị quân địch chiếm đóng， phải đánh bại bọn chúng mới có thể qua được nơi này。 Sau khi chiến thắng có thể thu hoạch chiến lợi phẩm。,
100241,7,120716,,s==34|Chiến đấu - Binh lính cửa hàng rào,,24502,51216,,100004,,,,s==138|Nơi này bị quân địch chiếm đóng， phải đánh bại bọn chúng mới có thể qua được nơi này。 Sau khi chiến thắng có thể thu hoạch chiến lợi phẩm。,
100242,7,120717,,s==31|Chiến đấu - Binh lính xe bắn đá,,21505,51217,,100004,,,,s==138|Nơi này bị quân địch chiếm đóng， phải đánh bại bọn chúng mới có thể qua được nơi này。 Sau khi chiến thắng có thể thu hoạch chiến lợi phẩm。,
100243,7,120718,,s==48|Chiến đấu - Binh lính góc trên bên phải hàng rào,,21503,51218,,100004,,,,s==138|Nơi này bị quân địch chiếm đóng， phải đánh bại bọn chúng mới có thể qua được nơi này。 Sau khi chiến thắng có thể thu hoạch chiến lợi phẩm。,
100244,7,120719,,s==27|Chiến đấu - Boss Trương Phi,,22502,51219,,100004,,,,s==138|Nơi này bị quân địch chiếm đóng， phải đánh bại bọn chúng mới có thể qua được nơi này。 Sau khi chiến thắng có thể thu hoạch chiến lợi phẩm。,
100245,7,120720,,s==32|Chiến đấu - Binh lính thùng nước,,24506,51220,,100004,,,,s==138|Nơi này bị quân địch chiếm đóng， phải đánh bại bọn chúng mới có thể qua được nơi này。 Sau khi chiến thắng có thể thu hoạch chiến lợi phẩm。,
100246,7,120721,,s==24|Chiến đấu - Boss Quan Vũ,,22504,51221,,100004,,,,s==138|Nơi này bị quân địch chiếm đóng， phải đánh bại bọn chúng mới có thể qua được nơi này。 Sau khi chiến thắng có thể thu hoạch chiến lợi phẩm。,
100247,7,120722,,s==45|Chiến đấu - Binh lính đường chính trong thành,,25503,51222,,100001,,,,s==138|Nơi này bị quân địch chiếm đóng， phải đánh bại bọn chúng mới có thể qua được nơi này。 Sau khi chiến thắng có thể thu hoạch chiến lợi phẩm。,
100248,7,120723,,s==51|Chiến đấu - Binh lính góc dưới bên phải trong thành,,21508,51223,,100001,,,,s==138|Nơi này bị quân địch chiếm đóng， phải đánh bại bọn chúng mới có thể qua được nơi này。 Sau khi chiến thắng có thể thu hoạch chiến lợi phẩm。,
100249,7,120724,,s==38|Chiến đấu - Binh lính canh giữ Gia Cát,,24502,51224,,100004,,,,s==138|Nơi này bị quân địch chiếm đóng， phải đánh bại bọn chúng mới có thể qua được nơi này。 Sau khi chiến thắng có thể thu hoạch chiến lợi phẩm。,
100250,7,120725,,s==43|Chiến đấu - Quái thành môn 2 (sau biến hóa),,24502,51225,,100001,,,,s==138|Nơi này bị quân địch chiếm đóng， phải đánh bại bọn chúng mới có thể qua được nơi này。 Sau khi chiến thắng có thể thu hoạch chiến lợi phẩm。,
100251,7,120726,,s==34|Chiến đấu - Quái canh giữ đống lửa,,25503,51226,,,,,,s==138|Nơi này bị quân địch chiếm đóng， phải đánh bại bọn chúng mới có thể qua được nơi này。 Sau khi chiến thắng có thể thu hoạch chiến lợi phẩm。,
100252,7,120727,,s==33|Chiến đấu - Quái làm mới đống lửa,,21510,51227,,,,,,s==138|Nơi này bị quân địch chiếm đóng， phải đánh bại bọn chúng mới có thể qua được nơi này。 Sau khi chiến thắng có thể thu hoạch chiến lợi phẩm。,
100253,13,121301,,s==34|Chuyển đổi - Đánh bại quái bờ sông,,,,,,,s==546|46|24|40024,62|24|40024,63|24|40024,64|24|40024,67|24|40024,68|24|40024,69|24|40024,82|24|40024,83|24|40024,84|24|40024,85|24|40024,87|24|40024,88|24|40024,89|24|40024,90|24|40024,166|13|40013,182|13|40013,183|13|40013,188|13|40013,189|13|40013,202|13|40013,203|9|40009,204|13|40013,206|8|40008,209|9|40009,210|13|40013,222|13|40013,223|13|40013,225|13|40013,226|9|40009,227|13|40013,229|8|40008,242|13|40013,243|8|40008,249|13|40013,263|13|40013,265|9|40009,267|13|40013,268|13|40013,282|13|40013,284|13|40013,285|8|40008,286|9|40009,288|8|40008,,,
100254,13,121302,,s==27|Chuyển đổi - Đường hoa ẩn 1,,,,,,,s==11|259|4|40004,,,
100255,13,121303,,s==27|Chuyển đổi - Đường hoa ẩn 2,,,,,,,s==35|198|4|40004,199|4|40004,220|4|40004,,,
100256,13,121304,,s==30|Chuyển đổi - Sử dụng xe bắn đá,,,,,,,s==11|374|1|40001,,,
100257,13,121305,,s==36|Chuyển đổi - Sau khi nhận thùng nước,,,,,,,s==11|330|1|40001,,,
100258,13,121306,,s==38|Chuyển đổi - Sau khi lấy nước từ giếng,,,,,,,s==11|344|1|40001,,,
100259,13,121307,,s==43|Chuyển đổi - Châm lửa đống lửa phá hàng rào,,,,,,,s==11|368|1|40001,,,
130001,5,130501,,s==31|Rương báu - Quân doanh bên trái,s==9|icon_box2,13501,,,,,,,,
130002,5,130502,,s==31|Rương báu - Quân doanh bên phải,s==9|icon_box2,13502,,,,,,,,
130003,5,130503,,s==36|Rương báu - Bản đồ góc trên bên phải,s==9|icon_box2,13503,,,,,,,,
130004,5,130504,,s==22|Rương báu - Đường quái,s==9|icon_box2,13504,,,,,,,,
130005,5,130505,,s==21|Rương báu - Giữa dưới,s==9|icon_box2,13505,,,,,,,,
130006,5,130506,,s==15|Rương báu - Rìu,s==9|icon_box2,13506,,,,,,,,
130007,5,130507,,s==37|Rương báu - Ngoài doanh trại bên phải,s==9|icon_box2,13507,,,,,,,,
130008,5,130508,,s==22|Rương báu - Thùng nước,s==9|icon_box2,13508,,,,,,,,
130009,5,130509,,s==37|Rương báu - Ngoài doanh trại bên trái,s==9|icon_box2,13509,,,,,,,,
130010,5,130510,,s==19|Rương báu - Mỹ nhân,s==9|icon_box2,13510,,,,,,,,
130011,5,130511,,s==21|Rương báu - Kho báu 1,s==9|icon_box2,13511,,,,,,,,
130012,5,130512,,s==21|Rương báu - Kho báu 2,s==9|icon_box2,13512,,,,,,,,
130013,5,130513,,s==16|Rương báu - BOSS,s==9|icon_box2,13513,,,,,,,,
130014,11,131101,,s==23|Đối thoại - Gặp quân sư,s==8|j_duihua,22405,12001,,,,,,,
130015,11,131102,,s==23|Đối thoại - Gặp mỹ nhân,s==8|j_duihua,30006,12043,,,,,,,
130016,11,131103,,s==30|Đối thoại - Kho lương đặc biệt,s==14|icon_wareHouse,,12050,2,,,,,,
130017,11,131104,,s==27|Đối thoại - Gặp người bí ẩn,,23509,12006,,,,,,,
130018,10,131001,,s==36|Đối thoại - Sau khi đánh người bí ẩn,,12008,,,,,,,,
130019,10,131002,,s==31|Đối thoại - Sau khi đánh quái 1,,12014,,,,,,,,
130020,10,131003,,s==31|Đối thoại - Sau khi đánh quái 2,,12018,,,,,,,,
130021,10,131004,,s==31|Đối thoại - Sau khi đánh quái 3,,12023,,,,,,,,
130022,10,131005,,s==32|Đối thoại - Nhìn thấy doanh trại,,12028,,,,,,,,
130023,10,131006,,s==47|Đối thoại - Sau khi đánh lính thùng gỗ bên phải,,12031,,,,,,,,
130024,10,131007,,s==42|Đối thoại - Sau khi đánh lính cửa bên trái,,12036,,,,,,,,
130025,10,131008,,s==43|Đối thoại - Sau khi đánh lính lẻ trước BOSS,,12053,,,,,,,,
130026,11,131105,,s==20|Đối thoại - Gặp BOSS,s==8|j_duihua,23201,12057,,,,,,,
130027,10,131010,,s==29|Đối thoại - Sau khi đánh BOSS,,12061,,,,,,,,
130028,13,131301,,s==50|Chuyển đổi - Sau khi đánh lính mỹ nhân mở cửa BOSS,,,,,,,s==10|87|1|40001,,,
130029,13,131302,,s==29|Chuyển đổi - Sau khi nhặt rìu,,,,,,,s==11|168|1|40001,,,
130030,13,131303,,s==41|Chuyển đổi - Sau khi nhặt thùng nước rỗng,,,,,,,s==23|228|1|40001,229|1|40001,,,
130031,13,131304,,s==34|Chuyển đổi - Sau khi lấy nước ở hồ,,,,,,,s==11|125|1|40001,,,
130032,13,131305,,s==36|Chuyển đổi - Bắt buộc mở cửa kho báu,,,,,,,s==10|47|1|40001,,,
130033,13,131306,,s==31|Chuyển đổi - Đánh chết lính gai,,,,,,,s==11|212|1|40001,,,
140001,5,140501,,s==38|Rương báu - Khu vực 1 - Nhiệm vụ phụ 1,s==9|icon_box2,14501,,,,,,,,
140002,5,140502,,s==38|Rương báu - Khu vực 1 - Nhiệm vụ phụ 2,s==9|icon_box2,14502,,,,,,,,
140003,5,140503,,s==36|Rương báu - Khu vực 2 - Nhiệm vụ phụ,s==9|icon_box2,14503,,,,,,,,
140004,5,140504,,s==36|Rương báu - Khu vực 3 - Nhiệm vụ phụ,s==9|icon_box2,14504,,,,,,,,
140005,5,140505,,s==35|Rương báu - Khu vực 3 - Đường chính,s==9|icon_box2,14505,,,,,,,,
140006,5,140506,,s==36|Rương báu - Khu vực 4 - Nhiệm vụ phụ,s==9|icon_box2,14506,,,,,,,,
140007,5,140507,,s==36|Rương báu - Khu vực 4 - Nhiệm vụ phụ,s==9|icon_box2,14507,,,,,,,,
140008,5,140508,,s==28|Rương báu - Khu vực 4 - BOSS,s==9|icon_box2,14508,,,,,,,,
140009,7,140701,,s==40|Chiến đấu - Khu vực 1 - Lính rương báu 1,,27101,51401,,100007,,,,s==138|Nơi này bị quân địch chiếm đóng， phải đánh bại bọn chúng mới có thể qua được nơi này。 Sau khi chiến thắng có thể thu hoạch chiến lợi phẩm。,
140010,7,140702,,s==42|Chiến đấu - Khu vực 1 - Lính đường chính 1,,27101,51402,,100007,,,,s==138|Nơi này bị quân địch chiếm đóng， phải đánh bại bọn chúng mới có thể qua được nơi này。 Sau khi chiến thắng có thể thu hoạch chiến lợi phẩm。,
140011,7,140703,,s==40|Chiến đấu - Khu vực 1 - Lính rương báu 2,,25513,51403,,100007,,,,s==138|Nơi này bị quân địch chiếm đóng， phải đánh bại bọn chúng mới có thể qua được nơi này。 Sau khi chiến thắng có thể thu hoạch chiến lợi phẩm。,
140012,7,140704,,s==42|Chiến đấu - Khu vực 1 - Lính đường chính 2,,23506,51404,,100007,,,,s==138|Nơi này bị quân địch chiếm đóng， phải đánh bại bọn chúng mới có thể qua được nơi này。 Sau khi chiến thắng có thể thu hoạch chiến lợi phẩm。,
140013,7,140705,,s==42|Chiến đấu - Khu vực 1 - Lính truyền tống 1,,25513,51405,,100007,,,,s==138|Nơi này bị quân địch chiếm đóng， phải đánh bại bọn chúng mới có thể qua được nơi này。 Sau khi chiến thắng có thể thu hoạch chiến lợi phẩm。,
140014,7,140706,,s==42|Chiến đấu - Khu vực 2 - Lính đường chính 1,,24501,51406,,100007,,,,s==138|Nơi này bị quân địch chiếm đóng， phải đánh bại bọn chúng mới có thể qua được nơi này。 Sau khi chiến thắng có thể thu hoạch chiến lợi phẩm。,
140015,7,140707,,s==42|Chiến đấu - Khu vực 2 - Lính đường chính 2,,25506,51407,,100007,,,,s==138|Nơi này bị quân địch chiếm đóng， phải đánh bại bọn chúng mới có thể qua được nơi này。 Sau khi chiến thắng có thể thu hoạch chiến lợi phẩm。,
140016,7,140708,,s==42|Chiến đấu - Khu vực 2 - Lính đường chính 3,,25513,51408,,100007,,,,s==138|Nơi này bị quân địch chiếm đóng， phải đánh bại bọn chúng mới có thể qua được nơi này。 Sau khi chiến thắng có thể thu hoạch chiến lợi phẩm。,
140017,7,140709,,s==37|Chiến đấu - Khu vực 2 - BOSS Cam Ninh,,23507,51409,,100007,,,,s==138|Nơi này bị quân địch chiếm đóng， phải đánh bại bọn chúng mới có thể qua được nơi này。 Sau khi chiến thắng có thể thu hoạch chiến lợi phẩm。,
140018,7,140710,,s==42|Chiến đấu - Khu vực 3 - Lính đường chính 1,,22502,51410,,100008,,,,s==138|Nơi này bị quân địch chiếm đóng， phải đánh bại bọn chúng mới có thể qua được nơi này。 Sau khi chiến thắng có thể thu hoạch chiến lợi phẩm。,
140019,7,140711,,s==40|Chiến đấu - Khu vực 3 - Lính rương báu 1,,21510,51411,,100008,,,,s==138|Nơi này bị quân địch chiếm đóng， phải đánh bại bọn chúng mới có thể qua được nơi này。 Sau khi chiến thắng có thể thu hoạch chiến lợi phẩm。,
140020,7,140712,,s==42|Chiến đấu - Khu vực 3 - Lính đường chính 2,,22511,51412,,100008,,,,s==138|Nơi này bị quân địch chiếm đóng， phải đánh bại bọn chúng mới có thể qua được nơi này。 Sau khi chiến thắng có thể thu hoạch chiến lợi phẩm。,
140021,7,140713,,s==49|Chiến đấu - Khu vực 3 - Tinh anh Trương Tinh Thái,,24515,51413,,100008,,,,s==138|Nơi này bị quân địch chiếm đóng， phải đánh bại bọn chúng mới có thể qua được nơi này。 Sau khi chiến thắng có thể thu hoạch chiến lợi phẩm。,
140022,7,140714,,s==38|Chiến đấu - Khu vực 3 - BOSS Thần Quan,,24505,51414,,100008,,,,s==138|Nơi này bị quân địch chiếm đóng， phải đánh bại bọn chúng mới có thể qua được nơi này。 Sau khi chiến thắng có thể thu hoạch chiến lợi phẩm。,
140023,7,140715,,s==42|Chiến đấu - Khu vực 4 - Lính đường chính 1,,22508,51415,,100008,,,,s==138|Nơi này bị quân địch chiếm đóng， phải đánh bại bọn chúng mới có thể qua được nơi này。 Sau khi chiến thắng có thể thu hoạch chiến lợi phẩm。,
140024,7,140716,,s==40|Chiến đấu - Khu vực 4 - Lính rương báu 1,,24503,51416,,100008,,,,s==138|Nơi này bị quân địch chiếm đóng， phải đánh bại bọn chúng mới có thể qua được nơi này。 Sau khi chiến thắng có thể thu hoạch chiến lợi phẩm。,
140025,7,140717,,s==42|Chiến đấu - Khu vực 4 - Lính đường chính 2,,23506,51417,,100008,,,,s==138|Nơi này bị quân địch chiếm đóng， phải đánh bại bọn chúng mới có thể qua được nơi này。 Sau khi chiến thắng có thể thu hoạch chiến lợi phẩm。,
140026,7,140718,,s==40|Chiến đấu - Khu vực 4 - Lính rương báu 2,,25513,51418,,100008,,,,s==138|Nơi này bị quân địch chiếm đóng， phải đánh bại bọn chúng mới có thể qua được nơi này。 Sau khi chiến thắng có thể thu hoạch chiến lợi phẩm。,
140027,7,140719,,s==41|Chiến đấu - Khu vực 4 - BOSS Ma Triệu Vân,,25515,51419,,100008,,,,s==138|Nơi này bị quân địch chiếm đóng， phải đánh bại bọn chúng mới có thể qua được nơi này。 Sau khi chiến thắng có thể thu hoạch chiến lợi phẩm。,
140028,7,140720,,s==41|Chiến đấu - Khu vực 3 - Ma Hoa Đà vô dụng,,25514,51420,,100008,,,,s==138|Nơi này bị quân địch chiếm đóng， phải đánh bại bọn chúng mới có thể qua được nơi này。 Sau khi chiến thắng có thể thu hoạch chiến lợi phẩm。,
140029,7,140721,,s==45|Chiến đấu - Khu vực 3 - Lính nhỏ trước Hoa Đà,,23506,51421,,100008,,,,s==138|Nơi này bị quân địch chiếm đóng， phải đánh bại bọn chúng mới có thể qua được nơi này。 Sau khi chiến thắng có thể thu hoạch chiến lợi phẩm。,
140030,7,140722,,s==42|Chiến đấu - Khu vực 4 - Ảo ảnh Trương Quan,,24516,51422,,100008,,,,s==138|Nơi này bị quân địch chiếm đóng， phải đánh bại bọn chúng mới có thể qua được nơi này。 Sau khi chiến thắng có thể thu hoạch chiến lợi phẩm。,
140031,10,141001,,s==20|Đối thoại - Khởi đầu,,14000,,,,,,,,
140032,10,141002,,s==58|Đối thoại - Khu vực 1 sau khi đánh xong lính đường chính 1,,14007,,,,,,,,
140033,10,141003,,s==56|Đối thoại - Khu vực 1 sau khi đánh xong lính truyền tống,,14009,,,,,,,,
140034,10,141004,,s==48|Đối thoại - Khu vực 2 sau khi đánh xong Cam Ninh,,14023,,,,,,,,
140035,10,141005,,s==58|Đối thoại - Khu vực 3 sau khi đánh xong lính đường chính 1,,14026,,,,,,,,
140036,10,141006,,s==56|Đối thoại - Khu vực 3 sau khi đánh xong Trương Tinh Thái,,14033,,,,,,,,
140037,11,141101,,s==42|Đối thoại - Khu vực 2 lúc đầu gặp Cam Ninh,s==8|j_duihua,23507,14012,,,,,,,
140038,11,141102,,s==45|Đối thoại - Khu vực 2 trước khi đánh Cam Ninh,s==8|j_duihua,23507,14017,,,,,,,
140039,11,141103,,s==42|Đối thoại - Khu vực 3 gặp Trương Tinh Thái,s==8|j_duihua,24515,14028,,,,,,,
140040,10,141007,,s==49|Đối thoại - Khu vực 3 sau khi đánh xong Thần Quan,s==8|j_duihua,14038,,,,,,,,
140041,11,141105,,s==38|Đối thoại - Khu vực 4 gặp Ma Triệu Vân,s==8|j_duihua,25515,14044,,,,,,,
140042,11,141106,,s==25|Đối thoại - Gặp Thần Quan,s==8|j_duihua,24505,14035,,,,,,,
140043,15,141501,,s==32|Truyền tống - Từ khu vực 1 đến 2,,75,1,,,,,,,
140044,15,141502,,s==32|Truyền tống - Từ khu vực 2 đến 3,,95,1,,,,,,,
140045,15,141503,,s==32|Truyền tống - Từ khu vực 3 đến 4,,129,1,,,,,,,
140046,13,141301,,s==29|Chuyển đổi - Cam Ninh bỏ chạy,,,,,,,s==11|29|37|40037,,,
140047,13,141302,,s==43|Chuyển đổi - Ma Hoa Đà biến thành Thần Quan,,,,,,,s==12|106|33|40033,,,
140048,13,141303,,s==29|Chuyển đổi - Mở cửa Khu vực 4,,,,,,,s==12|102|33|40033,,,
140049,9,140901,,s==19|Mở khóa - Khu vực 3,,,,,,,s==119|92|93|94|98|106|107|108|109|110|112|121|122|123|124|125|126|127|136|137|138|139|140|141|142|151|152|153|154|155|156|157,,,
140050,9,140902,,s==19|Mở khóa - Khu vực 4,,,,,,,s==154|99|100|101|102|103|104|105|113|114|115|116|117|118|119|120|128|129|130|131|132|133|134|135|143|144|145|146|147|148|149|150|158|159|160|161|162|163|164|165,,,
140051,4,140401,,s==26|Quân doanh Thần Trương Phi,,24,,,,,,,s==111|Mời một vị tướng trợ giúp ngươi hoàn thành chuyến viễn chinh này， chạm giữ vào ảnh tướng để xem thông tin tướng,
140052,4,140402,,s==23|Quân doanh Thần Quan Vũ,,25,,,,,,,s==111|Mời một vị tướng trợ giúp ngươi hoàn thành chuyến viễn chinh này， chạm giữ vào ảnh tướng để xem thông tin tướng,
140053,11,141107,,s==35|Đối thoại - Gặp ảo ảnh Thần Quan Vũ,s==8|j_duihua,24516,14049,,,,,,,
150001,4,150401,,s==21|Ma · Quân doanh Tư Mã,,26,,,,,,,s==111|Mời một vị tướng trợ giúp ngươi hoàn thành chuyến viễn chinh này， chạm giữ vào ảnh tướng để xem thông tin tướng,
150002,5,150501,,s==13|Rương báu - 1,s==9|icon_box2,15501,,,,,,,,
150003,5,150502,,s==13|Rương báu - 2,s==9|icon_box2,15502,,,,,,,,
150004,5,150503,,s==13|Rương báu - 3,s==9|icon_box2,15503,,,,,,,,
150005,5,150504,,s==13|Rương báu - 4,s==9|icon_box2,15504,,,,,,,,
150006,5,150505,,s==16|Rương báu - BOSS,s==9|icon_box2,15505,,,,,,,,
150007,7,150701,,s==20|Chiến đấu - Ma Lữ Bố,,25504,51501,,100008,,,,s==138|Nơi này bị quân địch chiếm đóng， phải đánh bại bọn chúng mới có thể qua được nơi này。 Sau khi chiến thắng có thể thu hoạch chiến lợi phẩm。,
150008,7,150702,,s==21|Chiến đấu - Tiểu binh,,27101,51502,,100008,,,,s==138|Nơi này bị quân địch chiếm đóng， phải đánh bại bọn chúng mới có thể qua được nơi này。 Sau khi chiến thắng có thể thu hoạch chiến lợi phẩm。,
150009,7,150703,,s==21|Chiến đấu - Tiểu binh,,25503,51503,,100008,,,,s==138|Nơi này bị quân địch chiếm đóng， phải đánh bại bọn chúng mới có thể qua được nơi này。 Sau khi chiến thắng có thể thu hoạch chiến lợi phẩm。,
150010,7,150704,,s==19|Chiến đấu - Sát thủ,,23504,51504,,100008,,,,s==138|Nơi này bị quân địch chiếm đóng， phải đánh bại bọn chúng mới có thể qua được nơi này。 Sau khi chiến thắng có thể thu hoạch chiến lợi phẩm。,
150011,7,150705,,s==21|Chiến đấu - Tiểu binh,,24504,51505,,100008,,,,s==138|Nơi này bị quân địch chiếm đóng， phải đánh bại bọn chúng mới có thể qua được nơi này。 Sau khi chiến thắng có thể thu hoạch chiến lợi phẩm。,
150012,7,150706,,s==21|Chiến đấu - Tiểu binh,,24508,51506,,100008,,,,s==138|Nơi này bị quân địch chiếm đóng， phải đánh bại bọn chúng mới có thể qua được nơi này。 Sau khi chiến thắng có thể thu hoạch chiến lợi phẩm。,
150013,7,150707,,s==27|Chiến đấu - Trương Xuân Hoa,,25509,51507,,100008,,,,s==138|Nơi này bị quân địch chiếm đóng， phải đánh bại bọn chúng mới có thể qua được nơi này。 Sau khi chiến thắng có thể thu hoạch chiến lợi phẩm。,
150014,7,150708,,s==21|Chiến đấu - Tiểu binh,,25503,51508,,100008,,,,s==138|Nơi này bị quân địch chiếm đóng， phải đánh bại bọn chúng mới có thể qua được nơi này。 Sau khi chiến thắng có thể thu hoạch chiến lợi phẩm。,
150015,7,150709,,s==25|Chiến đấu - Tào Tháo BOSS,,25510,51509,,100008,,,,s==138|Nơi này bị quân địch chiếm đóng， phải đánh bại bọn chúng mới có thể qua được nơi này。 Sau khi chiến thắng có thể thu hoạch chiến lợi phẩm。,
150016,11,151101,,s==30|Đối thoại - Khởi đầu Đổng Trác,s==8|j_duihua,25513,15001,,,,,,,
150017,11,151102,,s==25|Đối thoại - Lôi đài Lữ Bố,s==8|j_duihua,25504,15008,,,,,,,
150018,10,151001,,s==26|Đối thoại - Đánh bại Lữ Bố,,15011,,,,,,,,
150019,10,151002,,s==28|Đối thoại - Đánh bại Sát thủ,,15016,,,,,,,,
150020,11,151103,,s==31|Đối thoại - Gặp Trương Xuân Hoa,s==8|j_duihua,25509,15018,,,,,,,
150021,11,151104,,s==38|Đối thoại - Xuân Hoa giúp đánh Sát thủ,s==8|j_duihua,25509,15023,,,,,,,
150022,11,151105,,s==25|Đối thoại - Xuân Hoa BOSS,s==8|j_duihua,25509,15029,,,,,,,
150023,10,151003,,s==33|Đối thoại - Sau khi đánh Xuân Hoa,,15034,,,,,,,,
150024,11,151106,,s==24|Đối thoại - Gặp Tào Tháo,s==8|j_duihua,25510,15041,,,,,,,
160001,5,160501,,s==13|Rương báu - 1,s==9|icon_box2,16501,,,,,,,,
160002,5,160502,,s==13|Rương báu - 2,s==9|icon_box2,16502,,,,,,,,
160003,5,160503,,s==13|Rương báu - 3,s==9|icon_box2,16503,,,,,,,,
160004,5,160504,,s==13|Rương báu - 4,s==9|icon_box2,16504,,,,,,,,
160005,5,160505,,s==13|Rương báu - 5,s==9|icon_box2,16505,,,,,,,,
160006,5,160506,,s==13|Rương báu - 6,s==9|icon_box2,16506,,,,,,,,
160007,5,160507,,s==16|Rương báu - BOSS,s==9|icon_box2,16507,,,,,,,,
160008,4,160401,,s==19|Quân doanh - Lưu Bị,,27,,,,,,,s==111|Mời một vị tướng trợ giúp ngươi hoàn thành chuyến viễn chinh này， chạm giữ vào ảnh tướng để xem thông tin tướng,
160009,4,160402,,s==31|Quân doanh - Quan Vũ Trương Phi,,28,28,,,,,,s==111|Mời một vị tướng trợ giúp ngươi hoàn thành chuyến viễn chinh này， chạm giữ vào ảnh tướng để xem thông tin tướng,
160010,4,160403,,s==22|Quân doanh - Triệu Vân,,29,,,,,,,s==111|Mời một vị tướng trợ giúp ngươi hoàn thành chuyến viễn chinh này， chạm giữ vào ảnh tướng để xem thông tin tướng,
160011,10,161001,,s==20|Đối thoại - Khởi đầu,,16001,,,,,,,,
160012,11,161102,,s==30|Đối thoại - Gặp Thần Gia Cát 1,s==8|j_duihua,24508,16002,,,,,,,
160013,11,161103,,s==30|Đối thoại - Gặp Thần Gia Cát 2,s==8|j_duihua,24508,16009,,,,,,,
160014,11,161104,,s==23|Đối thoại - Gặp Quan Vũ,s==8|j_duihua,22504,16013,,,,,,,
160015,11,161105,,s==30|Đối thoại - Gặp Thần Gia Cát 3,s==8|j_duihua,24508,16018,,,,,,,
160016,11,161106,,s==25|Đối thoại - Gặp Triệu Vân,s==8|j_duihua,22508,16023,,,,,,,
160017,11,161107,,s==29|Đối thoại - Thần Gia Cát BOSS,s==8|j_duihua,24508,16026,,,,,,,
160018,7,160701,,s==21|Chiến đấu - Tiểu binh,,21504,51601,,,,,,s==138|Nơi này bị quân địch chiếm đóng， phải đánh bại bọn chúng mới có thể qua được nơi này。 Sau khi chiến thắng có thể thu hoạch chiến lợi phẩm。,
160019,7,160702,,s==21|Chiến đấu - Tiểu binh,,25504,51602,,,,,,s==138|Nơi này bị quân địch chiếm đóng， phải đánh bại bọn chúng mới có thể qua được nơi này。 Sau khi chiến thắng có thể thu hoạch chiến lợi phẩm。,
160020,7,160703,,s==21|Chiến đấu - Tiểu binh,,23510,51603,,,,,,s==138|Nơi này bị quân địch chiếm đóng， phải đánh bại bọn chúng mới có thể qua được nơi này。 Sau khi chiến thắng có thể thu hoạch chiến lợi phẩm。,
160021,7,160704,,s==21|Chiến đấu - Tiểu binh,,24506,51604,,,,,,s==138|Nơi này bị quân địch chiếm đóng， phải đánh bại bọn chúng mới có thể qua được nơi này。 Sau khi chiến thắng có thể thu hoạch chiến lợi phẩm。,
160022,7,160705,,s==21|Chiến đấu - Tiểu binh,,24513,51605,,,,,,s==138|Nơi này bị quân địch chiếm đóng， phải đánh bại bọn chúng mới có thể qua được nơi này。 Sau khi chiến thắng có thể thu hoạch chiến lợi phẩm。,
160023,7,160706,,s==21|Chiến đấu - Tiểu binh,,24506,51606,,,,,,s==138|Nơi này bị quân địch chiếm đóng， phải đánh bại bọn chúng mới có thể qua được nơi này。 Sau khi chiến thắng có thể thu hoạch chiến lợi phẩm。,
160024,7,160707,,s==21|Chiến đấu - Tiểu binh,,23507,51607,,,,,,s==138|Nơi này bị quân địch chiếm đóng， phải đánh bại bọn chúng mới có thể qua được nơi này。 Sau khi chiến thắng có thể thu hoạch chiến lợi phẩm。,
160025,7,160708,,s==21|Chiến đấu - Tiểu binh,,23510,51608,,,,,,s==138|Nơi này bị quân địch chiếm đóng， phải đánh bại bọn chúng mới có thể qua được nơi này。 Sau khi chiến thắng có thể thu hoạch chiến lợi phẩm。,
160026,7,160709,,s==29|Chiến đấu - Thần Gia Cát BOSS,,24508,51609,,,,,,s==138|Nơi này bị quân địch chiếm đóng， phải đánh bại bọn chúng mới có thể qua được nơi này。 Sau khi chiến thắng có thể thu hoạch chiến lợi phẩm。,
170001,10,171001,,s==33|Đối thoại - Trương Lương nghi vấn,,17016,,,,,,,,
170002,10,171002,,s==35|Đối thoại - Sau khi đánh Trương Bảo,,17027,,,,,,,,
170003,11,171101,,s==27|Đối thoại - Gặp Trương Giác,s==8|j_duihua,24504,17001,,,,,,,
170004,11,171102,,s==28|Đối thoại - Gặp Trương Lương,s==8|j_duihua,24301,17009,,,,,,,
170006,11,171104,,s==26|Đối thoại - Gặp Trương Bảo,s==8|j_duihua,24403,17019,,,,,,,
170007,11,171105,,s==27|Đối thoại - Gặp Trương Giác,s==8|j_duihua,24504,17030,,,,,,,
170008,5,170501,,s==22|Rương báu - Quái nhỏ 1,s==9|icon_box2,17501,,,,,,,,
170009,5,170502,,s==25|Rương báu - Quái bên phải,s==9|icon_box2,17502,,,,,,,,
170010,5,170503,,s==24|Rương báu - Quái nhánh 1,s==9|icon_box2,17503,,,,,,,,
170011,5,170504,,s==22|Rương báu - Trương Bảo,s==9|icon_box2,17504,,,,,,,,
170012,5,170505,,s==23|Rương báu - Trương Giác,s==9|icon_box2,17505,,,,,,,,
170013,7,170701,,s==28|Chiến đấu - Binh rương báu 1,,21504,51601,,100003,,,,s==138|Nơi này bị quân địch chiếm đóng， phải đánh bại bọn chúng mới có thể qua được nơi này。 Sau khi chiến thắng có thể thu hoạch chiến lợi phẩm。,
170014,7,170702,,s==23|Chiến đấu - Tiểu binh 1,,25504,51602,,100003,,,,s==138|Nơi này bị quân địch chiếm đóng， phải đánh bại bọn chúng mới có thể qua được nơi này。 Sau khi chiến thắng có thể thu hoạch chiến lợi phẩm。,
170015,7,170703,,s==28|Chiến đấu - Binh rương báu 2,,23510,51603,,100003,,,,s==138|Nơi này bị quân địch chiếm đóng， phải đánh bại bọn chúng mới có thể qua được nơi này。 Sau khi chiến thắng có thể thu hoạch chiến lợi phẩm。,
170016,7,170704,,s==23|Chiến đấu - Tiểu binh 2,,24506,51604,,100003,,,,s==138|Nơi này bị quân địch chiếm đóng， phải đánh bại bọn chúng mới có thể qua được nơi này。 Sau khi chiến thắng có thể thu hoạch chiến lợi phẩm。,
170017,7,170705,,s==29|Chiến đấu - Rương báu nhánh 1,,24513,51605,,100003,,,,s==138|Nơi này bị quân địch chiếm đóng， phải đánh bại bọn chúng mới có thể qua được nơi này。 Sau khi chiến thắng có thể thu hoạch chiến lợi phẩm。,
170018,7,170706,,s==29|Chiến đấu - Thần · Trương Bảo,,24403,51701,,100003,,,,s==138|Nơi này bị quân địch chiếm đóng， phải đánh bại bọn chúng mới có thể qua được nơi này。 Sau khi chiến thắng có thể thu hoạch chiến lợi phẩm。,
170019,7,170707,,s==31|Chiến đấu - Tiểu binh cuối cùng,,24506,51606,,100003,,,,s==138|Nơi này bị quân địch chiếm đóng， phải đánh bại bọn chúng mới có thể qua được nơi này。 Sau khi chiến thắng có thể thu hoạch chiến lợi phẩm。,
170020,7,170708,,s==28|Chiến đấu - Trương Giác BOSS,,24504,51702,,100003,,,,s==138|Nơi này bị quân địch chiếm đóng， phải đánh bại bọn chúng mới có thể qua được nơi này。 Sau khi chiến thắng có thể thu hoạch chiến lợi phẩm。,
170021,4,170401,,s==27|Quân doanh - Thần · Mã Siêu,,30,,,,,,,s==111|Mời một vị tướng trợ giúp ngươi hoàn thành chuyến viễn chinh này， chạm giữ vào ảnh tướng để xem thông tin tướng,
180001,10,181001,,s==22|Đối thoại - Binh Ngô 1,,18006,,,,,,,,
180002,10,181002,,s==22|Đối thoại - Giữa đường,,18014,,,,,,,,
180003,11,181101,,s==25|Đối thoại - Gặp Hằng Giới,s==8|j_duihua,21401,18001,,,,,,,
180004,11,181102,,s==24|Đối thoại - Gặp Từ Thịnh,s==8|j_duihua,23401,18008,,,,,,,
180005,11,181103,,s==28|Đối thoại - Gặp Quan Vũ BOSS,s==8|j_duihua,22504,18020,,,,,,,
180006,11,181104,,s==41|Đối thoại - Gặp binh lính Tào trong thành,s==8|j_duihua,21101,18024,,,,,,,
180007,11,181105,,s==30|Đối thoại - Gặp Tôn Quyền BOSS,s==8|j_duihua,23511,18029,,,,,,,
180008,7,180701,,s==34|Chiến đấu - Binh lính thành trái 1,,27101,51801,,,,,,s==138|Nơi này bị quân địch chiếm đóng， phải đánh bại bọn chúng mới có thể qua được nơi này。 Sau khi chiến thắng có thể thu hoạch chiến lợi phẩm。,
180009,7,180702,,s==34|Chiến đấu - Binh lính thành trái 2,,25503,51802,,,,,,s==138|Nơi này bị quân địch chiếm đóng， phải đánh bại bọn chúng mới có thể qua được nơi này。 Sau khi chiến thắng có thể thu hoạch chiến lợi phẩm。,
180010,7,180703,,s==48|Chiến đấu - Binh lính thành trái 3 kèm đối thoại,,23510,51803,,,,,,s==138|Nơi này bị quân địch chiếm đóng， phải đánh bại bọn chúng mới có thể qua được nơi này。 Sau khi chiến thắng có thể thu hoạch chiến lợi phẩm。,
180011,7,180704,,s==35|Chiến đấu - Binh lính trung tuyến 1,,24506,51804,,,,,,s==138|Nơi này bị quân địch chiếm đóng， phải đánh bại bọn chúng mới có thể qua được nơi này。 Sau khi chiến thắng có thể thu hoạch chiến lợi phẩm。,
180012,7,180705,,s==49|Chiến đấu - Binh lính trung tuyến 2 kèm đối thoại,,24513,51805,,,,,,s==138|Nơi này bị quân địch chiếm đóng， phải đánh bại bọn chúng mới có thể qua được nơi này。 Sau khi chiến thắng có thể thu hoạch chiến lợi phẩm。,
180013,7,180706,,s==33|Chiến đấu - Binh lính Kinh Châu 1,,24506,51806,,,,,,s==138|Nơi này bị quân địch chiếm đóng， phải đánh bại bọn chúng mới có thể qua được nơi này。 Sau khi chiến thắng có thể thu hoạch chiến lợi phẩm。,
180014,7,180707,,s==24|Chiến đấu - Boss Quan Vũ,,22504,51807,,,,,,s==138|Nơi này bị quân địch chiếm đóng， phải đánh bại bọn chúng mới có thể qua được nơi này。 Sau khi chiến thắng có thể thu hoạch chiến lợi phẩm。,
180015,7,180708,,s==33|Chiến đấu - Binh lính Kinh Châu 2,,25509,51808,,,,,,s==138|Nơi này bị quân địch chiếm đóng， phải đánh bại bọn chúng mới có thể qua được nơi này。 Sau khi chiến thắng có thể thu hoạch chiến lợi phẩm。,
180016,7,180709,,s==26|Chiến đấu - Tôn Quyền BOSS,,23511,51809,,,,,,s==138|Nơi này bị quân địch chiếm đóng， phải đánh bại bọn chúng mới có thể qua được nơi này。 Sau khi chiến thắng có thể thu hoạch chiến lợi phẩm。,
180017,5,180501,,s==34|Rương báu - Binh lính thành trái 1,s==9|icon_box2,18501,,,,,,,,
180018,5,180502,,s==34|Rương báu - Binh lính thành trái 2,s==9|icon_box2,18502,,,,,,,,
180019,5,180503,,s==27|Rương báu - Binh lính Ngô 1,s==9|icon_box2,18503,,,,,,,,
180020,5,180504,,s==24|Rương báu - Quan Vũ BOSS,s==9|icon_box2,18504,,,,,,,,
180021,5,180505,,s==31|Rương báu - Binh lính áp chót 2,s==9|icon_box2,18505,,,,,,,,
180022,5,180506,,s==26|Rương báu - Tôn Quyền BOSS,s==9|icon_box2,18506,,,,,,,,
180023,4,180401,,s==42|Quân doanh - Vương chủ Tào Ngụy · Tào Tháo,,31,,,,,,,s==111|Mời một vị tướng trợ giúp ngươi hoàn thành chuyến viễn chinh này， chạm giữ vào ảnh tướng để xem thông tin tướng,
190001,4,190401,,s==39|Quân doanh - Quan Ngân Bình và Xuân Hoa,,32,32,,,,,,s==111|Mời một vị tướng trợ giúp ngươi hoàn thành chuyến viễn chinh này， chạm giữ vào ảnh tướng để xem thông tin tướng,
190002,4,190402,,s==21|Quân doanh - Ma Lữ Bố,,33,,,,,,,s==111|Mời một vị tướng trợ giúp ngươi hoàn thành chuyến viễn chinh này， chạm giữ vào ảnh tướng để xem thông tin tướng,
190003,5,190501,,s==25|Rương báu - Đường nhánh 1,s==9|icon_box2,19501,,,,,,,,
190004,5,190502,,s==25|Rương báu - Đường chính 1,s==9|icon_box2,19502,,,,,,,,
190005,5,190503,,s==25|Rương báu - Đường nhánh 2,s==9|icon_box2,19503,,,,,,,,
190006,5,190504,,s==25|Rương báu - Đường nhánh 3,s==9|icon_box2,19504,,,,,,,,
190007,5,190505,,s==26|Rương báu - Thần Quan BOSS,s==9|icon_box2,19505,,,,,,,,
190008,10,191001,,s==31|Tự động kịch bản - Giữa đường 1,,19006,,,,,,,,
190009,10,191002,,s==31|Tự động kịch bản - Giữa đường 2,,19016,,,,,,,,
190010,10,191003,,s==31|Tự động kịch bản - Giữa đường 3,,19022,,,,,,,,
190011,11,191101,,s==24|Đối thoại - Gặp Xuân Hoa,s==8|j_duihua,25509,19001,,,,,,,
190012,11,191102,,s==21|Đối thoại - Gặp Lữ Bố,s==8|j_duihua,25504,19011,,,,,,,
190013,11,191103,,s==30|Đối thoại - Gặp Thần Quan BOSS,s==8|j_duihua,24505,19027,,,,,,,
190014,7,190701,,s==25|Chiến đấu - Đường nhánh 1,,25504,51901,,100001,,,,s==138|Nơi này bị quân địch chiếm đóng， phải đánh bại bọn chúng mới có thể qua được nơi này。 Sau khi chiến thắng có thể thu hoạch chiến lợi phẩm。,
190015,7,190702,,s==35|Chiến đấu - Binh lính tuyến chính 1,,23510,51902,,100001,,,,s==138|Nơi này bị quân địch chiếm đóng， phải đánh bại bọn chúng mới có thể qua được nơi này。 Sau khi chiến thắng có thể thu hoạch chiến lợi phẩm。,
190016,7,190703,,s==25|Chiến đấu - Đường nhánh 2,,24506,51903,,100001,,,,s==138|Nơi này bị quân địch chiếm đóng， phải đánh bại bọn chúng mới có thể qua được nơi này。 Sau khi chiến thắng có thể thu hoạch chiến lợi phẩm。,
190017,7,190704,,s==35|Chiến đấu - Binh lính tuyến chính 2,,24513,51904,,100001,,,,s==138|Nơi này bị quân địch chiếm đóng， phải đánh bại bọn chúng mới có thể qua được nơi này。 Sau khi chiến thắng có thể thu hoạch chiến lợi phẩm。,
190018,7,190705,,s==25|Chiến đấu - Đường nhánh 3,,24506,51905,,100001,,,,s==138|Nơi này bị quân địch chiếm đóng， phải đánh bại bọn chúng mới có thể qua được nơi này。 Sau khi chiến thắng có thể thu hoạch chiến lợi phẩm。,
190019,7,190706,,s==35|Chiến đấu - Binh lính tuyến chính 3,,23507,51906,,100001,,,,s==138|Nơi này bị quân địch chiếm đóng， phải đánh bại bọn chúng mới có thể qua được nơi này。 Sau khi chiến thắng có thể thu hoạch chiến lợi phẩm。,
190020,7,190707,,s==35|Chiến đấu - Binh lính tuyến chính 4,,23510,51907,,100001,,,,s==138|Nơi này bị quân địch chiếm đóng， phải đánh bại bọn chúng mới có thể qua được nơi này。 Sau khi chiến thắng có thể thu hoạch chiến lợi phẩm。,
190021,7,190708,,s==29|Chiến đấu - Thần Quan Vũ BOSS,,24505,51908,,100008,,,,s==138|Nơi này bị quân địch chiếm đóng， phải đánh bại bọn chúng mới có thể qua được nơi này。 Sau khi chiến thắng có thể thu hoạch chiến lợi phẩm。,
190022,13,191301,,s==20|Chuyển đổi - Hắc hóa,,,,,,,s==316|12|35|40035,13|35|40035,14|35|40035,15|35|40035,27|35|40035,28|36|40036,29|35|40035,30|35|40035,42|36|40036,43|35|40035,45|36|40036,56|34|40034,57|34|40034,60|35|40035,72|36|40036,73|35|40035,75|36|40036,87|35|40035,88|36|40036,89|35|40035,90|35|40035,102|35|40035,103|35|40035,104|35|40035,105|35|40035,106|35|40035,,,
200001,4,200401,,s==26|Quân doanh - Ma · Tào Tháo,,23,,,,,,,s==111|Mời một vị tướng trợ giúp ngươi hoàn thành chuyến viễn chinh này， chạm giữ vào ảnh tướng để xem thông tin tướng,
200002,4,200402,,s==21|Quân doanh - Ma Lữ Bố,,33,,,,,,,s==111|Mời một vị tướng trợ giúp ngươi hoàn thành chuyến viễn chinh này， chạm giữ vào ảnh tướng để xem thông tin tướng,
200003,5,200501,,s==25|Rương báu - Đường nhánh 1,s==9|icon_box2,20501,,,,,,,,
200004,5,200502,,s==25|Rương báu - Đường chính 1,s==9|icon_box2,20502,,,,,,,,
200005,5,200503,,s==25|Rương báu - Đường nhánh 2,s==9|icon_box2,20503,,,,,,,,
200006,5,200504,,s==25|Rương báu - Đường nhánh 3,s==9|icon_box2,20504,,,,,,,,
200007,5,200505,,s==28|Rương báu - Thái Văn Cơ BOSS,s==9|icon_box2,20505,,,,,,,,
200008,7,200701,,s==14|Chiến đấu - 33,,24508,520001,,100001,,,,s==138|Nơi này bị quân địch chiếm đóng， phải đánh bại bọn chúng mới có thể qua được nơi này。 Sau khi chiến thắng có thể thu hoạch chiến lợi phẩm。,
200009,7,200702,,s==14|Chiến đấu - 36,,24504,520002,,100001,,,,s==138|Nơi này bị quân địch chiếm đóng， phải đánh bại bọn chúng mới có thể qua được nơi này。 Sau khi chiến thắng có thể thu hoạch chiến lợi phẩm。,
200010,7,200703,,s==14|Chiến đấu - 64,,25509,520003,,100001,,,,s==138|Nơi này bị quân địch chiếm đóng， phải đánh bại bọn chúng mới có thể qua được nơi này。 Sau khi chiến thắng có thể thu hoạch chiến lợi phẩm。,
200011,7,200704,,s==14|Chiến đấu - 94,,24403,520004,,100001,,,,s==138|Nơi này bị quân địch chiếm đóng， phải đánh bại bọn chúng mới có thể qua được nơi này。 Sau khi chiến thắng có thể thu hoạch chiến lợi phẩm。,
200012,7,200705,,s==14|Chiến đấu - 98,,24506,520005,,100001,,,,s==138|Nơi này bị quân địch chiếm đóng， phải đánh bại bọn chúng mới có thể qua được nơi này。 Sau khi chiến thắng có thể thu hoạch chiến lợi phẩm。,
200013,7,200706,,s==21|Chiến đấu - 104 Lữ Bố,,25504,520006,,100001,,,,s==138|Nơi này bị quân địch chiếm đóng， phải đánh bại bọn chúng mới có thể qua được nơi này。 Sau khi chiến thắng có thể thu hoạch chiến lợi phẩm。,
200014,7,200707,,s==15|Chiến đấu - 105,,25515,520007,,100001,,,,s==138|Nơi này bị quân địch chiếm đóng， phải đánh bại bọn chúng mới có thể qua được nơi này。 Sau khi chiến thắng có thể thu hoạch chiến lợi phẩm。,
200015,7,200708,,s==15|Chiến đấu - 111,,24501,520008,,100001,,,,s==138|Nơi này bị quân địch chiếm đóng， phải đánh bại bọn chúng mới có thể qua được nơi này。 Sau khi chiến thắng có thể thu hoạch chiến lợi phẩm。,
200016,7,200709,,s==24|Chiến đấu - 124 Tào Tháo,,25510,520009,,100001,,,,s==138|Nơi này bị quân địch chiếm đóng， phải đánh bại bọn chúng mới có thể qua được nơi này。 Sau khi chiến thắng có thể thu hoạch chiến lợi phẩm。,
200017,7,200710,,s==15|Chiến đấu - 138,,24513,520010,,100001,,,,s==138|Nơi này bị quân địch chiếm đóng， phải đánh bại bọn chúng mới có thể qua được nơi này。 Sau khi chiến thắng có thể thu hoạch chiến lợi phẩm。,
200018,7,200711,,s==23|Chiến đấu - 152 Mã Siêu,,24517,520011,,100001,,,,s==138|Nơi này bị quân địch chiếm đóng， phải đánh bại bọn chúng mới có thể qua được nơi này。 Sau khi chiến thắng có thể thu hoạch chiến lợi phẩm。,
200019,7,200712,,s==15|Chiến đấu - 194,,24503,520012,,100001,,,,s==138|Nơi này bị quân địch chiếm đóng， phải đánh bại bọn chúng mới có thể qua được nơi này。 Sau khi chiến thắng có thể thu hoạch chiến lợi phẩm。,
200020,7,200713,,s==15|Chiến đấu - 196,,24502,520013,,100001,,,,s==138|Nơi này bị quân địch chiếm đóng， phải đánh bại bọn chúng mới có thể qua được nơi này。 Sau khi chiến thắng có thể thu hoạch chiến lợi phẩm。,
200021,7,200714,,s==33|Chiến đấu - Thần Thái Văn Cơ BOSS,,24510,520014,,100008,,,,s==138|Nơi này bị quân địch chiếm đóng， phải đánh bại bọn chúng mới có thể qua được nơi này。 Sau khi chiến thắng có thể thu hoạch chiến lợi phẩm。,
200022,10,201001,,s==20|Đối thoại - Khởi đầu,,20001,,,,,,,,
200023,11,201002,,s==24|Đối thoại - Gặp Tào Tháo,,25510,20004,,,,,,,
200024,11,201003,,s==22|Đối thoại - Gặp Hoa Đà,,25514,20008,,,,,,,
200025,11,201004,,s==23|Đối thoại - Gặp Mã Siêu,,24517,20013,,,,,,,
200026,10,201005,,s==45|Đối thoại - Sau chiến đấu quyết tử phá vỡ nồi,,20016,,,,,,,,
200027,10,201006,,s==34|Đối thoại - Kịch bản sau chiến đấu,,20020,,,,,,,,
200028,11,201007,,s==27|Đối thoại - Gặp Thái Văn Cơ,,24510,20024,,,,,,,
200029,13,201301,,s==26|Chuyển đổi - Thêm ngọn lửa,,,,,,,s==35|193|9|40009,194|9|40009,214|9|40009,,,
200030,15,201501,,s==25|Truyền tống trận tử sắc 1,,132,1,,,,,,,
200031,15,201502,,s==25|Truyền tống trận tử sắc 2,,107,1,,,,,,,
210001,4,210401,,s==34|Quân doanh - Vương Ngô · Tôn Quyền,,22,,,,,,,s==111|Mời một vị tướng trợ giúp ngươi hoàn thành chuyến viễn chinh này， chạm giữ vào ảnh tướng để xem thông tin tướng,
210002,5,210501,,s==15|Rương báu - 135,s==9|icon_box2,21501,,,,,,,,
210003,5,210502,,s==14|Rương báu - 83,s==9|icon_box2,21502,,,,,,,,
210004,5,210503,,s==14|Rương báu - 77,s==9|icon_box2,21503,,,,,,,,
210005,5,210504,,s==14|Rương báu - 58,s==9|icon_box2,21504,,,,,,,,
210006,5,210505,,s==26|Rương báu - Chu Du BOSS 16,s==9|icon_box2,21505,,,,,,,,
210007,7,210701,,s==15|Chiến đấu - 136,,23101,52101,,100001,,,,s==138|Nơi này bị quân địch chiếm đóng， phải đánh bại bọn chúng mới có thể qua được nơi này。 Sau khi chiến thắng có thể thu hoạch chiến lợi phẩm。,
210008,7,210702,,s==15|Chiến đấu - 128,,23101,52102,,100001,,,,s==138|Nơi này bị quân địch chiếm đóng， phải đánh bại bọn chúng mới có thể qua được nơi này。 Sau khi chiến thắng có thể thu hoạch chiến lợi phẩm。,
210009,7,210703,,s==13|Chiến đấu-124,,23101,52103,,100001,,,,s==138|Nơi này bị quân địch chiếm đóng， phải đánh bại bọn chúng mới có thể qua được nơi này。 Sau khi chiến thắng có thể thu hoạch chiến lợi phẩm。,
210010,7,210704,,s==13|Chiến đấu-115,,23507,52104,,100001,,,,s==138|Nơi này bị quân địch chiếm đóng， phải đánh bại bọn chúng mới có thể qua được nơi này。 Sau khi chiến thắng có thể thu hoạch chiến lợi phẩm。,
210011,7,210705,,s==12|Chiến đấu-93,,23101,52105,,100001,,,,s==138|Nơi này bị quân địch chiếm đóng， phải đánh bại bọn chúng mới có thể qua được nơi này。 Sau khi chiến thắng có thể thu hoạch chiến lợi phẩm。,
210012,7,210706,,s==12|Chiến đấu-87,,23101,52106,,100001,,,,s==138|Nơi này bị quân địch chiếm đóng， phải đánh bại bọn chúng mới có thể qua được nơi này。 Sau khi chiến thắng có thể thu hoạch chiến lợi phẩm。,
210013,7,210707,,s==12|Chiến đấu-73,,23506,52107,,100001,,,,s==138|Nơi này bị quân địch chiếm đóng， phải đánh bại bọn chúng mới có thể qua được nơi này。 Sau khi chiến thắng có thể thu hoạch chiến lợi phẩm。,
210014,7,210708,,s==12|Chiến đấu-53,,23101,52108,,,,,,s==138|Nơi này bị quân địch chiếm đóng， phải đánh bại bọn chúng mới có thể qua được nơi này。 Sau khi chiến thắng có thể thu hoạch chiến lợi phẩm。,
210015,7,210709,,s==12|Chiến đấu-48,,23101,52109,,,,,,s==138|Nơi này bị quân địch chiếm đóng， phải đánh bại bọn chúng mới có thể qua được nơi này。 Sau khi chiến thắng có thể thu hoạch chiến lợi phẩm。,
210016,7,210710,,s==12|Chiến đấu-45,,23101,52110,,,,,,s==138|Nơi này bị quân địch chiếm đóng， phải đánh bại bọn chúng mới có thể qua được nơi này。 Sau khi chiến thắng có thể thu hoạch chiến lợi phẩm。,
210017,7,210711,,s==14|Chiến đấu - 36,,23101,52111,,,,,,s==138|Nơi này bị quân địch chiếm đóng， phải đánh bại bọn chúng mới có thể qua được nơi này。 Sau khi chiến thắng có thể thu hoạch chiến lợi phẩm。,
210018,7,210712,,s==21|Chiến đấu-Chu Du BOSS,,23510,52112,,100008,,,,s==138|Nơi này bị quân địch chiếm đóng， phải đánh bại bọn chúng mới có thể qua được nơi này。 Sau khi chiến thắng có thể thu hoạch chiến lợi phẩm。,
210019,11,211101,,s==36|Đối thoại-Gặp gỡ Ngô Vương·Tôn Quyền,s==8|j_duihua,23511,21001,,,,,,,
210020,11,211102,,s==25|Đối thoại - Gặp gỡ Chu Du,s==8|j_duihua,23510,21007,,,,,,,
210021,13,211301,,s==22|Chuyển đổi-Loại bỏ lửa,,,,,,,s==47|144|8|40008,145|8|40008,146|8|40008,147|8|40008,,,
210022,13,211302,,s==22|Chuyển đổi-Loại bỏ lửa,,,,,,,s==59|104|8|40008,105|8|40008,106|8|40008,107|8|40008,108|9|40009,,,
210023,13,211303,,s==22|Chuyển đổi-Loại bỏ lửa,,,,,,,s==54|62|8|40008,63|8|40008,64|8|40008,65|9|40009,66|9|40009,,,
220001,4,220401,,s==26|Quân doanh-Thần·Trương Phi,,24,,,,,,,s==111|Mời một vị tướng trợ giúp ngươi hoàn thành chuyến viễn chinh này， chạm giữ vào ảnh tướng để xem thông tin tướng,
220002,5,220501,,s==12|Bảo rương-51,s==9|icon_box2,22501,,,,,,,,
220003,5,220502,,s==13|Bảo rương-137,s==9|icon_box2,22502,,,,,,,,
220004,5,220503,,s==13|Bảo rương-167,s==9|icon_box2,22503,,,,,,,,
220005,5,220504,,s==13|Bảo rương-173,s==9|icon_box2,22504,,,,,,,,
220006,5,220505,,s==23|Bảo rương-Hoa Hùng BOSS,s==9|icon_box2,22505,,,,,,,,
220007,7,220701,,s==12|Chiến đấu-50,,23506,52201,,100001,,,,s==138|Nơi này bị quân địch chiếm đóng， phải đánh bại bọn chúng mới có thể qua được nơi này。 Sau khi chiến thắng có thể thu hoạch chiến lợi phẩm。,
220008,7,220702,,s==12|Chiến đấu-56,,23504,52202,,100001,,,,s==138|Nơi này bị quân địch chiếm đóng， phải đánh bại bọn chúng mới có thể qua được nơi này。 Sau khi chiến thắng có thể thu hoạch chiến lợi phẩm。,
220009,7,220703,,s==12|Chiến đấu-67,,24504,52203,,100001,,,,s==138|Nơi này bị quân địch chiếm đóng， phải đánh bại bọn chúng mới có thể qua được nơi này。 Sau khi chiến thắng có thể thu hoạch chiến lợi phẩm。,
220010,7,220704,,s==14|Chiến đấu - 94,,24508,52204,,100001,,,,s==138|Nơi này bị quân địch chiếm đóng， phải đánh bại bọn chúng mới có thể qua được nơi này。 Sau khi chiến thắng có thể thu hoạch chiến lợi phẩm。,
220011,7,220705,,s==13|Chiến đấu-116,,24513,52205,,100001,,,,s==138|Nơi này bị quân địch chiếm đóng， phải đánh bại bọn chúng mới có thể qua được nơi này。 Sau khi chiến thắng có thể thu hoạch chiến lợi phẩm。,
220012,7,220706,,s==13|Chiến đấu-127,,23508,52206,,100001,,,,s==138|Nơi này bị quân địch chiếm đóng， phải đánh bại bọn chúng mới có thể qua được nơi này。 Sau khi chiến thắng có thể thu hoạch chiến lợi phẩm。,
220013,7,220707,,s==13|Chiến đấu-132,,23506,52207,,100001,,,,s==138|Nơi này bị quân địch chiếm đóng， phải đánh bại bọn chúng mới có thể qua được nơi này。 Sau khi chiến thắng có thể thu hoạch chiến lợi phẩm。,
220014,7,220708,,s==14|Chiến đấu-35-2,,25513,52208,,,,,,s==138|Nơi này bị quân địch chiếm đóng， phải đánh bại bọn chúng mới có thể qua được nơi này。 Sau khi chiến thắng có thể thu hoạch chiến lợi phẩm。,
220015,7,220709,,s==14|Chiến đấu-56-2,,23506,52209,,,,,,s==138|Nơi này bị quân địch chiếm đóng， phải đánh bại bọn chúng mới có thể qua được nơi này。 Sau khi chiến thắng có thể thu hoạch chiến lợi phẩm。,
220016,7,220710,,s==14|Chiến đấu-85-2,,25513,52210,,,,,,s==138|Nơi này bị quân địch chiếm đóng， phải đánh bại bọn chúng mới có thể qua được nơi này。 Sau khi chiến thắng có thể thu hoạch chiến lợi phẩm。,
220017,7,220711,,s==14|Chiến đấu-90-2,,24501,52211,,,,,,s==138|Nơi này bị quân địch chiếm đóng， phải đánh bại bọn chúng mới có thể qua được nơi này。 Sau khi chiến thắng có thể thu hoạch chiến lợi phẩm。,
220018,7,220712,,s==14|Chiến đấu-93-2,,24506,52212,,,,,,s==138|Nơi này bị quân địch chiếm đóng， phải đánh bại bọn chúng mới có thể qua được nơi này。 Sau khi chiến thắng có thể thu hoạch chiến lợi phẩm。,
220019,7,220713,,s==15|Chiến đấu-105-2,,23507,52213,,,,,,s==138|Nơi này bị quân địch chiếm đóng， phải đánh bại bọn chúng mới có thể qua được nơi này。 Sau khi chiến thắng có thể thu hoạch chiến lợi phẩm。,
220020,7,220714,,s==15|Chiến đấu-125-2,,23510,52214,,,,,,s==138|Nơi này bị quân địch chiếm đóng， phải đánh bại bọn chúng mới có thể qua được nơi này。 Sau khi chiến thắng có thể thu hoạch chiến lợi phẩm。,
220021,7,220715,,s==15|Chiến đấu-145-2,,24506,52215,,,,,,s==138|Nơi này bị quân địch chiếm đóng， phải đánh bại bọn chúng mới có thể qua được nơi này。 Sau khi chiến thắng có thể thu hoạch chiến lợi phẩm。,
220022,7,220716,,s==23|Chiến đấu-Hoa Hùng BOSS,,25503,52216,,100008,,,,s==138|Nơi này bị quân địch chiếm đóng， phải đánh bại bọn chúng mới có thể qua được nơi này。 Sau khi chiến thắng có thể thu hoạch chiến lợi phẩm。,
220023,9,220901,,s==15|Mở khóa-Khu vực,,,,,,,s==621|1|2|3|4|5|6|7|8|9|10|11|12|13|14|15|16|17|18|19|20|21|22|23|24|25|26|27|28|29|30|31|32|33|34|35|36|37|38|39|40|44|45|46|47|48|49|50|51|52|53|54|55|56|57|58|59|60|64|65|66|67|68|69|70|71|72|73|74|75|76|77|78|79|80|85|86|87|88|89|90|91|92|93|94|95|96|97|98|99|100|104|105|106|107|108|109|110|111|112|113|114|115|116|117|118|119|120|125|126|127|128|129|130|131|132|133|134|135|136|137|138|139|140|144|145|146|147|148|149|150|151|152|153|154|155|156|157|158|159|160|161|162|163|164|165|166|167|168|169|170|171|172|173|174|175|176|177|178|179|180|181|182|183|184|185|186|187|188|189|190|191|192|193|194|195|196|197|198|199|200,,,
220024,11,221101,,s==32|Đối thoại-Gặp gỡ Thần·Trương Phi,s==8|j_duihua,24516,22001,,,,,,,
220025,11,221102,,s==28|Đối thoại-Gặp gỡ Ma·Hoa Hùng,s==8|j_duihua,25503,22005,,,,,,,
220026,11,221103,,s==30|Đối thoại-Gặp gỡ Ma·Hoa Hùng 2,s==8|j_duihua,25503,22010,,,,,,,
220027,13,221301,,s==27|Chuyển đổi-Thêm kẻ địch mới,,,,,,,s==91|35|1|40001,93|1|40001,90|1|40001,85|1|40001,105|1|40001,125|1|40001,145|1|40001,123|1|40001,,,
230001,5,230501,,s==24|Bảo rương-Trái tuyết địa,s==9|icon_box2,23501,,,,,,,,
230002,5,230502,,s==24|Bảo rương-Phải tuyết địa,s==9|icon_box2,23502,,,,,,,,
230003,5,230503,,s==29|Bảo rương-Trên trái hoàng thổ,s==9|icon_box2,23503,,,,,,,,
230004,5,230504,,s==29|Bảo rương-Dưới trái hoàng thổ,s==9|icon_box2,23504,,,,,,,,
230005,5,230505,,s==29|Bảo rương-Trên phải hoàng thổ,s==9|icon_box2,23505,,,,,,,,
230006,5,230506,,s==25|Bảo rương-Quái nhỏ tử địa,s==9|icon_box2,23506,,,,,,,,
230007,5,230507,,s==23|Bảo rương-BOSS bên trái,s==9|icon_box2,23507,,,,,,,,
230008,5,230508,,s==23|Bảo rương-BOSS bên phải,s==9|icon_box2,23508,,,,,,,,
230009,11,231101,,s==26|Đối thoại-Khởi đầu Tư Mã Ý,s==8|j_duihua,25516,23001,,,,,,,
230010,11,231102,,s==22|Đối thoại-Tư Mã Ý BOSS,s==8|j_duihua,25516,23006,,,,,,,
230011,13,231301,,s==40|Chuyển đổi-Sau khi đánh bại Tư Mã Ý BOSS,,,,,,,s==23|14|34|40034,16|34|40034,,,
230012,15,231501,,s==33|Cổng truyền tống-Khu vực dưới giả,,145,1,,,,,,,
230013,15,231502,,s==34|Cổng truyền tống-Khu vực dưới thật,,85,1,,,,,,,
230014,15,231503,,s==33|Cổng truyền tống-Khu vực giữa giả,,85,1,,,,,,,
230015,15,231504,,s==34|Cổng truyền tống-Khu vực giữa thật,,33,1,,,,,,,
230016,15,231505,,s==41|Cổng truyền tống-Khu vực giữa trở về dưới,,145,1,,,,,,,
230017,15,231506,,s==41|Cổng truyền tống-Khu vực trên trở về giữa,,85,1,,,,,,,
230018,7,230701,,s==48|Chiến đấu-Binh lính cửa ra bên trái khu vực dưới,,25504,52301,,100002,,,,s==138|Nơi này bị quân địch chiếm đóng， phải đánh bại bọn chúng mới có thể qua được nơi này。 Sau khi chiến thắng có thể thu hoạch chiến lợi phẩm。,
230019,7,230702,,s==48|Chiến đấu-Binh lính cửa ra bên phải khu vực dưới,,23510,52302,,100002,,,,s==138|Nơi này bị quân địch chiếm đóng， phải đánh bại bọn chúng mới có thể qua được nơi này。 Sau khi chiến thắng có thể thu hoạch chiến lợi phẩm。,
230020,7,230703,,s==49|Chiến đấu-Binh lính truyền tống thật khu vực dưới,,24506,52303,,100002,,,,s==138|Nơi này bị quân địch chiếm đóng， phải đánh bại bọn chúng mới có thể qua được nơi này。 Sau khi chiến thắng có thể thu hoạch chiến lợi phẩm。,
230021,7,230704,,s==48|Chiến đấu-Binh lính truyền tống giả khu vực dưới,,24513,52304,,100002,,,,s==138|Nơi này bị quân địch chiếm đóng， phải đánh bại bọn chúng mới có thể qua được nơi này。 Sau khi chiến thắng có thể thu hoạch chiến lợi phẩm。,
230022,7,230705,,s==38|Chiến đấu-Binh lính nhánh khu vực giữa,,24506,52305,,100001,,,,s==138|Nơi này bị quân địch chiếm đóng， phải đánh bại bọn chúng mới có thể qua được nơi này。 Sau khi chiến thắng có thể thu hoạch chiến lợi phẩm。,
230023,7,230706,,s==48|Chiến đấu-Binh lính truyền tống giả khu vực giữa,,23507,52306,,100001,,,,s==138|Nơi này bị quân địch chiếm đóng， phải đánh bại bọn chúng mới có thể qua được nơi này。 Sau khi chiến thắng có thể thu hoạch chiến lợi phẩm。,
230024,7,230707,,s==49|Chiến đấu-Binh lính truyền tống thật khu vực giữa,,23510,52307,,100001,,,,s==138|Nơi này bị quân địch chiếm đóng， phải đánh bại bọn chúng mới có thể qua được nơi này。 Sau khi chiến thắng có thể thu hoạch chiến lợi phẩm。,
230025,7,230708,,s==38|Chiến đấu-Binh lính nhánh khu vực trên,,23507,52308,,100008,,,,s==138|Nơi này bị quân địch chiếm đóng， phải đánh bại bọn chúng mới có thể qua được nơi này。 Sau khi chiến thắng có thể thu hoạch chiến lợi phẩm。,
230026,7,230709,,s==22|Chiến đấu-Tư Mã Ý BOSS,,25516,52309,,100008,,,,s==138|Nơi này bị quân địch chiếm đóng， phải đánh bại bọn chúng mới có thể qua được nơi này。 Sau khi chiến thắng có thể thu hoạch chiến lợi phẩm。,
240001,5,240501,,s==31|Bảo rương-Nhánh bên phải cửa ra,,24501,,,,,,,,
240002,5,240502,,s==25|Bảo rương-Nhánh trên trái,,24502,,,,,,,,
240003,5,240503,,s==25|Bảo rương-Nhánh giữa trái,,24503,,,,,,,,
240004,5,240504,,s==20|Bảo rương-Nhánh giữa,,24504,,,,,,,,
240005,5,240505,,s==25|Bảo rương-Nhánh trên phải,,24505,,,,,,,,
240006,5,240506,,s==16|Rương báu - BOSS,,24506,,,,,,,,
240007,11,241101,,s==23|Đối thoại-Gặp gỡ Lưu Bị,s==8|j_duihua,22512,24001,,,,,,,
240008,11,241102,,s==26|Đối thoại - Gặp gỡ Quan Vũ,s==8|j_duihua,22504,24006,,,,,,,
240009,11,241103,,s==29|Đối thoại - Gặp gỡ Trương Phi,s==8|j_duihua,22502,24012,,,,,,,
240010,11,241104,,s==26|Đối thoại-Điêu Thuyền BOSS,s==8|j_duihua,25507,24017,,,,,,,
240011,4,240401,,s==26|Quân doanh-Lưu Quan Trương,,10,11,27,,,,,s==111|Mời một vị tướng trợ giúp ngươi hoàn thành chuyến viễn chinh này， chạm giữ vào ảnh tướng để xem thông tin tướng,
240012,7,240701,,s==41|Chiến đấu-Binh lính nhánh bên phải cửa ra,,23507,52401,,100000,,,,s==138|Nơi này bị quân địch chiếm đóng， phải đánh bại bọn chúng mới có thể qua được nơi này。 Sau khi chiến thắng có thể thu hoạch chiến lợi phẩm。,
240013,7,240702,,s==37|Chiến đấu - Binh lính nhánh trái trên,,23507,52402,,100000,,,,s==138|Nơi này bị quân địch chiếm đóng， phải đánh bại bọn chúng mới có thể qua được nơi này。 Sau khi chiến thắng có thể thu hoạch chiến lợi phẩm。,
240014,7,240703,,s==37|Chiến đấu - Binh lính nhánh trái giữa,,24506,52403,,100000,,,,s==138|Nơi này bị quân địch chiếm đóng， phải đánh bại bọn chúng mới có thể qua được nơi này。 Sau khi chiến thắng có thể thu hoạch chiến lợi phẩm。,
240015,7,240704,,s==33|Chiến đấu - Binh lính đường chính,,24504,52404,,100000,,,,s==138|Nơi này bị quân địch chiếm đóng， phải đánh bại bọn chúng mới có thể qua được nơi này。 Sau khi chiến thắng có thể thu hoạch chiến lợi phẩm。,
240016,7,240705,,s==37|Chiến đấu - Binh lính bên cạnh y quán,,23504,52405,,100000,,,,s==138|Nơi này bị quân địch chiếm đóng， phải đánh bại bọn chúng mới có thể qua được nơi này。 Sau khi chiến thắng có thể thu hoạch chiến lợi phẩm。,
240017,7,240706,,s==37|Chiến đấu - Binh lính nhánh phải trên,,23507,52406,,100000,,,,s==138|Nơi này bị quân địch chiếm đóng， phải đánh bại bọn chúng mới có thể qua được nơi này。 Sau khi chiến thắng có thể thu hoạch chiến lợi phẩm。,
240018,7,240707,,s==49|Chiến đấu - Binh lính nhánh phải giữa đường chính,,23504,52407,,100000,,,,s==138|Nơi này bị quân địch chiếm đóng， phải đánh bại bọn chúng mới có thể qua được nơi này。 Sau khi chiến thắng có thể thu hoạch chiến lợi phẩm。,
240019,7,240708,,s==28|Chiến đấu - BOSS Điêu Thuyền,,25507,52408,,100000,,,,s==138|Nơi này bị quân địch chiếm đóng， phải đánh bại bọn chúng mới có thể qua được nơi này。 Sau khi chiến thắng có thể thu hoạch chiến lợi phẩm。,
250001,4,250401,,s==27|Quân doanh - Thần · Mã Siêu,,30,,,,,,,s==111|Mời một vị tướng trợ giúp ngươi hoàn thành chuyến viễn chinh này， chạm giữ vào ảnh tướng để xem thông tin tướng,
250002,5,250501,,s==14|Bảo rương - 12,s==9|icon_box2,25501,,,,,,,,
250003,5,250502,,s==15|Bảo rương - 154,s==9|icon_box2,25502,,,,,,,,
250004,5,250503,,s==15|Bảo rương - 251,s==9|icon_box2,25503,,,,,,,,
250005,5,250504,,s==15|Bảo rương - 257,s==9|icon_box2,25504,,,,,,,,
250006,5,250505,,s==15|Bảo rương - 354,s==9|icon_box2,25505,,,,,,,,
250007,5,250506,,s==15|Bảo rương - 446,s==9|icon_box2,25506,,,,,,,,
250008,5,250507,,s==24|Bảo rương - Tiểu Kiều 97,s==9|icon_box2,25507,,,,,,,,
250009,7,250701,,s==15|Chiến đấu - 113,,21503,52501,,100001,,,,s==138|Nơi này bị quân địch chiếm đóng， phải đánh bại bọn chúng mới có thể qua được nơi này。 Sau khi chiến thắng có thể thu hoạch chiến lợi phẩm。,
250010,7,250702,,s==15|Chiến đấu - 111,,21504,52502,,100001,,,,s==138|Nơi này bị quân địch chiếm đóng， phải đánh bại bọn chúng mới có thể qua được nơi này。 Sau khi chiến thắng có thể thu hoạch chiến lợi phẩm。,
250011,7,250703,,s==15|Chiến đấu - 109,,25509,52503,,100001,,,,s==138|Nơi này bị quân địch chiếm đóng， phải đánh bại bọn chúng mới có thể qua được nơi này。 Sau khi chiến thắng có thể thu hoạch chiến lợi phẩm。,
250012,7,250704,,s==14|Chiến đấu - 58,,23508,52504,,100001,,,,s==138|Nơi này bị quân địch chiếm đóng， phải đánh bại bọn chúng mới có thể qua được nơi này。 Sau khi chiến thắng có thể thu hoạch chiến lợi phẩm。,
250013,7,250705,,s==13|Chiến đấu - 9,,24510,52505,,100001,,,,s==138|Nơi này bị quân địch chiếm đóng， phải đánh bại bọn chúng mới có thể qua được nơi này。 Sau khi chiến thắng có thể thu hoạch chiến lợi phẩm。,
250014,7,250706,,s==14|Chiến đấu - 11,,24513,52506,,100001,,,,s==138|Nơi này bị quân địch chiếm đóng， phải đánh bại bọn chúng mới có thể qua được nơi này。 Sau khi chiến thắng có thể thu hoạch chiến lợi phẩm。,
250015,7,250707,,s==14|Chiến đấu - 13,,25506,52507,,100001,,,,s==138|Nơi này bị quân địch chiếm đóng， phải đánh bại bọn chúng mới có thể qua được nơi này。 Sau khi chiến thắng có thể thu hoạch chiến lợi phẩm。,
250016,7,250708,,s==15|Chiến đấu - 467,,25513,52508,,,,,,s==138|Nơi này bị quân địch chiếm đóng， phải đánh bại bọn chúng mới có thể qua được nơi này。 Sau khi chiến thắng có thể thu hoạch chiến lợi phẩm。,
250017,7,250709,,s==15|Chiến đấu - 494,,23506,52509,,,,,,s==138|Nơi này bị quân địch chiếm đóng， phải đánh bại bọn chúng mới có thể qua được nơi này。 Sau khi chiến thắng có thể thu hoạch chiến lợi phẩm。,
250018,7,250710,,s==15|Chiến đấu - 521,,24502,52510,,,,,,s==138|Nơi này bị quân địch chiếm đóng， phải đánh bại bọn chúng mới có thể qua được nơi này。 Sau khi chiến thắng có thể thu hoạch chiến lợi phẩm。,
250019,7,250711,,s==15|Chiến đấu - 498,,24501,52511,,,,,,s==138|Nơi này bị quân địch chiếm đóng， phải đánh bại bọn chúng mới có thể qua được nơi này。 Sau khi chiến thắng có thể thu hoạch chiến lợi phẩm。,
250020,7,250712,,s==15|Chiến đấu - 449,,24506,52512,,,,,,s==138|Nơi này bị quân địch chiếm đóng， phải đánh bại bọn chúng mới có thể qua được nơi này。 Sau khi chiến thắng có thể thu hoạch chiến lợi phẩm。,
250021,7,250713,,s==15|Chiến đấu - 373,,23507,52513,,,,,,s==138|Nơi này bị quân địch chiếm đóng， phải đánh bại bọn chúng mới có thể qua được nơi này。 Sau khi chiến thắng có thể thu hoạch chiến lợi phẩm。,
250022,7,250714,,s==15|Chiến đấu - 371,,23510,52514,,,,,,s==138|Nơi này bị quân địch chiếm đóng， phải đánh bại bọn chúng mới có thể qua được nơi này。 Sau khi chiến thắng có thể thu hoạch chiến lợi phẩm。,
250023,7,250715,,s==15|Chiến đấu - 245,,24504,52515,,,,,,s==138|Nơi này bị quân địch chiếm đóng， phải đánh bại bọn chúng mới có thể qua được nơi này。 Sau khi chiến thắng có thể thu hoạch chiến lợi phẩm。,
250024,7,250716,,s==15|Chiến đấu - 196,,25501,52516,,,,,,s==138|Nơi này bị quân địch chiếm đóng， phải đánh bại bọn chúng mới có thể qua được nơi này。 Sau khi chiến thắng có thể thu hoạch chiến lợi phẩm。,
250025,7,250717,,s==28|Chiến đấu - Tôn Thượng Hương,,23504,52517,,,,,,s==138|Nơi này bị quân địch chiếm đóng， phải đánh bại bọn chúng mới có thể qua được nơi này。 Sau khi chiến thắng có thể thu hoạch chiến lợi phẩm。,
250026,7,250718,,s==23|Chiến đấu-Hoa Hùng BOSS,,25503,52518,,100008,,,,s==138|Nơi này bị quân địch chiếm đóng， phải đánh bại bọn chúng mới có thể qua được nơi này。 Sau khi chiến thắng có thể thu hoạch chiến lợi phẩm。,
250027,11,251101,,s==31|Đối thoại - Gặp gỡ Thần Mã Siêu,s==8|j_duihua,24517,25001,,,,,,,
250028,11,251102,,s==35|Đối thoại - Gặp gỡ Tôn Thượng Hương,s==8|j_duihua,23504,25006,,,,,,,
250029,11,251103,,s==28|Đối thoại-Gặp gỡ Ma·Hoa Hùng,s==8|j_duihua,25503,25010,,,,,,,
250030,11,251104,,s==28|Đối thoại - Gặp gỡ Tiểu Kiều,s==8|j_duihua,23503,25014,,,,,,,
250031,9,250901,,s==15|Mở khóa-Khu vực,,,,,,,s==175|154|177|178|179|180|202|203|204|205|206|226|227|228|229|230|231|251|252|253|254|255|256|257|276|277|278|279|280|281|282|302|303|304|305|306|307|308|327|328|329|330|331|333|354,,,
250032,9,250902,,s==15|Mở khóa-Khu vực,,,,,,,s==235|8|9|10|11|12|13|14|32|33|34|35|36|37|38|39|57|58|59|60|61|62|63|64|65|81|82|83|84|85|86|87|88|89|90|107|108|109|110|111|112|113|114|115|132|133|134|135|136|137|138|139|159|160|161|162|163|184|185|186|187|210|211|212|235|236|237|260|262,,,
250033,9,250903,,s==15|Mở khóa-Khu vực,,,,,,,s==434|94|95|96|97|98|119|120|121|122|123|124|143|144|145|146|147|148|149|168|169|170|171|172|173|174|175|193|194|195|196|197|198|199|219|220|221|222|223|224|244|245|246|247|248|271|272|273|295|296|297|321|322|323|345|346|347|369|370|371|372|373|374|393|394|395|396|397|398|399|416|419|420|421|422|423|424|425|441|442|443|444|445|446|447|448|449|466|467|468|469|470|471|472|473|474|475|490|491|492|493|494|495|496|497|498|499|520|521|522|523,,,
250034,9,250904,,s==26|Mở khóa - Khu vực châm lửa,,,,,,,s==11|261|332|440,,,
250035,13,251301,,s==41|Chuyển đổi - Chuyển đổi đống lửa bên trái,,,,,,,s==11|332|1|40001,,,
250036,13,251302,,s==37|Chuyển đổi - Chuyển đổi đống lửa giữa,,,,,,,s==11|261|1|40001,,,
250037,13,251303,,s==41|Chuyển đổi - Chuyển đổi đống lửa bên phải,,,,,,,s==11|440|1|40001,,,
250038,14,251401,,s==8|Đống lửa,s==12|icon_bonfire,,,2,,,,,s==31|Có châm lửa đống lửa hay không?,
250039,14,251402,,s==8|Đống lửa,s==12|icon_bonfire,,,2,,,,,s==31|Có châm lửa đống lửa hay không?,
250040,14,251403,,s==8|Đống lửa,s==12|icon_bonfire,,,2,,,,,s==31|Có châm lửa đống lửa hay không?,
250041,15,251501,,s==20|Truyền tống trận lam,,386,1,,,,,,,
260001,5,260501,,s==33|Bảo rương - Qua cửa ải thứ nhất 1,s==9|icon_box2,26501,,,,,,,,
260002,5,260502,,s==33|Bảo rương - Qua cửa ải thứ nhất 2,s==9|icon_box2,26502,,,,,,,,
260003,5,260503,,s==32|Bảo rương - Qua cửa ải thứ hai 1,s==9|icon_box2,26503,,,,,,,,
260004,5,260504,,s==32|Bảo rương - Qua cửa ải thứ hai 2,s==9|icon_box2,26504,,,,,,,,
260005,5,260505,,s==23|Bảo rương - Cuối cùng 1,s==9|icon_box2,26505,,,,,,,,
260006,5,260506,,s==23|Bảo rương - Cuối cùng 2,s==9|icon_box2,26506,,,,,,,,
260007,11,261101,,s==30|Đối thoại - Khu vực 1 Tào Tháo,s==8|j_duihua,21515,26006,,,,,,,
260008,11,261102,,s==30|Đối thoại - Khu vực 2 Tào Tháo,s==8|j_duihua,21515,26008,,,,,,,
260009,11,261103,,s==30|Đối thoại - Tào Tháo cuối cùng,s==8|j_duihua,21515,26010,,,,,,,
260010,10,261001,,s==38|Tự động cốt truyện - Khởi đầu Tào Tháo,,26001,,,,,,,,
260011,14,261401,,s==7|Cơ quan,,,,,,,,,s==35|Có kích hoạt cơ quan này hay không?,
260012,14,261402,,s==7|Cơ quan,,,,,,,,,s==35|Có kích hoạt cơ quan này hay không?,
260013,14,261403,,s==7|Cơ quan,,,,,,,,,s==35|Có kích hoạt cơ quan này hay không?,
260014,14,261404,,s==7|Cơ quan,,,,,,,,,s==35|Có kích hoạt cơ quan này hay không?,
260015,13,261301,,s==32|Chuyển đổi - Khu vực 1 đoán đúng,,,,,,,s==11|62|55|40055,,,
260016,13,261302,,s==32|Chuyển đổi - Khu vực 2 đoán đúng,,,,,,,s==11|30|49|40049,,,
270001,4,270401,,s==27|Quân doanh - Quan Ngân Bình,,34,,,,,,,s==111|Mời một vị tướng trợ giúp ngươi hoàn thành chuyến viễn chinh này， chạm giữ vào ảnh tướng để xem thông tin tướng,
270002,7,270701,,s==28|Chiến đấu - Ma tộc trái trên,,25509,52701,,100000,,,,s==138|Nơi này bị quân địch chiếm đóng， phải đánh bại bọn chúng mới có thể qua được nơi này。 Sau khi chiến thắng có thể thu hoạch chiến lợi phẩm。,
270003,7,270702,,s==28|Chiến đấu - Ma tộc trái dưới,,25507,52702,,100000,,,,s==138|Nơi này bị quân địch chiếm đóng， phải đánh bại bọn chúng mới có thể qua được nơi này。 Sau khi chiến thắng có thể thu hoạch chiến lợi phẩm。,
270004,11,271101,,s==20|Đối thoại - Khởi đầu,s==8|j_duihua,25517,27001,,,,,,,
270005,11,271102,,s==15|Đối thoại - Chợ,s==8|j_duihua,25517,27005,,,,,,,
270006,11,271103,,s==20|Đối thoại - Trị liệu,s==8|j_duihua,25517,27009,,,,,,,
270007,11,271104,,s==15|Đối thoại - Ngủ,s==8|j_duihua,25517,27013,,,,,,,
270008,8,270801,,s==7|Thư tín,,,,,,,,,s==22|Phát hiện một bức thư。,
270009,10,271001,,s==18|Cốt truyện thư tín,,27018,,,,,,,,
270010,5,270501,,s==21|Bảo rương - Trái trên,s==9|icon_box2,27501,,,,,,,,
270011,5,270502,,s==21|Bảo rương - Trái dưới,s==9|icon_box2,27502,,,,,,,,
270012,5,270503,,s==22|Bảo rương - Chính giữa,s==9|icon_box2,27503,,,,,,,,
270013,5,270504,,s==20|Bảo rương - Bên phải,s==9|icon_box2,27504,,,,,,,,
270014,5,270505,,s==23|Bảo rương - Cuối cùng 1,s==9|icon_box2,27505,,,,,,,,
270015,5,270506,,s==23|Bảo rương - Cuối cùng 2,s==9|icon_box2,27506,,,,,,,,
280001,4,280401,,s==21|Quân doanh - Long Quỳ,,35,,,,,,,s==111|Mời một vị tướng trợ giúp ngươi hoàn thành chuyến viễn chinh này， chạm giữ vào ảnh tướng để xem thông tin tướng,
280002,11,281101,,s==35|Đối thoại - Chính tuyến 1 Tiểu binh,s==8|j_duihua,21101,28001,,,,,,,
280003,10,281001,,s==37|Đối thoại - Chính tuyến 1 Tiểu binh 2,,28005,,,,,,,,
280004,11,281102,,s==35|Đối thoại - Chính tuyến 2 Tiểu binh,s==8|j_duihua,25404,28010,,,,,,,
280005,11,281103,,s==30|Đối thoại - Gặp Thần Quan BOSS,s==8|j_duihua,24301,28015,,,,,,,
280006,12,281201,,s==22|Sự kiện trống - Cờ ngã,s==6|site24,,,2,,,,,,
280007,12,281202,,s==41|Sự kiện trống - Thành phần cảnh chiến bại,s==6|site25,,,2,,,,,,
280008,12,281203,,s==7|Hồ nước,s==14|icon_grasslake,,,2,,,,,s==12|Một hồ nước。,
280009,9,280901,,s==9|Mở khóa ô,,,,,,,s==179|171|172|173|174|175|176|177|178|179|180|181|182|183|184|185|186|187|188|189|190|191|192|193|194|195|196|197|198|199|200|201|202|203|204|207|208|209|210|211|212|213|217|218|219|220,,s==9|Mở khóa ô,
280010,9,280902,,s==9|Mở khóa ô,,,,,,,s==279|101|102|103|104|105|106|107|108|109|110|111|112|113|114|115|116|117|118|119|120|121|122|123|124|125|126|127|128|129|130|131|132|133|134|135|136|137|138|139|140|141|142|143|144|145|146|147|148|149|150|151|152|153|154|155|156|157|158|159|160|161|162|163|164|165|166|167|168|169|170,,s==9|Mở khóa ô,
280011,9,280903,,s==9|Mở khóa ô,,,,,,,s==180|51|52|53|54|55|56|57|58|59|60|61|62|63|64|65|66|67|68|69|70|71|72|73|74|75|76|77|78|79|80|81|82|83|84|85|86|87|88|89|90|91|92|93|94|95|96|97|98|99|100|41|42|43|44|45|46|47|48|49|50,,s==9|Mở khóa ô,
280012,9,280904,,s==9|Mở khóa ô,,,,,,,s==110|1|2|3|4|5|6|7|8|9|10|11|12|13|14|15|16|17|18|19|20|21|22|23|24|25|26|27|28|29|30|31|32|33|34|35|36|37|38|39|40,,s==9|Mở khóa ô,
280013,14,281401,,s==14|Tam Sinh Thạch,s==22|icon_sanshengshi_fuwen,,,2,,,,,s==59|Như tiền kiếp chưa từng có duyên，đợi tái kết，đời sau nguyện,
280014,13,281301,,s==28|Chuyển đổi - Khử bỏ hàng rào,,,,,,,s==23|45|42|40042,46|42|40042,,,
280015,10,281002,,s==19|Kết thúc cốt truyện,,28020,,,,,,,,
290001,4,290401,,s==32|Quân doanh - Thần Vương·Lưu Bang,,36,,,,,,,s==111|Mời một vị tướng trợ giúp ngươi hoàn thành chuyến viễn chinh này， chạm giữ vào ảnh tướng để xem thông tin tướng,
290002,5,290501,,s==15|Bảo rương - 138,s==9|icon_box2,29501,,,,,,,,
290003,5,290502,,s==13|Bảo rương-173,s==9|icon_box2,29502,,,,,,,,
290004,5,290503,,s==15|Bảo rương - 123,s==9|icon_box2,29503,,,,,,,,
290005,5,290504,,s==12|Bảo rương-51,s==9|icon_box2,29504,,,,,,,,
290006,5,290505,,s==30|Bảo rương - Tương Vũ BOSS - 91,s==9|icon_box2,29505,,,,,,,,
290007,7,290701,,s==15|Chiến đấu - 113,,25513,52901,,100001,,,,s==138|Nơi này bị quân địch chiếm đóng， phải đánh bại bọn chúng mới có thể qua được nơi này。 Sau khi chiến thắng có thể thu hoạch chiến lợi phẩm。,
290008,7,290702,,s==14|Chiến đấu - 55,,25401,52902,,100001,,,,s==138|Nơi này bị quân địch chiếm đóng， phải đánh bại bọn chúng mới có thể qua được nơi này。 Sau khi chiến thắng có thể thu hoạch chiến lợi phẩm。,
290009,7,290703,,s==14|Chiến đấu - 76,,25503,52903,,100001,,,,s==138|Nơi này bị quân địch chiếm đóng， phải đánh bại bọn chúng mới có thể qua được nơi này。 Sau khi chiến thắng có thể thu hoạch chiến lợi phẩm。,
290010,7,290704,,s==24|Chiến đấu - Hoa Đà - 117,,25514,52904,,100001,,,,s==138|Nơi này bị quân địch chiếm đóng， phải đánh bại bọn chúng mới có thể qua được nơi này。 Sau khi chiến thắng có thể thu hoạch chiến lợi phẩm。,
290011,7,290705,,s==15|Chiến đấu - 178,,25515,52905,,100001,,,,s==138|Nơi này bị quân địch chiếm đóng， phải đánh bại bọn chúng mới có thể qua được nơi này。 Sau khi chiến thắng có thể thu hoạch chiến lợi phẩm。,
290012,7,290706,,s==15|Chiến đấu - 216,,25510,52906,,100001,,,,s==138|Nơi này bị quân địch chiếm đóng， phải đánh bại bọn chúng mới có thể qua được nơi này。 Sau khi chiến thắng có thể thu hoạch chiến lợi phẩm。,
290013,7,290707,,s==29|Chiến đấu - Điêu Thuyền - 214,,25507,52907,,100001,,,,s==138|Nơi này bị quân địch chiếm đóng， phải đánh bại bọn chúng mới có thể qua được nơi này。 Sau khi chiến thắng có thể thu hoạch chiến lợi phẩm。,
290014,7,290708,,s==15|Chiến đấu - 212,,25506,52908,,100001,,,,s==138|Nơi này bị quân địch chiếm đóng， phải đánh bại bọn chúng mới có thể qua được nơi này。 Sau khi chiến thắng có thể thu hoạch chiến lợi phẩm。,
290015,7,290709,,s==15|Chiến đấu - 210,,25509,52909,,100001,,,,s==138|Nơi này bị quân địch chiếm đóng， phải đánh bại bọn chúng mới có thể qua được nơi này。 Sau khi chiến thắng có thể thu hoạch chiến lợi phẩm。,
290016,7,290710,,s==15|Chiến đấu - 188,,25513,52910,,100001,,,,s==138|Nơi này bị quân địch chiếm đóng， phải đánh bại bọn chúng mới có thể qua được nơi này。 Sau khi chiến thắng có thể thu hoạch chiến lợi phẩm。,
290017,7,290711,,s==15|Chiến đấu - 167,,25501,52911,,100001,,,,s==138|Nơi này bị quân địch chiếm đóng， phải đánh bại bọn chúng mới có thể qua được nơi này。 Sau khi chiến thắng có thể thu hoạch chiến lợi phẩm。,
290018,7,290712,,s==15|Chiến đấu - 185,,25401,52912,,100001,,,,s==138|Nơi này bị quân địch chiếm đóng， phải đánh bại bọn chúng mới có thể qua được nơi này。 Sau khi chiến thắng có thể thu hoạch chiến lợi phẩm。,
290019,7,290713,,s==23|Chiến đấu - Lữ Bố - 164,,25504,52913,,100001,,,,s==138|Nơi này bị quân địch chiếm đóng， phải đánh bại bọn chúng mới có thể qua được nơi này。 Sau khi chiến thắng có thể thu hoạch chiến lợi phẩm。,
290020,7,290714,,s==14|Chiến đấu - 64,,25513,52914,,100001,,,,s==138|Nơi này bị quân địch chiếm đóng， phải đánh bại bọn chúng mới có thể qua được nơi này。 Sau khi chiến thắng có thể thu hoạch chiến lợi phẩm。,
290021,7,290715,,s==14|Chiến đấu - 46,,25503,52915,,100001,,,,s==138|Nơi này bị quân địch chiếm đóng， phải đánh bại bọn chúng mới có thể qua được nơi này。 Sau khi chiến thắng có thể thu hoạch chiến lợi phẩm。,
290022,7,290716,,s==12|Chiến đấu-48,,25506,52916,,100001,,,,s==138|Nơi này bị quân địch chiếm đóng， phải đánh bại bọn chúng mới có thể qua được nơi này。 Sau khi chiến thắng có thể thu hoạch chiến lợi phẩm。,
290023,7,290717,,s==12|Chiến đấu-50,,25515,52917,,100001,,,,s==138|Nơi này bị quân địch chiếm đóng， phải đánh bại bọn chúng mới có thể qua được nơi này。 Sau khi chiến thắng có thể thu hoạch chiến lợi phẩm。,
290024,7,290718,,s==25|Chiến đấu - Tương Vũ - 90,,25518,52918,,100008,,,,s==138|Nơi này bị quân địch chiếm đóng， phải đánh bại bọn chúng mới có thể qua được nơi này。 Sau khi chiến thắng có thể thu hoạch chiến lợi phẩm。,
290025,9,290901,,s==24|Mở khóa - Khu vực Hoa Đà,,,,,,,s==189|13|14|15|32|33|34|35|36|37|38|53|54|55|56|57|58|72|73|74|75|76|77|78|93|94|95|96|97|98|99|111|112|113|114|115|116|117|118|119|120|131|132|133|134|135|136|137|138|139|140|150|151|152|171|172,,,
290026,9,290902,,s==29|Mở khóa - Khu vực Điêu Thuyền,,,,,,,s==159|153|154|155|156|157|158|159|160|173|174|175|176|177|178|179|180|192|193|194|195|196|197|198|213|214|215|216|217|218|219|232|233|234|235|236|237|253|254|255|256,,,
290027,9,290903,,s==23|Mở khóa - Khu vực Lữ Bố,,,,,,,s==261|82|83|101|102|103|104|121|122|123|124|125|126|127|141|142|143|144|145|146|147|161|162|163|164|165|166|167|168|169|170|182|183|184|185|186|187|188|189|190|191|202|203|204|205|206|207|208|209|210|211|212|223|224|225|226|227|228|229|230|231|247|248|249|250|251|252,,,
290028,9,290904,,s==25|Mở khóa - Khu vực Tư Mã Ý,,,,,,,s==130|6|7|8|9|10|11|12|22|23|24|25|26|27|28|29|30|31|43|44|45|46|47|48|49|50|51|52|62|63|64|65|66|67|68|69|84|85|86|87|88|89|105|106|107,,,
290029,9,290905,,s==26|Mở khóa - Khu vực Tương Vũ,,,,,,,s==18|70|71|90|91|92|110,,,
290030,10,291001,,s==20|Đối thoại - Khởi đầu,,29001,,,,,,,,
290031,11,291101,,s==31|Đối thoại - Gặp gỡ Thần Mã Siêu,s==8|j_duihua,24517,29005,,,,,,,
290032,11,291102,,s==25|Đối thoại - Gặp ma·Hoa Đà,s==8|j_duihua,25514,29009,,,,,,,
290033,11,291103,,s==30|Đối thoại - Gặp ma·Điêu Thuyền,s==8|j_duihua,25507,29013,,,,,,,
290034,11,291104,,s==24|Đối thoại - Gặp ma·Lữ Bố,s==8|j_duihua,25504,29017,,,,,,,
290035,11,291105,,s==26|Đối thoại - Gặp ma·Tư Mã Ý,s==8|j_duihua,25516,29021,,,,,,,
290036,11,291106,,s==27|Đối thoại - Ma tôn·Tương Vũ,s==8|j_duihua,25518,29025,,,,,,,
300001,5,300501,,s==14|Bảo rương - 41,s==9|icon_box2,30501,,,,,,,,
300002,5,300502,,s==14|Bảo rương - 56,s==9|icon_box2,30502,,,,,,,,
300003,5,300503,,s==15|Bảo rương - 101,s==9|icon_box2,30503,,,,,,,,
300004,5,300504,,s==15|Bảo rương - 121,s==9|icon_box2,30504,,,,,,,,
300005,5,300505,,s==15|Bảo rương - 248,s==9|icon_box2,30505,,,,,,,,
300006,5,300506,,s==15|Bảo rương - 254,s==9|icon_box2,30506,,,,,,,,
300007,5,300507,,s==15|Bảo rương - 286,s==9|icon_box2,30507,,,,,,,,
300008,5,300508,,s==15|Bảo rương - 320,s==9|icon_box2,30508,,,,,,,,
300009,5,300509,,s==15|Bảo rương - 320,s==9|icon_box2,30509,,,,,,,,
300010,5,300510,,s==15|Bảo rương - 360,s==9|icon_box2,30510,,,,,,,,
300011,4,300401,,s==34|Quân doanh - Thục·Hoàng Nguyệt Anh,,37,,,,,,,s==111|Mời một vị tướng trợ giúp ngươi hoàn thành chuyến viễn chinh này， chạm giữ vào ảnh tướng để xem thông tin tướng,
300012,4,300402,,s==31|Quân doanh - Thục·Gia Cát Lượng,,38,,,,,,,s==111|Mời một vị tướng trợ giúp ngươi hoàn thành chuyến viễn chinh này， chạm giữ vào ảnh tướng để xem thông tin tướng,
300013,7,300701,,s==14|Chiến đấu - 65,,24403,52029,,,,,,s==138|Nơi này bị quân địch chiếm đóng， phải đánh bại bọn chúng mới có thể qua được nơi này。 Sau khi chiến thắng có thể thu hoạch chiến lợi phẩm。,
300014,7,300702,,s==15|Chiến đấu - 107,,24504,52203,,,,,,s==138|Nơi này bị quân địch chiếm đóng， phải đánh bại bọn chúng mới có thể qua được nơi này。 Sau khi chiến thắng có thể thu hoạch chiến lợi phẩm。,
300015,7,300703,,s==15|Chiến đấu - 131,,24506,52512,,,,,,s==138|Nơi này bị quân địch chiếm đóng， phải đánh bại bọn chúng mới có thể qua được nơi này。 Sau khi chiến thắng có thể thu hoạch chiến lợi phẩm。,
300016,7,300704,,s==15|Chiến đấu - 149,,21504,52016,,,,,,s==138|Nơi này bị quân địch chiếm đóng， phải đánh bại bọn chúng mới có thể qua được nơi này。 Sau khi chiến thắng có thể thu hoạch chiến lợi phẩm。,
300017,7,300705,,s==15|Chiến đấu - 150,,21402,52016,,,,,,s==138|Nơi này bị quân địch chiếm đóng， phải đánh bại bọn chúng mới có thể qua được nơi này。 Sau khi chiến thắng có thể thu hoạch chiến lợi phẩm。,
300018,7,300706,,s==15|Chiến đấu - 154,,24513,52506,,,,,,s==138|Nơi này bị quân địch chiếm đóng， phải đánh bại bọn chúng mới có thể qua được nơi này。 Sau khi chiến thắng có thể thu hoạch chiến lợi phẩm。,
300019,7,300707,,s==15|Chiến đấu - 174,,21507,52021,,,,,,s==138|Nơi này bị quân địch chiếm đóng， phải đánh bại bọn chúng mới có thể qua được nơi này。 Sau khi chiến thắng có thể thu hoạch chiến lợi phẩm。,
300020,7,300708,,s==15|Chiến đấu - 176,,21505,52016,,,,,,s==138|Nơi này bị quân địch chiếm đóng， phải đánh bại bọn chúng mới có thể qua được nơi này。 Sau khi chiến thắng có thể thu hoạch chiến lợi phẩm。,
300021,7,300709,,s==15|Chiến đấu - 177,,21501,52021,,,,,,s==138|Nơi này bị quân địch chiếm đóng， phải đánh bại bọn chúng mới có thể qua được nơi này。 Sau khi chiến thắng có thể thu hoạch chiến lợi phẩm。,
300022,7,300710,,s==15|Chiến đấu - 196,,21502,52014,,,,,,s==138|Nơi này bị quân địch chiếm đóng， phải đánh bại bọn chúng mới có thể qua được nơi này。 Sau khi chiến thắng có thể thu hoạch chiến lợi phẩm。,
300023,7,300711,,s==15|Chiến đấu - 219,,21503,52501,,,,,,s==138|Nơi này bị quân địch chiếm đóng， phải đánh bại bọn chúng mới có thể qua được nơi này。 Sau khi chiến thắng có thể thu hoạch chiến lợi phẩm。,
300024,7,300712,,s==15|Chiến đấu - 221,,21504,52016,,,,,,s==138|Nơi này bị quân địch chiếm đóng， phải đánh bại bọn chúng mới có thể qua được nơi này。 Sau khi chiến thắng có thể thu hoạch chiến lợi phẩm。,
300025,7,300714,,s==15|Chiến đấu - 247,,21505,52016,,,,,,s==138|Nơi này bị quân địch chiếm đóng， phải đánh bại bọn chúng mới có thể qua được nơi này。 Sau khi chiến thắng có thể thu hoạch chiến lợi phẩm。,
300026,7,300715,,s==15|Chiến đấu - 268,,21510,52920,,,,,,s==138|Nơi này bị quân địch chiếm đóng， phải đánh bại bọn chúng mới có thể qua được nơi này。 Sau khi chiến thắng có thể thu hoạch chiến lợi phẩm。,
300027,7,300716,,s==15|Chiến đấu - 292,,21507,52021,,,,,,s==138|Nơi này bị quân địch chiếm đóng， phải đánh bại bọn chúng mới có thể qua được nơi này。 Sau khi chiến thắng có thể thu hoạch chiến lợi phẩm。,
300028,7,300717,,s==15|Chiến đấu - 298,,21508,52014,,,,,,s==138|Nơi này bị quân địch chiếm đóng， phải đánh bại bọn chúng mới có thể qua được nơi này。 Sau khi chiến thắng có thể thu hoạch chiến lợi phẩm。,
300029,7,300718,,s==15|Chiến đấu - 318,,21501,52021,,,,,,s==138|Nơi này bị quân địch chiếm đóng， phải đánh bại bọn chúng mới có thể qua được nơi này。 Sau khi chiến thắng có thể thu hoạch chiến lợi phẩm。,
300030,7,300719,,s==15|Chiến đấu - 323,,21503,52016,,,,,,s==138|Nơi này bị quân địch chiếm đóng， phải đánh bại bọn chúng mới có thể qua được nơi này。 Sau khi chiến thắng có thể thu hoạch chiến lợi phẩm。,
300031,7,300720,,s==13|Chiến đấu-325,,21504,52016,,,,,,s==138|Nơi này bị quân địch chiếm đóng， phải đánh bại bọn chúng mới có thể qua được nơi này。 Sau khi chiến thắng có thể thu hoạch chiến lợi phẩm。,
300032,7,300721,,s==13|Chiến đấu-327,,25509,52909,,,,,,s==138|Nơi này bị quân địch chiếm đóng， phải đánh bại bọn chúng mới có thể qua được nơi này。 Sau khi chiến thắng có thể thu hoạch chiến lợi phẩm。,
300033,7,300722,,s==13|Chiến đấu-333,,25513,52910,,,,,,s==138|Nơi này bị quân địch chiếm đóng， phải đánh bại bọn chúng mới có thể qua được nơi này。 Sau khi chiến thắng có thể thu hoạch chiến lợi phẩm。,
300034,7,300723,,s==13|Chiến đấu-335,,25501,52911,,,,,,s==138|Nơi này bị quân địch chiếm đóng， phải đánh bại bọn chúng mới có thể qua được nơi này。 Sau khi chiến thắng có thể thu hoạch chiến lợi phẩm。,
300035,7,300724,,s==13|Chiến đấu-352,,25401,52912,,,,,,s==138|Nơi này bị quân địch chiếm đóng， phải đánh bại bọn chúng mới có thể qua được nơi này。 Sau khi chiến thắng có thể thu hoạch chiến lợi phẩm。,
300036,7,300725,,s==13|Chiến đấu-353,,25504,52913,,,,,,s==138|Nơi này bị quân địch chiếm đóng， phải đánh bại bọn chúng mới có thể qua được nơi này。 Sau khi chiến thắng có thể thu hoạch chiến lợi phẩm。,
300037,7,300726,,s==13|Chiến đấu-354,,25513,52914,,,,,,s==138|Nơi này bị quân địch chiếm đóng， phải đánh bại bọn chúng mới có thể qua được nơi này。 Sau khi chiến thắng có thể thu hoạch chiến lợi phẩm。,
300038,7,300727,,s==13|Chiến đấu-356,,25503,52915,,,,,,s==138|Nơi này bị quân địch chiếm đóng， phải đánh bại bọn chúng mới có thể qua được nơi này。 Sau khi chiến thắng có thể thu hoạch chiến lợi phẩm。,
300039,7,300728,,s==13|Chiến đấu-358,,25506,52916,,,,,,s==138|Nơi này bị quân địch chiếm đóng， phải đánh bại bọn chúng mới có thể qua được nơi này。 Sau khi chiến thắng có thể thu hoạch chiến lợi phẩm。,
300040,7,300729,,s==15|Chiến đấu - 371,,21510,52031,,,,,,s==138|Nơi này bị quân địch chiếm đóng， phải đánh bại bọn chúng mới có thể qua được nơi này。 Sau khi chiến thắng có thể thu hoạch chiến lợi phẩm。,
300041,7,300730,,s==13|Chiến đấu-372,,21507,52021,,,,,,s==138|Nơi này bị quân địch chiếm đóng， phải đánh bại bọn chúng mới có thể qua được nơi này。 Sau khi chiến thắng có thể thu hoạch chiến lợi phẩm。,
300042,7,300731,,s==13|Chiến đấu-381,,25507,52907,,,,,,s==138|Nơi này bị quân địch chiếm đóng， phải đánh bại bọn chúng mới có thể qua được nơi này。 Sau khi chiến thắng có thể thu hoạch chiến lợi phẩm。,
300043,7,300732,,s==13|Chiến đấu-383,,25506,52908,,,,,,s==138|Nơi này bị quân địch chiếm đóng， phải đánh bại bọn chúng mới có thể qua được nơi này。 Sau khi chiến thắng có thể thu hoạch chiến lợi phẩm。,
300044,7,300733,,s==35|Chiến đấu-tiểu boss-Thần·Điền Phong,,24501001,52919,,,,,,s==138|Nơi này bị quân địch chiếm đóng， phải đánh bại bọn chúng mới có thể qua được nơi này。 Sau khi chiến thắng có thể thu hoạch chiến lợi phẩm。,
300045,7,300734,,s==36|Chiến đấu-đại boss-Ma·Quan Ngân Bình,,25517,52901,,,,,,s==138|Nơi này bị quân địch chiếm đóng， phải đánh bại bọn chúng mới có thể qua được nơi này。 Sau khi chiến thắng có thể thu hoạch chiến lợi phẩm。,
300046,7,300735,,s==13|Chiến đấu-309,,25401,52912,,,,,,s==138|Nơi này bị quân địch chiếm đóng， phải đánh bại bọn chúng mới có thể qua được nơi này。 Sau khi chiến thắng có thể thu hoạch chiến lợi phẩm。,
300047,7,300736,,s==13|Chiến đấu-127,,21502,52034,,,,,,s==138|Nơi này bị quân địch chiếm đóng， phải đánh bại bọn chúng mới có thể qua được nơi này。 Sau khi chiến thắng có thể thu hoạch chiến lợi phẩm。,
300048,7,300737,,s==13|Chiến đấu-152,,21503,52026,,,,,,s==138|Nơi này bị quân địch chiếm đóng， phải đánh bại bọn chúng mới có thể qua được nơi này。 Sau khi chiến thắng có thể thu hoạch chiến lợi phẩm。,
300049,7,300738,,s==12|Chiến đấu-63,,24513,52304,,,,,,s==138|Nơi này bị quân địch chiếm đóng， phải đánh bại bọn chúng mới có thể qua được nơi này。 Sau khi chiến thắng có thể thu hoạch chiến lợi phẩm。,
300050,7,300739,,s==12|Chiến đấu-88,,24506,52305,,,,,,s==138|Nơi này bị quân địch chiếm đóng， phải đánh bại bọn chúng mới có thể qua được nơi này。 Sau khi chiến thắng có thể thu hoạch chiến lợi phẩm。,
300051,7,300740,,s==12|Chiến đấu-88,,24510,52505,,,,,,s==138|Nơi này bị quân địch chiếm đóng， phải đánh bại bọn chúng mới có thể qua được nơi này。 Sau khi chiến thắng có thể thu hoạch chiến lợi phẩm。,
300052,14,301401,,s==19|Dấu ấn chim cơ giới,s==9|icon_bird,,,2,,,,,s==31|Dấu vết do Cơ Quan Tước để lại。,
300053,12,301201,,s==8|Hàng rào,s==11|icon_fence3,,,,,,,,,
300054,12,301202,,s==8|Hàng rào,s==11|icon_fence3,,,,,,,,,
300055,12,301203,,s==8|Đống lửa,s==12|icon_bonfire,,,,,,,,,
300056,12,301204,,s==8|Hàng rào,s==11|icon_fence2,,,,,,,,,
300057,12,301205,,s==8|Hàng rào,s==11|icon_fence2,,,,,,,,,
300058,12,301206,,s==8|Đống lửa,s==12|icon_bonfire,,,,,,,,,
300059,12,301207,,s==8|Đống lửa,s==12|icon_bonfire,,,,,,,,,
300060,12,301208,,s==14|Thùng thuốc nổ,s==14|icon_powderKeg,,,,,,,,,
300061,12,301209,,s==14|Thùng thuốc nổ,s==14|icon_powderKeg,,,,,,,,,
300062,12,301210,,s==25|Hàng rào gai (quay 90 độ),s==12|icon_antler3,,,,,,,,,
300063,12,301211,,s==3|Sơn,s==13|icon_bigstone,,,,,,,,,
300064,12,301212,,s==3|Sơn,s==13|icon_bigstone,,,,,,,,,
300065,12,301213,,s==3|Sơn,s==13|icon_bigstone,,,,,,,,,
300066,12,301214,,s==3|Sơn,s==13|icon_bigstone,,,,,,,,,
300067,12,301215,,s==7|Lều nhỏ,s==14|icon_wareHouse,,,,,,,,,
300068,12,301216,,s==7|Lều nhỏ,s==14|icon_wareHouse,,,,,,,,,
300069,12,301217,,s==7|Gai góc,s==12|icon_bramble,,,,,,,,,
300070,12,301218,,s==7|Gai góc,s==12|icon_bramble,,,,,,,,,
300071,12,301219,,s==7|Gai góc,s==12|icon_bramble,,,,,,,,,
300072,10,301001,,s==15|Hồi ức khai màn,,30001,,,,,,,,
300073,9,300901,,s==30|Chim cơ giới bay ra hiển thị ô,,,,,,,s==131|277|278|279|280|281|282|303|304|305|306|307|308|328|329|330|331|332|354|355|356|357|358|378|379|380|381|382|403|404|405|406|407|408,,,
300074,10,301002,,s==34|Cốt truyện sau khi nhặt hết dấu ấn,,30003,,,,,,,,
300075,9,300902,,s==32|Hiển thị ô sau cốt truyện dấu ấn,,,,,,,s==96|2|3|4|5|6|7|8|9|26|27|28|29|30|31|32|33|34|52|53|54|55|56|57|58|59|60|76|77|78|79|80|81|82|83|84,,,
300076,9,300903,,s==53|Hiển thị khu vực cuối cùng sau khi đánh bại quân địch,,,,,,,s==538|14|15|16|17|18|38|39|40|41|42|43|63|64|65|66|67|68|69|87|88|89|90|91|92|93|112|114|115|116|117|118|136|161|185|211|212|213|214|235|236|237|238|239|240|260|261|262|263|264|265|266|272|273|274|275|284|285|286|287|288|289|290|296|297|298|299|309|310|311|312|313|314|315|316|317|321|322|323|324|325|333|334|335|336|337|338|340|341|342|343|344|345|346|347|348|349|359|360|361|362|363|365|366|367|368|369|370|371|372|373|374|375|383|384|385|386|387|388|390|391|392|393|394|395|396|397|398|399|409|410|411|412|413|418|419|420|421|422|423|424|425,,,
300077,8,300801,,s==6|Bố cáo,,,,,,,,,s==31|Tiền phương bất khả thông hành。,
300078,13,301303,,s==52|Chuyển đổi - Hàng rào biến mất sau khi dán thông báo,,,,,,,s==47|133|1|40001,158|1|40001,182|1|40001,208|1|40001,,,
300079,11,301101,,s==33|Gặp gỡ cốt truyện Thần Điền Phong,s==8|j_duihua,24501001,30005,,,,,,,
300080,13,301304,,s==55|Chuyển đổi - Hàng rào gai mở khóa sau khi gặp quân địch,,,,,,,s==10|66|1|40001,,,
300081,13,301305,,s==41|Chuyển đổi - Sa mạc hóa thành thảo nguyên,,,,,,,s==370|14|7|40007,15|7|40007,16|6|40006,17|6|40006,18|2|40002,38|7|40007,39|1|40001,40|4|40004,41|1|40001,42|4|40004,43|2|40002,63|7|40007,64|1|40001,65|4|40004,66|1|40001,67|1|40001,68|4|40004,69|2|40002,87|1|40001,88|1|40001,89|4|40004,90|1|40001,91|1|40001,92|4|40004,93|2|40002,114|7|40007,115|7|40007,116|6|40006,117|6|40006,118|2|40002,112|1|40001,136|4|40004,161|1|40001,,,
300082,11,301102,,s==31|Gặp gỡ cốt truyện Gia Cát Lượng,s==8|j_duihua,22507,30010,,,,,,,
300083,13,301306,,s==55|Chuyển đổi - Mở khóa ô đất sau cốt truyện Gia Cát Lượng,,,,,,,s==23|285|1|40001,286|1|40001,,,
300084,11,301107,,s==38|Cốt truyện Gia Cát Lượng sau rương báu,s==8|j_duihua,22507,30012,,,,,,,
300085,11,301103,,s==39|Cốt truyện Quan Ngân Bình sau quân địch,s==8|j_duihua,22507,30016,,,,,,,
300086,13,301307,,s==40|Chuyển đổi - Ma đô hóa thành thảo nguyên,,,,,,,s==683|272|7|40007,273|7|40007,274|7|40007,275|7|40007,296|6|40006,297|4|40004,298|1|40001,299|7|40007,315|4|40004,316|1|40001,317|4|40004,321|6|40006,322|1|40001,323|1|40001,324|1|40001,325|7|40007,339|1|40001,340|1|40001,341|4|40004,342|1|40001,343|4|40004,344|6|40006,345|6|40006,346|1|40001,347|1|40001,348|4|40004,349|7|40007,365|4|40004,366|1|40001,367|4|40004,368|1|40001,369|1|40001,370|4|40004,371|1|40001,372|1|40001,373|4|40004,374|4|40004,375|7|40007,390|4|40004,391|1|40001,392|1|40001,393|4|40004,394|6|40006,395|1|40001,396|4|40004,397|1|40001,398|4|40004,399|7|40007,418|1|40001,419|6|40006,420|6|40006,421|6|40006,422|7|40007,423|7|40007,424|7|40007,425|7|40007,418|1|40001,,,
300087,11,301104,,s==15|Cốt truyện boss,s==8|j_duihua,25517,30020,,,,,,,
300088,13,301308,,s==43|Chuyển đổi - Mở khóa đống lửa sau rương báu,,,,,,,s==38|397|33|40033,347|33|40033,372|33|40033,,,
300089,14,301402,,s==9|Thông báo,s==9|icon_bird,,,2,,,,,s==25|Phóng thích Cơ Quan Tước。,
300090,14,301403,,s==9|Thông báo,s==9|icon_bird,,,2,,,,,s==72|Dấu vết do Cơ Quan Tước để lại， dường như hướng về phía Đông Bắc đi rồi。,
300091,9,300904,,s==34|Hiển thị ô sau dấu ấn chim cơ giới,,,,,,,s==251|102|103|104|105|106|107|108|109|110|126|127|128|129|130|131|132|133|134|152|153|154|155|156|157|158|159|160|176|177|178|179|180|181|182|183|184|202|203|204|205|206|207|208|209|210|226|227|228|229|230|231|232|233|234|252|253|254|255|256|257|258|259|283,,,
300092,11,301105,,s==31|Thông báo trước Thần Điền Phong,s==8|j_duihua,24403,30023,,,,,,,
300093,11,301106,,s==32|Cốt truyện khi tiến vào ô sa mạc,s==8|j_duihua,24504,30025,,,,,,,
310001,4,310401,,s==22|Quân doanh - Hồn·Tả Từ,,39,,,,,,,s==111|Mời một vị tướng trợ giúp ngươi hoàn thành chuyến viễn chinh này， chạm giữ vào ảnh tướng để xem thông tin tướng,
310002,5,310501,,s==12|Rương báu-94,s==9|icon_box2,31501,,,,,,,,
310003,5,310502,,s==13|Rương báu-132,s==9|icon_box2,31502,,,,,,,,
310004,5,310503,,s==13|Rương báu-352,s==9|icon_box2,31503,,,,,,,,
310005,5,310504,,s==13|Rương báu-493,s==9|icon_box2,31504,,,,,,,,
310006,5,310505,,s==18|Rương báu-BOSS-215,s==9|icon_box2,31505,,,,,,,,
310007,5,310506,,s==18|Rương báu-BOSS-240,s==9|icon_box2,31506,,,,,,,,
310008,5,310507,,s==18|Rương báu-BOSS-265,s==9|icon_box2,31507,,,,,,,,
310009,7,310701,,s==12|Chiến đấu-69,,23506,531001,,,,,,s==138|Nơi này bị quân địch chiếm đóng， phải đánh bại bọn chúng mới có thể qua được nơi này。 Sau khi chiến thắng có thể thu hoạch chiến lợi phẩm。,
310010,7,310702,,s==12|Chiến đấu-77,,25515,531002,,,,,,s==138|Nơi này bị quân địch chiếm đóng， phải đánh bại bọn chúng mới có thể qua được nơi này。 Sau khi chiến thắng có thể thu hoạch chiến lợi phẩm。,
310011,7,310703,,s==12|Chiến đấu-82,,25513,531003,,,,,,s==138|Nơi này bị quân địch chiếm đóng， phải đánh bại bọn chúng mới có thể qua được nơi này。 Sau khi chiến thắng có thể thu hoạch chiến lợi phẩm。,
310012,7,310704,,s==13|Chiến đấu-134,,24501,531004,,,,,,s==138|Nơi này bị quân địch chiếm đóng， phải đánh bại bọn chúng mới có thể qua được nơi này。 Sau khi chiến thắng có thể thu hoạch chiến lợi phẩm。,
310013,7,310705,,s==13|Chiến đấu-141,,24503,531005,,,,,,s==138|Nơi này bị quân địch chiếm đóng， phải đánh bại bọn chúng mới có thể qua được nơi này。 Sau khi chiến thắng có thể thu hoạch chiến lợi phẩm。,
310014,7,310706,,s==13|Chiến đấu-147,,23508,531006,,,,,,s==138|Nơi này bị quân địch chiếm đóng， phải đánh bại bọn chúng mới có thể qua được nơi này。 Sau khi chiến thắng có thể thu hoạch chiến lợi phẩm。,
310015,7,310707,,s==13|Chiến đấu-156,,23510,531007,,,,,,s==138|Nơi này bị quân địch chiếm đóng， phải đánh bại bọn chúng mới có thể qua được nơi này。 Sau khi chiến thắng có thể thu hoạch chiến lợi phẩm。,
310016,7,310708,,s==15|Chiến đấu - 318,,25503,531008,,,,,,s==138|Nơi này bị quân địch chiếm đóng， phải đánh bại bọn chúng mới có thể qua được nơi này。 Sau khi chiến thắng có thể thu hoạch chiến lợi phẩm。,
310017,7,310709,,s==13|Chiến đấu-334,,23504,531009,,,,,,s==138|Nơi này bị quân địch chiếm đóng， phải đánh bại bọn chúng mới có thể qua được nơi này。 Sau khi chiến thắng có thể thu hoạch chiến lợi phẩm。,
310018,7,310710,,s==13|Chiến đấu-354,,24504,531010,,,,,,s==138|Nơi này bị quân địch chiếm đóng， phải đánh bại bọn chúng mới có thể qua được nơi này。 Sau khi chiến thắng có thể thu hoạch chiến lợi phẩm。,
310019,7,310711,,s==13|Chiến đấu-374,,24506,531011,,,,,,s==138|Nơi này bị quân địch chiếm đóng， phải đánh bại bọn chúng mới có thể qua được nơi này。 Sau khi chiến thắng có thể thu hoạch chiến lợi phẩm。,
310020,7,310712,,s==13|Chiến đấu-408,,24510,531012,,,,,,s==138|Nơi này bị quân địch chiếm đóng， phải đánh bại bọn chúng mới có thể qua được nơi này。 Sau khi chiến thắng có thể thu hoạch chiến lợi phẩm。,
310021,7,310713,,s==13|Chiến đấu-429,,23507,531013,,,,,,s==138|Nơi này bị quân địch chiếm đóng， phải đánh bại bọn chúng mới có thể qua được nơi này。 Sau khi chiến thắng có thể thu hoạch chiến lợi phẩm。,
310022,7,310714,,s==13|Chiến đấu-444,,23503,531014,,,,,,s==138|Nơi này bị quân địch chiếm đóng， phải đánh bại bọn chúng mới có thể qua được nơi này。 Sau khi chiến thắng có thể thu hoạch chiến lợi phẩm。,
310023,7,310715,,s==13|Chiến đấu-454,,24502,531015,,,,,,s==138|Nơi này bị quân địch chiếm đóng， phải đánh bại bọn chúng mới có thể qua được nơi này。 Sau khi chiến thắng có thể thu hoạch chiến lợi phẩm。,
310024,7,310716,,s==12|Chiến đấu-68,,23506,531016,,,,,,s==138|Nơi này bị quân địch chiếm đóng， phải đánh bại bọn chúng mới có thể qua được nơi này。 Sau khi chiến thắng có thể thu hoạch chiến lợi phẩm。,
310025,7,310717,,s==13|Chiến đấu-117,,25513,531017,,,,,,s==138|Nơi này bị quân địch chiếm đóng， phải đánh bại bọn chúng mới có thể qua được nơi này。 Sau khi chiến thắng có thể thu hoạch chiến lợi phẩm。,
310026,7,310718,,s==13|Chiến đấu-144,,24508,531018,,,,,,s==138|Nơi này bị quân địch chiếm đóng， phải đánh bại bọn chúng mới có thể qua được nơi này。 Sau khi chiến thắng có thể thu hoạch chiến lợi phẩm。,
310027,7,310719,,s==13|Chiến đấu-353,,24503,531019,,,,,,s==138|Nơi này bị quân địch chiếm đóng， phải đánh bại bọn chúng mới có thể qua được nơi này。 Sau khi chiến thắng có thể thu hoạch chiến lợi phẩm。,
310028,7,310720,,s==13|Chiến đấu-403,,25515,531020,,,,,,s==138|Nơi này bị quân địch chiếm đóng， phải đánh bại bọn chúng mới có thể qua được nơi này。 Sau khi chiến thắng có thể thu hoạch chiến lợi phẩm。,
310029,7,310721,,s==13|Chiến đấu-372,,23510,531021,,,,,,s==138|Nơi này bị quân địch chiếm đóng， phải đánh bại bọn chúng mới có thể qua được nơi này。 Sau khi chiến thắng có thể thu hoạch chiến lợi phẩm。,
310030,7,310722,,s==13|Chiến đấu-469,,25503,531022,,,,,,s==138|Nơi này bị quân địch chiếm đóng， phải đánh bại bọn chúng mới có thể qua được nơi này。 Sau khi chiến thắng có thể thu hoạch chiến lợi phẩm。,
310031,7,310723,,s==13|Chiến đấu-473,,23504,531023,,,,,,s==138|Nơi này bị quân địch chiếm đóng， phải đánh bại bọn chúng mới có thể qua được nơi này。 Sau khi chiến thắng có thể thu hoạch chiến lợi phẩm。,
310032,7,310724,,s==18|Chiến đấu-239-BOSS,,21515,531024,,,,,,s==138|Nơi này bị quân địch chiếm đóng， phải đánh bại bọn chúng mới có thể qua được nơi này。 Sau khi chiến thắng có thể thu hoạch chiến lợi phẩm。,
310033,8,310801,,s==9|Thông báo,,,,,,,,,s==239|Thế trận này do Tào Tháo thân thủ trấn giữ， đoạn đường trước mặt Tào Tháo có lực lượng Tứ Tượng ngăn trở， cần khiến Tứ Tượng đài hạ xuống， mới có thể qua được。 Trong màn sương mù bốn bề dường như có cơ quan điều khiển Tứ Tượng thăng giáng。,
310034,9,310901,,s==19|Mở khóa - Khu vực 1,,,,,,,s==231|3|4|5|6|7|8|27|28|29|30|31|32|33|52|53|54|55|56|57|58|59|76|77|78|79|80|81|82|83|84|101|102|103|104|105|106|107|108|109|110|126|127|128|129|130|131|132|133|152|153|154|155|156|157|158|177|178|179|180|181|182|183|203|204|205|206|207,,,
310035,9,310902,,s==19|Mở khóa - Khu vực 2,,,,,,,s==245|17|18|19|20|21|22|41|42|43|44|45|46|47|66|67|68|69|70|71|72|73|90|91|92|93|94|95|96|97|98|115|116|117|118|119|120|121|122|123|124|142|143|144|145|146|147|148|149|168|169|170|171|172|173|174|175|194|195|196|197|198|199|200|220|221|222|223|224|225,,,
310036,9,310903,,s==19|Mở khóa - Khu vực 3,,,,,,,s==279|302|303|304|305|306|326|327|328|329|330|331|332|333|351|352|353|354|355|356|357|358|359|360|376|377|378|379|380|381|382|383|384|401|402|403|404|405|406|407|408|409|426|427|428|429|430|431|432|433|451|452|453|454|455|456|457|458|476|477|478|479|480|481|482|502|503|504|505|506|507,,,
310037,9,310904,,s==19|Mở khóa - Khu vực 4,,,,,,,s==287|294|319|320|321|322|323|324|325|343|344|345|346|347|348|349|350|368|369|370|371|372|373|374|375|393|394|395|396|397|398|399|400|418|419|420|421|422|423|424|425|442|443|444|445|446|447|448|449|467|468|469|470|471|472|473|474|491|492|493|494|495|496|497|498|516|517|518|519|520|521|522|523,,,
310038,12,311201,,s==38|Sự kiện trống treo biểu tượng tháp tên,s==10|icon_tower,,,,,,,,,
310039,14,311401,,s==18|Cương Long Cơ Quan,s==12|icon_pullRod,,,2,,,,,s==51|Hành động sau khiến khối đất 【Thanh Long】 hạ xuống。,
310040,14,311402,,s==16|Chu Tước Cơ Quan,s==12|icon_pullRod,,,2,,,,,s==49|Hành động sau khiến khối đất 【Chu Tước】 hạ xuống。,
310041,14,311403,,s==15|Bạch Hổ Cơ Quan,s==12|icon_pullRod,,,2,,,,,s==48|Hành động sau khiến khối đất 【Bạch Hổ】 hạ xuống。,
310042,14,311404,,s==16|Huyền Vũ Cơ Quan,s==12|icon_pullRod,,,2,,,,,s==49|Hành động sau khiến khối đất 【Huyền Vũ】 hạ xuống。,
310043,13,311301,,s==24|Chuyển đổi khối đất Long,,,,,,,s==12|235|49|40049,,,
310044,13,311302,,s==26|Chuyển đổi khối đất Phượng,,,,,,,s==12|236|51|40051,,,
310045,13,311303,,s==22|Chuyển đổi khối đất Hổ,,,,,,,s==12|237|53|40053,,,
310046,13,311304,,s==23|Chuyển đổi khối đất Quy,,,,,,,s==12|238|55|40055,,,
310047,20,312001,,s==54|Loại sự kiện trống cơ quan vĩnh viễn biểu tượng 【Quan】,s==13|icon_pullRod2,,,,,,,,,
320001,4,320401,,s==22|Quân doanh - Hồn·Tả Từ,,39,,,,,,,s==111|Mời một vị tướng trợ giúp ngươi hoàn thành chuyến viễn chinh này， chạm giữ vào ảnh tướng để xem thông tin tướng,
320002,5,320501,,s==13|Bảo Tương-120,s==9|icon_box2,32501,,,,,,,,
320003,5,320502,,s==13|Bảo Tương-180,s==9|icon_box2,32502,,,,,,,,
320004,5,320503,,s==13|Bảo Tương-381,s==9|icon_box2,32503,,,,,,,,
320005,5,320504,,s==13|Bảo Tương-445,s==9|icon_box2,32504,,,,,,,,
320006,5,320505,,s==18|Bảo Tương-BOSS-189,s==9|icon_box2,32505,,,,,,,,
320007,5,320506,,s==18|Bảo Tương-BOSS-261,s==9|icon_box2,32506,,,,,,,,
320008,5,320507,,s==18|Rương báu-BOSS-265,s==9|icon_box2,32507,,,,,,,,
320009,7,320701,,s==12|Chiến đấu-28,,23506,531001,,,,,,s==138|Nơi này bị quân địch chiếm đóng， phải đánh bại bọn chúng mới có thể qua được nơi này。 Sau khi chiến thắng có thể thu hoạch chiến lợi phẩm。,
320010,7,320702,,s==12|Chiến đấu-69,,25515,531002,,,,,,s==138|Nơi này bị quân địch chiếm đóng， phải đánh bại bọn chúng mới có thể qua được nơi này。 Sau khi chiến thắng có thể thu hoạch chiến lợi phẩm。,
320011,7,320703,,s==12|Chiến đấu-81,,25513,531003,,,,,,s==138|Nơi này bị quân địch chiếm đóng， phải đánh bại bọn chúng mới có thể qua được nơi này。 Sau khi chiến thắng có thể thu hoạch chiến lợi phẩm。,
320012,7,320704,,s==12|Chiến đấu-95,,24501,531004,,,,,,s==138|Nơi này bị quân địch chiếm đóng， phải đánh bại bọn chúng mới có thể qua được nơi này。 Sau khi chiến thắng có thể thu hoạch chiến lợi phẩm。,
320013,7,320705,,s==13|Chiến đấu-124,,24503,531005,,,,,,s==138|Nơi này bị quân địch chiếm đóng， phải đánh bại bọn chúng mới có thể qua được nơi này。 Sau khi chiến thắng có thể thu hoạch chiến lợi phẩm。,
320014,7,320706,,s==19|Chiến đấu-133-Khu 1,,23508,531006,,,,,,s==138|Nơi này bị quân địch chiếm đóng， phải đánh bại bọn chúng mới có thể qua được nơi này。 Sau khi chiến thắng có thể thu hoạch chiến lợi phẩm。,
320015,7,320707,,s==19|Chiến đấu-142-Khu 2,,23510,531007,,,,,,s==138|Nơi này bị quân địch chiếm đóng， phải đánh bại bọn chúng mới có thể qua được nơi này。 Sau khi chiến thắng có thể thu hoạch chiến lợi phẩm。,
320016,7,320708,,s==15|Chiến đấu - 128,,25503,531008,,,,,,s==138|Nơi này bị quân địch chiếm đóng， phải đánh bại bọn chúng mới có thể qua được nơi này。 Sau khi chiến thắng có thể thu hoạch chiến lợi phẩm。,
320017,7,320709,,s==13|Chiến đấu-179,,23504,531009,,,,,,s==138|Nơi này bị quân địch chiếm đóng， phải đánh bại bọn chúng mới có thể qua được nơi này。 Sau khi chiến thắng có thể thu hoạch chiến lợi phẩm。,
320018,7,320710,,s==13|Chiến đấu-195,,24504,531010,,,,,,s==138|Nơi này bị quân địch chiếm đóng， phải đánh bại bọn chúng mới có thể qua được nơi này。 Sau khi chiến thắng có thể thu hoạch chiến lợi phẩm。,
320019,7,320711,,s==13|Chiến đấu-496,,24506,531011,,,,,,s==138|Nơi này bị quân địch chiếm đóng， phải đánh bại bọn chúng mới có thể qua được nơi này。 Sau khi chiến thắng có thể thu hoạch chiến lợi phẩm。,
320020,7,320712,,s==19|Chiến đấu-333-Khu 3,,24510,531012,,,,,,s==138|Nơi này bị quân địch chiếm đóng， phải đánh bại bọn chúng mới có thể qua được nơi này。 Sau khi chiến thắng có thể thu hoạch chiến lợi phẩm。,
320021,7,320713,,s==19|Chiến đấu-342-Khu 4,,23507,531013,,,,,,s==138|Nơi này bị quân địch chiếm đóng， phải đánh bại bọn chúng mới có thể qua được nơi này。 Sau khi chiến thắng có thể thu hoạch chiến lợi phẩm。,
320022,7,320714,,s==15|Chiến đấu - 371,,23503,531014,,,,,,s==138|Nơi này bị quân địch chiếm đóng， phải đánh bại bọn chúng mới có thể qua được nơi này。 Sau khi chiến thắng có thể thu hoạch chiến lợi phẩm。,
320023,7,320715,,s==13|Chiến đấu-427,,24502,531015,,,,,,s==138|Nơi này bị quân địch chiếm đóng， phải đánh bại bọn chúng mới có thể qua được nơi này。 Sau khi chiến thắng có thể thu hoạch chiến lợi phẩm。,
320024,7,320716,,s==13|Chiến đấu-380,,23506,531016,,,,,,s==138|Nơi này bị quân địch chiếm đóng， phải đánh bại bọn chúng mới có thể qua được nơi này。 Sau khi chiến thắng có thể thu hoạch chiến lợi phẩm。,
320025,7,320717,,s==13|Chiến đấu-469,,25513,531017,,,,,,s==138|Nơi này bị quân địch chiếm đóng， phải đánh bại bọn chúng mới có thể qua được nơi này。 Sau khi chiến thắng có thể thu hoạch chiến lợi phẩm。,
320026,7,320718,,s==13|Chiến đấu-457,,24508,531018,,,,,,s==138|Nơi này bị quân địch chiếm đóng， phải đánh bại bọn chúng mới có thể qua được nơi này。 Sau khi chiến thắng có thể thu hoạch chiến lợi phẩm。,
320027,7,320719,,s==13|Chiến đấu-474,,24503,531019,,,,,,s==138|Nơi này bị quân địch chiếm đóng， phải đánh bại bọn chúng mới có thể qua được nơi này。 Sau khi chiến thắng có thể thu hoạch chiến lợi phẩm。,
320032,7,320720,,s==18|Chiến đấu-263-BOSS,,25510,531024,,,,,,s==138|Nơi này bị quân địch chiếm đóng， phải đánh bại bọn chúng mới có thể qua được nơi này。 Sau khi chiến thắng có thể thu hoạch chiến lợi phẩm。,
320033,9,320901,,s==19|Mở khóa - Khu vực 1,,,,,,,s==191|3|4|5|6|7|8|27|28|29|30|31|32|33|52|53|54|55|56|57|58|59|76|77|78|79|80|81|82|83|84|102|103|104|105|106|107|108|127|128|129|130|131|132|153|154|155|156|157|178|179|180|181|182|204|205|206|207,,,
320034,9,320902,,s==19|Mở khóa - Khu vực 2,,,,,,,s==213|18|19|20|21|22|23|42|43|44|45|46|47|48|67|68|69|70|71|72|73|74|91|92|93|94|95|96|97|98|99|118|119|120|121|122|123|124|125|143|144|145|146|147|148|149|169|170|171|172|173|174|193|194|195|196|197|198|219|220|221|222,,,
320035,9,320903,,s==19|Mở khóa - Khu vực 3,,,,,,,s==255|307|327|328|329|330|331|332|352|353|354|355|356|357|358|359|360|376|377|378|379|380|381|382|383|384|401|402|403|404|405|406|407|408|409|426|427|428|429|430|431|432|433|434|452|453|454|455|456|457|458|459|477|478|479|480|481|482|483|503|504|505|506|507|508,,,
320036,9,320904,,s==19|Mở khóa - Khu vực 4,,,,,,,s==259|319|320|343|344|345|346|347|368|369|370|371|372|373|374|392|393|394|395|396|397|398|399|417|418|419|420|421|422|423|424|425|441|442|443|444|445|446|447|448|449|450|467|468|469|470|471|472|473|474|475|492|493|494|495|496|497|498|499|518|519|520|521|522|523|524,,,
320037,13,321305,,s==27|Chuyển đổi thành Cổng Thành,,,,,,,s==11|288|1|40001,,,
320038,19,321901,,s==30|Nhận sự kiện vật phẩm tạm thời,s==12|icon_sxbaihu,,,,,,s==11|2|2600425|1,,,
320039,19,321902,,s==30|Nhận sự kiện vật phẩm tạm thời,s==13|icon_sxxuanwu,,,,,,s==11|2|2600426|1,,,
320040,19,321903,,s==30|Nhận sự kiện vật phẩm tạm thời,s==13|icon_sxzhuque,,,,,,s==11|2|2600427|1,,,
320041,19,321904,,s==30|Nhận sự kiện vật phẩm tạm thời,s==15|icon_sxqinglong,,,,,,s==11|2|2600428|1,,,
320042,21,322101,,s==9|Thành môn,s==9|icon_door,,,,,,s==27|321901|321902|321903|321904,,s==69|Tập hợp đủ bốn ấn Tứ Tượng rải rác bốn bề， có thể công phá thành môn。,
320043,10,321001,,s==20|Đối thoại - Khởi đầu,,32001,,,,,,,,
320044,10,321002,,s==30|Đối thoại - Mở khóa cổng thành,,32005,,,,,,,,
330001,4,330401,,s==31|Quân doanh - Ngụy · Thái Văn Cơ,,40,,,,,,,s==111|Mời một vị tướng trợ giúp ngươi hoàn thành chuyến viễn chinh này， chạm giữ vào ảnh tướng để xem thông tin tướng,
330002,5,330501,,s==13|Bảo Tương-120,s==9|icon_box2,33501,,,,,,,,
330003,5,330502,,s==13|Bảo Tương-180,s==9|icon_box2,33502,,,,,,,,
330004,5,330503,,s==13|Bảo Tương-381,s==9|icon_box2,33503,,,,,,,,
330005,5,330504,,s==13|Bảo Tương-445,s==9|icon_box2,33504,,,,,,,,
330006,5,330505,,s==18|Bảo Tương-BOSS-189,s==9|icon_box2,33505,,,,,,,,
330007,5,330506,,s==18|Bảo Tương-BOSS-261,s==9|icon_box2,33506,,,,,,,,
330008,5,330507,,s==18|Rương báu-BOSS-265,s==9|icon_box2,33507,,,,,,,,
330009,7,330701,,s==12|Chiến đấu-28,,23506,531001,,,,,,s==138|Nơi này bị quân địch chiếm đóng， phải đánh bại bọn chúng mới có thể qua được nơi này。 Sau khi chiến thắng có thể thu hoạch chiến lợi phẩm。,
330010,7,330702,,s==12|Chiến đấu-69,,25515,531002,,,,,,s==138|Nơi này bị quân địch chiếm đóng， phải đánh bại bọn chúng mới có thể qua được nơi này。 Sau khi chiến thắng có thể thu hoạch chiến lợi phẩm。,
330011,7,330703,,s==12|Chiến đấu-81,,25513,531003,,,,,,s==138|Nơi này bị quân địch chiếm đóng， phải đánh bại bọn chúng mới có thể qua được nơi này。 Sau khi chiến thắng có thể thu hoạch chiến lợi phẩm。,
330012,7,330704,,s==12|Chiến đấu-95,,24501,531004,,,,,,s==138|Nơi này bị quân địch chiếm đóng， phải đánh bại bọn chúng mới có thể qua được nơi này。 Sau khi chiến thắng có thể thu hoạch chiến lợi phẩm。,
330013,7,330705,,s==13|Chiến đấu-124,,24503,531005,,,,,,s==138|Nơi này bị quân địch chiếm đóng， phải đánh bại bọn chúng mới có thể qua được nơi này。 Sau khi chiến thắng có thể thu hoạch chiến lợi phẩm。,
330014,7,330706,,s==19|Chiến đấu-133-Khu 1,,23508,531006,,,,,,s==138|Nơi này bị quân địch chiếm đóng， phải đánh bại bọn chúng mới có thể qua được nơi này。 Sau khi chiến thắng có thể thu hoạch chiến lợi phẩm。,
330015,7,330707,,s==19|Chiến đấu-142-Khu 2,,23510,531007,,,,,,s==138|Nơi này bị quân địch chiếm đóng， phải đánh bại bọn chúng mới có thể qua được nơi này。 Sau khi chiến thắng có thể thu hoạch chiến lợi phẩm。,
330016,7,330708,,s==15|Chiến đấu - 128,,25503,531008,,,,,,s==138|Nơi này bị quân địch chiếm đóng， phải đánh bại bọn chúng mới có thể qua được nơi này。 Sau khi chiến thắng có thể thu hoạch chiến lợi phẩm。,
330017,7,330709,,s==13|Chiến đấu-179,,23504,531009,,,,,,s==138|Nơi này bị quân địch chiếm đóng， phải đánh bại bọn chúng mới có thể qua được nơi này。 Sau khi chiến thắng có thể thu hoạch chiến lợi phẩm。,
330018,7,330710,,s==13|Chiến đấu-195,,24504,531010,,,,,,s==138|Nơi này bị quân địch chiếm đóng， phải đánh bại bọn chúng mới có thể qua được nơi này。 Sau khi chiến thắng có thể thu hoạch chiến lợi phẩm。,
330019,7,330711,,s==13|Chiến đấu-496,,24506,531011,,,,,,s==138|Nơi này bị quân địch chiếm đóng， phải đánh bại bọn chúng mới có thể qua được nơi này。 Sau khi chiến thắng có thể thu hoạch chiến lợi phẩm。,
330020,7,330712,,s==19|Chiến đấu-333-Khu 3,,24510,531012,,,,,,s==138|Nơi này bị quân địch chiếm đóng， phải đánh bại bọn chúng mới có thể qua được nơi này。 Sau khi chiến thắng có thể thu hoạch chiến lợi phẩm。,
330021,7,330713,,s==19|Chiến đấu-342-Khu 4,,23507,531013,,,,,,s==138|Nơi này bị quân địch chiếm đóng， phải đánh bại bọn chúng mới có thể qua được nơi này。 Sau khi chiến thắng có thể thu hoạch chiến lợi phẩm。,
330022,7,330714,,s==15|Chiến đấu - 371,,23503,531014,,,,,,s==138|Nơi này bị quân địch chiếm đóng， phải đánh bại bọn chúng mới có thể qua được nơi này。 Sau khi chiến thắng có thể thu hoạch chiến lợi phẩm。,
330023,7,330715,,s==13|Chiến đấu-427,,24502,531015,,,,,,s==138|Nơi này bị quân địch chiếm đóng， phải đánh bại bọn chúng mới có thể qua được nơi này。 Sau khi chiến thắng có thể thu hoạch chiến lợi phẩm。,
330024,7,330716,,s==13|Chiến đấu-380,,23506,531016,,,,,,s==138|Nơi này bị quân địch chiếm đóng， phải đánh bại bọn chúng mới có thể qua được nơi này。 Sau khi chiến thắng có thể thu hoạch chiến lợi phẩm。,
330025,7,330717,,s==13|Chiến đấu-469,,25513,531017,,,,,,s==138|Nơi này bị quân địch chiếm đóng， phải đánh bại bọn chúng mới có thể qua được nơi này。 Sau khi chiến thắng có thể thu hoạch chiến lợi phẩm。,
330026,7,330718,,s==13|Chiến đấu-457,,24508,531018,,,,,,s==138|Nơi này bị quân địch chiếm đóng， phải đánh bại bọn chúng mới có thể qua được nơi này。 Sau khi chiến thắng có thể thu hoạch chiến lợi phẩm。,
330027,7,330719,,s==13|Chiến đấu-474,,24503,531019,,,,,,s==138|Nơi này bị quân địch chiếm đóng， phải đánh bại bọn chúng mới có thể qua được nơi này。 Sau khi chiến thắng có thể thu hoạch chiến lợi phẩm。,
330028,7,330720,,s==18|Chiến đấu-263-BOSS,,23511,531021,,,,,,s==138|Nơi này bị quân địch chiếm đóng， phải đánh bại bọn chúng mới có thể qua được nơi này。 Sau khi chiến thắng có thể thu hoạch chiến lợi phẩm。,
330029,9,330901,,s==19|Mở khóa - Khu vực 1,,,,,,,s==191|3|4|5|6|7|8|27|28|29|30|31|32|33|52|53|54|55|56|57|58|59|76|77|78|79|80|81|82|83|84|102|103|104|105|106|107|108|127|128|129|130|131|132|153|154|155|156|157|178|179|180|181|182|204|205|206|207,,,
330030,9,330902,,s==19|Mở khóa - Khu vực 2,,,,,,,s==213|18|19|20|21|22|23|42|43|44|45|46|47|48|67|68|69|70|71|72|73|74|91|92|93|94|95|96|97|98|99|118|119|120|121|122|123|124|125|143|144|145|146|147|148|149|169|170|171|172|173|174|193|194|195|196|197|198|219|220|221|222,,,
330031,9,330903,,s==19|Mở khóa - Khu vực 3,,,,,,,s==255|307|327|328|329|330|331|332|352|353|354|355|356|357|358|359|360|376|377|378|379|380|381|382|383|384|401|402|403|404|405|406|407|408|409|426|427|428|429|430|431|432|433|434|452|453|454|455|456|457|458|459|477|478|479|480|481|482|483|503|504|505|506|507|508,,,
330032,9,330904,,s==19|Mở khóa - Khu vực 4,,,,,,,s==259|319|320|343|344|345|346|347|368|369|370|371|372|373|374|392|393|394|395|396|397|398|399|417|418|419|420|421|422|423|424|425|441|442|443|444|445|446|447|448|449|450|467|468|469|470|471|472|473|474|475|492|493|494|495|496|497|498|499|518|519|520|521|522|523|524,,,
330033,13,331305,,s==27|Chuyển đổi thành Cổng Thành,,,,,,,s==11|288|1|40001,,,
330034,19,331901,,s==30|Nhận sự kiện vật phẩm tạm thời,s==12|icon_sxbaihu,,,,,,s==11|2|2600425|1,,,
330035,19,331902,,s==30|Nhận sự kiện vật phẩm tạm thời,s==13|icon_sxxuanwu,,,,,,s==11|2|2600426|1,,,
330036,19,331903,,s==30|Nhận sự kiện vật phẩm tạm thời,s==13|icon_sxzhuque,,,,,,s==11|2|2600427|1,,,
330037,19,331904,,s==30|Nhận sự kiện vật phẩm tạm thời,s==15|icon_sxqinglong,,,,,,s==11|2|2600428|1,,,
330038,21,332101,,s==9|Thành môn,s==9|icon_door,,,,,,s==27|331901|331902|331903|331904,,s==66|Tập hợp đủ tứ tượng ấn ký rải rác bốn phương， có thể mở cửa thành。,
330039,10,331001,,s==20|Đối thoại - Khởi đầu,,33001,,,,,,,,
330040,10,331002,,s==30|Đối thoại - Mở khóa cổng thành,,33006,,,,,,,,
340001,4,340401,,s==26|Quân doanh - Hồn·Triệu Vân,,41,,,,,,,s==111|Mời một vị tướng trợ giúp ngươi hoàn thành chuyến viễn chinh này， chạm giữ vào ảnh tướng để xem thông tin tướng,
340002,5,340501,,s==13|Bảo Tương-120,s==9|icon_box2,34501,,,,,,,,
340003,5,340502,,s==13|Bảo Tương-180,s==9|icon_box2,34502,,,,,,,,
340004,5,340503,,s==13|Bảo Tương-381,s==9|icon_box2,34503,,,,,,,,
340005,5,340504,,s==13|Bảo Tương-445,s==9|icon_box2,34504,,,,,,,,
340006,5,340505,,s==18|Bảo Tương-BOSS-189,s==9|icon_box2,34505,,,,,,,,
340007,5,340506,,s==18|Bảo Tương-BOSS-261,s==9|icon_box2,34506,,,,,,,,
340008,5,340507,,s==18|Rương báu-BOSS-265,s==9|icon_box2,34507,,,,,,,,
340009,7,340701,,s==12|Chiến đấu-28,,23506,531001,,,,,,s==138|Nơi này bị quân địch chiếm đóng， phải đánh bại bọn chúng mới có thể qua được nơi này。 Sau khi chiến thắng có thể thu hoạch chiến lợi phẩm。,
340010,7,340702,,s==12|Chiến đấu-69,,25515,531002,,,,,,s==138|Nơi này bị quân địch chiếm đóng， phải đánh bại bọn chúng mới có thể qua được nơi này。 Sau khi chiến thắng có thể thu hoạch chiến lợi phẩm。,
340011,7,340703,,s==12|Chiến đấu-81,,25513,531003,,,,,,s==138|Nơi này bị quân địch chiếm đóng， phải đánh bại bọn chúng mới có thể qua được nơi này。 Sau khi chiến thắng có thể thu hoạch chiến lợi phẩm。,
340012,7,340704,,s==12|Chiến đấu-95,,24501,531004,,,,,,s==138|Nơi này bị quân địch chiếm đóng， phải đánh bại bọn chúng mới có thể qua được nơi này。 Sau khi chiến thắng có thể thu hoạch chiến lợi phẩm。,
340013,7,340705,,s==13|Chiến đấu-124,,24503,531005,,,,,,s==138|Nơi này bị quân địch chiếm đóng， phải đánh bại bọn chúng mới có thể qua được nơi này。 Sau khi chiến thắng có thể thu hoạch chiến lợi phẩm。,
340014,7,340706,,s==19|Chiến đấu-133-Khu 1,,23508,531006,,,,,,s==138|Nơi này bị quân địch chiếm đóng， phải đánh bại bọn chúng mới có thể qua được nơi này。 Sau khi chiến thắng có thể thu hoạch chiến lợi phẩm。,
340015,7,340707,,s==19|Chiến đấu-142-Khu 2,,23510,531007,,,,,,s==138|Nơi này bị quân địch chiếm đóng， phải đánh bại bọn chúng mới có thể qua được nơi này。 Sau khi chiến thắng có thể thu hoạch chiến lợi phẩm。,
340016,7,340708,,s==15|Chiến đấu - 128,,25503,531008,,,,,,s==138|Nơi này bị quân địch chiếm đóng， phải đánh bại bọn chúng mới có thể qua được nơi này。 Sau khi chiến thắng có thể thu hoạch chiến lợi phẩm。,
340017,7,340709,,s==13|Chiến đấu-179,,23504,531009,,,,,,s==138|Nơi này bị quân địch chiếm đóng， phải đánh bại bọn chúng mới có thể qua được nơi này。 Sau khi chiến thắng có thể thu hoạch chiến lợi phẩm。,
340018,7,340710,,s==13|Chiến đấu-195,,24504,531010,,,,,,s==138|Nơi này bị quân địch chiếm đóng， phải đánh bại bọn chúng mới có thể qua được nơi này。 Sau khi chiến thắng có thể thu hoạch chiến lợi phẩm。,
340019,7,340711,,s==13|Chiến đấu-496,,24506,531011,,,,,,s==138|Nơi này bị quân địch chiếm đóng， phải đánh bại bọn chúng mới có thể qua được nơi này。 Sau khi chiến thắng có thể thu hoạch chiến lợi phẩm。,
340020,7,340712,,s==19|Chiến đấu-333-Khu 3,,24510,531012,,,,,,s==138|Nơi này bị quân địch chiếm đóng， phải đánh bại bọn chúng mới có thể qua được nơi này。 Sau khi chiến thắng có thể thu hoạch chiến lợi phẩm。,
340021,7,340713,,s==19|Chiến đấu-342-Khu 4,,23507,531013,,,,,,s==138|Nơi này bị quân địch chiếm đóng， phải đánh bại bọn chúng mới có thể qua được nơi này。 Sau khi chiến thắng có thể thu hoạch chiến lợi phẩm。,
340022,7,340714,,s==15|Chiến đấu - 371,,23503,531014,,,,,,s==138|Nơi này bị quân địch chiếm đóng， phải đánh bại bọn chúng mới có thể qua được nơi này。 Sau khi chiến thắng có thể thu hoạch chiến lợi phẩm。,
340023,7,340715,,s==13|Chiến đấu-427,,24502,531015,,,,,,s==138|Nơi này bị quân địch chiếm đóng， phải đánh bại bọn chúng mới có thể qua được nơi này。 Sau khi chiến thắng có thể thu hoạch chiến lợi phẩm。,
340024,7,340716,,s==13|Chiến đấu-380,,23506,531016,,,,,,s==138|Nơi này bị quân địch chiếm đóng， phải đánh bại bọn chúng mới có thể qua được nơi này。 Sau khi chiến thắng có thể thu hoạch chiến lợi phẩm。,
340025,7,340717,,s==13|Chiến đấu-469,,25513,531017,,,,,,s==138|Nơi này bị quân địch chiếm đóng， phải đánh bại bọn chúng mới có thể qua được nơi này。 Sau khi chiến thắng có thể thu hoạch chiến lợi phẩm。,
340026,7,340718,,s==13|Chiến đấu-457,,24508,531018,,,,,,s==138|Nơi này bị quân địch chiếm đóng， phải đánh bại bọn chúng mới có thể qua được nơi này。 Sau khi chiến thắng có thể thu hoạch chiến lợi phẩm。,
340027,7,340719,,s==13|Chiến đấu-474,,24503,531019,,,,,,s==138|Nơi này bị quân địch chiếm đóng， phải đánh bại bọn chúng mới có thể qua được nơi này。 Sau khi chiến thắng có thể thu hoạch chiến lợi phẩm。,
340028,7,340720,,s==18|Chiến đấu-263-BOSS,,23511,531021,,,,,,s==138|Nơi này bị quân địch chiếm đóng， phải đánh bại bọn chúng mới có thể qua được nơi này。 Sau khi chiến thắng có thể thu hoạch chiến lợi phẩm。,
340029,9,340901,,s==19|Mở khóa - Khu vực 1,,,,,,,s==191|3|4|5|6|7|8|27|28|29|30|31|32|33|52|53|54|55|56|57|58|59|76|77|78|79|80|81|82|83|84|102|103|104|105|106|107|108|127|128|129|130|131|132|153|154|155|156|157|178|179|180|181|182|204|205|206|207,,,
340030,9,340902,,s==19|Mở khóa - Khu vực 2,,,,,,,s==213|18|19|20|21|22|23|42|43|44|45|46|47|48|67|68|69|70|71|72|73|74|91|92|93|94|95|96|97|98|99|118|119|120|121|122|123|124|125|143|144|145|146|147|148|149|169|170|171|172|173|174|193|194|195|196|197|198|219|220|221|222,,,
340031,9,340903,,s==19|Mở khóa - Khu vực 3,,,,,,,s==255|307|327|328|329|330|331|332|352|353|354|355|356|357|358|359|360|376|377|378|379|380|381|382|383|384|401|402|403|404|405|406|407|408|409|426|427|428|429|430|431|432|433|434|452|453|454|455|456|457|458|459|477|478|479|480|481|482|483|503|504|505|506|507|508,,,
340032,9,340904,,s==19|Mở khóa - Khu vực 4,,,,,,,s==259|319|320|343|344|345|346|347|368|369|370|371|372|373|374|392|393|394|395|396|397|398|399|417|418|419|420|421|422|423|424|425|441|442|443|444|445|446|447|448|449|450|467|468|469|470|471|472|473|474|475|492|493|494|495|496|497|498|499|518|519|520|521|522|523|524,,,
340033,13,341305,,s==27|Chuyển đổi thành Cổng Thành,,,,,,,s==11|288|1|40001,,,
340034,19,341901,,s==30|Nhận sự kiện vật phẩm tạm thời,s==12|icon_sxbaihu,,,,,,s==11|2|2600425|1,,,
340035,19,341902,,s==30|Nhận sự kiện vật phẩm tạm thời,s==13|icon_sxxuanwu,,,,,,s==11|2|2600426|1,,,
340036,19,341903,,s==30|Nhận sự kiện vật phẩm tạm thời,s==13|icon_sxzhuque,,,,,,s==11|2|2600427|1,,,
340037,19,341904,,s==30|Nhận sự kiện vật phẩm tạm thời,s==15|icon_sxqinglong,,,,,,s==11|2|2600428|1,,,
340038,21,342101,,s==9|Thành môn,s==9|icon_door,,,,,,s==27|341901|341902|341903|341904,,s==66|Tập hợp đủ tứ tượng ấn ký rải rác bốn phương， có thể mở cửa thành。,
340039,10,341001,,s==20|Đối thoại - Khởi đầu,,34001,,,,,,,,
340040,10,341002,,s==30|Đối thoại - Mở khóa cổng thành,,34006,,,,,,,,
350001,4,350401,,s==26|Quân doanh - Hồn·Tiểu Kiều,,42,,,,,,,s==111|Mời một vị tướng trợ giúp ngươi hoàn thành chuyến viễn chinh này， chạm giữ vào ảnh tướng để xem thông tin tướng,
350002,5,350501,,s==13|Bảo Tương-120,s==9|icon_box2,35501,,,,,,,,
350003,5,350502,,s==13|Bảo Tương-180,s==9|icon_box2,35502,,,,,,,,
350004,5,350503,,s==13|Bảo Tương-381,s==9|icon_box2,35503,,,,,,,,
350005,5,350504,,s==13|Bảo Tương-445,s==9|icon_box2,35504,,,,,,,,
350006,5,350505,,s==18|Bảo Tương-BOSS-189,s==9|icon_box2,35505,,,,,,,,
350007,5,350506,,s==18|Bảo Tương-BOSS-261,s==9|icon_box2,35506,,,,,,,,
350008,5,350507,,s==18|Rương báu-BOSS-265,s==9|icon_box2,35507,,,,,,,,
350009,7,350701,,s==12|Chiến đấu-28,,23506,531001,,,,,,s==138|Nơi này bị quân địch chiếm đóng， phải đánh bại bọn chúng mới có thể qua được nơi này。 Sau khi chiến thắng có thể thu hoạch chiến lợi phẩm。,
350010,7,350702,,s==12|Chiến đấu-69,,25515,531002,,,,,,s==138|Nơi này bị quân địch chiếm đóng， phải đánh bại bọn chúng mới có thể qua được nơi này。 Sau khi chiến thắng có thể thu hoạch chiến lợi phẩm。,
350011,7,350703,,s==12|Chiến đấu-81,,25513,531003,,,,,,s==138|Nơi này bị quân địch chiếm đóng， phải đánh bại bọn chúng mới có thể qua được nơi này。 Sau khi chiến thắng có thể thu hoạch chiến lợi phẩm。,
350012,7,350704,,s==12|Chiến đấu-95,,24501,531004,,,,,,s==138|Nơi này bị quân địch chiếm đóng， phải đánh bại bọn chúng mới có thể qua được nơi này。 Sau khi chiến thắng có thể thu hoạch chiến lợi phẩm。,
350013,7,350705,,s==13|Chiến đấu-124,,24503,531005,,,,,,s==138|Nơi này bị quân địch chiếm đóng， phải đánh bại bọn chúng mới có thể qua được nơi này。 Sau khi chiến thắng có thể thu hoạch chiến lợi phẩm。,
350014,7,350706,,s==19|Chiến đấu-133-Khu 1,,23508,531006,,,,,,s==138|Nơi này bị quân địch chiếm đóng， phải đánh bại bọn chúng mới có thể qua được nơi này。 Sau khi chiến thắng có thể thu hoạch chiến lợi phẩm。,
350015,7,350707,,s==19|Chiến đấu-142-Khu 2,,23510,531007,,,,,,s==138|Nơi này bị quân địch chiếm đóng， phải đánh bại bọn chúng mới có thể qua được nơi này。 Sau khi chiến thắng có thể thu hoạch chiến lợi phẩm。,
350016,7,350708,,s==15|Chiến đấu - 128,,25503,531008,,,,,,s==138|Nơi này bị quân địch chiếm đóng， phải đánh bại bọn chúng mới có thể qua được nơi này。 Sau khi chiến thắng có thể thu hoạch chiến lợi phẩm。,
350017,7,350709,,s==13|Chiến đấu-179,,23504,531009,,,,,,s==138|Nơi này bị quân địch chiếm đóng， phải đánh bại bọn chúng mới có thể qua được nơi này。 Sau khi chiến thắng có thể thu hoạch chiến lợi phẩm。,
350018,7,350710,,s==13|Chiến đấu-195,,24504,531010,,,,,,s==138|Nơi này bị quân địch chiếm đóng， phải đánh bại bọn chúng mới có thể qua được nơi này。 Sau khi chiến thắng có thể thu hoạch chiến lợi phẩm。,
350019,7,350711,,s==13|Chiến đấu-496,,24506,531011,,,,,,s==138|Nơi này bị quân địch chiếm đóng， phải đánh bại bọn chúng mới có thể qua được nơi này。 Sau khi chiến thắng có thể thu hoạch chiến lợi phẩm。,
350020,7,350712,,s==19|Chiến đấu-333-Khu 3,,24510,531012,,,,,,s==138|Nơi này bị quân địch chiếm đóng， phải đánh bại bọn chúng mới có thể qua được nơi này。 Sau khi chiến thắng có thể thu hoạch chiến lợi phẩm。,
350021,7,350713,,s==19|Chiến đấu-342-Khu 4,,23507,531013,,,,,,s==138|Nơi này bị quân địch chiếm đóng， phải đánh bại bọn chúng mới có thể qua được nơi này。 Sau khi chiến thắng có thể thu hoạch chiến lợi phẩm。,
350022,7,350714,,s==15|Chiến đấu - 371,,23503,531014,,,,,,s==138|Nơi này bị quân địch chiếm đóng， phải đánh bại bọn chúng mới có thể qua được nơi này。 Sau khi chiến thắng có thể thu hoạch chiến lợi phẩm。,
350023,7,350715,,s==13|Chiến đấu-427,,24502,531015,,,,,,s==138|Nơi này bị quân địch chiếm đóng， phải đánh bại bọn chúng mới có thể qua được nơi này。 Sau khi chiến thắng có thể thu hoạch chiến lợi phẩm。,
350024,7,350716,,s==13|Chiến đấu-380,,23506,531016,,,,,,s==138|Nơi này bị quân địch chiếm đóng， phải đánh bại bọn chúng mới có thể qua được nơi này。 Sau khi chiến thắng có thể thu hoạch chiến lợi phẩm。,
350025,7,350717,,s==13|Chiến đấu-469,,25513,531017,,,,,,s==138|Nơi này bị quân địch chiếm đóng， phải đánh bại bọn chúng mới có thể qua được nơi này。 Sau khi chiến thắng có thể thu hoạch chiến lợi phẩm。,
350026,7,350718,,s==13|Chiến đấu-457,,24508,531018,,,,,,s==138|Nơi này bị quân địch chiếm đóng， phải đánh bại bọn chúng mới có thể qua được nơi này。 Sau khi chiến thắng có thể thu hoạch chiến lợi phẩm。,
350027,7,350719,,s==13|Chiến đấu-474,,24503,531019,,,,,,s==138|Nơi này bị quân địch chiếm đóng， phải đánh bại bọn chúng mới có thể qua được nơi này。 Sau khi chiến thắng có thể thu hoạch chiến lợi phẩm。,
350028,7,350720,,s==18|Chiến đấu-263-BOSS,,23511,531021,,,,,,s==138|Nơi này bị quân địch chiếm đóng， phải đánh bại bọn chúng mới có thể qua được nơi này。 Sau khi chiến thắng có thể thu hoạch chiến lợi phẩm。,
350029,9,350901,,s==19|Mở khóa - Khu vực 1,,,,,,,s==191|3|4|5|6|7|8|27|28|29|30|31|32|33|52|53|54|55|56|57|58|59|76|77|78|79|80|81|82|83|84|102|103|104|105|106|107|108|127|128|129|130|131|132|153|154|155|156|157|178|179|180|181|182|204|205|206|207,,,
350030,9,350902,,s==19|Mở khóa - Khu vực 2,,,,,,,s==213|18|19|20|21|22|23|42|43|44|45|46|47|48|67|68|69|70|71|72|73|74|91|92|93|94|95|96|97|98|99|118|119|120|121|122|123|124|125|143|144|145|146|147|148|149|169|170|171|172|173|174|193|194|195|196|197|198|219|220|221|222,,,
350031,9,350903,,s==19|Mở khóa - Khu vực 3,,,,,,,s==255|307|327|328|329|330|331|332|352|353|354|355|356|357|358|359|360|376|377|378|379|380|381|382|383|384|401|402|403|404|405|406|407|408|409|426|427|428|429|430|431|432|433|434|452|453|454|455|456|457|458|459|477|478|479|480|481|482|483|503|504|505|506|507|508,,,
350032,9,350904,,s==19|Mở khóa - Khu vực 4,,,,,,,s==259|319|320|343|344|345|346|347|368|369|370|371|372|373|374|392|393|394|395|396|397|398|399|417|418|419|420|421|422|423|424|425|441|442|443|444|445|446|447|448|449|450|467|468|469|470|471|472|473|474|475|492|493|494|495|496|497|498|499|518|519|520|521|522|523|524,,,
350033,13,351305,,s==27|Chuyển đổi thành Cổng Thành,,,,,,,s==11|288|1|40001,,,
350034,19,351901,,s==30|Nhận sự kiện vật phẩm tạm thời,s==12|icon_sxbaihu,,,,,,s==11|2|2600425|1,,,
350035,19,351902,,s==30|Nhận sự kiện vật phẩm tạm thời,s==13|icon_sxxuanwu,,,,,,s==11|2|2600426|1,,,
350036,19,351903,,s==30|Nhận sự kiện vật phẩm tạm thời,s==13|icon_sxzhuque,,,,,,s==11|2|2600427|1,,,
350037,19,351904,,s==30|Nhận sự kiện vật phẩm tạm thời,s==15|icon_sxqinglong,,,,,,s==11|2|2600428|1,,,
350038,21,352101,,s==9|Thành môn,s==9|icon_door,,,,,,s==27|351901|351902|351903|351904,,s==66|Tập hợp đủ tứ tượng ấn ký rải rác bốn phương， có thể mở cửa thành。,
350039,10,351001,,s==20|Đối thoại - Khởi đầu,,35001,,,,,,,,
350040,10,351002,,s==30|Đối thoại - Mở khóa cổng thành,,35006,,,,,,,,
360001,4,360401,,s==28|Quân Doanh - Hồn·Trương Liêu,,43,,,,,,,s==111|Mời một vị tướng trợ giúp ngươi hoàn thành chuyến viễn chinh này， chạm giữ vào ảnh tướng để xem thông tin tướng,
360002,5,360501,,s==13|Bảo Tương-120,s==9|icon_box2,36501,,,,,,,,
360003,5,360502,,s==13|Bảo Tương-180,s==9|icon_box2,36502,,,,,,,,
360004,5,360503,,s==13|Bảo Tương-381,s==9|icon_box2,36503,,,,,,,,
360005,5,360504,,s==13|Bảo Tương-445,s==9|icon_box2,36504,,,,,,,,
360006,5,360505,,s==18|Bảo Tương-BOSS-189,s==9|icon_box2,36505,,,,,,,,
360007,5,360506,,s==18|Bảo Tương-BOSS-261,s==9|icon_box2,36506,,,,,,,,
360008,5,360507,,s==18|Rương báu-BOSS-265,s==9|icon_box2,36507,,,,,,,,
360009,7,360701,,s==12|Chiến đấu-28,,23506,531001,,,,,,s==138|Nơi này bị quân địch chiếm đóng， phải đánh bại bọn chúng mới có thể qua được nơi này。 Sau khi chiến thắng có thể thu hoạch chiến lợi phẩm。,
360010,7,360702,,s==12|Chiến đấu-69,,25515,531002,,,,,,s==138|Nơi này bị quân địch chiếm đóng， phải đánh bại bọn chúng mới có thể qua được nơi này。 Sau khi chiến thắng có thể thu hoạch chiến lợi phẩm。,
360011,7,360703,,s==12|Chiến đấu-81,,25513,531003,,,,,,s==138|Nơi này bị quân địch chiếm đóng， phải đánh bại bọn chúng mới có thể qua được nơi này。 Sau khi chiến thắng có thể thu hoạch chiến lợi phẩm。,
360012,7,360704,,s==12|Chiến đấu-95,,24501,531004,,,,,,s==138|Nơi này bị quân địch chiếm đóng， phải đánh bại bọn chúng mới có thể qua được nơi này。 Sau khi chiến thắng có thể thu hoạch chiến lợi phẩm。,
360013,7,360705,,s==13|Chiến đấu-124,,24503,531005,,,,,,s==138|Nơi này bị quân địch chiếm đóng， phải đánh bại bọn chúng mới có thể qua được nơi này。 Sau khi chiến thắng có thể thu hoạch chiến lợi phẩm。,
360014,7,360706,,s==19|Chiến đấu-133-Khu 1,,23508,531006,,,,,,s==138|Nơi này bị quân địch chiếm đóng， phải đánh bại bọn chúng mới có thể qua được nơi này。 Sau khi chiến thắng có thể thu hoạch chiến lợi phẩm。,
360015,7,360707,,s==19|Chiến đấu-142-Khu 2,,23510,531007,,,,,,s==138|Nơi này bị quân địch chiếm đóng， phải đánh bại bọn chúng mới có thể qua được nơi này。 Sau khi chiến thắng có thể thu hoạch chiến lợi phẩm。,
360016,7,360708,,s==15|Chiến đấu - 128,,25503,531008,,,,,,s==138|Nơi này bị quân địch chiếm đóng， phải đánh bại bọn chúng mới có thể qua được nơi này。 Sau khi chiến thắng có thể thu hoạch chiến lợi phẩm。,
360017,7,360709,,s==13|Chiến đấu-179,,23504,531009,,,,,,s==138|Nơi này bị quân địch chiếm đóng， phải đánh bại bọn chúng mới có thể qua được nơi này。 Sau khi chiến thắng có thể thu hoạch chiến lợi phẩm。,
360018,7,360710,,s==13|Chiến đấu-195,,24504,531010,,,,,,s==138|Nơi này bị quân địch chiếm đóng， phải đánh bại bọn chúng mới có thể qua được nơi này。 Sau khi chiến thắng có thể thu hoạch chiến lợi phẩm。,
360019,7,360711,,s==13|Chiến đấu-496,,24506,531011,,,,,,s==138|Nơi này bị quân địch chiếm đóng， phải đánh bại bọn chúng mới có thể qua được nơi này。 Sau khi chiến thắng có thể thu hoạch chiến lợi phẩm。,
360020,7,360712,,s==19|Chiến đấu-333-Khu 3,,24510,531012,,,,,,s==138|Nơi này bị quân địch chiếm đóng， phải đánh bại bọn chúng mới có thể qua được nơi này。 Sau khi chiến thắng có thể thu hoạch chiến lợi phẩm。,
360021,7,360713,,s==19|Chiến đấu-342-Khu 4,,23507,531013,,,,,,s==138|Nơi này bị quân địch chiếm đóng， phải đánh bại bọn chúng mới có thể qua được nơi này。 Sau khi chiến thắng có thể thu hoạch chiến lợi phẩm。,
360022,7,360714,,s==15|Chiến đấu - 371,,23503,531014,,,,,,s==138|Nơi này bị quân địch chiếm đóng， phải đánh bại bọn chúng mới có thể qua được nơi này。 Sau khi chiến thắng có thể thu hoạch chiến lợi phẩm。,
360023,7,360715,,s==13|Chiến đấu-427,,24502,531015,,,,,,s==138|Nơi này bị quân địch chiếm đóng， phải đánh bại bọn chúng mới có thể qua được nơi này。 Sau khi chiến thắng có thể thu hoạch chiến lợi phẩm。,
360024,7,360716,,s==13|Chiến đấu-380,,23506,531016,,,,,,s==138|Nơi này bị quân địch chiếm đóng， phải đánh bại bọn chúng mới có thể qua được nơi này。 Sau khi chiến thắng có thể thu hoạch chiến lợi phẩm。,
360025,7,360717,,s==13|Chiến đấu-469,,25513,531017,,,,,,s==138|Nơi này bị quân địch chiếm đóng， phải đánh bại bọn chúng mới có thể qua được nơi này。 Sau khi chiến thắng có thể thu hoạch chiến lợi phẩm。,
360026,7,360718,,s==13|Chiến đấu-457,,24508,531018,,,,,,s==138|Nơi này bị quân địch chiếm đóng， phải đánh bại bọn chúng mới có thể qua được nơi này。 Sau khi chiến thắng có thể thu hoạch chiến lợi phẩm。,
360027,7,360719,,s==13|Chiến đấu-474,,24503,531019,,,,,,s==138|Nơi này bị quân địch chiếm đóng， phải đánh bại bọn chúng mới có thể qua được nơi này。 Sau khi chiến thắng có thể thu hoạch chiến lợi phẩm。,
360028,7,360720,,s==18|Chiến đấu-263-BOSS,,23511,531021,,,,,,s==138|Nơi này bị quân địch chiếm đóng， phải đánh bại bọn chúng mới có thể qua được nơi này。 Sau khi chiến thắng có thể thu hoạch chiến lợi phẩm。,
360029,9,360901,,s==19|Mở khóa - Khu vực 1,,,,,,,s==191|3|4|5|6|7|8|27|28|29|30|31|32|33|52|53|54|55|56|57|58|59|76|77|78|79|80|81|82|83|84|102|103|104|105|106|107|108|127|128|129|130|131|132|153|154|155|156|157|178|179|180|181|182|204|205|206|207,,,
360030,9,360902,,s==19|Mở khóa - Khu vực 2,,,,,,,s==213|18|19|20|21|22|23|42|43|44|45|46|47|48|67|68|69|70|71|72|73|74|91|92|93|94|95|96|97|98|99|118|119|120|121|122|123|124|125|143|144|145|146|147|148|149|169|170|171|172|173|174|193|194|195|196|197|198|219|220|221|222,,,
360031,9,360903,,s==19|Mở khóa - Khu vực 3,,,,,,,s==255|307|327|328|329|330|331|332|352|353|354|355|356|357|358|359|360|376|377|378|379|380|381|382|383|384|401|402|403|404|405|406|407|408|409|426|427|428|429|430|431|432|433|434|452|453|454|455|456|457|458|459|477|478|479|480|481|482|483|503|504|505|506|507|508,,,
360032,9,360904,,s==19|Mở khóa - Khu vực 4,,,,,,,s==259|319|320|343|344|345|346|347|368|369|370|371|372|373|374|392|393|394|395|396|397|398|399|417|418|419|420|421|422|423|424|425|441|442|443|444|445|446|447|448|449|450|467|468|469|470|471|472|473|474|475|492|493|494|495|496|497|498|499|518|519|520|521|522|523|524,,,
360033,13,361305,,s==27|Chuyển đổi thành Cổng Thành,,,,,,,s==11|288|1|40001,,,
360034,19,361901,,s==30|Nhận sự kiện vật phẩm tạm thời,s==12|icon_sxbaihu,,,,,,s==11|2|2600425|1,,,
360035,19,361902,,s==30|Nhận sự kiện vật phẩm tạm thời,s==13|icon_sxxuanwu,,,,,,s==11|2|2600426|1,,,
360036,19,361903,,s==30|Nhận sự kiện vật phẩm tạm thời,s==13|icon_sxzhuque,,,,,,s==11|2|2600427|1,,,
360037,19,361904,,s==30|Nhận sự kiện vật phẩm tạm thời,s==15|icon_sxqinglong,,,,,,s==11|2|2600428|1,,,
360038,21,362101,,s==9|Thành môn,s==9|icon_door,,,,,,s==27|361901|361902|361903|361904,,s==66|Tập hợp đủ tứ tượng ấn ký rải rác bốn phương， có thể mở cửa thành。,
360039,10,361001,,s==20|Đối thoại - Khởi đầu,,36001,,,,,,,,
360040,10,361002,,s==30|Đối thoại - Mở khóa cổng thành,,36006,,,,,,,,
370001,4,370401,,s==23|Quân Doanh - Hồn·Chu Du,,44,,,,,,,s==111|Mời một vị tướng trợ giúp ngươi hoàn thành chuyến viễn chinh này， chạm giữ vào ảnh tướng để xem thông tin tướng,
370002,5,370501,,s==13|Bảo Tương-120,s==9|icon_box2,36501,,,,,,,,
370003,5,370502,,s==13|Bảo Tương-180,s==9|icon_box2,36502,,,,,,,,
370004,5,370503,,s==13|Bảo Tương-381,s==9|icon_box2,36503,,,,,,,,
370005,5,370504,,s==13|Bảo Tương-445,s==9|icon_box2,36504,,,,,,,,
370006,5,370505,,s==18|Bảo Tương-BOSS-189,s==9|icon_box2,36505,,,,,,,,
370007,5,370506,,s==18|Bảo Tương-BOSS-261,s==9|icon_box2,36506,,,,,,,,
370008,5,370507,,s==18|Rương báu-BOSS-265,s==9|icon_box2,36507,,,,,,,,
370009,7,370701,,s==12|Chiến đấu-28,,23506,531001,,,,,,s==138|Nơi này bị quân địch chiếm đóng， phải đánh bại bọn chúng mới có thể qua được nơi này。 Sau khi chiến thắng có thể thu hoạch chiến lợi phẩm。,
370010,7,370702,,s==12|Chiến đấu-69,,25515,531002,,,,,,s==138|Nơi này bị quân địch chiếm đóng， phải đánh bại bọn chúng mới có thể qua được nơi này。 Sau khi chiến thắng có thể thu hoạch chiến lợi phẩm。,
370011,7,370703,,s==12|Chiến đấu-81,,25513,531003,,,,,,s==138|Nơi này bị quân địch chiếm đóng， phải đánh bại bọn chúng mới có thể qua được nơi này。 Sau khi chiến thắng có thể thu hoạch chiến lợi phẩm。,
370012,7,370704,,s==12|Chiến đấu-95,,24501,531004,,,,,,s==138|Nơi này bị quân địch chiếm đóng， phải đánh bại bọn chúng mới có thể qua được nơi này。 Sau khi chiến thắng có thể thu hoạch chiến lợi phẩm。,
370013,7,370705,,s==13|Chiến đấu-124,,24503,531005,,,,,,s==138|Nơi này bị quân địch chiếm đóng， phải đánh bại bọn chúng mới có thể qua được nơi này。 Sau khi chiến thắng có thể thu hoạch chiến lợi phẩm。,
370014,7,370706,,s==19|Chiến đấu-133-Khu 1,,23508,531006,,,,,,s==138|Nơi này bị quân địch chiếm đóng， phải đánh bại bọn chúng mới có thể qua được nơi này。 Sau khi chiến thắng có thể thu hoạch chiến lợi phẩm。,
370015,7,370707,,s==19|Chiến đấu-142-Khu 2,,23510,531007,,,,,,s==138|Nơi này bị quân địch chiếm đóng， phải đánh bại bọn chúng mới có thể qua được nơi này。 Sau khi chiến thắng có thể thu hoạch chiến lợi phẩm。,
370016,7,370708,,s==15|Chiến đấu - 128,,25503,531008,,,,,,s==138|Nơi này bị quân địch chiếm đóng， phải đánh bại bọn chúng mới có thể qua được nơi này。 Sau khi chiến thắng có thể thu hoạch chiến lợi phẩm。,
370017,7,370709,,s==13|Chiến đấu-179,,23504,531009,,,,,,s==138|Nơi này bị quân địch chiếm đóng， phải đánh bại bọn chúng mới có thể qua được nơi này。 Sau khi chiến thắng có thể thu hoạch chiến lợi phẩm。,
370018,7,370710,,s==13|Chiến đấu-195,,24504,531010,,,,,,s==138|Nơi này bị quân địch chiếm đóng， phải đánh bại bọn chúng mới có thể qua được nơi này。 Sau khi chiến thắng có thể thu hoạch chiến lợi phẩm。,
370019,7,370711,,s==13|Chiến đấu-496,,24506,531011,,,,,,s==138|Nơi này bị quân địch chiếm đóng， phải đánh bại bọn chúng mới có thể qua được nơi này。 Sau khi chiến thắng có thể thu hoạch chiến lợi phẩm。,
370020,7,370712,,s==19|Chiến đấu-333-Khu 3,,24510,531012,,,,,,s==138|Nơi này bị quân địch chiếm đóng， phải đánh bại bọn chúng mới có thể qua được nơi này。 Sau khi chiến thắng có thể thu hoạch chiến lợi phẩm。,
370021,7,370713,,s==19|Chiến đấu-342-Khu 4,,23507,531013,,,,,,s==138|Nơi này bị quân địch chiếm đóng， phải đánh bại bọn chúng mới có thể qua được nơi này。 Sau khi chiến thắng có thể thu hoạch chiến lợi phẩm。,
370022,7,370714,,s==15|Chiến đấu - 371,,23503,531014,,,,,,s==138|Nơi này bị quân địch chiếm đóng， phải đánh bại bọn chúng mới có thể qua được nơi này。 Sau khi chiến thắng có thể thu hoạch chiến lợi phẩm。,
370023,7,370715,,s==13|Chiến đấu-427,,24502,531015,,,,,,s==138|Nơi này bị quân địch chiếm đóng， phải đánh bại bọn chúng mới có thể qua được nơi này。 Sau khi chiến thắng có thể thu hoạch chiến lợi phẩm。,
370024,7,370716,,s==13|Chiến đấu-380,,23506,531016,,,,,,s==138|Nơi này bị quân địch chiếm đóng， phải đánh bại bọn chúng mới có thể qua được nơi này。 Sau khi chiến thắng có thể thu hoạch chiến lợi phẩm。,
370025,7,370717,,s==13|Chiến đấu-469,,25513,531017,,,,,,s==138|Nơi này bị quân địch chiếm đóng， phải đánh bại bọn chúng mới có thể qua được nơi này。 Sau khi chiến thắng có thể thu hoạch chiến lợi phẩm。,
370026,7,370718,,s==13|Chiến đấu-457,,24508,531018,,,,,,s==138|Nơi này bị quân địch chiếm đóng， phải đánh bại bọn chúng mới có thể qua được nơi này。 Sau khi chiến thắng có thể thu hoạch chiến lợi phẩm。,
370027,7,370719,,s==13|Chiến đấu-474,,24503,531019,,,,,,s==138|Nơi này bị quân địch chiếm đóng， phải đánh bại bọn chúng mới có thể qua được nơi này。 Sau khi chiến thắng có thể thu hoạch chiến lợi phẩm。,
370028,7,370720,,s==18|Chiến đấu-263-BOSS,,23511,531021,,,,,,s==138|Nơi này bị quân địch chiếm đóng， phải đánh bại bọn chúng mới có thể qua được nơi này。 Sau khi chiến thắng có thể thu hoạch chiến lợi phẩm。,
370029,9,370901,,s==19|Mở khóa - Khu vực 1,,,,,,,s==191|3|4|5|6|7|8|27|28|29|30|31|32|33|52|53|54|55|56|57|58|59|76|77|78|79|80|81|82|83|84|102|103|104|105|106|107|108|127|128|129|130|131|132|153|154|155|156|157|178|179|180|181|182|204|205|206|207,,,
370030,9,370902,,s==19|Mở khóa - Khu vực 2,,,,,,,s==213|18|19|20|21|22|23|42|43|44|45|46|47|48|67|68|69|70|71|72|73|74|91|92|93|94|95|96|97|98|99|118|119|120|121|122|123|124|125|143|144|145|146|147|148|149|169|170|171|172|173|174|193|194|195|196|197|198|219|220|221|222,,,
370031,9,370903,,s==19|Mở khóa - Khu vực 3,,,,,,,s==255|307|327|328|329|330|331|332|352|353|354|355|356|357|358|359|360|376|377|378|379|380|381|382|383|384|401|402|403|404|405|406|407|408|409|426|427|428|429|430|431|432|433|434|452|453|454|455|456|457|458|459|477|478|479|480|481|482|483|503|504|505|506|507|508,,,
370032,9,370904,,s==19|Mở khóa - Khu vực 4,,,,,,,s==259|319|320|343|344|345|346|347|368|369|370|371|372|373|374|392|393|394|395|396|397|398|399|417|418|419|420|421|422|423|424|425|441|442|443|444|445|446|447|448|449|450|467|468|469|470|471|472|473|474|475|492|493|494|495|496|497|498|499|518|519|520|521|522|523|524,,,
370033,13,371305,,s==27|Chuyển đổi thành Cổng Thành,,,,,,,s==11|288|1|40001,,,
370034,19,371901,,s==30|Nhận sự kiện vật phẩm tạm thời,s==12|icon_sxbaihu,,,,,,s==11|2|2600425|1,,,
370035,19,371902,,s==30|Nhận sự kiện vật phẩm tạm thời,s==13|icon_sxxuanwu,,,,,,s==11|2|2600426|1,,,
370036,19,371903,,s==30|Nhận sự kiện vật phẩm tạm thời,s==13|icon_sxzhuque,,,,,,s==11|2|2600427|1,,,
370037,19,371904,,s==30|Nhận sự kiện vật phẩm tạm thời,s==15|icon_sxqinglong,,,,,,s==11|2|2600428|1,,,
370038,21,372101,,s==9|Thành môn,s==9|icon_door,,,,,,s==27|371901|371902|371903|371904,,s==66|Tập hợp đủ tứ tượng ấn ký rải rác bốn phương， có thể mở cửa thành。,
370039,10,371001,,s==20|Đối thoại - Khởi đầu,,37001,,,,,,,,
370040,10,371002,,s==30|Đối thoại - Mở khóa cổng thành,,37006,,,,,,,,