id,type,skinId,name,lv,backoff-type-1,backoff-id-1,backoff-value-1,consumes-type-1,consumes-id-1,consumes-value-1,StrongFun-type-1,StrongFun-way-1,StrongFun-value-1,StrongFun-type-2,StrongFun-way-2,StrongFun-value-2,StrongFun-type-3,StrongFun-way-3,StrongFun-value-3,StrongFun-type-4,StrongFun-way-4,StrongFun-value-4,StrongHpfull,StrongAtkfull,fullScaleArmature,fullScaleArmatureNmae,fullScaleArmatureIdle,fullScaleArmatureIdleName,StrongAllFun-type-1,StrongAllFun-way-1,StrongAllFun-value-1,StrongAllFun-type-2,StrongAllFun-way-2,StrongAllFun-value-2,
1,1,13001,s==19|Luyện Ngục Quỷ Thần,1,2,1026,6,2,1026,10,1,1,100,,,,,,,,,,,,25504001,s==4|show,255040101,s==4|idle,,,,,,,
2,1,13001,s==19|Luyện Ngục Quỷ Thần,2,2,1026,13,2,1026,12,2,1,100,,,,,,,,,,,,25504001,s==4|show,255040101,s==4|idle,,,,,,,
3,1,13001,s==19|Luyện Ngục Quỷ Thần,3,2,1026,21,2,1026,14,3,1,100,,,,,,,,,,,,25504001,s==4|show,255040101,s==4|idle,,,,,,,
4,1,13001,s==19|Luyện Ngục Quỷ Thần,4,2,1026,31,2,1026,16,4,0,3,,,,,,,,,,,,25504001,s==4|show,255040101,s==4|idle,,,,,,,
5,1,13001,s==19|Luyện Ngục Quỷ Thần,5,2,1026,43,2,1026,20,1,1,100,,,,,,,,,,,,25504001,s==4|show,255040101,s==4|idle,,,,,,,
6,1,13001,s==19|Luyện Ngục Quỷ Thần,6,2,1026,55,2,1026,20,2,1,100,,,,,,,,,,,,25504001,s==4|show,255040101,s==4|idle,,,,,,,
7,1,13001,s==19|Luyện Ngục Quỷ Thần,7,2,1026,68,2,1026,22,3,1,200,,,,,,,,,,,,25504001,s==4|show,255040101,s==4|idle,,,,,,,
8,1,13001,s==19|Luyện Ngục Quỷ Thần,8,2,1026,84,2,1026,26,4,0,4,,,,,,,,,,,,25504001,s==4|show,255040101,s==4|idle,,,,,,,
9,1,13001,s==19|Luyện Ngục Quỷ Thần,9,2,1026,100,2,1026,28,1,1,100,,,,,,,,,,,,25504001,s==4|show,255040101,s==4|idle,,,,,,,
10,1,13001,s==19|Luyện Ngục Quỷ Thần,10,2,1026,120,2,1026,32,2,1,100,,,,,,,,,,,,25504011,s==4|show,255040100,s==4|idle,,,,,,,
11,1,13001,s==19|Luyện Ngục Quỷ Thần,11,2,1026,140,2,1026,34,1,1,100,,,,,,,,,,,,25504011,s==4|show,255040100,s==4|idle,,,,,,,
12,1,13001,s==19|Luyện Ngục Quỷ Thần,12,2,1026,163,2,1026,38,2,1,100,,,,,,,,,,,,25504011,s==4|show,255040100,s==4|idle,,,,,,,
13,1,13001,s==19|Luyện Ngục Quỷ Thần,13,2,1026,188,2,1026,42,3,1,100,,,,,,,,,,,,25504011,s==4|show,255040100,s==4|idle,,,,,,,
14,1,13001,s==19|Luyện Ngục Quỷ Thần,14,2,1026,217,2,1026,48,4,0,3,,,,,,,,,,,,25504011,s==4|show,255040100,s==4|idle,,,,,,,
15,1,13001,s==19|Luyện Ngục Quỷ Thần,15,2,1026,249,2,1026,54,1,1,100,,,,,,,,,,,,25504011,s==4|show,255040100,s==4|idle,,,,,,,
16,1,13001,s==19|Luyện Ngục Quỷ Thần,16,2,1026,285,2,1026,60,2,1,100,,,,,,,,,,,,25504011,s==4|show,255040100,s==4|idle,,,,,,,
17,1,13001,s==19|Luyện Ngục Quỷ Thần,17,2,1026,325,2,1026,66,3,1,200,,,,,,,,,,,,25504011,s==4|show,255040100,s==4|idle,,,,,,,
18,1,13001,s==19|Luyện Ngục Quỷ Thần,18,2,1026,372,2,1026,78,4,0,5,,,,,,,,,,,,25504011,s==4|show,255040100,s==4|idle,,,,,,,
19,1,13001,s==19|Luyện Ngục Quỷ Thần,19,2,1026,422,2,1026,84,1,1,100,,,,,,,,,,,,25504011,s==4|show,255040100,s==4|idle,,,,,,,
20,1,13001,s==19|Luyện Ngục Quỷ Thần,20,2,1026,480,2,1026,96,2,1,100,,,,,,,,,,,,25504011,s==4|show,255040100,s==4|idle,,,,,,,
21,2,13002,s==19|Ngân Long Phi Tướng,1,2,1083,50,2,1083,50,1,1,100,2,1,100,3,1,100,4,0,3,25,3,22508001,s==4|show,225080101,s==4|idle,,,,,,,
22,2,13002,s==19|Ngân Long Phi Tướng,2,2,1083,100,2,1083,50,1,1,100,2,1,100,3,1,100,4,0,3,25,3,22508001,s==4|show,225080101,s==4|idle,,,,,,,
23,2,13002,s==19|Ngân Long Phi Tướng,3,2,1083,150,2,1083,50,1,1,100,2,1,100,3,1,100,4,0,3,25,3,22508001,s==4|show,225080101,s==4|idle,,,,,,,
24,2,13002,s==19|Ngân Long Phi Tướng,4,2,1083,200,2,1083,50,1,1,100,2,1,100,3,1,100,4,0,3,25,3,22508001,s==4|show,225080101,s==4|idle,,,,,,,
25,2,13002,s==19|Ngân Long Phi Tướng,5,2,1083,250,2,1083,50,1,1,100,2,1,100,3,1,100,4,0,3,25,3,22508001,s==8|show_max,225080101,s==8|idle_max,,,,,,,
26,2,13003,s==21|Thiên Công Tướng Quân,1,2,1083,50,2,1083,50,1,1,100,2,1,100,3,1,100,4,0,3,101,11,24504001,s==4|show,245040101,s==4|idle,,,,,,,
27,2,13003,s==21|Thiên Công Tướng Quân,2,2,1083,100,2,1083,50,1,1,100,2,1,100,3,1,100,4,0,3,101,11,24504001,s==4|show,245040101,s==4|idle,,,,,,,
28,2,13003,s==21|Thiên Công Tướng Quân,3,2,1083,150,2,1083,50,1,1,100,2,1,100,3,1,100,4,0,3,101,11,24504001,s==4|show,245040101,s==4|idle,,,,,,,
29,2,13003,s==21|Thiên Công Tướng Quân,4,2,1083,200,2,1083,50,1,1,100,2,1,100,3,1,100,4,0,3,101,11,24504001,s==4|show,245040101,s==4|idle,,,,,,,
30,2,13003,s==21|Thiên Công Tướng Quân,5,2,1083,250,2,1083,50,1,1,100,2,1,100,3,1,100,4,0,3,101,11,24504001,s==8|show_max,245040101,s==8|idle_max,,,,,,,
31,2,13004,s==16|Ôn Tửu Trảm Địch,1,2,1083,50,2,1083,50,1,1,100,2,1,100,3,1,100,4,0,3,25,3,22504001,s==4|show,225040101,s==4|idle,,,,,,,
32,2,13004,s==16|Ôn Tửu Trảm Địch,2,2,1083,100,2,1083,50,1,1,100,2,1,100,3,1,100,4,0,3,25,3,22504001,s==4|show,225040101,s==4|idle,,,,,,,
33,2,13004,s==16|Ôn Tửu Trảm Địch,3,2,1083,150,2,1083,50,1,1,100,2,1,100,3,1,100,4,0,3,25,3,22504001,s==4|show,225040101,s==4|idle,,,,,,,
34,2,13004,s==16|Ôn Tửu Trảm Địch,4,2,1083,200,2,1083,50,1,1,100,2,1,100,3,1,100,4,0,3,25,3,22504001,s==4|show,225040101,s==4|idle,,,,,,,
35,2,13004,s==16|Ôn Tửu Trảm Địch,5,2,1083,250,2,1083,50,1,1,100,2,1,100,3,1,100,4,0,3,25,3,22504001,s==8|show_max,225040101,s==8|idle_max,,,,,,,
36,2,13005,s==20|Hồng Liên Nghiệp Hỏa,1,2,1083,50,2,1083,50,1,1,100,2,1,100,3,1,100,4,0,3,25,3,23510001,s==4|show,235100101,s==4|idle,,,,,,,
37,2,13005,s==20|Hồng Liên Nghiệp Hỏa,2,2,1083,100,2,1083,50,1,1,100,2,1,100,3,1,100,4,0,3,25,3,23510001,s==4|show,235100101,s==4|idle,,,,,,,
38,2,13005,s==20|Hồng Liên Nghiệp Hỏa,3,2,1083,150,2,1083,50,1,1,100,2,1,100,3,1,100,4,0,3,25,3,23510001,s==4|show,235100101,s==4|idle,,,,,,,
39,2,13005,s==20|Hồng Liên Nghiệp Hỏa,4,2,1083,200,2,1083,50,1,1,100,2,1,100,3,1,100,4,0,3,25,3,23510001,s==4|show,235100101,s==4|idle,,,,,,,
40,2,13005,s==20|Hồng Liên Nghiệp Hỏa,5,2,1083,250,2,1083,50,1,1,100,2,1,100,3,1,100,4,0,3,25,3,23510001,s==8|show_max,235100101,s==8|idle_max,,,,,,,
41,2,13006,s==18|Kỳ Tinh Hoán Phong,1,2,1083,50,2,1083,50,1,1,100,2,1,100,3,1,100,4,0,3,101,11,24508001,s==4|show,245080101,s==4|idle,,,,,,,
42,2,13006,s==18|Kỳ Tinh Hoán Phong,2,2,1083,100,2,1083,50,1,1,100,2,1,100,3,1,100,4,0,3,101,11,24508001,s==4|show,245080101,s==4|idle,,,,,,,
43,2,13006,s==18|Kỳ Tinh Hoán Phong,3,2,1083,150,2,1083,50,1,1,100,2,1,100,3,1,100,4,0,3,101,11,24508001,s==4|show,245080101,s==4|idle,,,,,,,
44,2,13006,s==18|Kỳ Tinh Hoán Phong,4,2,1083,200,2,1083,50,1,1,100,2,1,100,3,1,100,4,0,3,101,11,24508001,s==4|show,245080101,s==4|idle,,,,,,,
45,2,13006,s==18|Kỳ Tinh Hoán Phong,5,2,1083,250,2,1083,50,1,1,100,2,1,100,3,1,100,4,0,3,101,11,24508001,s==8|show_max,245080101,s==8|idle_max,,,,,,,
46,2,13007,s==16|Lạc Thủy Tiên Tử,1,2,1083,50,2,1083,50,1,1,100,2,1,100,3,1,100,4,0,3,25,3,21503001,s==4|show,215030101,s==4|idle,,,,,,,
47,2,13007,s==16|Lạc Thủy Tiên Tử,2,2,1083,100,2,1083,50,1,1,100,2,1,100,3,1,100,4,0,3,25,3,21503001,s==4|show,215030101,s==4|idle,,,,,,,
48,2,13007,s==16|Lạc Thủy Tiên Tử,3,2,1083,150,2,1083,50,1,1,100,2,1,100,3,1,100,4,0,3,25,3,21503001,s==4|show,215030101,s==4|idle,,,,,,,
49,2,13007,s==16|Lạc Thủy Tiên Tử,4,2,1083,200,2,1083,50,1,1,100,2,1,100,3,1,100,4,0,3,25,3,21503001,s==4|show,215030101,s==4|idle,,,,,,,
50,2,13007,s==16|Lạc Thủy Tiên Tử,5,2,1083,250,2,1083,50,1,1,100,2,1,100,3,1,100,4,0,3,25,3,21503001,s==8|show_max,215030101,s==8|idle_max,,,,,,,
51,2,13008,s==14|Hạ Bội Ân Hồng,1,2,1083,50,2,1083,50,1,1,100,2,1,100,3,1,100,4,0,3,25,3,23508001,s==4|show,235080101,s==4|idle,,,,,,,
52,2,13008,s==14|Hạ Bội Ân Hồng,2,2,1083,100,2,1083,50,1,1,100,2,1,100,3,1,100,4,0,3,25,3,23508001,s==4|show,235080101,s==4|idle,,,,,,,
53,2,13008,s==14|Hạ Bội Ân Hồng,3,2,1083,150,2,1083,50,1,1,100,2,1,100,3,1,100,4,0,3,25,3,23508001,s==4|show,235080101,s==4|idle,,,,,,,
54,2,13008,s==14|Hạ Bội Ân Hồng,4,2,1083,200,2,1083,50,1,1,100,2,1,100,3,1,100,4,0,3,25,3,23508001,s==4|show,235080101,s==4|idle,,,,,,,
55,2,13008,s==14|Hạ Bội Ân Hồng,5,2,1083,250,2,1083,50,1,1,100,2,1,100,3,1,100,4,0,3,25,3,23508001,s==8|show_max,235080101,s==8|idle_max,,,,,,,
56,2,13009,s==17|Tình Độc Nhập Tủy,1,2,1083,50,2,1083,50,1,1,100,2,1,100,3,1,100,4,0,3,101,11,25509001,s==4|show,255090101,s==4|idle,,,,,,,
57,2,13009,s==17|Tình Độc Nhập Tủy,2,2,1083,100,2,1083,50,1,1,100,2,1,100,3,1,100,4,0,3,101,11,25509001,s==4|show,255090101,s==4|idle,,,,,,,
58,2,13009,s==17|Tình Độc Nhập Tủy,3,2,1083,150,2,1083,50,1,1,100,2,1,100,3,1,100,4,0,3,101,11,25509001,s==4|show,255090101,s==4|idle,,,,,,,
59,2,13009,s==17|Tình Độc Nhập Tủy,4,2,1083,200,2,1083,50,1,1,100,2,1,100,3,1,100,4,0,3,101,11,25509001,s==4|show,255090101,s==4|idle,,,,,,,
60,2,13009,s==17|Tình Độc Nhập Tủy,5,2,1083,250,2,1083,50,1,1,100,2,1,100,3,1,100,4,0,3,101,11,25509001,s==8|show_max,255090101,s==8|idle_max,,,,,,,
61,2,13010,s==15|Hoàng Kim Lữ Bố,1,2,1083,50,2,1083,50,1,1,100,2,1,100,3,1,100,4,0,3,101,11,25504002,s==4|show,255040201,s==4|idle,,,,,,,
62,2,13010,s==15|Hoàng Kim Lữ Bố,2,2,1083,100,2,1083,50,1,1,100,2,1,100,3,1,100,4,0,3,101,11,25504002,s==4|show,255040201,s==4|idle,,,,,,,
63,2,13010,s==15|Hoàng Kim Lữ Bố,3,2,1083,150,2,1083,50,1,1,100,2,1,100,3,1,100,4,0,3,101,11,25504002,s==4|show,255040201,s==4|idle,,,,,,,
64,2,13010,s==15|Hoàng Kim Lữ Bố,4,2,1083,200,2,1083,50,1,1,100,2,1,100,3,1,100,4,0,3,101,11,25504002,s==4|show,255040201,s==4|idle,,,,,,,
65,2,13010,s==15|Hoàng Kim Lữ Bố,5,2,1083,250,2,1083,50,1,1,100,2,1,100,3,1,100,4,0,3,101,11,25504002,s==8|show_max,255040200,s==4|idle,,,,,,,
66,2,13011,s==11|Thái Văn Cơ,1,2,1083,50,2,1083,50,1,1,100,2,1,100,3,1,100,4,0,3,101,11,24510001,s==4|show,245100101,s==4|idle,,,,,,,
67,2,13011,s==11|Thái Văn Cơ,2,2,1083,100,2,1083,50,1,1,100,2,1,100,3,1,100,4,0,3,101,11,24510001,s==4|show,245100101,s==4|idle,,,,,,,
68,2,13011,s==11|Thái Văn Cơ,3,2,1083,150,2,1083,50,1,1,100,2,1,100,3,1,100,4,0,3,101,11,24510001,s==4|show,245100101,s==4|idle,,,,,,,
69,2,13011,s==11|Thái Văn Cơ,4,2,1083,200,2,1083,50,1,1,100,2,1,100,3,1,100,4,0,3,101,11,24510001,s==4|show,245100101,s==4|idle,,,,,,,
70,2,13011,s==11|Thái Văn Cơ,5,2,1083,250,2,1083,50,1,1,100,2,1,100,3,1,100,4,0,3,101,11,24510001,s==8|show_max,245100101,s==8|idle_max,,,,,,,
71,2,13012,s==7|Hứa Chử,1,2,1083,50,2,1083,50,1,1,100,2,1,100,3,1,100,4,0,3,25,3,21510001,s==4|show,215100101,s==4|idle,,,,,,,
72,2,13012,s==7|Hứa Chử,2,2,1083,100,2,1083,50,1,1,100,2,1,100,3,1,100,4,0,3,25,3,21510001,s==4|show,215100101,s==4|idle,,,,,,,
73,2,13012,s==7|Hứa Chử,3,2,1083,150,2,1083,50,1,1,100,2,1,100,3,1,100,4,0,3,25,3,21510001,s==4|show,215100101,s==4|idle,,,,,,,
74,2,13012,s==7|Hứa Chử,4,2,1083,200,2,1083,50,1,1,100,2,1,100,3,1,100,4,0,3,25,3,21510001,s==4|show,215100101,s==4|idle,,,,,,,
75,2,13012,s==7|Hứa Chử,5,2,1083,250,2,1083,50,1,1,100,2,1,100,3,1,100,4,0,3,25,3,21510001,s==8|show_max,215100101,s==8|idle_max,,,,,,,
86,2,13013,s==15|Dục Huyết Đồ Sư,1,2,1083,50,2,1083,50,1,1,100,2,1,100,3,1,100,4,0,3,25,3,22502001,s==4|show,225020101,s==4|idle,,,,,,,
87,2,13013,s==15|Dục Huyết Đồ Sư,2,2,1083,100,2,1083,50,1,1,100,2,1,100,3,1,100,4,0,3,25,3,22502001,s==4|show,225020101,s==4|idle,,,,,,,
88,2,13013,s==15|Dục Huyết Đồ Sư,3,2,1083,150,2,1083,50,1,1,100,2,1,100,3,1,100,4,0,3,25,3,22502001,s==4|show,225020101,s==4|idle,,,,,,,
89,2,13013,s==15|Dục Huyết Đồ Sư,4,2,1083,200,2,1083,50,1,1,100,2,1,100,3,1,100,4,0,3,25,3,22502001,s==4|show,225020101,s==4|idle,,,,,,,
90,2,13013,s==15|Dục Huyết Đồ Sư,5,2,1083,250,2,1083,50,1,1,100,2,1,100,3,1,100,4,0,3,25,3,22502001,s==8|show_max,225020101,s==8|idle_max,,,,,,,
91,2,13014,s==14|Thú Vệ Bắc Hải,1,2,1083,50,2,1083,50,1,1,100,2,1,100,3,1,100,4,0,3,25,3,23506001,s==4|show,235060101,s==4|idle,,,,,,,
92,2,13014,s==14|Thú Vệ Bắc Hải,2,2,1083,100,2,1083,50,1,1,100,2,1,100,3,1,100,4,0,3,25,3,23506001,s==4|show,235060101,s==4|idle,,,,,,,
93,2,13014,s==14|Thú Vệ Bắc Hải,3,2,1083,150,2,1083,50,1,1,100,2,1,100,3,1,100,4,0,3,25,3,23506001,s==4|show,235060101,s==4|idle,,,,,,,
94,2,13014,s==14|Thú Vệ Bắc Hải,4,2,1083,200,2,1083,50,1,1,100,2,1,100,3,1,100,4,0,3,25,3,23506001,s==4|show,235060101,s==4|idle,,,,,,,
95,2,13014,s==14|Thú Vệ Bắc Hải,5,2,1083,250,2,1083,50,1,1,100,2,1,100,3,1,100,4,0,3,25,3,23506001,s==8|show_max,235060101,s==8|idle_max,,,,,,,
96,2,13015,s==21|Mặc Nhiễm Nguyệt Nhan,1,2,1083,50,2,1083,50,1,1,100,2,1,100,3,1,100,4,0,3,101,11,25507001,s==4|show,255070101,s==4|idle,,,,,,,
97,2,13015,s==21|Mặc Nhiễm Nguyệt Nhan,2,2,1083,100,2,1083,50,1,1,100,2,1,100,3,1,100,4,0,3,101,11,25507001,s==4|show,255070101,s==4|idle,,,,,,,
98,2,13015,s==21|Mặc Nhiễm Nguyệt Nhan,3,2,1083,150,2,1083,50,1,1,100,2,1,100,3,1,100,4,0,3,101,11,25507001,s==4|show,255070101,s==4|idle,,,,,,,
99,2,13015,s==21|Mặc Nhiễm Nguyệt Nhan,4,2,1083,200,2,1083,50,1,1,100,2,1,100,3,1,100,4,0,3,101,11,25507001,s==4|show,255070101,s==4|idle,,,,,,,
100,2,13015,s==21|Mặc Nhiễm Nguyệt Nhan,5,2,1083,250,2,1083,50,1,1,100,2,1,100,3,1,100,4,0,3,101,11,25507001,s==8|show_max,255070101,s==8|idle_max,,,,,,,
101,2,13016,s==16|Uy Chấn Tiêu Dao,1,2,1083,50,2,1083,50,1,1,100,2,1,100,3,1,100,4,0,3,25,3,21508002,s==4|show,215080201,s==4|idle,,,,,,,
102,2,13016,s==16|Uy Chấn Tiêu Dao,2,2,1083,100,2,1083,50,1,1,100,2,1,100,3,1,100,4,0,3,25,3,21508002,s==4|show,215080201,s==4|idle,,,,,,,
103,2,13016,s==16|Uy Chấn Tiêu Dao,3,2,1083,150,2,1083,50,1,1,100,2,1,100,3,1,100,4,0,3,25,3,21508002,s==4|show,215080201,s==4|idle,,,,,,,
104,2,13016,s==16|Uy Chấn Tiêu Dao,4,2,1083,200,2,1083,50,1,1,100,2,1,100,3,1,100,4,0,3,25,3,21508002,s==4|show,215080201,s==4|idle,,,,,,,
105,2,13016,s==16|Uy Chấn Tiêu Dao,5,2,1083,250,2,1083,50,1,1,100,2,1,100,3,1,100,4,0,3,25,3,21508002,s==8|show_max,215080201,s==8|idle_max,,,,,,,
106,2,13017,s==13|Sư Tâm Vũ Cực,1,2,1083,50,2,1083,50,1,1,100,2,1,100,3,1,100,4,0,3,101,11,24505001,s==4|show,245050101,s==4|idle,,,,,,,
107,2,13017,s==13|Sư Tâm Vũ Cực,2,2,1083,100,2,1083,50,1,1,100,2,1,100,3,1,100,4,0,3,101,11,24505001,s==4|show,245050101,s==4|idle,,,,,,,
108,2,13017,s==13|Sư Tâm Vũ Cực,3,2,1083,150,2,1083,50,1,1,100,2,1,100,3,1,100,4,0,3,101,11,24505001,s==4|show,245050101,s==4|idle,,,,,,,
109,2,13017,s==13|Sư Tâm Vũ Cực,4,2,1083,200,2,1083,50,1,1,100,2,1,100,3,1,100,4,0,3,101,11,24505001,s==4|show,245050101,s==4|idle,,,,,,,
110,2,13017,s==13|Sư Tâm Vũ Cực,5,2,1083,250,2,1083,50,1,1,100,2,1,100,3,1,100,4,0,3,101,11,24505001,s==8|show_max,245050101,s==8|idle_max,,,,,,,
111,2,13018,s==16|Lăng Nha Cầm Vận,1,2,1083,50,2,1083,50,1,1,100,2,1,100,3,1,100,4,0,3,25,3,22507001,s==4|show,225070101,s==4|idle,,,,,,,
112,2,13018,s==16|Lăng Nha Cầm Vận,2,2,1083,100,2,1083,50,1,1,100,2,1,100,3,1,100,4,0,3,25,3,22507001,s==4|show,225070101,s==4|idle,,,,,,,
113,2,13018,s==16|Lăng Nha Cầm Vận,3,2,1083,150,2,1083,50,1,1,100,2,1,100,3,1,100,4,0,3,25,3,22507001,s==4|show,225070101,s==4|idle,,,,,,,
114,2,13018,s==16|Lăng Nha Cầm Vận,4,2,1083,200,2,1083,50,1,1,100,2,1,100,3,1,100,4,0,3,25,3,22507001,s==4|show,225070101,s==4|idle,,,,,,,
115,2,13018,s==16|Lăng Nha Cầm Vận,5,2,1083,250,2,1083,50,1,1,100,2,1,100,3,1,100,4,0,3,25,3,22507001,s==8|show_max,225070112,s==8|idle_max,,,,,,,
116,1,13019,s==17|Kiếp Tận Tàn Minh,1,2,1026,6,2,1026,10,1,1,100,,,,,,,,,,,,23510011,s==4|show,235100201,s==4|idle,,,,,,,
117,1,13019,s==17|Kiếp Tận Tàn Minh,2,2,1026,13,2,1026,12,2,1,100,,,,,,,,,,,,23510011,s==4|show,235100201,s==4|idle,,,,,,,
118,1,13019,s==17|Kiếp Tận Tàn Minh,3,2,1026,21,2,1026,14,3,1,100,,,,,,,,,,,,23510011,s==4|show,235100201,s==4|idle,,,,,,,
119,1,13019,s==17|Kiếp Tận Tàn Minh,4,2,1026,31,2,1026,16,4,0,3,,,,,,,,,,,,23510011,s==4|show,235100201,s==4|idle,,,,,,,
120,1,13019,s==17|Kiếp Tận Tàn Minh,5,2,1026,43,2,1026,20,1,1,100,,,,,,,,,,,,23510011,s==4|show,235100201,s==4|idle,,,,,,,
121,1,13019,s==17|Kiếp Tận Tàn Minh,6,2,1026,55,2,1026,20,2,1,100,,,,,,,,,,,,23510011,s==4|show,235100201,s==4|idle,,,,,,,
122,1,13019,s==17|Kiếp Tận Tàn Minh,7,2,1026,68,2,1026,22,3,1,200,,,,,,,,,,,,23510011,s==4|show,235100201,s==4|idle,,,,,,,
123,1,13019,s==17|Kiếp Tận Tàn Minh,8,2,1026,84,2,1026,26,4,0,4,,,,,,,,,,,,23510011,s==4|show,235100201,s==4|idle,,,,,,,
124,1,13019,s==17|Kiếp Tận Tàn Minh,9,2,1026,100,2,1026,28,1,1,100,,,,,,,,,,,,23510011,s==4|show,235100201,s==4|idle,,,,,,,
125,1,13019,s==17|Kiếp Tận Tàn Minh,10,2,1026,120,2,1026,32,2,1,100,,,,,,,,,,,,23510011,s==4|show,235100201,s==4|idle,,,,,,,
126,1,13019,s==17|Kiếp Tận Tàn Minh,11,2,1026,140,2,1026,34,1,1,100,,,,,,,,,,,,23510011,s==4|show,235100201,s==4|idle,,,,,,,
127,1,13019,s==17|Kiếp Tận Tàn Minh,12,2,1026,163,2,1026,38,2,1,100,,,,,,,,,,,,23510011,s==4|show,235100201,s==4|idle,,,,,,,
128,1,13019,s==17|Kiếp Tận Tàn Minh,13,2,1026,188,2,1026,42,3,1,100,,,,,,,,,,,,23510011,s==4|show,235100201,s==4|idle,,,,,,,
129,1,13019,s==17|Kiếp Tận Tàn Minh,14,2,1026,217,2,1026,48,4,0,3,,,,,,,,,,,,23510011,s==4|show,235100201,s==4|idle,,,,,,,
130,1,13019,s==17|Kiếp Tận Tàn Minh,15,2,1026,249,2,1026,54,1,1,100,,,,,,,,,,,,23510011,s==4|show,235100201,s==4|idle,,,,,,,
131,1,13019,s==17|Kiếp Tận Tàn Minh,16,2,1026,285,2,1026,60,2,1,100,,,,,,,,,,,,23510011,s==4|show,235100201,s==4|idle,,,,,,,
132,1,13019,s==17|Kiếp Tận Tàn Minh,17,2,1026,325,2,1026,66,3,1,200,,,,,,,,,,,,23510011,s==4|show,235100201,s==4|idle,,,,,,,
133,1,13019,s==17|Kiếp Tận Tàn Minh,18,2,1026,372,2,1026,78,4,0,5,,,,,,,,,,,,23510011,s==4|show,235100201,s==4|idle,,,,,,,
134,1,13019,s==17|Kiếp Tận Tàn Minh,19,2,1026,422,2,1026,84,1,1,100,,,,,,,,,,,,23510011,s==4|show,235100201,s==4|idle,,,,,,,
135,1,13019,s==17|Kiếp Tận Tàn Minh,20,2,1026,480,2,1026,96,2,1,100,,,,,,,,,,,,23510011,s==8|show_max,235100201,s==8|idle_max,,,,,,,
136,3,14002,s==23|Quân Chủ Trang Phục Nam,1,2,1083,250,2,1083,250,1,1,100,2,1,100,3,1,100,4,0,3,,,,,,,,,,,,,
137,3,14002,s==23|Quân Chủ Trang Phục Nam,2,2,1083,500,2,1083,250,1,1,100,2,1,100,3,1,100,4,0,3,,,,,,,,,,,,,
138,3,14002,s==23|Quân Chủ Trang Phục Nam,3,2,1083,750,2,1083,250,1,1,100,2,1,100,3,1,100,4,0,3,,,,,,,,,,,,,
139,3,14002,s==23|Quân Chủ Trang Phục Nam,4,2,1083,1000,2,1083,250,1,1,100,2,1,100,3,1,100,4,0,3,,,,,,,,,,,,,
140,3,14002,s==23|Quân Chủ Trang Phục Nam,5,2,1083,1250,2,1083,250,1,1,100,2,1,100,3,1,100,4,0,3,,,,,,,,,,,,,
141,3,15002,s==22|Quân Chủ Trang Phục Nữ,1,2,1083,250,2,1083,250,1,1,100,2,1,100,3,1,100,4,0,3,,,,,,,,,,,,,
142,3,15002,s==22|Quân Chủ Trang Phục Nữ,2,2,1083,500,2,1083,250,1,1,100,2,1,100,3,1,100,4,0,3,,,,,,,,,,,,,
143,3,15002,s==22|Quân Chủ Trang Phục Nữ,3,2,1083,750,2,1083,250,1,1,100,2,1,100,3,1,100,4,0,3,,,,,,,,,,,,,
144,3,15002,s==22|Quân Chủ Trang Phục Nữ,4,2,1083,1000,2,1083,250,1,1,100,2,1,100,3,1,100,4,0,3,,,,,,,,,,,,,
145,3,15002,s==22|Quân Chủ Trang Phục Nữ,5,2,1083,1250,2,1083,250,1,1,100,2,1,100,3,1,100,4,0,3,,,,,,,,,,,,,
146,1,13021,s==18|Ngọa Long Xuất Thế,1,2,1026,6,2,1026,10,1,1,100,,,,,,,,,,,,22507002,s==4|show,225070201,s==4|idle,,,,,,,
147,1,13021,s==18|Ngọa Long Xuất Thế,2,2,1026,13,2,1026,12,2,1,100,,,,,,,,,,,,22507002,s==4|show,225070201,s==4|idle,,,,,,,
148,1,13021,s==18|Ngọa Long Xuất Thế,3,2,1026,21,2,1026,14,3,1,100,,,,,,,,,,,,22507002,s==4|show,225070201,s==4|idle,,,,,,,
149,1,13021,s==18|Ngọa Long Xuất Thế,4,2,1026,31,2,1026,16,4,0,3,,,,,,,,,,,,22507002,s==4|show,225070201,s==4|idle,,,,,,,
150,1,13021,s==18|Ngọa Long Xuất Thế,5,2,1026,43,2,1026,20,1,1,100,,,,,,,,,,,,22507002,s==4|show,225070201,s==4|idle,,,,,,,
151,1,13021,s==18|Ngọa Long Xuất Thế,6,2,1026,55,2,1026,20,2,1,100,,,,,,,,,,,,22507002,s==4|show,225070201,s==4|idle,,,,,,,
152,1,13021,s==18|Ngọa Long Xuất Thế,7,2,1026,68,2,1026,22,3,1,200,,,,,,,,,,,,22507002,s==4|show,225070201,s==4|idle,,,,,,,
153,1,13021,s==18|Ngọa Long Xuất Thế,8,2,1026,84,2,1026,26,4,0,4,,,,,,,,,,,,22507002,s==4|show,225070201,s==4|idle,,,,,,,
154,1,13021,s==18|Ngọa Long Xuất Thế,9,2,1026,100,2,1026,28,1,1,100,,,,,,,,,,,,22507002,s==4|show,225070201,s==4|idle,,,,,,,
155,1,13021,s==18|Ngọa Long Xuất Thế,10,2,1026,120,2,1026,32,2,1,100,,,,,,,,,,,,22507002,s==4|show,225070201,s==4|idle,,,,,,,
156,1,13021,s==18|Ngọa Long Xuất Thế,11,2,1026,140,2,1026,34,1,1,100,,,,,,,,,,,,22507002,s==4|show,225070201,s==4|idle,,,,,,,
157,1,13021,s==18|Ngọa Long Xuất Thế,12,2,1026,163,2,1026,38,2,1,100,,,,,,,,,,,,22507002,s==4|show,225070201,s==4|idle,,,,,,,
158,1,13021,s==18|Ngọa Long Xuất Thế,13,2,1026,188,2,1026,42,3,1,100,,,,,,,,,,,,22507002,s==4|show,225070201,s==4|idle,,,,,,,
159,1,13021,s==18|Ngọa Long Xuất Thế,14,2,1026,217,2,1026,48,4,0,3,,,,,,,,,,,,22507002,s==4|show,225070201,s==4|idle,,,,,,,
160,1,13021,s==18|Ngọa Long Xuất Thế,15,2,1026,249,2,1026,54,1,1,100,,,,,,,,,,,,22507002,s==4|show,225070201,s==4|idle,,,,,,,
161,1,13021,s==18|Ngọa Long Xuất Thế,16,2,1026,285,2,1026,60,2,1,100,,,,,,,,,,,,22507002,s==4|show,225070201,s==4|idle,,,,,,,
162,1,13021,s==18|Ngọa Long Xuất Thế,17,2,1026,325,2,1026,66,3,1,200,,,,,,,,,,,,22507002,s==4|show,225070201,s==4|idle,,,,,,,
163,1,13021,s==18|Ngọa Long Xuất Thế,18,2,1026,372,2,1026,78,4,0,5,,,,,,,,,,,,22507002,s==4|show,225070201,s==4|idle,,,,,,,
164,1,13021,s==18|Ngọa Long Xuất Thế,19,2,1026,422,2,1026,84,1,1,100,,,,,,,,,,,,22507002,s==4|show,225070201,s==4|idle,,,,,,,
165,1,13021,s==18|Ngọa Long Xuất Thế,20,2,1026,480,2,1026,96,2,1,100,,,,,,,,,,,,22507002,s==8|show_max,225070201,s==8|idle_max,,,,,,,
166,2,13020,s==22|Nguyệt Thố Phiên Thiên,1,2,1083,50,2,1083,50,1,1,100,2,1,100,3,1,100,4,0,3,25,3,23503001,s==4|show,235030101,s==4|idle,,,,,,,
167,2,13020,s==22|Nguyệt Thố Phiên Thiên,2,2,1083,100,2,1083,50,1,1,100,2,1,100,3,1,100,4,0,3,25,3,23503001,s==4|show,235030101,s==4|idle,,,,,,,
168,2,13020,s==22|Nguyệt Thố Phiên Thiên,3,2,1083,150,2,1083,50,1,1,100,2,1,100,3,1,100,4,0,3,25,3,23503001,s==4|show,235030101,s==4|idle,,,,,,,
169,2,13020,s==22|Nguyệt Thố Phiên Thiên,4,2,1083,200,2,1083,50,1,1,100,2,1,100,3,1,100,4,0,3,25,3,23503001,s==4|show,235030101,s==4|idle,,,,,,,
170,2,13020,s==22|Nguyệt Thố Phiên Thiên,5,2,1083,250,2,1083,50,1,1,100,2,1,100,3,1,100,4,0,3,25,3,23503001,s==8|show_max,235030101,s==8|idle_max,,,,,,,
171,2,13022,s==21|Thiên Nhãn Nghị Trọng,1,2,1083,50,2,1083,50,1,1,100,2,1,100,3,1,100,4,0,3,25,3,21512001,s==4|show,215120011,s==4|idle,,,,,,,
172,2,13022,s==21|Thiên Nhãn Nghị Trọng,2,2,1083,100,2,1083,50,1,1,100,2,1,100,3,1,100,4,0,3,25,3,21512001,s==4|show,215120011,s==4|idle,,,,,,,
173,2,13022,s==21|Thiên Nhãn Nghị Trọng,3,2,1083,150,2,1083,50,1,1,100,2,1,100,3,1,100,4,0,3,25,3,21512001,s==4|show,215120011,s==4|idle,,,,,,,
174,2,13022,s==21|Thiên Nhãn Nghị Trọng,4,2,1083,200,2,1083,50,1,1,100,2,1,100,3,1,100,4,0,3,25,3,21512001,s==4|show,215120011,s==4|idle,,,,,,,
175,2,13022,s==21|Thiên Nhãn Nghị Trọng,5,2,1083,250,2,1083,50,1,1,100,2,1,100,3,1,100,4,0,3,25,3,21512001,s==8|show_max,215120011,s==8|idle_max,,,,,,,
176,2,13023,s==18|Ngự Kiếm Phược Hồn,1,2,1083,50,2,1083,50,1,1,100,2,1,100,3,1,100,4,0,3,101,11,24506001,s==4|show,245060101,s==4|idle,,,,,,,
177,2,13023,s==18|Ngự Kiếm Phược Hồn,2,2,1083,100,2,1083,50,1,1,100,2,1,100,3,1,100,4,0,3,101,11,24506001,s==4|show,245060101,s==4|idle,,,,,,,
178,2,13023,s==18|Ngự Kiếm Phược Hồn,3,2,1083,150,2,1083,50,1,1,100,2,1,100,3,1,100,4,0,3,101,11,24506001,s==4|show,245060101,s==4|idle,,,,,,,
179,2,13023,s==18|Ngự Kiếm Phược Hồn,4,2,1083,200,2,1083,50,1,1,100,2,1,100,3,1,100,4,0,3,101,11,24506001,s==4|show,245060101,s==4|idle,,,,,,,
180,2,13023,s==18|Ngự Kiếm Phược Hồn,5,2,1083,250,2,1083,50,1,1,100,2,1,100,3,1,100,4,0,3,101,11,24506001,s==8|show_max,24506110,s==8|idle_max,,,,,,,
181,2,13024,s==20|Ngạo Thế Thương Long,1,2,1083,50,2,1083,50,1,1,100,2,1,100,3,1,100,4,0,3,101,11,25515001,s==4|show,255150101,s==4|idle,,,,,,,
182,2,13024,s==20|Ngạo Thế Thương Long,2,2,1083,100,2,1083,50,1,1,100,2,1,100,3,1,100,4,0,3,101,11,25515001,s==4|show,255150101,s==4|idle,,,,,,,
183,2,13024,s==20|Ngạo Thế Thương Long,3,2,1083,150,2,1083,50,1,1,100,2,1,100,3,1,100,4,0,3,101,11,25515001,s==4|show,255150101,s==4|idle,,,,,,,
184,2,13024,s==20|Ngạo Thế Thương Long,4,2,1083,200,2,1083,50,1,1,100,2,1,100,3,1,100,4,0,3,101,11,25515001,s==4|show,255150101,s==4|idle,,,,,,,
185,2,13024,s==20|Ngạo Thế Thương Long,5,2,1083,250,2,1083,50,1,1,100,2,1,100,3,1,100,4,0,3,101,11,25515001,s==8|show_max,255150101,s==8|idle_max,,,,,,,
186,2,13025,s==17|Hoang Sâm Cô Lang,1,2,1083,50,2,1083,50,1,1,100,2,1,100,3,1,100,4,0,3,25,3,22501001,s==4|show,225010101,s==4|idle,,,,,,,
187,2,13025,s==17|Hoang Sâm Cô Lang,2,2,1083,100,2,1083,50,1,1,100,2,1,100,3,1,100,4,0,3,25,3,22501001,s==4|show,225010101,s==4|idle,,,,,,,
188,2,13025,s==17|Hoang Sâm Cô Lang,3,2,1083,150,2,1083,50,1,1,100,2,1,100,3,1,100,4,0,3,25,3,22501001,s==4|show,225010101,s==4|idle,,,,,,,
189,2,13025,s==17|Hoang Sâm Cô Lang,4,2,1083,200,2,1083,50,1,1,100,2,1,100,3,1,100,4,0,3,25,3,22501001,s==4|show,225010101,s==4|idle,,,,,,,
190,2,13025,s==17|Hoang Sâm Cô Lang,5,2,1083,250,2,1083,50,1,1,100,2,1,100,3,1,100,4,0,3,25,3,22501001,s==8|show_max,225010101,s==8|idle_max,,,,,,,
191,2,13026,s==18|Bắc Minh Yêm Vương,1,2,1083,50,2,1083,50,1,1,100,2,1,100,3,1,100,4,0,3,101,11,25510001,s==4|show,255100101,s==4|idle,,,,,,,
192,2,13026,s==18|Bắc Minh Yêm Vương,2,2,1083,100,2,1083,50,1,1,100,2,1,100,3,1,100,4,0,3,101,11,25510001,s==4|show,255100101,s==4|idle,,,,,,,
193,2,13026,s==18|Bắc Minh Yêm Vương,3,2,1083,150,2,1083,50,1,1,100,2,1,100,3,1,100,4,0,3,101,11,25510001,s==4|show,255100101,s==4|idle,,,,,,,
194,2,13026,s==18|Bắc Minh Yêm Vương,4,2,1083,200,2,1083,50,1,1,100,2,1,100,3,1,100,4,0,3,101,11,25510001,s==4|show,255100101,s==4|idle,,,,,,,
195,2,13026,s==18|Bắc Minh Yêm Vương,5,2,1083,250,2,1083,50,1,1,100,2,1,100,3,1,100,4,0,3,101,11,25510001,s==8|show_max,255100101,s==8|idle_max,,,,,,,
196,2,13027,s==15|Thiêu Tâm Di Kế,1,2,1083,50,2,1083,50,1,1,100,2,1,100,3,1,100,4,0,3,25,3,21507001,s==4|show,215070101,s==4|idle,,,,,,,
197,2,13027,s==15|Thiêu Tâm Di Kế,2,2,1083,100,2,1083,50,1,1,100,2,1,100,3,1,100,4,0,3,25,3,21507001,s==4|show,215070101,s==4|idle,,,,,,,
198,2,13027,s==15|Thiêu Tâm Di Kế,3,2,1083,150,2,1083,50,1,1,100,2,1,100,3,1,100,4,0,3,25,3,21507001,s==4|show,215070101,s==4|idle,,,,,,,
199,2,13027,s==15|Thiêu Tâm Di Kế,4,2,1083,200,2,1083,50,1,1,100,2,1,100,3,1,100,4,0,3,25,3,21507001,s==4|show,215070101,s==4|idle,,,,,,,
200,2,13027,s==15|Thiêu Tâm Di Kế,5,2,1083,250,2,1083,50,1,1,100,2,1,100,3,1,100,4,0,3,25,3,21507001,s==8|show_max,215070101,s==8|idle_max,,,,,,,
201,2,13028,s==17|Thiên Thủy Kỳ Lân,1,2,1083,50,2,1083,50,1,1,100,2,1,100,3,1,100,4,0,3,101,11,24503001,s==4|show,245030101,s==4|idle,,,,,,,
202,2,13028,s==17|Thiên Thủy Kỳ Lân,2,2,1083,100,2,1083,50,1,1,100,2,1,100,3,1,100,4,0,3,101,11,24503001,s==4|show,245030101,s==4|idle,,,,,,,
203,2,13028,s==17|Thiên Thủy Kỳ Lân,3,2,1083,150,2,1083,50,1,1,100,2,1,100,3,1,100,4,0,3,101,11,24503001,s==4|show,245030101,s==4|idle,,,,,,,
204,2,13028,s==17|Thiên Thủy Kỳ Lân,4,2,1083,200,2,1083,50,1,1,100,2,1,100,3,1,100,4,0,3,101,11,24503001,s==4|show,245030101,s==4|idle,,,,,,,
205,2,13028,s==17|Thiên Thủy Kỳ Lân,5,2,1083,250,2,1083,50,1,1,100,2,1,100,3,1,100,4,0,3,101,11,24503001,s==8|show_max,245030101,s==8|idle_max,,,,,,,
206,1,13029,s==17|Vạn Nhậm Thâm Hàn,1,2,1026,6,2,1026,10,1,1,100,,,,,,,,,,,,21508001,s==4|show,215080101,s==4|idle,,,,,,,
207,1,13029,s==17|Vạn Nhậm Thâm Hàn,2,2,1026,13,2,1026,12,2,1,100,,,,,,,,,,,,21508001,s==4|show,215080101,s==4|idle,,,,,,,
208,1,13029,s==17|Vạn Nhậm Thâm Hàn,3,2,1026,21,2,1026,14,3,1,100,,,,,,,,,,,,21508001,s==4|show,215080101,s==4|idle,,,,,,,
209,1,13029,s==17|Vạn Nhậm Thâm Hàn,4,2,1026,31,2,1026,16,4,0,3,,,,,,,,,,,,21508001,s==4|show,215080101,s==4|idle,,,,,,,
210,1,13029,s==17|Vạn Nhậm Thâm Hàn,5,2,1026,43,2,1026,20,1,1,100,,,,,,,,,,,,21508001,s==4|show,215080101,s==4|idle,,,,,,,
211,1,13029,s==17|Vạn Nhậm Thâm Hàn,6,2,1026,55,2,1026,20,2,1,100,,,,,,,,,,,,21508001,s==4|show,215080101,s==4|idle,,,,,,,
212,1,13029,s==17|Vạn Nhậm Thâm Hàn,7,2,1026,68,2,1026,22,3,1,200,,,,,,,,,,,,21508001,s==4|show,215080101,s==4|idle,,,,,,,
213,1,13029,s==17|Vạn Nhậm Thâm Hàn,8,2,1026,84,2,1026,26,4,0,4,,,,,,,,,,,,21508001,s==4|show,215080101,s==4|idle,,,,,,,
214,1,13029,s==17|Vạn Nhậm Thâm Hàn,9,2,1026,100,2,1026,28,1,1,100,,,,,,,,,,,,21508001,s==4|show,215080101,s==4|idle,,,,,,,
215,1,13029,s==17|Vạn Nhậm Thâm Hàn,10,2,1026,120,2,1026,32,2,1,100,,,,,,,,,,,,21508001,s==4|show,215080101,s==4|idle,,,,,,,
216,1,13029,s==17|Vạn Nhậm Thâm Hàn,11,2,1026,140,2,1026,34,1,1,100,,,,,,,,,,,,21508001,s==4|show,215080101,s==4|idle,,,,,,,
217,1,13029,s==17|Vạn Nhậm Thâm Hàn,12,2,1026,163,2,1026,38,2,1,100,,,,,,,,,,,,21508001,s==4|show,215080101,s==4|idle,,,,,,,
218,1,13029,s==17|Vạn Nhậm Thâm Hàn,13,2,1026,188,2,1026,42,3,1,100,,,,,,,,,,,,21508001,s==4|show,215080101,s==4|idle,,,,,,,
219,1,13029,s==17|Vạn Nhậm Thâm Hàn,14,2,1026,217,2,1026,48,4,0,3,,,,,,,,,,,,21508001,s==4|show,215080101,s==4|idle,,,,,,,
220,1,13029,s==17|Vạn Nhậm Thâm Hàn,15,2,1026,249,2,1026,54,1,1,100,,,,,,,,,,,,21508001,s==4|show,215080101,s==4|idle,,,,,,,
221,1,13029,s==17|Vạn Nhậm Thâm Hàn,16,2,1026,285,2,1026,60,2,1,100,,,,,,,,,,,,21508001,s==4|show,215080101,s==4|idle,,,,,,,
222,1,13029,s==17|Vạn Nhậm Thâm Hàn,17,2,1026,325,2,1026,66,3,1,200,,,,,,,,,,,,21508001,s==4|show,215080101,s==4|idle,,,,,,,
223,1,13029,s==17|Vạn Nhậm Thâm Hàn,18,2,1026,372,2,1026,78,4,0,5,,,,,,,,,,,,21508001,s==4|show,215080101,s==4|idle,,,,,,,
224,1,13029,s==17|Vạn Nhậm Thâm Hàn,19,2,1026,422,2,1026,84,1,1,100,,,,,,,,,,,,21508001,s==4|show,215080101,s==4|idle,,,,,,,
225,1,13029,s==17|Vạn Nhậm Thâm Hàn,20,2,1026,480,2,1026,96,2,1,100,,,,,,,,,,,,21508001,s==8|show_max,215080101,s==8|idle_max,,,,,,,
226,1,13030,s==15|Tuyết Ủng U Lan,1,2,1026,6,2,1026,10,1,1,100,,,,,,,,,,,,23508002,s==4|show,235080201,s==4|idle,,,,,,,
227,1,13030,s==15|Tuyết Ủng U Lan,2,2,1026,13,2,1026,12,2,1,100,,,,,,,,,,,,23508002,s==4|show,235080201,s==4|idle,,,,,,,
228,1,13030,s==15|Tuyết Ủng U Lan,3,2,1026,21,2,1026,14,3,1,100,,,,,,,,,,,,23508002,s==4|show,235080201,s==4|idle,,,,,,,
229,1,13030,s==15|Tuyết Ủng U Lan,4,2,1026,31,2,1026,16,4,0,3,,,,,,,,,,,,23508002,s==4|show,235080201,s==4|idle,,,,,,,
230,1,13030,s==15|Tuyết Ủng U Lan,5,2,1026,43,2,1026,20,1,1,100,,,,,,,,,,,,23508002,s==4|show,235080201,s==4|idle,,,,,,,
231,1,13030,s==15|Tuyết Ủng U Lan,6,2,1026,55,2,1026,20,2,1,100,,,,,,,,,,,,23508002,s==4|show,235080201,s==4|idle,,,,,,,
232,1,13030,s==15|Tuyết Ủng U Lan,7,2,1026,68,2,1026,22,3,1,200,,,,,,,,,,,,23508002,s==4|show,235080201,s==4|idle,,,,,,,
233,1,13030,s==15|Tuyết Ủng U Lan,8,2,1026,84,2,1026,26,4,0,4,,,,,,,,,,,,23508002,s==4|show,235080201,s==4|idle,,,,,,,
234,1,13030,s==15|Tuyết Ủng U Lan,9,2,1026,100,2,1026,28,1,1,100,,,,,,,,,,,,23508002,s==4|show,235080201,s==4|idle,,,,,,,
235,1,13030,s==15|Tuyết Ủng U Lan,10,2,1026,120,2,1026,32,2,1,100,,,,,,,,,,,,23508002,s==4|show,235080201,s==4|idle,,,,,,,
236,1,13030,s==15|Tuyết Ủng U Lan,11,2,1026,140,2,1026,34,1,1,100,,,,,,,,,,,,23508002,s==4|show,235080201,s==4|idle,,,,,,,
237,1,13030,s==15|Tuyết Ủng U Lan,12,2,1026,163,2,1026,38,2,1,100,,,,,,,,,,,,23508002,s==4|show,235080201,s==4|idle,,,,,,,
238,1,13030,s==15|Tuyết Ủng U Lan,13,2,1026,188,2,1026,42,3,1,100,,,,,,,,,,,,23508002,s==4|show,235080201,s==4|idle,,,,,,,
239,1,13030,s==15|Tuyết Ủng U Lan,14,2,1026,217,2,1026,48,4,0,3,,,,,,,,,,,,23508002,s==4|show,235080201,s==4|idle,,,,,,,
240,1,13030,s==15|Tuyết Ủng U Lan,15,2,1026,249,2,1026,54,1,1,100,,,,,,,,,,,,23508002,s==4|show,235080201,s==4|idle,,,,,,,
241,1,13030,s==15|Tuyết Ủng U Lan,16,2,1026,285,2,1026,60,2,1,100,,,,,,,,,,,,23508002,s==4|show,235080201,s==4|idle,,,,,,,
242,1,13030,s==15|Tuyết Ủng U Lan,17,2,1026,325,2,1026,66,3,1,200,,,,,,,,,,,,23508002,s==4|show,235080201,s==4|idle,,,,,,,
243,1,13030,s==15|Tuyết Ủng U Lan,18,2,1026,372,2,1026,78,4,0,5,,,,,,,,,,,,23508002,s==4|show,235080201,s==4|idle,,,,,,,
244,1,13030,s==15|Tuyết Ủng U Lan,19,2,1026,422,2,1026,84,1,1,100,,,,,,,,,,,,23508002,s==4|show,235080201,s==4|idle,,,,,,,
245,1,13030,s==15|Tuyết Ủng U Lan,20,2,1026,480,2,1026,96,2,1,100,,,,,,,,,,,,23508002,s==8|show_max,235080201,s==8|idle_max,,,,,,,
246,2,13031,s==11|Dạ Sát Ám Ô,1,2,1083,50,2,1083,50,1,1,100,2,1,100,3,1,100,4,0,3,25,3,23507001,s==4|show,235070101,s==4|idle,,,,,,,
247,2,13031,s==11|Dạ Sát Ám Ô,2,2,1083,100,2,1083,50,1,1,100,2,1,100,3,1,100,4,0,3,25,3,23507001,s==4|show,235070101,s==4|idle,,,,,,,
248,2,13031,s==11|Dạ Sát Ám Ô,3,2,1083,150,2,1083,50,1,1,100,2,1,100,3,1,100,4,0,3,25,3,23507001,s==4|show,235070101,s==4|idle,,,,,,,
249,2,13031,s==11|Dạ Sát Ám Ô,4,2,1083,200,2,1083,50,1,1,100,2,1,100,3,1,100,4,0,3,25,3,23507001,s==4|show,235070101,s==4|idle,,,,,,,
250,2,13031,s==11|Dạ Sát Ám Ô,5,2,1083,250,2,1083,50,1,1,100,2,1,100,3,1,100,4,0,3,25,3,23507001,s==8|show_max,235070101,s==8|idle_max,,,,,,,
251,2,13032,s==18|Luyện Ngục Đế Quân,1,2,1083,50,2,1083,50,1,1,100,2,1,100,3,1,100,4,0,3,101,11,23511001,s==4|show,235110101,s==4|idle,,,,,,,
252,2,13032,s==18|Luyện Ngục Đế Quân,2,2,1083,100,2,1083,50,1,1,100,2,1,100,3,1,100,4,0,3,101,11,23511001,s==4|show,235110101,s==4|idle,,,,,,,
253,2,13032,s==18|Luyện Ngục Đế Quân,3,2,1083,150,2,1083,50,1,1,100,2,1,100,3,1,100,4,0,3,101,11,23511001,s==4|show,235110101,s==4|idle,,,,,,,
254,2,13032,s==18|Luyện Ngục Đế Quân,4,2,1083,200,2,1083,50,1,1,100,2,1,100,3,1,100,4,0,3,101,11,23511001,s==4|show,235110101,s==4|idle,,,,,,,
255,2,13032,s==18|Luyện Ngục Đế Quân,5,2,1083,250,2,1083,50,1,1,100,2,1,100,3,1,100,4,0,3,101,11,23511001,s==8|show_max,235110101,s==8|idle_max,,,,,,,
256,2,13033,s==18|Tụy Quan Phong Hỏa,1,2,1083,50,2,1083,50,1,1,100,2,1,100,3,1,100,4,0,3,25,3,22511001,s==4|show,225110101,s==4|idle,,,,,,,
257,2,13033,s==18|Tụy Quan Phong Hỏa,2,2,1083,100,2,1083,50,1,1,100,2,1,100,3,1,100,4,0,3,25,3,22511001,s==4|show,225110101,s==4|idle,,,,,,,
258,2,13033,s==18|Tụy Quan Phong Hỏa,3,2,1083,150,2,1083,50,1,1,100,2,1,100,3,1,100,4,0,3,25,3,22511001,s==4|show,225110101,s==4|idle,,,,,,,
259,2,13033,s==18|Tụy Quan Phong Hỏa,4,2,1083,200,2,1083,50,1,1,100,2,1,100,3,1,100,4,0,3,25,3,22511001,s==4|show,225110101,s==4|idle,,,,,,,
260,2,13033,s==18|Tụy Quan Phong Hỏa,5,2,1083,250,2,1083,50,1,1,100,2,1,100,3,1,100,4,0,3,25,3,22511001,s==8|show_max,225110101,s==8|idle_max,,,,,,,
261,1,13034,s==16|Vạn Phu Mạc Địch,1,2,1026,6,2,1026,10,1,1,100,,,,,,,,,,,,22504002,s==4|show,225040201,s==4|idle,,,,,,,
262,1,13034,s==16|Vạn Phu Mạc Địch,2,2,1026,13,2,1026,12,2,1,100,,,,,,,,,,,,22504002,s==4|show,225040201,s==4|idle,,,,,,,
263,1,13034,s==16|Vạn Phu Mạc Địch,3,2,1026,21,2,1026,14,3,1,100,,,,,,,,,,,,22504002,s==4|show,225040201,s==4|idle,,,,,,,
264,1,13034,s==16|Vạn Phu Mạc Địch,4,2,1026,31,2,1026,16,4,0,3,,,,,,,,,,,,22504002,s==4|show,225040201,s==4|idle,,,,,,,
265,1,13034,s==16|Vạn Phu Mạc Địch,5,2,1026,43,2,1026,20,1,1,100,,,,,,,,,,,,22504002,s==4|show,225040201,s==4|idle,,,,,,,
266,1,13034,s==16|Vạn Phu Mạc Địch,6,2,1026,55,2,1026,20,2,1,100,,,,,,,,,,,,22504002,s==4|show,225040201,s==4|idle,,,,,,,
267,1,13034,s==16|Vạn Phu Mạc Địch,7,2,1026,68,2,1026,22,3,1,200,,,,,,,,,,,,22504002,s==4|show,225040201,s==4|idle,,,,,,,
268,1,13034,s==16|Vạn Phu Mạc Địch,8,2,1026,84,2,1026,26,4,0,4,,,,,,,,,,,,22504002,s==4|show,225040201,s==4|idle,,,,,,,
269,1,13034,s==16|Vạn Phu Mạc Địch,9,2,1026,100,2,1026,28,1,1,100,,,,,,,,,,,,22504002,s==4|show,225040201,s==4|idle,,,,,,,
270,1,13034,s==16|Vạn Phu Mạc Địch,10,2,1026,120,2,1026,32,2,1,100,,,,,,,,,,,,22504002,s==4|show,225040201,s==4|idle,,,,,,,
271,1,13034,s==16|Vạn Phu Mạc Địch,11,2,1026,140,2,1026,34,1,1,100,,,,,,,,,,,,22504002,s==4|show,225040201,s==4|idle,,,,,,,
272,1,13034,s==16|Vạn Phu Mạc Địch,12,2,1026,163,2,1026,38,2,1,100,,,,,,,,,,,,22504002,s==4|show,225040201,s==4|idle,,,,,,,
273,1,13034,s==16|Vạn Phu Mạc Địch,13,2,1026,188,2,1026,42,3,1,100,,,,,,,,,,,,22504002,s==4|show,225040201,s==4|idle,,,,,,,
274,1,13034,s==16|Vạn Phu Mạc Địch,14,2,1026,217,2,1026,48,4,0,3,,,,,,,,,,,,22504002,s==4|show,225040201,s==4|idle,,,,,,,
275,1,13034,s==16|Vạn Phu Mạc Địch,15,2,1026,249,2,1026,54,1,1,100,,,,,,,,,,,,22504002,s==4|show,225040201,s==4|idle,,,,,,,
276,1,13034,s==16|Vạn Phu Mạc Địch,16,2,1026,285,2,1026,60,2,1,100,,,,,,,,,,,,22504002,s==4|show,225040201,s==4|idle,,,,,,,
277,1,13034,s==16|Vạn Phu Mạc Địch,17,2,1026,325,2,1026,66,3,1,200,,,,,,,,,,,,22504002,s==4|show,225040201,s==4|idle,,,,,,,
278,1,13034,s==16|Vạn Phu Mạc Địch,18,2,1026,372,2,1026,78,4,0,5,,,,,,,,,,,,22504002,s==4|show,225040201,s==4|idle,,,,,,,
279,1,13034,s==16|Vạn Phu Mạc Địch,19,2,1026,422,2,1026,84,1,1,100,,,,,,,,,,,,22504002,s==4|show,225040201,s==4|idle,,,,,,,
280,1,13034,s==16|Vạn Phu Mạc Địch,20,2,1026,480,2,1026,96,2,1,100,,,,,,,,,,,,22504002,s==8|show_max,225040201,s==8|idle_max,,,,,,,
281,2,13035,s==15|Đào Uyên Du Lân,1,2,1083,50,2,1083,50,1,1,100,2,1,100,3,1,100,4,0,3,101,11,22512001,s==4|show,225120101,s==4|idle,,,,,,,
282,2,13035,s==15|Đào Uyên Du Lân,2,2,1083,100,2,1083,50,1,1,100,2,1,100,3,1,100,4,0,3,101,11,22512001,s==4|show,225120101,s==4|idle,,,,,,,
283,2,13035,s==15|Đào Uyên Du Lân,3,2,1083,150,2,1083,50,1,1,100,2,1,100,3,1,100,4,0,3,101,11,22512001,s==4|show,225120101,s==4|idle,,,,,,,
284,2,13035,s==15|Đào Uyên Du Lân,4,2,1083,200,2,1083,50,1,1,100,2,1,100,3,1,100,4,0,3,101,11,22512001,s==4|show,225120101,s==4|idle,,,,,,,
285,2,13035,s==15|Đào Uyên Du Lân,5,2,1083,250,2,1083,50,1,1,100,2,1,100,3,1,100,4,0,3,101,11,22512001,s==8|show_max,225120101,s==8|idle_max,,,,,,,
286,2,13036,s==17|Quỷ Môn Chiến Quỷ,1,2,1083,50,2,1083,50,1,1,100,2,1,100,3,1,100,4,0,3,25,3,23502001,s==4|show,235020101,s==4|idle,,,,,,,
287,2,13036,s==17|Quỷ Môn Chiến Quỷ,2,2,1083,100,2,1083,50,1,1,100,2,1,100,3,1,100,4,0,3,25,3,23502001,s==4|show,235020101,s==4|idle,,,,,,,
288,2,13036,s==17|Quỷ Môn Chiến Quỷ,3,2,1083,150,2,1083,50,1,1,100,2,1,100,3,1,100,4,0,3,25,3,23502001,s==4|show,235020101,s==4|idle,,,,,,,
289,2,13036,s==17|Quỷ Môn Chiến Quỷ,4,2,1083,200,2,1083,50,1,1,100,2,1,100,3,1,100,4,0,3,25,3,23502001,s==4|show,235020101,s==4|idle,,,,,,,
290,2,13036,s==17|Quỷ Môn Chiến Quỷ,5,2,1083,250,2,1083,50,1,1,100,2,1,100,3,1,100,4,0,3,25,3,23502001,s==8|show_max,235020101,s==8|idle_max,,,,,,,
291,2,13037,s==19|Liệt Dực Thần Phong,1,2,1083,50,2,1083,50,1,1,100,2,1,100,3,1,100,4,0,3,25,3,21504001,s==4|show,215040101,s==4|idle,,,,,,,
292,2,13037,s==19|Liệt Dực Thần Phong,2,2,1083,100,2,1083,50,1,1,100,2,1,100,3,1,100,4,0,3,25,3,21504001,s==4|show,215040101,s==4|idle,,,,,,,
293,2,13037,s==19|Liệt Dực Thần Phong,3,2,1083,150,2,1083,50,1,1,100,2,1,100,3,1,100,4,0,3,25,3,21504001,s==4|show,215040101,s==4|idle,,,,,,,
294,2,13037,s==19|Liệt Dực Thần Phong,4,2,1083,200,2,1083,50,1,1,100,2,1,100,3,1,100,4,0,3,25,3,21504001,s==4|show,215040101,s==4|idle,,,,,,,
295,2,13037,s==19|Liệt Dực Thần Phong,5,2,1083,250,2,1083,50,1,1,100,2,1,100,3,1,100,4,0,3,25,3,21504001,s==8|show_max,215040101,s==8|idle_max,,,,,,,
296,1,13038,s==18|Lẫm Liệt Tật Phong,1,2,1026,6,2,1026,10,1,1,100,,,,,,,,,,,,21512002,s==4|show,215120201,s==4|idle,,,,,,,
297,1,13038,s==18|Lẫm Liệt Tật Phong,2,2,1026,13,2,1026,12,2,1,100,,,,,,,,,,,,21512002,s==4|show,215120201,s==4|idle,,,,,,,
298,1,13038,s==18|Lẫm Liệt Tật Phong,3,2,1026,21,2,1026,14,3,1,100,,,,,,,,,,,,21512002,s==4|show,215120201,s==4|idle,,,,,,,
299,1,13038,s==18|Lẫm Liệt Tật Phong,4,2,1026,31,2,1026,16,4,0,3,,,,,,,,,,,,21512002,s==4|show,215120201,s==4|idle,,,,,,,
300,1,13038,s==18|Lẫm Liệt Tật Phong,5,2,1026,43,2,1026,20,1,1,100,,,,,,,,,,,,21512002,s==4|show,215120201,s==4|idle,,,,,,,
301,1,13038,s==18|Lẫm Liệt Tật Phong,6,2,1026,55,2,1026,20,2,1,100,,,,,,,,,,,,21512002,s==4|show,215120201,s==4|idle,,,,,,,
302,1,13038,s==18|Lẫm Liệt Tật Phong,7,2,1026,68,2,1026,22,3,1,200,,,,,,,,,,,,21512002,s==4|show,215120201,s==4|idle,,,,,,,
303,1,13038,s==18|Lẫm Liệt Tật Phong,8,2,1026,84,2,1026,26,4,0,4,,,,,,,,,,,,21512002,s==4|show,215120201,s==4|idle,,,,,,,
304,1,13038,s==18|Lẫm Liệt Tật Phong,9,2,1026,100,2,1026,28,1,1,100,,,,,,,,,,,,21512002,s==4|show,215120201,s==4|idle,,,,,,,
305,1,13038,s==18|Lẫm Liệt Tật Phong,10,2,1026,120,2,1026,32,2,1,100,,,,,,,,,,,,21512002,s==4|show,215120201,s==4|idle,,,,,,,
306,1,13038,s==18|Lẫm Liệt Tật Phong,11,2,1026,140,2,1026,34,1,1,100,,,,,,,,,,,,21512002,s==4|show,215120201,s==4|idle,,,,,,,
307,1,13038,s==18|Lẫm Liệt Tật Phong,12,2,1026,163,2,1026,38,2,1,100,,,,,,,,,,,,21512002,s==4|show,215120201,s==4|idle,,,,,,,
308,1,13038,s==18|Lẫm Liệt Tật Phong,13,2,1026,188,2,1026,42,3,1,100,,,,,,,,,,,,21512002,s==4|show,215120201,s==4|idle,,,,,,,
309,1,13038,s==18|Lẫm Liệt Tật Phong,14,2,1026,217,2,1026,48,4,0,3,,,,,,,,,,,,21512002,s==4|show,215120201,s==4|idle,,,,,,,
310,1,13038,s==18|Lẫm Liệt Tật Phong,15,2,1026,249,2,1026,54,1,1,100,,,,,,,,,,,,21512002,s==4|show,215120201,s==4|idle,,,,,,,
311,1,13038,s==18|Lẫm Liệt Tật Phong,16,2,1026,285,2,1026,60,2,1,100,,,,,,,,,,,,21512002,s==4|show,215120201,s==4|idle,,,,,,,
312,1,13038,s==18|Lẫm Liệt Tật Phong,17,2,1026,325,2,1026,66,3,1,200,,,,,,,,,,,,21512002,s==4|show,215120201,s==4|idle,,,,,,,
313,1,13038,s==18|Lẫm Liệt Tật Phong,18,2,1026,372,2,1026,78,4,0,5,,,,,,,,,,,,21512002,s==4|show,215120201,s==4|idle,,,,,,,
314,1,13038,s==18|Lẫm Liệt Tật Phong,19,2,1026,422,2,1026,84,1,1,100,,,,,,,,,,,,21512002,s==4|show,215120201,s==4|idle,,,,,,,
315,1,13038,s==18|Lẫm Liệt Tật Phong,20,2,1026,480,2,1026,96,2,1,100,,,,,,,,,,,,21512002,s==8|show_max,215120201,s==8|idle_max,,,,,,,
316,2,13039,s==16|Nhậm Pháp Tru Tà,1,2,1083,50,2,1083,50,1,1,100,2,1,100,3,1,100,4,0,3,101,11,24517001,s==4|show,24517011,s==4|idle,,,,,,,
317,2,13039,s==16|Nhậm Pháp Tru Tà,2,2,1083,100,2,1083,50,1,1,100,2,1,100,3,1,100,4,0,3,101,11,24517001,s==4|show,24517011,s==4|idle,,,,,,,
318,2,13039,s==16|Nhậm Pháp Tru Tà,3,2,1083,150,2,1083,50,1,1,100,2,1,100,3,1,100,4,0,3,101,11,24517001,s==4|show,24517011,s==4|idle,,,,,,,
319,2,13039,s==16|Nhậm Pháp Tru Tà,4,2,1083,200,2,1083,50,1,1,100,2,1,100,3,1,100,4,0,3,101,11,24517001,s==4|show,24517011,s==4|idle,,,,,,,
320,2,13039,s==16|Nhậm Pháp Tru Tà,5,2,1083,250,2,1083,50,1,1,100,2,1,100,3,1,100,4,0,3,101,11,24517001,s==8|show_max,24517011,s==8|idle_max,,,,,,,
321,2,13040,s==21|Kiệt Thạch Thương Hải,1,2,1083,50,2,1083,50,1,1,100,2,1,100,3,1,100,4,0,3,101,11,21515001,s==4|show,215150101,s==4|idle,,,,,,,
322,2,13040,s==21|Kiệt Thạch Thương Hải,2,2,1083,100,2,1083,50,1,1,100,2,1,100,3,1,100,4,0,3,101,11,21515001,s==4|show,215150101,s==4|idle,,,,,,,
323,2,13040,s==21|Kiệt Thạch Thương Hải,3,2,1083,150,2,1083,50,1,1,100,2,1,100,3,1,100,4,0,3,101,11,21515001,s==4|show,215150101,s==4|idle,,,,,,,
324,2,13040,s==21|Kiệt Thạch Thương Hải,4,2,1083,200,2,1083,50,1,1,100,2,1,100,3,1,100,4,0,3,101,11,21515001,s==4|show,215150101,s==4|idle,,,,,,,
325,2,13040,s==21|Kiệt Thạch Thương Hải,5,2,1083,250,2,1083,50,1,1,100,2,1,100,3,1,100,4,0,3,101,11,21515001,s==8|show_max,215150101,s==8|idle_max,,,,,,,
326,1,13041,s==19|Thần Đình Đấu Chiến,1,2,1026,6,2,1026,10,1,1,100,,,,,,,,,,,,23506002,s==4|show,235060201,s==4|idle,,,,,,,
327,1,13041,s==19|Thần Đình Đấu Chiến,2,2,1026,13,2,1026,12,2,1,100,,,,,,,,,,,,23506002,s==4|show,235060201,s==4|idle,,,,,,,
328,1,13041,s==19|Thần Đình Đấu Chiến,3,2,1026,21,2,1026,14,3,1,100,,,,,,,,,,,,23506002,s==4|show,235060201,s==4|idle,,,,,,,
329,1,13041,s==19|Thần Đình Đấu Chiến,4,2,1026,31,2,1026,16,4,0,3,,,,,,,,,,,,23506002,s==4|show,235060201,s==4|idle,,,,,,,
330,1,13041,s==19|Thần Đình Đấu Chiến,5,2,1026,43,2,1026,20,1,1,100,,,,,,,,,,,,23506002,s==4|show,235060201,s==4|idle,,,,,,,
331,1,13041,s==19|Thần Đình Đấu Chiến,6,2,1026,55,2,1026,20,2,1,100,,,,,,,,,,,,23506002,s==4|show,235060201,s==4|idle,,,,,,,
332,1,13041,s==19|Thần Đình Đấu Chiến,7,2,1026,68,2,1026,22,3,1,200,,,,,,,,,,,,23506002,s==4|show,235060201,s==4|idle,,,,,,,
333,1,13041,s==19|Thần Đình Đấu Chiến,8,2,1026,84,2,1026,26,4,0,4,,,,,,,,,,,,23506002,s==4|show,235060201,s==4|idle,,,,,,,
334,1,13041,s==19|Thần Đình Đấu Chiến,9,2,1026,100,2,1026,28,1,1,100,,,,,,,,,,,,23506002,s==4|show,235060201,s==4|idle,,,,,,,
335,1,13041,s==19|Thần Đình Đấu Chiến,10,2,1026,120,2,1026,32,2,1,100,,,,,,,,,,,,23506002,s==4|show,235060201,s==4|idle,,,,,,,
336,1,13041,s==19|Thần Đình Đấu Chiến,11,2,1026,140,2,1026,34,1,1,100,,,,,,,,,,,,23506002,s==4|show,235060201,s==4|idle,,,,,,,
337,1,13041,s==19|Thần Đình Đấu Chiến,12,2,1026,163,2,1026,38,2,1,100,,,,,,,,,,,,23506002,s==4|show,235060201,s==4|idle,,,,,,,
338,1,13041,s==19|Thần Đình Đấu Chiến,13,2,1026,188,2,1026,42,3,1,100,,,,,,,,,,,,23506002,s==4|show,235060201,s==4|idle,,,,,,,
339,1,13041,s==19|Thần Đình Đấu Chiến,14,2,1026,217,2,1026,48,4,0,3,,,,,,,,,,,,23506002,s==4|show,235060201,s==4|idle,,,,,,,
340,1,13041,s==19|Thần Đình Đấu Chiến,15,2,1026,249,2,1026,54,1,1,100,,,,,,,,,,,,23506002,s==4|show,235060201,s==4|idle,,,,,,,
341,1,13041,s==19|Thần Đình Đấu Chiến,16,2,1026,285,2,1026,60,2,1,100,,,,,,,,,,,,23506002,s==4|show,235060201,s==4|idle,,,,,,,
342,1,13041,s==19|Thần Đình Đấu Chiến,17,2,1026,325,2,1026,66,3,1,200,,,,,,,,,,,,23506002,s==4|show,235060201,s==4|idle,,,,,,,
343,1,13041,s==19|Thần Đình Đấu Chiến,18,2,1026,372,2,1026,78,4,0,5,,,,,,,,,,,,23506002,s==4|show,235060201,s==4|idle,,,,,,,
344,1,13041,s==19|Thần Đình Đấu Chiến,19,2,1026,422,2,1026,84,1,1,100,,,,,,,,,,,,23506002,s==4|show,235060201,s==4|idle,,,,,,,
345,1,13041,s==19|Thần Đình Đấu Chiến,20,2,1026,480,2,1026,96,2,1,100,,,,,,,,,,,,23506002,s==8|show_max,235060201,s==8|idle_max,,,,,,,
346,2,13042,s==14|Độc Thủ Tà Tâm,1,2,1083,50,2,1083,50,1,1,100,2,1,100,3,1,100,4,0,3,101,11,25514002,s==4|show,25514021,s==4|idle,,,,,,,
347,2,13042,s==14|Độc Thủ Tà Tâm,2,2,1083,100,2,1083,50,1,1,100,2,1,100,3,1,100,4,0,3,101,11,25514002,s==4|show,25514021,s==4|idle,,,,,,,
348,2,13042,s==14|Độc Thủ Tà Tâm,3,2,1083,150,2,1083,50,1,1,100,2,1,100,3,1,100,4,0,3,101,11,25514002,s==4|show,25514021,s==4|idle,,,,,,,
349,2,13042,s==14|Độc Thủ Tà Tâm,4,2,1083,200,2,1083,50,1,1,100,2,1,100,3,1,100,4,0,3,101,11,25514002,s==4|show,25514021,s==4|idle,,,,,,,
350,2,13042,s==14|Độc Thủ Tà Tâm,5,2,1083,250,2,1083,50,1,1,100,2,1,100,3,1,100,4,0,3,101,11,25514002,s==8|show_max,25514021,s==8|idle_max,,,,,,,
351,2,13043,s==18|Hồng Hoang Cự Thần,1,2,1083,50,2,1083,50,1,1,100,2,1,100,3,1,100,4,0,3,101,11,24516001,s==4|show,245160101,s==4|idle,,,,,,,
352,2,13043,s==18|Hồng Hoang Cự Thần,2,2,1083,100,2,1083,50,1,1,100,2,1,100,3,1,100,4,0,3,101,11,24516001,s==4|show,245160101,s==4|idle,,,,,,,
353,2,13043,s==18|Hồng Hoang Cự Thần,3,2,1083,150,2,1083,50,1,1,100,2,1,100,3,1,100,4,0,3,101,11,24516001,s==4|show,245160101,s==4|idle,,,,,,,
354,2,13043,s==18|Hồng Hoang Cự Thần,4,2,1083,200,2,1083,50,1,1,100,2,1,100,3,1,100,4,0,3,101,11,24516001,s==4|show,245160101,s==4|idle,,,,,,,
355,2,13043,s==18|Hồng Hoang Cự Thần,5,2,1083,250,2,1083,50,1,1,100,2,1,100,3,1,100,4,0,3,101,11,24516001,s==8|show_max,245160101,s==8|idle_max,,,,,,,
356,2,13044,s==16|Âm Dương Nghị Sĩ,1,2,1083,50,2,1083,50,1,1,100,2,1,100,3,1,100,4,0,3,101,11,25516001,s==4|show,255160101,s==4|idle,,,,,,,
357,2,13044,s==16|Âm Dương Nghị Sĩ,2,2,1083,100,2,1083,50,1,1,100,2,1,100,3,1,100,4,0,3,101,11,25516001,s==4|show,255160101,s==4|idle,,,,,,,
358,2,13044,s==16|Âm Dương Nghị Sĩ,3,2,1083,150,2,1083,50,1,1,100,2,1,100,3,1,100,4,0,3,101,11,25516001,s==4|show,255160101,s==4|idle,,,,,,,
359,2,13044,s==16|Âm Dương Nghị Sĩ,4,2,1083,200,2,1083,50,1,1,100,2,1,100,3,1,100,4,0,3,101,11,25516001,s==4|show,255160101,s==4|idle,,,,,,,
360,2,13044,s==16|Âm Dương Nghị Sĩ,5,2,1083,250,2,1083,50,1,1,100,2,1,100,3,1,100,4,0,3,101,11,25516001,s==8|show_max,255160101,s==8|idle_max,,,,,,,
361,2,13045,s==16|Thiên Địa Kỳ Cục,1,2,1083,50,2,1083,50,1,1,100,2,1,100,3,1,100,4,0,3,101,11,24501001,s==4|show,24500101,s==4|idle,,,,,,,
362,2,13045,s==16|Thiên Địa Kỳ Cục,2,2,1083,100,2,1083,50,1,1,100,2,1,100,3,1,100,4,0,3,101,11,24501001,s==4|show,24500101,s==4|idle,,,,,,,
363,2,13045,s==16|Thiên Địa Kỳ Cục,3,2,1083,150,2,1083,50,1,1,100,2,1,100,3,1,100,4,0,3,101,11,24501001,s==4|show,24500101,s==4|idle,,,,,,,
364,2,13045,s==16|Thiên Địa Kỳ Cục,4,2,1083,200,2,1083,50,1,1,100,2,1,100,3,1,100,4,0,3,101,11,24501001,s==4|show,24500101,s==4|idle,,,,,,,
365,2,13045,s==16|Thiên Địa Kỳ Cục,5,2,1083,250,2,1083,50,1,1,100,2,1,100,3,1,100,4,0,3,101,11,24501001,s==8|show_max,24500101,s==8|idle_max,,,,,,,
366,1,13046,s==21|Thiên Chỉ Ngụy Truyền,1,2,1026,6,2,1026,10,1,1,100,,,,,,,,,,,,24504002,s==4|show,245040201,s==4|idle,,,,,,,
367,1,13046,s==21|Thiên Chỉ Ngụy Truyền,2,2,1026,13,2,1026,12,2,1,100,,,,,,,,,,,,24504002,s==4|show,245040201,s==4|idle,,,,,,,
368,1,13046,s==21|Thiên Chỉ Ngụy Truyền,3,2,1026,21,2,1026,14,3,1,100,,,,,,,,,,,,24504002,s==4|show,245040201,s==4|idle,,,,,,,
369,1,13046,s==21|Thiên Chỉ Ngụy Truyền,4,2,1026,31,2,1026,16,4,0,3,,,,,,,,,,,,24504002,s==4|show,245040201,s==4|idle,,,,,,,
370,1,13046,s==21|Thiên Chỉ Ngụy Truyền,5,2,1026,43,2,1026,20,1,1,100,,,,,,,,,,,,24504002,s==4|show,245040201,s==4|idle,,,,,,,
371,1,13046,s==21|Thiên Chỉ Ngụy Truyền,6,2,1026,55,2,1026,20,2,1,100,,,,,,,,,,,,24504002,s==4|show,245040201,s==4|idle,,,,,,,
372,1,13046,s==21|Thiên Chỉ Ngụy Truyền,7,2,1026,68,2,1026,22,3,1,200,,,,,,,,,,,,24504002,s==4|show,245040201,s==4|idle,,,,,,,
373,1,13046,s==21|Thiên Chỉ Ngụy Truyền,8,2,1026,84,2,1026,26,4,0,4,,,,,,,,,,,,24504002,s==4|show,245040201,s==4|idle,,,,,,,
374,1,13046,s==21|Thiên Chỉ Ngụy Truyền,9,2,1026,100,2,1026,28,1,1,100,,,,,,,,,,,,24504002,s==4|show,245040201,s==4|idle,,,,,,,
375,1,13046,s==21|Thiên Chỉ Ngụy Truyền,10,2,1026,120,2,1026,32,2,1,100,,,,,,,,,,,,24504002,s==4|show,245040201,s==4|idle,,,,,,,
376,1,13046,s==21|Thiên Chỉ Ngụy Truyền,11,2,1026,140,2,1026,34,1,1,100,,,,,,,,,,,,24504002,s==4|show,245040201,s==4|idle,,,,,,,
377,1,13046,s==21|Thiên Chỉ Ngụy Truyền,12,2,1026,163,2,1026,38,2,1,100,,,,,,,,,,,,24504002,s==4|show,245040201,s==4|idle,,,,,,,
378,1,13046,s==21|Thiên Chỉ Ngụy Truyền,13,2,1026,188,2,1026,42,3,1,100,,,,,,,,,,,,24504002,s==4|show,245040201,s==4|idle,,,,,,,
379,1,13046,s==21|Thiên Chỉ Ngụy Truyền,14,2,1026,217,2,1026,48,4,0,3,,,,,,,,,,,,24504002,s==4|show,245040201,s==4|idle,,,,,,,
380,1,13046,s==21|Thiên Chỉ Ngụy Truyền,15,2,1026,249,2,1026,54,1,1,100,,,,,,,,,,,,24504002,s==4|show,245040201,s==4|idle,,,,,,,
381,1,13046,s==21|Thiên Chỉ Ngụy Truyền,16,2,1026,285,2,1026,60,2,1,100,,,,,,,,,,,,24504002,s==4|show,245040201,s==4|idle,,,,,,,
382,1,13046,s==21|Thiên Chỉ Ngụy Truyền,17,2,1026,325,2,1026,66,3,1,200,,,,,,,,,,,,24504002,s==4|show,245040201,s==4|idle,,,,,,,
383,1,13046,s==21|Thiên Chỉ Ngụy Truyền,18,2,1026,372,2,1026,78,4,0,5,,,,,,,,,,,,24504002,s==4|show,245040201,s==4|idle,,,,,,,
384,1,13046,s==21|Thiên Chỉ Ngụy Truyền,19,2,1026,422,2,1026,84,1,1,100,,,,,,,,,,,,24504002,s==4|show,245040201,s==4|idle,,,,,,,
385,1,13046,s==21|Thiên Chỉ Ngụy Truyền,20,2,1026,480,2,1026,96,2,1,100,,,,,,,,,,,,24504002,s==8|show_max,245040201,s==8|idle_max,,,,,,,
386,1,13047,s==18|Vạn Nhân Địch · Hổ,1,2,1026,6,2,1026,10,1,1,100,,,,,,,,,,,,22502002,s==4|show,225020201,s==4|idle,,,,,,,
387,1,13047,s==18|Vạn Nhân Địch · Hổ,2,2,1026,13,2,1026,12,2,1,100,,,,,,,,,,,,22502002,s==4|show,225020201,s==4|idle,,,,,,,
388,1,13047,s==18|Vạn Nhân Địch · Hổ,3,2,1026,21,2,1026,14,3,1,100,,,,,,,,,,,,22502002,s==4|show,225020201,s==4|idle,,,,,,,
389,1,13047,s==18|Vạn Nhân Địch · Hổ,4,2,1026,31,2,1026,16,4,0,3,,,,,,,,,,,,22502002,s==4|show,225020201,s==4|idle,,,,,,,
390,1,13047,s==18|Vạn Nhân Địch · Hổ,5,2,1026,43,2,1026,20,1,1,100,,,,,,,,,,,,22502002,s==4|show,225020201,s==4|idle,,,,,,,
391,1,13047,s==18|Vạn Nhân Địch · Hổ,6,2,1026,55,2,1026,20,2,1,100,,,,,,,,,,,,22502002,s==4|show,225020201,s==4|idle,,,,,,,
392,1,13047,s==18|Vạn Nhân Địch · Hổ,7,2,1026,68,2,1026,22,3,1,200,,,,,,,,,,,,22502002,s==4|show,225020201,s==4|idle,,,,,,,
393,1,13047,s==18|Vạn Nhân Địch · Hổ,8,2,1026,84,2,1026,26,4,0,4,,,,,,,,,,,,22502002,s==4|show,225020201,s==4|idle,,,,,,,
394,1,13047,s==18|Vạn Nhân Địch · Hổ,9,2,1026,100,2,1026,28,1,1,100,,,,,,,,,,,,22502002,s==4|show,225020201,s==4|idle,,,,,,,
395,1,13047,s==18|Vạn Nhân Địch · Hổ,10,2,1026,120,2,1026,32,2,1,100,,,,,,,,,,,,22502002,s==4|show,225020201,s==4|idle,,,,,,,
396,1,13047,s==18|Vạn Nhân Địch · Hổ,11,2,1026,140,2,1026,34,1,1,100,,,,,,,,,,,,22502002,s==4|show,225020201,s==4|idle,,,,,,,
397,1,13047,s==18|Vạn Nhân Địch · Hổ,12,2,1026,163,2,1026,38,2,1,100,,,,,,,,,,,,22502002,s==4|show,225020201,s==4|idle,,,,,,,
398,1,13047,s==18|Vạn Nhân Địch · Hổ,13,2,1026,188,2,1026,42,3,1,100,,,,,,,,,,,,22502002,s==4|show,225020201,s==4|idle,,,,,,,
399,1,13047,s==18|Vạn Nhân Địch · Hổ,14,2,1026,217,2,1026,48,4,0,3,,,,,,,,,,,,22502002,s==4|show,225020201,s==4|idle,,,,,,,
400,1,13047,s==18|Vạn Nhân Địch · Hổ,15,2,1026,249,2,1026,54,1,1,100,,,,,,,,,,,,22502002,s==4|show,225020201,s==4|idle,,,,,,,
401,1,13047,s==18|Vạn Nhân Địch · Hổ,16,2,1026,285,2,1026,60,2,1,100,,,,,,,,,,,,22502002,s==4|show,225020201,s==4|idle,,,,,,,
402,1,13047,s==18|Vạn Nhân Địch · Hổ,17,2,1026,325,2,1026,66,3,1,200,,,,,,,,,,,,22502002,s==4|show,225020201,s==4|idle,,,,,,,
403,1,13047,s==18|Vạn Nhân Địch · Hổ,18,2,1026,372,2,1026,78,4,0,5,,,,,,,,,,,,22502002,s==4|show,225020201,s==4|idle,,,,,,,
404,1,13047,s==18|Vạn Nhân Địch · Hổ,19,2,1026,422,2,1026,84,1,1,100,,,,,,,,,,,,22502002,s==4|show,225020201,s==4|idle,,,,,,,
405,1,13047,s==18|Vạn Nhân Địch · Hổ,20,2,1026,480,2,1026,96,2,1,100,,,,,,,,,,,,22502002,s==8|show_max,225020201,s==8|idle_max,,,,,,,
406,2,13048,s==16|Bỉ Ngạn Đăng Ảnh,1,2,1083,50,2,1083,50,1,1,100,2,1,100,3,1,100,4,0,3,101,11,25517001,s==4|show,255170101,s==4|idle,,,,,,,
407,2,13048,s==16|Bỉ Ngạn Đăng Ảnh,2,2,1083,100,2,1083,50,1,1,100,2,1,100,3,1,100,4,0,3,101,11,25517001,s==4|show,255170101,s==4|idle,,,,,,,
408,2,13048,s==16|Bỉ Ngạn Đăng Ảnh,3,2,1083,150,2,1083,50,1,1,100,2,1,100,3,1,100,4,0,3,101,11,25517001,s==4|show,255170101,s==4|idle,,,,,,,
409,2,13048,s==16|Bỉ Ngạn Đăng Ảnh,4,2,1083,200,2,1083,50,1,1,100,2,1,100,3,1,100,4,0,3,101,11,25517001,s==4|show,255170101,s==4|idle,,,,,,,
410,2,13048,s==16|Bỉ Ngạn Đăng Ảnh,5,2,1083,250,2,1083,50,1,1,100,2,1,100,3,1,100,4,0,3,101,11,25517001,s==8|show_max,255170101,s==8|idle_max,,,,,,,
411,2,13049,s==16|Đế Thích Hoàn Vũ,1,2,1083,50,2,1083,50,1,1,100,2,1,100,3,1,100,4,0,3,101,11,24518001,s==4|show,245180101,s==4|idle,,,,,,,
412,2,13049,s==16|Đế Thích Hoàn Vũ,2,2,1083,100,2,1083,50,1,1,100,2,1,100,3,1,100,4,0,3,101,11,24518001,s==4|show,245180101,s==4|idle,,,,,,,
413,2,13049,s==16|Đế Thích Hoàn Vũ,3,2,1083,150,2,1083,50,1,1,100,2,1,100,3,1,100,4,0,3,101,11,24518001,s==4|show,245180101,s==4|idle,,,,,,,
414,2,13049,s==16|Đế Thích Hoàn Vũ,4,2,1083,200,2,1083,50,1,1,100,2,1,100,3,1,100,4,0,3,101,11,24518001,s==4|show,245180101,s==4|idle,,,,,,,
415,2,13049,s==16|Đế Thích Hoàn Vũ,5,2,1083,250,2,1083,50,1,1,100,2,1,100,3,1,100,4,0,3,101,11,24518001,s==8|show_max,245180101,s==8|idle_max,,,,,,,
416,1,13050,s==16|Bá Vương Biệt Cơ,1,2,1026,6,2,1026,10,1,1,100,,,,,,,,,,,,25501180,s==4|show,255011801,s==4|idle,,,,,,,
417,1,13050,s==16|Bá Vương Biệt Cơ,2,2,1026,13,2,1026,12,2,1,100,,,,,,,,,,,,25501180,s==4|show,255011801,s==4|idle,,,,,,,
418,1,13050,s==16|Bá Vương Biệt Cơ,3,2,1026,21,2,1026,14,3,1,100,,,,,,,,,,,,25501180,s==4|show,255011801,s==4|idle,,,,,,,
419,1,13050,s==16|Bá Vương Biệt Cơ,4,2,1026,31,2,1026,16,4,0,3,,,,,,,,,,,,25501180,s==4|show,255011801,s==4|idle,,,,,,,
420,1,13050,s==16|Bá Vương Biệt Cơ,5,2,1026,43,2,1026,20,1,1,100,,,,,,,,,,,,25501180,s==4|show,255011801,s==4|idle,,,,,,,
421,1,13050,s==16|Bá Vương Biệt Cơ,6,2,1026,55,2,1026,20,2,1,100,,,,,,,,,,,,25501180,s==4|show,255011801,s==4|idle,,,,,,,
422,1,13050,s==16|Bá Vương Biệt Cơ,7,2,1026,68,2,1026,22,3,1,200,,,,,,,,,,,,25501180,s==4|show,255011801,s==4|idle,,,,,,,
423,1,13050,s==16|Bá Vương Biệt Cơ,8,2,1026,84,2,1026,26,4,0,4,,,,,,,,,,,,25501180,s==4|show,255011801,s==4|idle,,,,,,,
424,1,13050,s==16|Bá Vương Biệt Cơ,9,2,1026,100,2,1026,28,1,1,100,,,,,,,,,,,,25501180,s==4|show,255011801,s==4|idle,,,,,,,
425,1,13050,s==16|Bá Vương Biệt Cơ,10,2,1026,120,2,1026,32,2,1,100,,,,,,,,,,,,25501180,s==4|show,255011801,s==4|idle,,,,,,,
426,1,13050,s==16|Bá Vương Biệt Cơ,11,2,1026,140,2,1026,34,1,1,100,,,,,,,,,,,,25501180,s==4|show,255011801,s==4|idle,,,,,,,
427,1,13050,s==16|Bá Vương Biệt Cơ,12,2,1026,163,2,1026,38,2,1,100,,,,,,,,,,,,25501180,s==4|show,255011801,s==4|idle,,,,,,,
428,1,13050,s==16|Bá Vương Biệt Cơ,13,2,1026,188,2,1026,42,3,1,100,,,,,,,,,,,,25501180,s==4|show,255011801,s==4|idle,,,,,,,
429,1,13050,s==16|Bá Vương Biệt Cơ,14,2,1026,217,2,1026,48,4,0,3,,,,,,,,,,,,25501180,s==4|show,255011801,s==4|idle,,,,,,,
430,1,13050,s==16|Bá Vương Biệt Cơ,15,2,1026,249,2,1026,54,1,1,100,,,,,,,,,,,,25501180,s==4|show,255011801,s==4|idle,,,,,,,
431,1,13050,s==16|Bá Vương Biệt Cơ,16,2,1026,285,2,1026,60,2,1,100,,,,,,,,,,,,25501180,s==4|show,255011801,s==4|idle,,,,,,,
432,1,13050,s==16|Bá Vương Biệt Cơ,17,2,1026,325,2,1026,66,3,1,200,,,,,,,,,,,,25501180,s==4|show,255011801,s==4|idle,,,,,,,
433,1,13050,s==16|Bá Vương Biệt Cơ,18,2,1026,372,2,1026,78,4,0,5,,,,,,,,,,,,25501180,s==4|show,255011801,s==4|idle,,,,,,,
434,1,13050,s==16|Bá Vương Biệt Cơ,19,2,1026,422,2,1026,84,1,1,100,,,,,,,,,,,,25501180,s==4|show,255011801,s==4|idle,,,,,,,
435,1,13050,s==16|Bá Vương Biệt Cơ,20,2,1026,480,2,1026,96,2,1,100,,,,,,,,,,,,25501180,s==8|show_max,255011801,s==8|idle_max,,,,,,,
436,1,13051,s==17|Bạo Liệt Man Chuý,1,2,1026,6,2,1026,10,1,1,100,,,,,,,,,,,,21501100,s==4|show,215011001,s==4|idle,,,,,,,
437,1,13051,s==17|Bạo Liệt Man Chuý,2,2,1026,13,2,1026,12,2,1,100,,,,,,,,,,,,21501100,s==4|show,215011001,s==4|idle,,,,,,,
438,1,13051,s==17|Bạo Liệt Man Chuý,3,2,1026,21,2,1026,14,3,1,100,,,,,,,,,,,,21501100,s==4|show,215011001,s==4|idle,,,,,,,
439,1,13051,s==17|Bạo Liệt Man Chuý,4,2,1026,31,2,1026,16,4,0,3,,,,,,,,,,,,21501100,s==4|show,215011001,s==4|idle,,,,,,,
440,1,13051,s==17|Bạo Liệt Man Chuý,5,2,1026,43,2,1026,20,1,1,100,,,,,,,,,,,,21501100,s==4|show,215011001,s==4|idle,,,,,,,
441,1,13051,s==17|Bạo Liệt Man Chuý,6,2,1026,55,2,1026,20,2,1,100,,,,,,,,,,,,21501100,s==4|show,215011001,s==4|idle,,,,,,,
442,1,13051,s==17|Bạo Liệt Man Chuý,7,2,1026,68,2,1026,22,3,1,200,,,,,,,,,,,,21501100,s==4|show,215011001,s==4|idle,,,,,,,
443,1,13051,s==17|Bạo Liệt Man Chuý,8,2,1026,84,2,1026,26,4,0,4,,,,,,,,,,,,21501100,s==4|show,215011001,s==4|idle,,,,,,,
444,1,13051,s==17|Bạo Liệt Man Chuý,9,2,1026,100,2,1026,28,1,1,100,,,,,,,,,,,,21501100,s==4|show,215011001,s==4|idle,,,,,,,
445,1,13051,s==17|Bạo Liệt Man Chuý,10,2,1026,120,2,1026,32,2,1,100,,,,,,,,,,,,21501100,s==4|show,215011001,s==4|idle,,,,,,,
446,1,13051,s==17|Bạo Liệt Man Chuý,11,2,1026,140,2,1026,34,1,1,100,,,,,,,,,,,,21501100,s==4|show,215011001,s==4|idle,,,,,,,
447,1,13051,s==17|Bạo Liệt Man Chuý,12,2,1026,163,2,1026,38,2,1,100,,,,,,,,,,,,21501100,s==4|show,215011001,s==4|idle,,,,,,,
448,1,13051,s==17|Bạo Liệt Man Chuý,13,2,1026,188,2,1026,42,3,1,100,,,,,,,,,,,,21501100,s==4|show,215011001,s==4|idle,,,,,,,
449,1,13051,s==17|Bạo Liệt Man Chuý,14,2,1026,217,2,1026,48,4,0,3,,,,,,,,,,,,21501100,s==4|show,215011001,s==4|idle,,,,,,,
450,1,13051,s==17|Bạo Liệt Man Chuý,15,2,1026,249,2,1026,54,1,1,100,,,,,,,,,,,,21501100,s==4|show,215011001,s==4|idle,,,,,,,
451,1,13051,s==17|Bạo Liệt Man Chuý,16,2,1026,285,2,1026,60,2,1,100,,,,,,,,,,,,21501100,s==4|show,215011001,s==4|idle,,,,,,,
452,1,13051,s==17|Bạo Liệt Man Chuý,17,2,1026,325,2,1026,66,3,1,200,,,,,,,,,,,,21501100,s==4|show,215011001,s==4|idle,,,,,,,
453,1,13051,s==17|Bạo Liệt Man Chuý,18,2,1026,372,2,1026,78,4,0,5,,,,,,,,,,,,21501100,s==4|show,215011001,s==4|idle,,,,,,,
454,1,13051,s==17|Bạo Liệt Man Chuý,19,2,1026,422,2,1026,84,1,1,100,,,,,,,,,,,,21501100,s==4|show,215011001,s==4|idle,,,,,,,
455,1,13051,s==17|Bạo Liệt Man Chuý,20,2,1026,480,2,1026,96,2,1,100,,,,,,,,,,,,21501100,s==8|show_max,215011001,s==8|idle_max,,,,,,,
456,1,13055,s==11|Cẩm Mã Siêu,1,2,1026,6,2,1026,10,1,1,100,,,,,,,,,,,,24517002,s==4|show,245170201,s==4|idle,,,,,,,
457,1,13055,s==11|Cẩm Mã Siêu,2,2,1026,13,2,1026,12,2,1,100,,,,,,,,,,,,24517002,s==4|show,245170201,s==4|idle,,,,,,,
458,1,13055,s==11|Cẩm Mã Siêu,3,2,1026,21,2,1026,14,3,1,100,,,,,,,,,,,,24517002,s==4|show,245170201,s==4|idle,,,,,,,
459,1,13055,s==11|Cẩm Mã Siêu,4,2,1026,31,2,1026,16,4,0,3,,,,,,,,,,,,24517002,s==4|show,245170201,s==4|idle,,,,,,,
460,1,13055,s==11|Cẩm Mã Siêu,5,2,1026,43,2,1026,20,1,1,100,,,,,,,,,,,,24517002,s==4|show,245170201,s==4|idle,,,,,,,
461,1,13055,s==11|Cẩm Mã Siêu,6,2,1026,55,2,1026,20,2,1,100,,,,,,,,,,,,24517002,s==4|show,245170201,s==4|idle,,,,,,,
462,1,13055,s==11|Cẩm Mã Siêu,7,2,1026,68,2,1026,22,3,1,200,,,,,,,,,,,,24517002,s==4|show,245170201,s==4|idle,,,,,,,
463,1,13055,s==11|Cẩm Mã Siêu,8,2,1026,84,2,1026,26,4,0,4,,,,,,,,,,,,24517002,s==4|show,245170201,s==4|idle,,,,,,,
464,1,13055,s==11|Cẩm Mã Siêu,9,2,1026,100,2,1026,28,1,1,100,,,,,,,,,,,,24517002,s==4|show,245170201,s==4|idle,,,,,,,
465,1,13055,s==11|Cẩm Mã Siêu,10,2,1026,120,2,1026,32,2,1,100,,,,,,,,,,,,24517002,s==4|show,245170201,s==4|idle,,,,,,,
466,1,13055,s==11|Cẩm Mã Siêu,11,2,1026,140,2,1026,34,1,1,100,,,,,,,,,,,,24517002,s==4|show,245170201,s==4|idle,,,,,,,
467,1,13055,s==11|Cẩm Mã Siêu,12,2,1026,163,2,1026,38,2,1,100,,,,,,,,,,,,24517002,s==4|show,245170201,s==4|idle,,,,,,,
468,1,13055,s==11|Cẩm Mã Siêu,13,2,1026,188,2,1026,42,3,1,100,,,,,,,,,,,,24517002,s==4|show,245170201,s==4|idle,,,,,,,
469,1,13055,s==11|Cẩm Mã Siêu,14,2,1026,217,2,1026,48,4,0,3,,,,,,,,,,,,24517002,s==4|show,245170201,s==4|idle,,,,,,,
470,1,13055,s==11|Cẩm Mã Siêu,15,2,1026,249,2,1026,54,1,1,100,,,,,,,,,,,,24517002,s==4|show,245170201,s==4|idle,,,,,,,
471,1,13055,s==11|Cẩm Mã Siêu,16,2,1026,285,2,1026,60,2,1,100,,,,,,,,,,,,24517002,s==4|show,245170201,s==4|idle,,,,,,,
472,1,13055,s==11|Cẩm Mã Siêu,17,2,1026,325,2,1026,66,3,1,200,,,,,,,,,,,,24517002,s==4|show,245170201,s==4|idle,,,,,,,
473,1,13055,s==11|Cẩm Mã Siêu,18,2,1026,372,2,1026,78,4,0,5,,,,,,,,,,,,24517002,s==4|show,245170201,s==4|idle,,,,,,,
474,1,13055,s==11|Cẩm Mã Siêu,19,2,1026,422,2,1026,84,1,1,100,,,,,,,,,,,,24517002,s==4|show,245170201,s==4|idle,,,,,,,
475,1,13055,s==11|Cẩm Mã Siêu,20,2,1026,480,2,1026,96,2,1,100,,,,,,,,,,,,24517002,s==8|show_max,245170201,s==8|idle_max,,,,,,,
476,1,13052,s==19|Xích Diễm Phong Bão,1,2,1026,6,2,1026,10,1,1,100,,,,,,,,,,,,25504005,s==4|show,255040501,s==4|idle,,,,,,,
477,1,13052,s==19|Xích Diễm Phong Bão,2,2,1026,13,2,1026,12,2,1,100,,,,,,,,,,,,25504005,s==4|show,255040501,s==4|idle,,,,,,,
478,1,13052,s==19|Xích Diễm Phong Bão,3,2,1026,21,2,1026,14,3,1,100,,,,,,,,,,,,25504005,s==4|show,255040501,s==4|idle,,,,,,,
479,1,13052,s==19|Xích Diễm Phong Bão,4,2,1026,31,2,1026,16,4,0,3,,,,,,,,,,,,25504005,s==4|show,255040501,s==4|idle,,,,,,,
480,1,13052,s==19|Xích Diễm Phong Bão,5,2,1026,43,2,1026,20,1,1,100,,,,,,,,,,,,25504005,s==4|show,255040501,s==4|idle,,,,,,,
481,1,13052,s==19|Xích Diễm Phong Bão,6,2,1026,55,2,1026,20,2,1,100,,,,,,,,,,,,25504005,s==4|show,255040501,s==4|idle,,,,,,,
482,1,13052,s==19|Xích Diễm Phong Bão,7,2,1026,68,2,1026,22,3,1,200,,,,,,,,,,,,25504005,s==4|show,255040501,s==4|idle,,,,,,,
483,1,13052,s==19|Xích Diễm Phong Bão,8,2,1026,84,2,1026,26,4,0,4,,,,,,,,,,,,25504005,s==4|show,255040501,s==4|idle,,,,,,,
484,1,13052,s==19|Xích Diễm Phong Bão,9,2,1026,100,2,1026,28,1,1,100,,,,,,,,,,,,25504005,s==4|show,255040501,s==4|idle,,,,,,,
485,1,13052,s==19|Xích Diễm Phong Bão,10,2,1026,120,2,1026,32,2,1,100,,,,,,,,,,,,25504005,s==4|show,255040501,s==4|idle,,,,,,,
486,1,13052,s==19|Xích Diễm Phong Bão,11,2,1026,140,2,1026,34,1,1,100,,,,,,,,,,,,25504005,s==4|show,255040501,s==4|idle,,,,,,,
487,1,13052,s==19|Xích Diễm Phong Bão,12,2,1026,163,2,1026,38,2,1,100,,,,,,,,,,,,25504005,s==4|show,255040501,s==4|idle,,,,,,,
488,1,13052,s==19|Xích Diễm Phong Bão,13,2,1026,188,2,1026,42,3,1,100,,,,,,,,,,,,25504005,s==4|show,255040501,s==4|idle,,,,,,,
489,1,13052,s==19|Xích Diễm Phong Bão,14,2,1026,217,2,1026,48,4,0,3,,,,,,,,,,,,25504005,s==4|show,255040501,s==4|idle,,,,,,,
490,1,13052,s==19|Xích Diễm Phong Bão,15,2,1026,249,2,1026,54,1,1,100,,,,,,,,,,,,25504005,s==4|show,255040501,s==4|idle,,,,,,,
491,1,13052,s==19|Xích Diễm Phong Bão,16,2,1026,285,2,1026,60,2,1,100,,,,,,,,,,,,25504005,s==4|show,255040501,s==4|idle,,,,,,,
492,1,13052,s==19|Xích Diễm Phong Bão,17,2,1026,325,2,1026,66,3,1,200,,,,,,,,,,,,25504005,s==4|show,255040501,s==4|idle,,,,,,,
493,1,13052,s==19|Xích Diễm Phong Bão,18,2,1026,372,2,1026,78,4,0,5,,,,,,,,,,,,25504005,s==4|show,255040501,s==4|idle,,,,,,,
494,1,13052,s==19|Xích Diễm Phong Bão,19,2,1026,422,2,1026,84,1,1,100,,,,,,,,,,,,25504005,s==4|show,255040501,s==4|idle,,,,,,,
495,1,13052,s==19|Xích Diễm Phong Bão,20,2,1026,480,2,1026,96,2,1,100,,,,,,,,,,,,25504005,s==8|show_max,255040500,s==8|idle_max,,,,,,,
496,1,13053,s==18|Mạt Nhật Cấp Phong,1,2,1026,6,2,1026,10,1,1,100,,,,,,,,,,,,25515005,s==4|show,255150201,s==4|idle,,,,,,,
497,1,13053,s==18|Mạt Nhật Cấp Phong,2,2,1026,13,2,1026,12,2,1,100,,,,,,,,,,,,25515005,s==4|show,255150201,s==4|idle,,,,,,,
498,1,13053,s==18|Mạt Nhật Cấp Phong,3,2,1026,21,2,1026,14,3,1,100,,,,,,,,,,,,25515005,s==4|show,255150201,s==4|idle,,,,,,,
499,1,13053,s==18|Mạt Nhật Cấp Phong,4,2,1026,31,2,1026,16,4,0,3,,,,,,,,,,,,25515005,s==4|show,255150201,s==4|idle,,,,,,,
500,1,13053,s==18|Mạt Nhật Cấp Phong,5,2,1026,43,2,1026,20,1,1,100,,,,,,,,,,,,25515005,s==4|show,255150201,s==4|idle,,,,,,,
501,1,13053,s==18|Mạt Nhật Cấp Phong,6,2,1026,55,2,1026,20,2,1,100,,,,,,,,,,,,25515005,s==4|show,255150201,s==4|idle,,,,,,,
502,1,13053,s==18|Mạt Nhật Cấp Phong,7,2,1026,68,2,1026,22,3,1,200,,,,,,,,,,,,25515005,s==4|show,255150201,s==4|idle,,,,,,,
503,1,13053,s==18|Mạt Nhật Cấp Phong,8,2,1026,84,2,1026,26,4,0,4,,,,,,,,,,,,25515005,s==4|show,255150201,s==4|idle,,,,,,,
504,1,13053,s==18|Mạt Nhật Cấp Phong,9,2,1026,100,2,1026,28,1,1,100,,,,,,,,,,,,25515005,s==4|show,255150201,s==4|idle,,,,,,,
505,1,13053,s==18|Mạt Nhật Cấp Phong,10,2,1026,120,2,1026,32,2,1,100,,,,,,,,,,,,25515005,s==4|show,255150201,s==4|idle,,,,,,,
506,1,13053,s==18|Mạt Nhật Cấp Phong,11,2,1026,140,2,1026,34,1,1,100,,,,,,,,,,,,25515005,s==4|show,255150201,s==4|idle,,,,,,,
507,1,13053,s==18|Mạt Nhật Cấp Phong,12,2,1026,163,2,1026,38,2,1,100,,,,,,,,,,,,25515005,s==4|show,255150201,s==4|idle,,,,,,,
508,1,13053,s==18|Mạt Nhật Cấp Phong,13,2,1026,188,2,1026,42,3,1,100,,,,,,,,,,,,25515005,s==4|show,255150201,s==4|idle,,,,,,,
509,1,13053,s==18|Mạt Nhật Cấp Phong,14,2,1026,217,2,1026,48,4,0,3,,,,,,,,,,,,25515005,s==4|show,255150201,s==4|idle,,,,,,,
510,1,13053,s==18|Mạt Nhật Cấp Phong,15,2,1026,249,2,1026,54,1,1,100,,,,,,,,,,,,25515005,s==4|show,255150201,s==4|idle,,,,,,,
511,1,13053,s==18|Mạt Nhật Cấp Phong,16,2,1026,285,2,1026,60,2,1,100,,,,,,,,,,,,25515005,s==4|show,255150201,s==4|idle,,,,,,,
512,1,13053,s==18|Mạt Nhật Cấp Phong,17,2,1026,325,2,1026,66,3,1,200,,,,,,,,,,,,25515005,s==4|show,255150201,s==4|idle,,,,,,,
513,1,13053,s==18|Mạt Nhật Cấp Phong,18,2,1026,372,2,1026,78,4,0,5,,,,,,,,,,,,25515005,s==4|show,255150201,s==4|idle,,,,,,,
514,1,13053,s==18|Mạt Nhật Cấp Phong,19,2,1026,422,2,1026,84,1,1,100,,,,,,,,,,,,25515005,s==4|show,255150201,s==4|idle,,,,,,,
515,1,13053,s==18|Mạt Nhật Cấp Phong,20,2,1026,480,2,1026,96,2,1,100,,,,,,,,,,,,25515005,s==8|show_max,255150201,s==8|idle_max,,,,,,,
516,1,13054,s==18|Bích Ngọc Võ Thánh,1,2,1026,6,2,1026,10,1,1,100,,,,,,,,,,,,24505505,s==4|show,245050501,s==4|idle,,,,,,,
517,1,13054,s==18|Bích Ngọc Võ Thánh,2,2,1026,13,2,1026,12,2,1,100,,,,,,,,,,,,24505505,s==4|show,245050501,s==4|idle,,,,,,,
518,1,13054,s==18|Bích Ngọc Võ Thánh,3,2,1026,21,2,1026,14,3,1,100,,,,,,,,,,,,24505505,s==4|show,245050501,s==4|idle,,,,,,,
519,1,13054,s==18|Bích Ngọc Võ Thánh,4,2,1026,31,2,1026,16,4,0,3,,,,,,,,,,,,24505505,s==4|show,245050501,s==4|idle,,,,,,,
520,1,13054,s==18|Bích Ngọc Võ Thánh,5,2,1026,43,2,1026,20,1,1,100,,,,,,,,,,,,24505505,s==4|show,245050501,s==4|idle,,,,,,,
521,1,13054,s==18|Bích Ngọc Võ Thánh,6,2,1026,55,2,1026,20,2,1,100,,,,,,,,,,,,24505505,s==4|show,245050501,s==4|idle,,,,,,,
522,1,13054,s==18|Bích Ngọc Võ Thánh,7,2,1026,68,2,1026,22,3,1,200,,,,,,,,,,,,24505505,s==4|show,245050501,s==4|idle,,,,,,,
523,1,13054,s==18|Bích Ngọc Võ Thánh,8,2,1026,84,2,1026,26,4,0,4,,,,,,,,,,,,24505505,s==4|show,245050501,s==4|idle,,,,,,,
524,1,13054,s==18|Bích Ngọc Võ Thánh,9,2,1026,100,2,1026,28,1,1,100,,,,,,,,,,,,24505505,s==4|show,245050501,s==4|idle,,,,,,,
525,1,13054,s==18|Bích Ngọc Võ Thánh,10,2,1026,120,2,1026,32,2,1,100,,,,,,,,,,,,24505505,s==4|show,245050501,s==4|idle,,,,,,,
526,1,13054,s==18|Bích Ngọc Võ Thánh,11,2,1026,140,2,1026,34,1,1,100,,,,,,,,,,,,24505505,s==4|show,245050501,s==4|idle,,,,,,,
527,1,13054,s==18|Bích Ngọc Võ Thánh,12,2,1026,163,2,1026,38,2,1,100,,,,,,,,,,,,24505505,s==4|show,245050501,s==4|idle,,,,,,,
528,1,13054,s==18|Bích Ngọc Võ Thánh,13,2,1026,188,2,1026,42,3,1,100,,,,,,,,,,,,24505505,s==4|show,245050501,s==4|idle,,,,,,,
529,1,13054,s==18|Bích Ngọc Võ Thánh,14,2,1026,217,2,1026,48,4,0,3,,,,,,,,,,,,24505505,s==4|show,245050501,s==4|idle,,,,,,,
530,1,13054,s==18|Bích Ngọc Võ Thánh,15,2,1026,249,2,1026,54,1,1,100,,,,,,,,,,,,24505505,s==4|show,245050501,s==4|idle,,,,,,,
531,1,13054,s==18|Bích Ngọc Võ Thánh,16,2,1026,285,2,1026,60,2,1,100,,,,,,,,,,,,24505505,s==4|show,245050501,s==4|idle,,,,,,,
532,1,13054,s==18|Bích Ngọc Võ Thánh,17,2,1026,325,2,1026,66,3,1,200,,,,,,,,,,,,24505505,s==4|show,245050501,s==4|idle,,,,,,,
533,1,13054,s==18|Bích Ngọc Võ Thánh,18,2,1026,372,2,1026,78,4,0,5,,,,,,,,,,,,24505505,s==4|show,245050501,s==4|idle,,,,,,,
534,1,13054,s==18|Bích Ngọc Võ Thánh,19,2,1026,422,2,1026,84,1,1,100,,,,,,,,,,,,24505505,s==4|show,245050501,s==4|idle,,,,,,,
535,1,13054,s==18|Bích Ngọc Võ Thánh,20,2,1026,480,2,1026,96,2,1,100,,,,,,,,,,,,24505505,s==8|show_max,245050501,s==8|idle_max,,,,,,,
536,2,13056,s==15|Hoang Cổ Bá Tôn,1,2,1083,50,2,1083,50,1,1,100,2,1,100,3,1,100,4,0,3,101,11,25502180,s==4|show,255021801,s==4|idle,,,,,,,
537,2,13056,s==15|Hoang Cổ Bá Tôn,2,2,1083,100,2,1083,50,1,1,100,2,1,100,3,1,100,4,0,3,101,11,25502180,s==4|show,255021801,s==4|idle,,,,,,,
538,2,13056,s==15|Hoang Cổ Bá Tôn,3,2,1083,150,2,1083,50,1,1,100,2,1,100,3,1,100,4,0,3,101,11,25502180,s==4|show,255021801,s==4|idle,,,,,,,
539,2,13056,s==15|Hoang Cổ Bá Tôn,4,2,1083,200,2,1083,50,1,1,100,2,1,100,3,1,100,4,0,3,101,11,25502180,s==4|show,255021801,s==4|idle,,,,,,,
540,2,13056,s==15|Hoang Cổ Bá Tôn,5,2,1083,250,2,1083,50,1,1,100,2,1,100,3,1,100,4,0,3,101,11,25502180,s==8|show_max,255021801,s==8|idle_max,,,,,,,
541,1,13057,s==18|Bích Ngọc Võ Thánh,1,2,1026,6,2,1026,10,1,1,100,,,,,,,,,,,,24505005,s==4|show,225040301,s==4|idle,,,,,,,
542,1,13057,s==18|Bích Ngọc Võ Thánh,2,2,1026,13,2,1026,12,2,1,100,,,,,,,,,,,,24505005,s==4|show,225040301,s==4|idle,,,,,,,
543,1,13057,s==18|Bích Ngọc Võ Thánh,3,2,1026,21,2,1026,14,3,1,100,,,,,,,,,,,,24505005,s==4|show,225040301,s==4|idle,,,,,,,
544,1,13057,s==18|Bích Ngọc Võ Thánh,4,2,1026,31,2,1026,16,4,0,3,,,,,,,,,,,,24505005,s==4|show,225040301,s==4|idle,,,,,,,
545,1,13057,s==18|Bích Ngọc Võ Thánh,5,2,1026,43,2,1026,20,1,1,100,,,,,,,,,,,,24505005,s==4|show,225040301,s==4|idle,,,,,,,
546,1,13057,s==18|Bích Ngọc Võ Thánh,6,2,1026,55,2,1026,20,2,1,100,,,,,,,,,,,,24505005,s==4|show,225040301,s==4|idle,,,,,,,
547,1,13057,s==18|Bích Ngọc Võ Thánh,7,2,1026,68,2,1026,22,3,1,200,,,,,,,,,,,,24505005,s==4|show,225040301,s==4|idle,,,,,,,
548,1,13057,s==18|Bích Ngọc Võ Thánh,8,2,1026,84,2,1026,26,4,0,4,,,,,,,,,,,,24505005,s==4|show,225040301,s==4|idle,,,,,,,
549,1,13057,s==18|Bích Ngọc Võ Thánh,9,2,1026,100,2,1026,28,1,1,100,,,,,,,,,,,,24505005,s==4|show,225040301,s==4|idle,,,,,,,
550,1,13057,s==18|Bích Ngọc Võ Thánh,10,2,1026,120,2,1026,32,2,1,100,,,,,,,,,,,,24505005,s==4|show,225040301,s==4|idle,,,,,,,
551,1,13057,s==18|Bích Ngọc Võ Thánh,11,2,1026,140,2,1026,34,1,1,100,,,,,,,,,,,,24505005,s==4|show,225040301,s==4|idle,,,,,,,
552,1,13057,s==18|Bích Ngọc Võ Thánh,12,2,1026,163,2,1026,38,2,1,100,,,,,,,,,,,,24505005,s==4|show,225040301,s==4|idle,,,,,,,
553,1,13057,s==18|Bích Ngọc Võ Thánh,13,2,1026,188,2,1026,42,3,1,100,,,,,,,,,,,,24505005,s==4|show,225040301,s==4|idle,,,,,,,
554,1,13057,s==18|Bích Ngọc Võ Thánh,14,2,1026,217,2,1026,48,4,0,3,,,,,,,,,,,,24505005,s==4|show,225040301,s==4|idle,,,,,,,
555,1,13057,s==18|Bích Ngọc Võ Thánh,15,2,1026,249,2,1026,54,1,1,100,,,,,,,,,,,,24505005,s==4|show,225040301,s==4|idle,,,,,,,
556,1,13057,s==18|Bích Ngọc Võ Thánh,16,2,1026,285,2,1026,60,2,1,100,,,,,,,,,,,,24505005,s==4|show,225040301,s==4|idle,,,,,,,
557,1,13057,s==18|Bích Ngọc Võ Thánh,17,2,1026,325,2,1026,66,3,1,200,,,,,,,,,,,,24505005,s==4|show,225040301,s==4|idle,,,,,,,
558,1,13057,s==18|Bích Ngọc Võ Thánh,18,2,1026,372,2,1026,78,4,0,5,,,,,,,,,,,,24505005,s==4|show,225040301,s==4|idle,,,,,,,
559,1,13057,s==18|Bích Ngọc Võ Thánh,19,2,1026,422,2,1026,84,1,1,100,,,,,,,,,,,,24505005,s==4|show,225040301,s==4|idle,,,,,,,
560,1,13057,s==18|Bích Ngọc Võ Thánh,20,2,1026,480,2,1026,96,2,1,100,,,,,,,,,,,,24505005,s==8|show_max,225040301,s==8|idle_max,,,,,,,
561,2,13058,s==22|Xung Nguyệt Thiên Khuy,1,2,1083,50,2,1083,50,1,1,100,2,1,100,3,1,100,4,0,3,101,11,2251520,s==4|show,22515201,s==4|idle,,,,,,,
562,2,13058,s==22|Xung Nguyệt Thiên Khuy,2,2,1083,100,2,1083,50,1,1,100,2,1,100,3,1,100,4,0,3,101,11,2251520,s==4|show,22515201,s==4|idle,,,,,,,
563,2,13058,s==22|Xung Nguyệt Thiên Khuy,3,2,1083,150,2,1083,50,1,1,100,2,1,100,3,1,100,4,0,3,101,11,2251520,s==4|show,22515201,s==4|idle,,,,,,,
564,2,13058,s==22|Xung Nguyệt Thiên Khuy,4,2,1083,200,2,1083,50,1,1,100,2,1,100,3,1,100,4,0,3,101,11,2251520,s==4|show,22515201,s==4|idle,,,,,,,
565,2,13058,s==22|Xung Nguyệt Thiên Khuy,5,2,1083,250,2,1083,50,1,1,100,2,1,100,3,1,100,4,0,3,101,11,2251520,s==8|show_max,22515201,s==8|idle_max,,,,,,,
566,4,13059,s==14|Hạ Nhật Lệ Ảnh,1,2,1026,10,2,1026,10,,,,,,,,,,,,,,,24510002,s==4|show,245100201,s==4|idle,1,1,20,2,1,0,
567,4,13059,s==14|Hạ Nhật Lệ Ảnh,2,2,1026,22,2,1026,12,,,,,,,,,,,,,,,24510002,s==4|show,245100201,s==4|idle,1,1,0,2,1,20,
568,4,13059,s==14|Hạ Nhật Lệ Ảnh,3,2,1026,36,2,1026,14,,,,,,,,,,,,,,,24510002,s==4|show,245100201,s==4|idle,1,1,20,2,1,0,
569,4,13059,s==14|Hạ Nhật Lệ Ảnh,4,2,1026,52,2,1026,16,,,,,,,,,,,,,,,24510002,s==4|show,245100201,s==4|idle,1,1,0,2,1,20,
570,4,13059,s==14|Hạ Nhật Lệ Ảnh,5,2,1026,72,2,1026,20,,,,,,,,,,,,,,,24510002,s==4|show,245100201,s==4|idle,1,1,20,2,1,0,
571,4,13059,s==14|Hạ Nhật Lệ Ảnh,6,2,1026,92,2,1026,20,,,,,,,,,,,,,,,24510002,s==4|show,245100201,s==4|idle,1,1,0,2,1,20,
572,4,13059,s==14|Hạ Nhật Lệ Ảnh,7,2,1026,114,2,1026,22,,,,,,,,,,,,,,,24510002,s==4|show,245100201,s==4|idle,1,1,20,2,1,0,
573,4,13059,s==14|Hạ Nhật Lệ Ảnh,8,2,1026,140,2,1026,26,,,,,,,,,,,,,,,24510002,s==4|show,245100201,s==4|idle,1,1,0,2,1,20,
574,4,13059,s==14|Hạ Nhật Lệ Ảnh,9,2,1026,168,2,1026,28,,,,,,,,,,,,,,,24510002,s==4|show,245100201,s==4|idle,1,1,20,2,1,0,
575,4,13059,s==14|Hạ Nhật Lệ Ảnh,10,2,1026,200,2,1026,32,,,,,,,,,,,,,,,24510002,s==4|show,245100201,s==4|idle,1,1,0,2,1,20,
576,4,13059,s==14|Hạ Nhật Lệ Ảnh,11,2,1026,234,2,1026,34,,,,,,,,,,,,,,,24510002,s==4|show,245100201,s==4|idle,1,1,20,2,1,0,
577,4,13059,s==14|Hạ Nhật Lệ Ảnh,12,2,1026,272,2,1026,38,,,,,,,,,,,,,,,24510002,s==4|show,245100201,s==4|idle,1,1,0,2,1,20,
578,4,13059,s==14|Hạ Nhật Lệ Ảnh,13,2,1026,314,2,1026,42,,,,,,,,,,,,,,,24510002,s==4|show,245100201,s==4|idle,1,1,20,2,1,0,
579,4,13059,s==14|Hạ Nhật Lệ Ảnh,14,2,1026,362,2,1026,48,,,,,,,,,,,,,,,24510002,s==4|show,245100201,s==4|idle,1,1,0,2,1,20,
580,4,13059,s==14|Hạ Nhật Lệ Ảnh,15,2,1026,416,2,1026,54,,,,,,,,,,,,,,,24510002,s==4|show,245100201,s==4|idle,1,1,20,2,1,0,
581,4,13059,s==14|Hạ Nhật Lệ Ảnh,16,2,1026,476,2,1026,60,,,,,,,,,,,,,,,24510002,s==4|show,245100201,s==4|idle,1,1,0,2,1,20,
582,4,13059,s==14|Hạ Nhật Lệ Ảnh,17,2,1026,542,2,1026,66,,,,,,,,,,,,,,,24510002,s==4|show,245100201,s==4|idle,1,1,20,2,1,0,
583,4,13059,s==14|Hạ Nhật Lệ Ảnh,18,2,1026,620,2,1026,78,,,,,,,,,,,,,,,24510002,s==4|show,245100201,s==4|idle,1,1,0,2,1,20,
584,4,13059,s==14|Hạ Nhật Lệ Ảnh,19,2,1026,704,2,1026,84,,,,,,,,,,,,,,,24510002,s==4|show,245100201,s==4|idle,1,1,20,2,1,0,
585,4,13059,s==14|Hạ Nhật Lệ Ảnh,20,2,1026,800,2,1026,96,,,,,,,,,,,,,,,24510002,s==8|show_max,245100201,s==8|idle_max,1,1,0,2,1,20,
586,4,13060,s==17|Trung Hạ Chi Mộng,1,2,1026,10,2,1026,10,,,,,,,,,,,,,,,25509002,s==4|show,255090201,s==4|idle,1,1,20,2,1,0,
587,4,13060,s==17|Trung Hạ Chi Mộng,2,2,1026,22,2,1026,12,,,,,,,,,,,,,,,25509002,s==4|show,255090201,s==4|idle,1,1,0,2,1,20,
588,4,13060,s==17|Trung Hạ Chi Mộng,3,2,1026,36,2,1026,14,,,,,,,,,,,,,,,25509002,s==4|show,255090201,s==4|idle,1,1,20,2,1,0,
589,4,13060,s==17|Trung Hạ Chi Mộng,4,2,1026,52,2,1026,16,,,,,,,,,,,,,,,25509002,s==4|show,255090201,s==4|idle,1,1,0,2,1,20,
590,4,13060,s==17|Trung Hạ Chi Mộng,5,2,1026,72,2,1026,20,,,,,,,,,,,,,,,25509002,s==4|show,255090201,s==4|idle,1,1,20,2,1,0,
591,4,13060,s==17|Trung Hạ Chi Mộng,6,2,1026,92,2,1026,20,,,,,,,,,,,,,,,25509002,s==4|show,255090201,s==4|idle,1,1,0,2,1,20,
592,4,13060,s==17|Trung Hạ Chi Mộng,7,2,1026,114,2,1026,22,,,,,,,,,,,,,,,25509002,s==4|show,255090201,s==4|idle,1,1,20,2,1,0,
593,4,13060,s==17|Trung Hạ Chi Mộng,8,2,1026,140,2,1026,26,,,,,,,,,,,,,,,25509002,s==4|show,255090201,s==4|idle,1,1,0,2,1,20,
594,4,13060,s==17|Trung Hạ Chi Mộng,9,2,1026,168,2,1026,28,,,,,,,,,,,,,,,25509002,s==4|show,255090201,s==4|idle,1,1,20,2,1,0,
595,4,13060,s==17|Trung Hạ Chi Mộng,10,2,1026,200,2,1026,32,,,,,,,,,,,,,,,25509002,s==4|show,255090201,s==4|idle,1,1,0,2,1,20,
596,4,13060,s==17|Trung Hạ Chi Mộng,11,2,1026,234,2,1026,34,,,,,,,,,,,,,,,25509002,s==4|show,255090201,s==4|idle,1,1,20,2,1,0,
597,4,13060,s==17|Trung Hạ Chi Mộng,12,2,1026,272,2,1026,38,,,,,,,,,,,,,,,25509002,s==4|show,255090201,s==4|idle,1,1,0,2,1,20,
598,4,13060,s==17|Trung Hạ Chi Mộng,13,2,1026,314,2,1026,42,,,,,,,,,,,,,,,25509002,s==4|show,255090201,s==4|idle,1,1,20,2,1,0,
599,4,13060,s==17|Trung Hạ Chi Mộng,14,2,1026,362,2,1026,48,,,,,,,,,,,,,,,25509002,s==4|show,255090201,s==4|idle,1,1,0,2,1,20,
600,4,13060,s==17|Trung Hạ Chi Mộng,15,2,1026,416,2,1026,54,,,,,,,,,,,,,,,25509002,s==4|show,255090201,s==4|idle,1,1,20,2,1,0,
601,4,13060,s==17|Trung Hạ Chi Mộng,16,2,1026,476,2,1026,60,,,,,,,,,,,,,,,25509002,s==4|show,255090201,s==4|idle,1,1,0,2,1,20,
602,4,13060,s==17|Trung Hạ Chi Mộng,17,2,1026,542,2,1026,66,,,,,,,,,,,,,,,25509002,s==4|show,255090201,s==4|idle,1,1,20,2,1,0,
603,4,13060,s==17|Trung Hạ Chi Mộng,18,2,1026,620,2,1026,78,,,,,,,,,,,,,,,25509002,s==4|show,255090201,s==4|idle,1,1,0,2,1,20,
604,4,13060,s==17|Trung Hạ Chi Mộng,19,2,1026,704,2,1026,84,,,,,,,,,,,,,,,25509002,s==4|show,255090201,s==4|idle,1,1,20,2,1,0,
605,4,13060,s==17|Trung Hạ Chi Mộng,20,2,1026,800,2,1026,96,,,,,,,,,,,,,,,25509002,s==8|show_max,255090201,s==8|idle_max,1,1,0,2,1,20,
606,4,13061,s==17|Đạo Pháp Vô Giang,1,2,1026,10,2,1026,10,,,,,,,,,,,,,,,24518002,s==4|show,245180201,s==4|idle,1,1,20,2,1,0,
607,4,13061,s==17|Đạo Pháp Vô Giang,2,2,1026,22,2,1026,12,,,,,,,,,,,,,,,24518002,s==4|show,245180201,s==4|idle,1,1,0,2,1,20,
608,4,13061,s==17|Đạo Pháp Vô Giang,3,2,1026,36,2,1026,14,,,,,,,,,,,,,,,24518002,s==4|show,245180201,s==4|idle,1,1,20,2,1,0,
609,4,13061,s==17|Đạo Pháp Vô Giang,4,2,1026,52,2,1026,16,,,,,,,,,,,,,,,24518002,s==4|show,245180201,s==4|idle,1,1,0,2,1,20,
610,4,13061,s==17|Đạo Pháp Vô Giang,5,2,1026,72,2,1026,20,,,,,,,,,,,,,,,24518002,s==4|show,245180201,s==4|idle,1,1,20,2,1,0,
611,4,13061,s==17|Đạo Pháp Vô Giang,6,2,1026,92,2,1026,20,,,,,,,,,,,,,,,24518002,s==4|show,245180201,s==4|idle,1,1,0,2,1,20,
612,4,13061,s==17|Đạo Pháp Vô Giang,7,2,1026,114,2,1026,22,,,,,,,,,,,,,,,24518002,s==4|show,245180201,s==4|idle,1,1,20,2,1,0,
613,4,13061,s==17|Đạo Pháp Vô Giang,8,2,1026,140,2,1026,26,,,,,,,,,,,,,,,24518002,s==4|show,245180201,s==4|idle,1,1,0,2,1,20,
614,4,13061,s==17|Đạo Pháp Vô Giang,9,2,1026,168,2,1026,28,,,,,,,,,,,,,,,24518002,s==4|show,245180201,s==4|idle,1,1,20,2,1,0,
615,4,13061,s==17|Đạo Pháp Vô Giang,10,2,1026,200,2,1026,32,,,,,,,,,,,,,,,24518002,s==4|show,245180201,s==4|idle,1,1,0,2,1,20,
616,4,13061,s==17|Đạo Pháp Vô Giang,11,2,1026,234,2,1026,34,,,,,,,,,,,,,,,24518002,s==4|show,245180201,s==4|idle,1,1,20,2,1,0,
617,4,13061,s==17|Đạo Pháp Vô Giang,12,2,1026,272,2,1026,38,,,,,,,,,,,,,,,24518002,s==4|show,245180201,s==4|idle,1,1,0,2,1,20,
618,4,13061,s==17|Đạo Pháp Vô Giang,13,2,1026,314,2,1026,42,,,,,,,,,,,,,,,24518002,s==4|show,245180201,s==4|idle,1,1,20,2,1,0,
619,4,13061,s==17|Đạo Pháp Vô Giang,14,2,1026,362,2,1026,48,,,,,,,,,,,,,,,24518002,s==4|show,245180201,s==4|idle,1,1,0,2,1,20,
620,4,13061,s==17|Đạo Pháp Vô Giang,15,2,1026,416,2,1026,54,,,,,,,,,,,,,,,24518002,s==4|show,245180201,s==4|idle,1,1,20,2,1,0,
621,4,13061,s==17|Đạo Pháp Vô Giang,16,2,1026,476,2,1026,60,,,,,,,,,,,,,,,24518002,s==4|show,245180201,s==4|idle,1,1,0,2,1,20,
622,4,13061,s==17|Đạo Pháp Vô Giang,17,2,1026,542,2,1026,66,,,,,,,,,,,,,,,24518002,s==4|show,245180201,s==4|idle,1,1,20,2,1,0,
623,4,13061,s==17|Đạo Pháp Vô Giang,18,2,1026,620,2,1026,78,,,,,,,,,,,,,,,24518002,s==4|show,245180201,s==4|idle,1,1,0,2,1,20,
624,4,13061,s==17|Đạo Pháp Vô Giang,19,2,1026,704,2,1026,84,,,,,,,,,,,,,,,24518002,s==4|show,245180201,s==4|idle,1,1,20,2,1,0,
625,4,13061,s==17|Đạo Pháp Vô Giang,20,2,1026,800,2,1026,96,,,,,,,,,,,,,,,24518002,s==8|show_max,245180201,s==8|idle_max,1,1,0,2,1,20,
626,2,13062,s==19|Vạn Tượng Thần Khải,1,2,1083,50,2,1083,50,1,1,100,2,1,100,3,1,100,4,0,3,101,11,26501001,s==4|show,265010101,s==4|idle,,,,,,,
627,2,13062,s==19|Vạn Tượng Thần Khải,2,2,1083,100,2,1083,50,1,1,100,2,1,100,3,1,100,4,0,3,101,11,26501001,s==4|show,265010101,s==4|idle,,,,,,,
628,2,13062,s==19|Vạn Tượng Thần Khải,3,2,1083,150,2,1083,50,1,1,100,2,1,100,3,1,100,4,0,3,101,11,26501001,s==4|show,265010101,s==4|idle,,,,,,,
629,2,13062,s==19|Vạn Tượng Thần Khải,4,2,1083,200,2,1083,50,1,1,100,2,1,100,3,1,100,4,0,3,101,11,26501001,s==4|show,265010101,s==4|idle,,,,,,,
630,2,13062,s==19|Vạn Tượng Thần Khải,5,2,1083,250,2,1083,50,1,1,100,2,1,100,3,1,100,4,0,3,101,11,26501001,s==8|show_max,265010101,s==8|idle_max,,,,,,,
631,1,13063,s==19|Vương Xương Ma Quân,1,2,1026,6,2,1026,10,1,1,100,,,,,,,,,,,,25510002,s==4|show,255100201,s==4|idle,,,,,,,
632,1,13063,s==19|Vương Xương Ma Quân,2,2,1026,13,2,1026,12,2,1,100,,,,,,,,,,,,25510002,s==4|show,255100201,s==4|idle,,,,,,,
633,1,13063,s==19|Vương Xương Ma Quân,3,2,1026,21,2,1026,14,3,1,100,,,,,,,,,,,,25510002,s==4|show,255100201,s==4|idle,,,,,,,
634,1,13063,s==19|Vương Xương Ma Quân,4,2,1026,31,2,1026,16,4,0,3,,,,,,,,,,,,25510002,s==4|show,255100201,s==4|idle,,,,,,,
635,1,13063,s==19|Vương Xương Ma Quân,5,2,1026,43,2,1026,20,1,1,100,,,,,,,,,,,,25510002,s==4|show,255100201,s==4|idle,,,,,,,
636,1,13063,s==19|Vương Xương Ma Quân,6,2,1026,55,2,1026,20,2,1,100,,,,,,,,,,,,25510002,s==4|show,255100201,s==4|idle,,,,,,,
637,1,13063,s==19|Vương Xương Ma Quân,7,2,1026,68,2,1026,22,3,1,200,,,,,,,,,,,,25510002,s==4|show,255100201,s==4|idle,,,,,,,
638,1,13063,s==19|Vương Xương Ma Quân,8,2,1026,84,2,1026,26,4,0,4,,,,,,,,,,,,25510002,s==4|show,255100201,s==4|idle,,,,,,,
639,1,13063,s==19|Vương Xương Ma Quân,9,2,1026,100,2,1026,28,1,1,100,,,,,,,,,,,,25510002,s==4|show,255100201,s==4|idle,,,,,,,
640,1,13063,s==19|Vương Xương Ma Quân,10,2,1026,120,2,1026,32,2,1,100,,,,,,,,,,,,25510002,s==4|show,255100201,s==4|idle,,,,,,,
641,1,13063,s==19|Vương Xương Ma Quân,11,2,1026,140,2,1026,34,1,1,100,,,,,,,,,,,,25510002,s==4|show,255100201,s==4|idle,,,,,,,
642,1,13063,s==19|Vương Xương Ma Quân,12,2,1026,163,2,1026,38,2,1,100,,,,,,,,,,,,25510002,s==4|show,255100201,s==4|idle,,,,,,,
643,1,13063,s==19|Vương Xương Ma Quân,13,2,1026,188,2,1026,42,3,1,100,,,,,,,,,,,,25510002,s==4|show,255100201,s==4|idle,,,,,,,
644,1,13063,s==19|Vương Xương Ma Quân,14,2,1026,217,2,1026,48,4,0,3,,,,,,,,,,,,25510002,s==4|show,255100201,s==4|idle,,,,,,,
645,1,13063,s==19|Vương Xương Ma Quân,15,2,1026,249,2,1026,54,1,1,100,,,,,,,,,,,,25510002,s==4|show,255100201,s==4|idle,,,,,,,
646,1,13063,s==19|Vương Xương Ma Quân,16,2,1026,285,2,1026,60,2,1,100,,,,,,,,,,,,25510002,s==4|show,255100201,s==4|idle,,,,,,,
647,1,13063,s==19|Vương Xương Ma Quân,17,2,1026,325,2,1026,66,3,1,200,,,,,,,,,,,,25510002,s==4|show,255100201,s==4|idle,,,,,,,
648,1,13063,s==19|Vương Xương Ma Quân,18,2,1026,372,2,1026,78,4,0,5,,,,,,,,,,,,25510002,s==4|show,255100201,s==4|idle,,,,,,,
649,1,13063,s==19|Vương Xương Ma Quân,19,2,1026,422,2,1026,84,1,1,100,,,,,,,,,,,,25510002,s==4|show,255100201,s==4|idle,,,,,,,
650,1,13063,s==19|Vương Xương Ma Quân,20,2,1026,480,2,1026,96,2,1,100,,,,,,,,,,,,25510002,s==8|show_max,255100201,s==8|idle_max,,,,,,,
651,4,13064,s==21|Thiệu Thành Tiềm Giảo,1,2,1026,10,2,1026,10,,,,,,,,,,,,,,,21515002,s==4|show,215150201,s==4|idle,1,1,20,2,1,0,
652,4,13064,s==21|Thiệu Thành Tiềm Giảo,2,2,1026,22,2,1026,12,,,,,,,,,,,,,,,21515002,s==4|show,215150201,s==4|idle,1,1,0,2,1,20,
653,4,13064,s==21|Thiệu Thành Tiềm Giảo,3,2,1026,36,2,1026,14,,,,,,,,,,,,,,,21515002,s==4|show,215150201,s==4|idle,1,1,20,2,1,0,
654,4,13064,s==21|Thiệu Thành Tiềm Giảo,4,2,1026,52,2,1026,16,,,,,,,,,,,,,,,21515002,s==4|show,215150201,s==4|idle,1,1,0,2,1,20,
655,4,13064,s==21|Thiệu Thành Tiềm Giảo,5,2,1026,72,2,1026,20,,,,,,,,,,,,,,,21515002,s==4|show,215150201,s==4|idle,1,1,20,2,1,0,
656,4,13064,s==21|Thiệu Thành Tiềm Giảo,6,2,1026,92,2,1026,20,,,,,,,,,,,,,,,21515002,s==4|show,215150201,s==4|idle,1,1,0,2,1,20,
657,4,13064,s==21|Thiệu Thành Tiềm Giảo,7,2,1026,114,2,1026,22,,,,,,,,,,,,,,,21515002,s==4|show,215150201,s==4|idle,1,1,20,2,1,0,
658,4,13064,s==21|Thiệu Thành Tiềm Giảo,8,2,1026,140,2,1026,26,,,,,,,,,,,,,,,21515002,s==4|show,215150201,s==4|idle,1,1,0,2,1,20,
659,4,13064,s==21|Thiệu Thành Tiềm Giảo,9,2,1026,168,2,1026,28,,,,,,,,,,,,,,,21515002,s==4|show,215150201,s==4|idle,1,1,20,2,1,0,
660,4,13064,s==21|Thiệu Thành Tiềm Giảo,10,2,1026,200,2,1026,32,,,,,,,,,,,,,,,21515002,s==4|show,215150201,s==4|idle,1,1,0,2,1,20,
661,4,13064,s==21|Thiệu Thành Tiềm Giảo,11,2,1026,234,2,1026,34,,,,,,,,,,,,,,,21515002,s==4|show,215150201,s==4|idle,1,1,20,2,1,0,
662,4,13064,s==21|Thiệu Thành Tiềm Giảo,12,2,1026,272,2,1026,38,,,,,,,,,,,,,,,21515002,s==4|show,215150201,s==4|idle,1,1,0,2,1,20,
663,4,13064,s==21|Thiệu Thành Tiềm Giảo,13,2,1026,314,2,1026,42,,,,,,,,,,,,,,,21515002,s==4|show,215150201,s==4|idle,1,1,20,2,1,0,
664,4,13064,s==21|Thiệu Thành Tiềm Giảo,14,2,1026,362,2,1026,48,,,,,,,,,,,,,,,21515002,s==4|show,215150201,s==4|idle,1,1,0,2,1,20,
665,4,13064,s==21|Thiệu Thành Tiềm Giảo,15,2,1026,416,2,1026,54,,,,,,,,,,,,,,,21515002,s==4|show,215150201,s==4|idle,1,1,20,2,1,0,
666,4,13064,s==21|Thiệu Thành Tiềm Giảo,16,2,1026,476,2,1026,60,,,,,,,,,,,,,,,21515002,s==4|show,215150201,s==4|idle,1,1,0,2,1,20,
667,4,13064,s==21|Thiệu Thành Tiềm Giảo,17,2,1026,542,2,1026,66,,,,,,,,,,,,,,,21515002,s==4|show,215150201,s==4|idle,1,1,20,2,1,0,
668,4,13064,s==21|Thiệu Thành Tiềm Giảo,18,2,1026,620,2,1026,78,,,,,,,,,,,,,,,21515002,s==4|show,215150201,s==4|idle,1,1,0,2,1,20,
669,4,13064,s==21|Thiệu Thành Tiềm Giảo,19,2,1026,704,2,1026,84,,,,,,,,,,,,,,,21515002,s==4|show,215150201,s==4|idle,1,1,20,2,1,0,
670,4,13064,s==21|Thiệu Thành Tiềm Giảo,20,2,1026,800,2,1026,96,,,,,,,,,,,,,,,21515002,s==8|show_max,215150201,s==8|idle_max,1,1,0,2,1,20,
671,4,13065,s==16|Bang Chủ Hắc Đạo,1,2,1026,10,2,1026,10,,,,,,,,,,,,,,,23511002,s==4|show,235110201,s==4|idle,1,1,20,2,1,0,
672,4,13065,s==16|Bang Chủ Hắc Đạo,2,2,1026,22,2,1026,12,,,,,,,,,,,,,,,23511002,s==4|show,235110201,s==4|idle,1,1,0,2,1,20,
673,4,13065,s==16|Bang Chủ Hắc Đạo,3,2,1026,36,2,1026,14,,,,,,,,,,,,,,,23511002,s==4|show,235110201,s==4|idle,1,1,20,2,1,0,
674,4,13065,s==16|Bang Chủ Hắc Đạo,4,2,1026,52,2,1026,16,,,,,,,,,,,,,,,23511002,s==4|show,235110201,s==4|idle,1,1,0,2,1,20,
675,4,13065,s==16|Bang Chủ Hắc Đạo,5,2,1026,72,2,1026,20,,,,,,,,,,,,,,,23511002,s==4|show,235110201,s==4|idle,1,1,20,2,1,0,
676,4,13065,s==16|Bang Chủ Hắc Đạo,6,2,1026,92,2,1026,20,,,,,,,,,,,,,,,23511002,s==4|show,235110201,s==4|idle,1,1,0,2,1,20,
677,4,13065,s==16|Bang Chủ Hắc Đạo,7,2,1026,114,2,1026,22,,,,,,,,,,,,,,,23511002,s==4|show,235110201,s==4|idle,1,1,20,2,1,0,
678,4,13065,s==16|Bang Chủ Hắc Đạo,8,2,1026,140,2,1026,26,,,,,,,,,,,,,,,23511002,s==4|show,235110201,s==4|idle,1,1,0,2,1,20,
679,4,13065,s==16|Bang Chủ Hắc Đạo,9,2,1026,168,2,1026,28,,,,,,,,,,,,,,,23511002,s==4|show,235110201,s==4|idle,1,1,20,2,1,0,
680,4,13065,s==16|Bang Chủ Hắc Đạo,10,2,1026,200,2,1026,32,,,,,,,,,,,,,,,23511002,s==4|show,235110201,s==4|idle,1,1,0,2,1,20,
681,4,13065,s==16|Bang Chủ Hắc Đạo,11,2,1026,234,2,1026,34,,,,,,,,,,,,,,,23511002,s==4|show,235110201,s==4|idle,1,1,20,2,1,0,
682,4,13065,s==16|Bang Chủ Hắc Đạo,12,2,1026,272,2,1026,38,,,,,,,,,,,,,,,23511002,s==4|show,235110201,s==4|idle,1,1,0,2,1,20,
683,4,13065,s==16|Bang Chủ Hắc Đạo,13,2,1026,314,2,1026,42,,,,,,,,,,,,,,,23511002,s==4|show,235110201,s==4|idle,1,1,20,2,1,0,
684,4,13065,s==16|Bang Chủ Hắc Đạo,14,2,1026,362,2,1026,48,,,,,,,,,,,,,,,23511002,s==4|show,235110201,s==4|idle,1,1,0,2,1,20,
685,4,13065,s==16|Bang Chủ Hắc Đạo,15,2,1026,416,2,1026,54,,,,,,,,,,,,,,,23511002,s==4|show,235110201,s==4|idle,1,1,20,2,1,0,
686,4,13065,s==16|Bang Chủ Hắc Đạo,16,2,1026,476,2,1026,60,,,,,,,,,,,,,,,23511002,s==4|show,235110201,s==4|idle,1,1,0,2,1,20,
687,4,13065,s==16|Bang Chủ Hắc Đạo,17,2,1026,542,2,1026,66,,,,,,,,,,,,,,,23511002,s==4|show,235110201,s==4|idle,1,1,20,2,1,0,
688,4,13065,s==16|Bang Chủ Hắc Đạo,18,2,1026,620,2,1026,78,,,,,,,,,,,,,,,23511002,s==4|show,235110201,s==4|idle,1,1,0,2,1,20,
689,4,13065,s==16|Bang Chủ Hắc Đạo,19,2,1026,704,2,1026,84,,,,,,,,,,,,,,,23511002,s==4|show,235110201,s==4|idle,1,1,20,2,1,0,
690,4,13065,s==16|Bang Chủ Hắc Đạo,20,2,1026,800,2,1026,96,,,,,,,,,,,,,,,23511002,s==8|show_max,235110201,s==8|idle_max,1,1,0,2,1,20,
691,4,13066,s==13|CEO Tiểu Kiều,1,2,1026,10,2,1026,10,,,,,,,,,,,,,,,23503002,s==4|show,235030201,s==4|idle,1,1,20,2,1,0,
692,4,13066,s==13|CEO Tiểu Kiều,2,2,1026,22,2,1026,12,,,,,,,,,,,,,,,23503002,s==4|show,235030201,s==4|idle,1,1,0,2,1,20,
693,4,13066,s==13|CEO Tiểu Kiều,3,2,1026,36,2,1026,14,,,,,,,,,,,,,,,23503002,s==4|show,235030201,s==4|idle,1,1,20,2,1,0,
694,4,13066,s==13|CEO Tiểu Kiều,4,2,1026,52,2,1026,16,,,,,,,,,,,,,,,23503002,s==4|show,235030201,s==4|idle,1,1,0,2,1,20,
695,4,13066,s==13|CEO Tiểu Kiều,5,2,1026,72,2,1026,20,,,,,,,,,,,,,,,23503002,s==4|show,235030201,s==4|idle,1,1,20,2,1,0,
696,4,13066,s==13|CEO Tiểu Kiều,6,2,1026,92,2,1026,20,,,,,,,,,,,,,,,23503002,s==4|show,235030201,s==4|idle,1,1,0,2,1,20,
697,4,13066,s==13|CEO Tiểu Kiều,7,2,1026,114,2,1026,22,,,,,,,,,,,,,,,23503002,s==4|show,235030201,s==4|idle,1,1,20,2,1,0,
698,4,13066,s==13|CEO Tiểu Kiều,8,2,1026,140,2,1026,26,,,,,,,,,,,,,,,23503002,s==4|show,235030201,s==4|idle,1,1,0,2,1,20,
699,4,13066,s==13|CEO Tiểu Kiều,9,2,1026,168,2,1026,28,,,,,,,,,,,,,,,23503002,s==4|show,235030201,s==4|idle,1,1,20,2,1,0,
700,4,13066,s==13|CEO Tiểu Kiều,10,2,1026,200,2,1026,32,,,,,,,,,,,,,,,23503002,s==4|show,235030201,s==4|idle,1,1,0,2,1,20,
701,4,13066,s==13|CEO Tiểu Kiều,11,2,1026,234,2,1026,34,,,,,,,,,,,,,,,23503002,s==4|show,235030201,s==4|idle,1,1,20,2,1,0,
702,4,13066,s==13|CEO Tiểu Kiều,12,2,1026,272,2,1026,38,,,,,,,,,,,,,,,23503002,s==4|show,235030201,s==4|idle,1,1,0,2,1,20,
703,4,13066,s==13|CEO Tiểu Kiều,13,2,1026,314,2,1026,42,,,,,,,,,,,,,,,23503002,s==4|show,235030201,s==4|idle,1,1,20,2,1,0,
704,4,13066,s==13|CEO Tiểu Kiều,14,2,1026,362,2,1026,48,,,,,,,,,,,,,,,23503002,s==4|show,235030201,s==4|idle,1,1,0,2,1,20,
705,4,13066,s==13|CEO Tiểu Kiều,15,2,1026,416,2,1026,54,,,,,,,,,,,,,,,23503002,s==4|show,235030201,s==4|idle,1,1,20,2,1,0,
706,4,13066,s==13|CEO Tiểu Kiều,16,2,1026,476,2,1026,60,,,,,,,,,,,,,,,23503002,s==4|show,235030201,s==4|idle,1,1,0,2,1,20,
707,4,13066,s==13|CEO Tiểu Kiều,17,2,1026,542,2,1026,66,,,,,,,,,,,,,,,23503002,s==4|show,235030201,s==4|idle,1,1,20,2,1,0,
708,4,13066,s==13|CEO Tiểu Kiều,18,2,1026,620,2,1026,78,,,,,,,,,,,,,,,23503002,s==4|show,235030201,s==4|idle,1,1,0,2,1,20,
709,4,13066,s==13|CEO Tiểu Kiều,19,2,1026,704,2,1026,84,,,,,,,,,,,,,,,23503002,s==4|show,235030201,s==4|idle,1,1,20,2,1,0,
710,4,13066,s==13|CEO Tiểu Kiều,20,2,1026,800,2,1026,96,,,,,,,,,,,,,,,23503002,s==8|show_max,235030201,s==8|idle_max,1,1,0,2,1,20,
711,4,13067,s==10|CEO Chu Du,1,2,1026,10,2,1026,10,,,,,,,,,,,,,,,23510003,s==4|show,235100301,s==4|idle,1,1,20,2,1,0,
712,4,13067,s==10|CEO Chu Du,2,2,1026,22,2,1026,12,,,,,,,,,,,,,,,23510003,s==4|show,235100301,s==4|idle,1,1,0,2,1,20,
713,4,13067,s==10|CEO Chu Du,3,2,1026,36,2,1026,14,,,,,,,,,,,,,,,23510003,s==4|show,235100301,s==4|idle,1,1,20,2,1,0,
714,4,13067,s==10|CEO Chu Du,4,2,1026,52,2,1026,16,,,,,,,,,,,,,,,23510003,s==4|show,235100301,s==4|idle,1,1,0,2,1,20,
715,4,13067,s==10|CEO Chu Du,5,2,1026,72,2,1026,20,,,,,,,,,,,,,,,23510003,s==4|show,235100301,s==4|idle,1,1,20,2,1,0,
716,4,13067,s==10|CEO Chu Du,6,2,1026,92,2,1026,20,,,,,,,,,,,,,,,23510003,s==4|show,235100301,s==4|idle,1,1,0,2,1,20,
717,4,13067,s==10|CEO Chu Du,7,2,1026,114,2,1026,22,,,,,,,,,,,,,,,23510003,s==4|show,235100301,s==4|idle,1,1,20,2,1,0,
718,4,13067,s==10|CEO Chu Du,8,2,1026,140,2,1026,26,,,,,,,,,,,,,,,23510003,s==4|show,235100301,s==4|idle,1,1,0,2,1,20,
719,4,13067,s==10|CEO Chu Du,9,2,1026,168,2,1026,28,,,,,,,,,,,,,,,23510003,s==4|show,235100301,s==4|idle,1,1,20,2,1,0,
720,4,13067,s==10|CEO Chu Du,10,2,1026,200,2,1026,32,,,,,,,,,,,,,,,23510003,s==4|show,235100301,s==4|idle,1,1,0,2,1,20,
721,4,13067,s==10|CEO Chu Du,11,2,1026,234,2,1026,34,,,,,,,,,,,,,,,23510003,s==4|show,235100301,s==4|idle,1,1,20,2,1,0,
722,4,13067,s==10|CEO Chu Du,12,2,1026,272,2,1026,38,,,,,,,,,,,,,,,23510003,s==4|show,235100301,s==4|idle,1,1,0,2,1,20,
723,4,13067,s==10|CEO Chu Du,13,2,1026,314,2,1026,42,,,,,,,,,,,,,,,23510003,s==4|show,235100301,s==4|idle,1,1,20,2,1,0,
724,4,13067,s==10|CEO Chu Du,14,2,1026,362,2,1026,48,,,,,,,,,,,,,,,23510003,s==4|show,235100301,s==4|idle,1,1,0,2,1,20,
725,4,13067,s==10|CEO Chu Du,15,2,1026,416,2,1026,54,,,,,,,,,,,,,,,23510003,s==4|show,235100301,s==4|idle,1,1,20,2,1,0,
726,4,13067,s==10|CEO Chu Du,16,2,1026,476,2,1026,60,,,,,,,,,,,,,,,23510003,s==4|show,235100301,s==4|idle,1,1,0,2,1,20,
727,4,13067,s==10|CEO Chu Du,17,2,1026,542,2,1026,66,,,,,,,,,,,,,,,23510003,s==4|show,235100301,s==4|idle,1,1,20,2,1,0,
728,4,13067,s==10|CEO Chu Du,18,2,1026,620,2,1026,78,,,,,,,,,,,,,,,23510003,s==4|show,235100301,s==4|idle,1,1,0,2,1,20,
729,4,13067,s==10|CEO Chu Du,19,2,1026,704,2,1026,84,,,,,,,,,,,,,,,23510003,s==4|show,235100301,s==4|idle,1,1,20,2,1,0,
730,4,13067,s==10|CEO Chu Du,20,2,1026,800,2,1026,96,,,,,,,,,,,,,,,23510003,s==8|show_max,235100301,s==8|idle_max,1,1,0,2,1,20,
731,4,13068,s==16|CEO Ma Triệu Vân,1,2,1026,10,2,1026,10,,,,,,,,,,,,,,,25515002,s==4|show,255150301,s==4|idle,1,1,20,2,1,0,
732,4,13068,s==16|CEO Ma Triệu Vân,2,2,1026,22,2,1026,12,,,,,,,,,,,,,,,25515002,s==4|show,255150301,s==4|idle,1,1,0,2,1,20,
733,4,13068,s==16|CEO Ma Triệu Vân,3,2,1026,36,2,1026,14,,,,,,,,,,,,,,,25515002,s==4|show,255150301,s==4|idle,1,1,20,2,1,0,
734,4,13068,s==16|CEO Ma Triệu Vân,4,2,1026,52,2,1026,16,,,,,,,,,,,,,,,25515002,s==4|show,255150301,s==4|idle,1,1,0,2,1,20,
735,4,13068,s==16|CEO Ma Triệu Vân,5,2,1026,72,2,1026,20,,,,,,,,,,,,,,,25515002,s==4|show,255150301,s==4|idle,1,1,20,2,1,0,
736,4,13068,s==16|CEO Ma Triệu Vân,6,2,1026,92,2,1026,20,,,,,,,,,,,,,,,25515002,s==4|show,255150301,s==4|idle,1,1,0,2,1,20,
737,4,13068,s==16|CEO Ma Triệu Vân,7,2,1026,114,2,1026,22,,,,,,,,,,,,,,,25515002,s==4|show,255150301,s==4|idle,1,1,20,2,1,0,
738,4,13068,s==16|CEO Ma Triệu Vân,8,2,1026,140,2,1026,26,,,,,,,,,,,,,,,25515002,s==4|show,255150301,s==4|idle,1,1,0,2,1,20,
739,4,13068,s==16|CEO Ma Triệu Vân,9,2,1026,168,2,1026,28,,,,,,,,,,,,,,,25515002,s==4|show,255150301,s==4|idle,1,1,20,2,1,0,
740,4,13068,s==16|CEO Ma Triệu Vân,10,2,1026,200,2,1026,32,,,,,,,,,,,,,,,25515002,s==4|show,255150301,s==4|idle,1,1,0,2,1,20,
741,4,13068,s==16|CEO Ma Triệu Vân,11,2,1026,234,2,1026,34,,,,,,,,,,,,,,,25515002,s==4|show,255150301,s==4|idle,1,1,20,2,1,0,
742,4,13068,s==16|CEO Ma Triệu Vân,12,2,1026,272,2,1026,38,,,,,,,,,,,,,,,25515002,s==4|show,255150301,s==4|idle,1,1,0,2,1,20,
743,4,13068,s==16|CEO Ma Triệu Vân,13,2,1026,314,2,1026,42,,,,,,,,,,,,,,,25515002,s==4|show,255150301,s==4|idle,1,1,20,2,1,0,
744,4,13068,s==16|CEO Ma Triệu Vân,14,2,1026,362,2,1026,48,,,,,,,,,,,,,,,25515002,s==4|show,255150301,s==4|idle,1,1,0,2,1,20,
745,4,13068,s==16|CEO Ma Triệu Vân,15,2,1026,416,2,1026,54,,,,,,,,,,,,,,,25515002,s==4|show,255150301,s==4|idle,1,1,20,2,1,0,
746,4,13068,s==16|CEO Ma Triệu Vân,16,2,1026,476,2,1026,60,,,,,,,,,,,,,,,25515002,s==4|show,255150301,s==4|idle,1,1,0,2,1,20,
747,4,13068,s==16|CEO Ma Triệu Vân,17,2,1026,542,2,1026,66,,,,,,,,,,,,,,,25515002,s==4|show,255150301,s==4|idle,1,1,20,2,1,0,
748,4,13068,s==16|CEO Ma Triệu Vân,18,2,1026,620,2,1026,78,,,,,,,,,,,,,,,25515002,s==4|show,255150301,s==4|idle,1,1,0,2,1,20,
749,4,13068,s==16|CEO Ma Triệu Vân,19,2,1026,704,2,1026,84,,,,,,,,,,,,,,,25515002,s==4|show,255150301,s==4|idle,1,1,20,2,1,0,
750,4,13068,s==16|CEO Ma Triệu Vân,20,2,1026,800,2,1026,96,,,,,,,,,,,,,,,25515002,s==8|show_max,255150301,s==8|idle_max,1,1,0,2,1,20,
751,2,13069,s==19|Phi Thiên Nhi Trang,1,2,1083,50,2,1083,50,1,1,100,2,1,100,3,1,100,4,0,3,25,3,21516002,s==4|show,215160201,s==4|idle,,,,,,,
752,2,13069,s==19|Phi Thiên Nhi Trang,2,2,1083,100,2,1083,50,1,1,100,2,1,100,3,1,100,4,0,3,25,3,21516002,s==4|show,215160201,s==4|idle,,,,,,,
753,2,13069,s==19|Phi Thiên Nhi Trang,3,2,1083,150,2,1083,50,1,1,100,2,1,100,3,1,100,4,0,3,25,3,21516002,s==4|show,215160201,s==4|idle,,,,,,,
754,2,13069,s==19|Phi Thiên Nhi Trang,4,2,1083,200,2,1083,50,1,1,100,2,1,100,3,1,100,4,0,3,25,3,21516002,s==4|show,215160201,s==4|idle,,,,,,,
755,2,13069,s==19|Phi Thiên Nhi Trang,5,2,1083,250,2,1083,50,1,1,100,2,1,100,3,1,100,4,0,3,25,3,21516002,s==8|show_max,215160201,s==8|idle_max,,,,,,,
756,4,13070,s==19|Kinh Hồng Nhất Kiếm,1,2,1026,10,2,1026,10,,,,,,,,,,,,,,,22512002,s==4|show,225120201,s==4|idle,1,1,20,2,1,0,
757,4,13070,s==19|Kinh Hồng Nhất Kiếm,2,2,1026,22,2,1026,12,,,,,,,,,,,,,,,22512002,s==4|show,225120201,s==4|idle,1,1,0,2,1,20,
758,4,13070,s==19|Kinh Hồng Nhất Kiếm,3,2,1026,36,2,1026,14,,,,,,,,,,,,,,,22512002,s==4|show,225120201,s==4|idle,1,1,20,2,1,0,
759,4,13070,s==19|Kinh Hồng Nhất Kiếm,4,2,1026,52,2,1026,16,,,,,,,,,,,,,,,22512002,s==4|show,225120201,s==4|idle,1,1,0,2,1,20,
760,4,13070,s==19|Kinh Hồng Nhất Kiếm,5,2,1026,72,2,1026,20,,,,,,,,,,,,,,,22512002,s==4|show,225120201,s==4|idle,1,1,20,2,1,0,
761,4,13070,s==19|Kinh Hồng Nhất Kiếm,6,2,1026,92,2,1026,20,,,,,,,,,,,,,,,22512002,s==4|show,225120201,s==4|idle,1,1,0,2,1,20,
762,4,13070,s==19|Kinh Hồng Nhất Kiếm,7,2,1026,114,2,1026,22,,,,,,,,,,,,,,,22512002,s==4|show,225120201,s==4|idle,1,1,20,2,1,0,
763,4,13070,s==19|Kinh Hồng Nhất Kiếm,8,2,1026,140,2,1026,26,,,,,,,,,,,,,,,22512002,s==4|show,225120201,s==4|idle,1,1,0,2,1,20,
764,4,13070,s==19|Kinh Hồng Nhất Kiếm,9,2,1026,168,2,1026,28,,,,,,,,,,,,,,,22512002,s==4|show,225120201,s==4|idle,1,1,20,2,1,0,
765,4,13070,s==19|Kinh Hồng Nhất Kiếm,10,2,1026,200,2,1026,32,,,,,,,,,,,,,,,22512002,s==4|show,225120201,s==4|idle,1,1,0,2,1,20,
766,4,13070,s==19|Kinh Hồng Nhất Kiếm,11,2,1026,234,2,1026,34,,,,,,,,,,,,,,,22512002,s==4|show,225120201,s==4|idle,1,1,20,2,1,0,
767,4,13070,s==19|Kinh Hồng Nhất Kiếm,12,2,1026,272,2,1026,38,,,,,,,,,,,,,,,22512002,s==4|show,225120201,s==4|idle,1,1,0,2,1,20,
768,4,13070,s==19|Kinh Hồng Nhất Kiếm,13,2,1026,314,2,1026,42,,,,,,,,,,,,,,,22512002,s==4|show,225120201,s==4|idle,1,1,20,2,1,0,
769,4,13070,s==19|Kinh Hồng Nhất Kiếm,14,2,1026,362,2,1026,48,,,,,,,,,,,,,,,22512002,s==4|show,225120201,s==4|idle,1,1,0,2,1,20,
770,4,13070,s==19|Kinh Hồng Nhất Kiếm,15,2,1026,416,2,1026,54,,,,,,,,,,,,,,,22512002,s==4|show,225120201,s==4|idle,1,1,20,2,1,0,
771,4,13070,s==19|Kinh Hồng Nhất Kiếm,16,2,1026,476,2,1026,60,,,,,,,,,,,,,,,22512002,s==4|show,225120201,s==4|idle,1,1,0,2,1,20,
772,4,13070,s==19|Kinh Hồng Nhất Kiếm,17,2,1026,542,2,1026,66,,,,,,,,,,,,,,,22512002,s==4|show,225120201,s==4|idle,1,1,20,2,1,0,
773,4,13070,s==19|Kinh Hồng Nhất Kiếm,18,2,1026,620,2,1026,78,,,,,,,,,,,,,,,22512002,s==4|show,225120201,s==4|idle,1,1,0,2,1,20,
774,4,13070,s==19|Kinh Hồng Nhất Kiếm,19,2,1026,704,2,1026,84,,,,,,,,,,,,,,,22512002,s==4|show,225120201,s==4|idle,1,1,20,2,1,0,
775,4,13070,s==19|Kinh Hồng Nhất Kiếm,20,2,1026,800,2,1026,96,,,,,,,,,,,,,,,22512002,s==8|show_max,225120201,s==8|idle_max,1,1,0,2,1,20,
776,2,13071,s==22|Thời Không Chiến Tướng,1,2,1083,50,2,1083,50,1,1,100,2,1,100,3,1,100,4,0,3,101,11,265021,s==4|show,265020101,s==4|idle,,,,,,,
777,2,13071,s==22|Thời Không Chiến Tướng,2,2,1083,100,2,1083,50,1,1,100,2,1,100,3,1,100,4,0,3,101,11,265021,s==4|show,265020101,s==4|idle,,,,,,,
778,2,13071,s==22|Thời Không Chiến Tướng,3,2,1083,150,2,1083,50,1,1,100,2,1,100,3,1,100,4,0,3,101,11,265021,s==4|show,265020101,s==4|idle,,,,,,,
779,2,13071,s==22|Thời Không Chiến Tướng,4,2,1083,200,2,1083,50,1,1,100,2,1,100,3,1,100,4,0,3,101,11,265021,s==4|show,265020101,s==4|idle,,,,,,,
780,2,13071,s==22|Thời Không Chiến Tướng,5,2,1083,250,2,1083,50,1,1,100,2,1,100,3,1,100,4,0,3,101,11,265021,s==8|show_max,265020101,s==8|idle_max,,,,,,,
781,2,13072,s==22|Bách Điểu Triều Phượng,1,2,1083,50,2,1083,50,1,1,100,2,1,100,3,1,100,4,0,3,101,11,265031,s==4|show,265030101,s==4|idle,,,,,,,
782,2,13072,s==22|Bách Điểu Triều Phượng,2,2,1083,100,2,1083,50,1,1,100,2,1,100,3,1,100,4,0,3,101,11,265031,s==4|show,265030101,s==4|idle,,,,,,,
783,2,13072,s==22|Bách Điểu Triều Phượng,3,2,1083,150,2,1083,50,1,1,100,2,1,100,3,1,100,4,0,3,101,11,265031,s==4|show,265030101,s==4|idle,,,,,,,
784,2,13072,s==22|Bách Điểu Triều Phượng,4,2,1083,200,2,1083,50,1,1,100,2,1,100,3,1,100,4,0,3,101,11,265031,s==4|show,265030101,s==4|idle,,,,,,,
785,2,13072,s==22|Bách Điểu Triều Phượng,5,2,1083,250,2,1083,50,1,1,100,2,1,100,3,1,100,4,0,3,101,11,265031,s==8|show_max,265030101,s==8|idle_max,,,,,,,
786,2,13073,s==14|Nộ Hải Thần Uy,1,2,1083,50,2,1083,50,1,1,100,2,1,100,3,1,100,4,0,3,101,11,265041,s==4|show,265040101,s==4|idle,,,,,,,
787,2,13073,s==14|Nộ Hải Thần Uy,2,2,1083,100,2,1083,50,1,1,100,2,1,100,3,1,100,4,0,3,101,11,265041,s==4|show,265040101,s==4|idle,,,,,,,
788,2,13073,s==14|Nộ Hải Thần Uy,3,2,1083,150,2,1083,50,1,1,100,2,1,100,3,1,100,4,0,3,101,11,265041,s==4|show,265040101,s==4|idle,,,,,,,
789,2,13073,s==14|Nộ Hải Thần Uy,4,2,1083,200,2,1083,50,1,1,100,2,1,100,3,1,100,4,0,3,101,11,265041,s==4|show,265040101,s==4|idle,,,,,,,
790,2,13073,s==14|Nộ Hải Thần Uy,5,2,1083,250,2,1083,50,1,1,100,2,1,100,3,1,100,4,0,3,101,11,265041,s==8|show_max,265040101,s==8|idle_max,,,,,,,
791,4,13074,s==13|Sư Vũ Hạ Xuân,1,2,1026,10,2,1026,10,,,,,,,,,,,,,,,23503003,s==4|show,235030301,s==4|idle,1,1,20,2,1,0,
792,4,13074,s==13|Sư Vũ Hạ Xuân,2,2,1026,22,2,1026,12,,,,,,,,,,,,,,,23503003,s==4|show,235030301,s==4|idle,1,1,0,2,1,20,
793,4,13074,s==13|Sư Vũ Hạ Xuân,3,2,1026,36,2,1026,14,,,,,,,,,,,,,,,23503003,s==4|show,235030301,s==4|idle,1,1,20,2,1,0,
794,4,13074,s==13|Sư Vũ Hạ Xuân,4,2,1026,52,2,1026,16,,,,,,,,,,,,,,,23503003,s==4|show,235030301,s==4|idle,1,1,0,2,1,20,
795,4,13074,s==13|Sư Vũ Hạ Xuân,5,2,1026,72,2,1026,20,,,,,,,,,,,,,,,23503003,s==4|show,235030301,s==4|idle,1,1,20,2,1,0,
796,4,13074,s==13|Sư Vũ Hạ Xuân,6,2,1026,92,2,1026,20,,,,,,,,,,,,,,,23503003,s==4|show,235030301,s==4|idle,1,1,0,2,1,20,
797,4,13074,s==13|Sư Vũ Hạ Xuân,7,2,1026,114,2,1026,22,,,,,,,,,,,,,,,23503003,s==4|show,235030301,s==4|idle,1,1,20,2,1,0,
798,4,13074,s==13|Sư Vũ Hạ Xuân,8,2,1026,140,2,1026,26,,,,,,,,,,,,,,,23503003,s==4|show,235030301,s==4|idle,1,1,0,2,1,20,
799,4,13074,s==13|Sư Vũ Hạ Xuân,9,2,1026,168,2,1026,28,,,,,,,,,,,,,,,23503003,s==4|show,235030301,s==4|idle,1,1,20,2,1,0,
800,4,13074,s==13|Sư Vũ Hạ Xuân,10,2,1026,200,2,1026,32,,,,,,,,,,,,,,,23503003,s==4|show,235030301,s==4|idle,1,1,0,2,1,20,
801,4,13074,s==13|Sư Vũ Hạ Xuân,11,2,1026,234,2,1026,34,,,,,,,,,,,,,,,23503003,s==4|show,235030301,s==4|idle,1,1,20,2,1,0,
802,4,13074,s==13|Sư Vũ Hạ Xuân,12,2,1026,272,2,1026,38,,,,,,,,,,,,,,,23503003,s==4|show,235030301,s==4|idle,1,1,0,2,1,20,
803,4,13074,s==13|Sư Vũ Hạ Xuân,13,2,1026,314,2,1026,42,,,,,,,,,,,,,,,23503003,s==4|show,235030301,s==4|idle,1,1,20,2,1,0,
804,4,13074,s==13|Sư Vũ Hạ Xuân,14,2,1026,362,2,1026,48,,,,,,,,,,,,,,,23503003,s==4|show,235030301,s==4|idle,1,1,0,2,1,20,
805,4,13074,s==13|Sư Vũ Hạ Xuân,15,2,1026,416,2,1026,54,,,,,,,,,,,,,,,23503003,s==4|show,235030301,s==4|idle,1,1,20,2,1,0,
806,4,13074,s==13|Sư Vũ Hạ Xuân,16,2,1026,476,2,1026,60,,,,,,,,,,,,,,,23503003,s==4|show,235030301,s==4|idle,1,1,0,2,1,20,
807,4,13074,s==13|Sư Vũ Hạ Xuân,17,2,1026,542,2,1026,66,,,,,,,,,,,,,,,23503003,s==4|show,235030301,s==4|idle,1,1,20,2,1,0,
808,4,13074,s==13|Sư Vũ Hạ Xuân,18,2,1026,620,2,1026,78,,,,,,,,,,,,,,,23503003,s==4|show,235030301,s==4|idle,1,1,0,2,1,20,
809,4,13074,s==13|Sư Vũ Hạ Xuân,19,2,1026,704,2,1026,84,,,,,,,,,,,,,,,23503003,s==4|show,235030301,s==4|idle,1,1,20,2,1,0,
810,4,13074,s==13|Sư Vũ Hạ Xuân,20,2,1026,800,2,1026,96,,,,,,,,,,,,,,,23503003,s==8|show_max,235030301,s==8|idle_max,1,1,0,2,1,20,
811,4,13075,s==18|Ngọc Đường Mai Ảnh,1,2,1026,10,2,1026,10,,,,,,,,,,,,,,,25507002,s==4|show,255070201,s==4|idle,1,1,20,2,1,0,
812,4,13075,s==18|Ngọc Đường Mai Ảnh,2,2,1026,22,2,1026,12,,,,,,,,,,,,,,,25507002,s==4|show,255070201,s==4|idle,1,1,0,2,1,20,
813,4,13075,s==18|Ngọc Đường Mai Ảnh,3,2,1026,36,2,1026,14,,,,,,,,,,,,,,,25507002,s==4|show,255070201,s==4|idle,1,1,20,2,1,0,
814,4,13075,s==18|Ngọc Đường Mai Ảnh,4,2,1026,52,2,1026,16,,,,,,,,,,,,,,,25507002,s==4|show,255070201,s==4|idle,1,1,0,2,1,20,
815,4,13075,s==18|Ngọc Đường Mai Ảnh,5,2,1026,72,2,1026,20,,,,,,,,,,,,,,,25507002,s==4|show,255070201,s==4|idle,1,1,20,2,1,0,
816,4,13075,s==18|Ngọc Đường Mai Ảnh,6,2,1026,92,2,1026,20,,,,,,,,,,,,,,,25507002,s==4|show,255070201,s==4|idle,1,1,0,2,1,20,
817,4,13075,s==18|Ngọc Đường Mai Ảnh,7,2,1026,114,2,1026,22,,,,,,,,,,,,,,,25507002,s==4|show,255070201,s==4|idle,1,1,20,2,1,0,
818,4,13075,s==18|Ngọc Đường Mai Ảnh,8,2,1026,140,2,1026,26,,,,,,,,,,,,,,,25507002,s==4|show,255070201,s==4|idle,1,1,0,2,1,20,
819,4,13075,s==18|Ngọc Đường Mai Ảnh,9,2,1026,168,2,1026,28,,,,,,,,,,,,,,,25507002,s==4|show,255070201,s==4|idle,1,1,20,2,1,0,
820,4,13075,s==18|Ngọc Đường Mai Ảnh,10,2,1026,200,2,1026,32,,,,,,,,,,,,,,,25507002,s==4|show,255070201,s==4|idle,1,1,0,2,1,20,
821,4,13075,s==18|Ngọc Đường Mai Ảnh,11,2,1026,234,2,1026,34,,,,,,,,,,,,,,,25507002,s==4|show,255070201,s==4|idle,1,1,20,2,1,0,
822,4,13075,s==18|Ngọc Đường Mai Ảnh,12,2,1026,272,2,1026,38,,,,,,,,,,,,,,,25507002,s==4|show,255070201,s==4|idle,1,1,0,2,1,20,
823,4,13075,s==18|Ngọc Đường Mai Ảnh,13,2,1026,314,2,1026,42,,,,,,,,,,,,,,,25507002,s==4|show,255070201,s==4|idle,1,1,20,2,1,0,
824,4,13075,s==18|Ngọc Đường Mai Ảnh,14,2,1026,362,2,1026,48,,,,,,,,,,,,,,,25507002,s==4|show,255070201,s==4|idle,1,1,0,2,1,20,
825,4,13075,s==18|Ngọc Đường Mai Ảnh,15,2,1026,416,2,1026,54,,,,,,,,,,,,,,,25507002,s==4|show,255070201,s==4|idle,1,1,20,2,1,0,
826,4,13075,s==18|Ngọc Đường Mai Ảnh,16,2,1026,476,2,1026,60,,,,,,,,,,,,,,,25507002,s==4|show,255070201,s==4|idle,1,1,0,2,1,20,
827,4,13075,s==18|Ngọc Đường Mai Ảnh,17,2,1026,542,2,1026,66,,,,,,,,,,,,,,,25507002,s==4|show,255070201,s==4|idle,1,1,20,2,1,0,
828,4,13075,s==18|Ngọc Đường Mai Ảnh,18,2,1026,620,2,1026,78,,,,,,,,,,,,,,,25507002,s==4|show,255070201,s==4|idle,1,1,0,2,1,20,
829,4,13075,s==18|Ngọc Đường Mai Ảnh,19,2,1026,704,2,1026,84,,,,,,,,,,,,,,,25507002,s==4|show,255070201,s==4|idle,1,1,20,2,1,0,
830,4,13075,s==18|Ngọc Đường Mai Ảnh,20,2,1026,800,2,1026,96,,,,,,,,,,,,,,,25507002,s==8|show_max,255070201,s==8|idle_max,1,1,0,2,1,20,
831,1,13076,s==17|Phù Yêu Chi Vương,1,2,1026,6,2,1026,10,1,1,100,,,,,,,,,,,,25518003,s==4|show,255180031,s==4|idle,,,,,,,
832,1,13076,s==17|Phù Yêu Chi Vương,2,2,1026,13,2,1026,12,2,1,100,,,,,,,,,,,,25518003,s==4|show,255180031,s==4|idle,,,,,,,
833,1,13076,s==17|Phù Yêu Chi Vương,3,2,1026,21,2,1026,14,3,1,100,,,,,,,,,,,,25518003,s==4|show,255180031,s==4|idle,,,,,,,
834,1,13076,s==17|Phù Yêu Chi Vương,4,2,1026,31,2,1026,16,4,0,3,,,,,,,,,,,,25518003,s==4|show,255180031,s==4|idle,,,,,,,
835,1,13076,s==17|Phù Yêu Chi Vương,5,2,1026,43,2,1026,20,1,1,100,,,,,,,,,,,,25518003,s==4|show,255180031,s==4|idle,,,,,,,
836,1,13076,s==17|Phù Yêu Chi Vương,6,2,1026,55,2,1026,20,2,1,100,,,,,,,,,,,,25518003,s==4|show,255180031,s==4|idle,,,,,,,
837,1,13076,s==17|Phù Yêu Chi Vương,7,2,1026,68,2,1026,22,3,1,200,,,,,,,,,,,,25518003,s==4|show,255180031,s==4|idle,,,,,,,
838,1,13076,s==17|Phù Yêu Chi Vương,8,2,1026,84,2,1026,26,4,0,4,,,,,,,,,,,,25518003,s==4|show,255180031,s==4|idle,,,,,,,
839,1,13076,s==17|Phù Yêu Chi Vương,9,2,1026,100,2,1026,28,1,1,100,,,,,,,,,,,,25518003,s==4|show,255180031,s==4|idle,,,,,,,
840,1,13076,s==17|Phù Yêu Chi Vương,10,2,1026,120,2,1026,32,2,1,100,,,,,,,,,,,,25518003,s==4|show,255180031,s==4|idle,,,,,,,
841,1,13076,s==17|Phù Yêu Chi Vương,11,2,1026,140,2,1026,34,1,1,100,,,,,,,,,,,,25518003,s==4|show,255180031,s==4|idle,,,,,,,
842,1,13076,s==17|Phù Yêu Chi Vương,12,2,1026,163,2,1026,38,2,1,100,,,,,,,,,,,,25518003,s==4|show,255180031,s==4|idle,,,,,,,
843,1,13076,s==17|Phù Yêu Chi Vương,13,2,1026,188,2,1026,42,3,1,100,,,,,,,,,,,,25518003,s==4|show,255180031,s==4|idle,,,,,,,
844,1,13076,s==17|Phù Yêu Chi Vương,14,2,1026,217,2,1026,48,4,0,3,,,,,,,,,,,,25518003,s==4|show,255180031,s==4|idle,,,,,,,
845,1,13076,s==17|Phù Yêu Chi Vương,15,2,1026,249,2,1026,54,1,1,100,,,,,,,,,,,,25518003,s==4|show,255180031,s==4|idle,,,,,,,
846,1,13076,s==17|Phù Yêu Chi Vương,16,2,1026,285,2,1026,60,2,1,100,,,,,,,,,,,,25518003,s==4|show,255180031,s==4|idle,,,,,,,
847,1,13076,s==17|Phù Yêu Chi Vương,17,2,1026,325,2,1026,66,3,1,200,,,,,,,,,,,,25518003,s==4|show,255180031,s==4|idle,,,,,,,
848,1,13076,s==17|Phù Yêu Chi Vương,18,2,1026,372,2,1026,78,4,0,5,,,,,,,,,,,,25518003,s==4|show,255180031,s==4|idle,,,,,,,
849,1,13076,s==17|Phù Yêu Chi Vương,19,2,1026,422,2,1026,84,1,1,100,,,,,,,,,,,,25518003,s==4|show,255180031,s==4|idle,,,,,,,
850,1,13076,s==17|Phù Yêu Chi Vương,20,2,1026,480,2,1026,96,2,1,100,,,,,,,,,,,,25518003,s==8|show_max,255180031,s==8|idle_max,,,,,,,
851,4,13077,s==18|Hỏa Thần Chúc Dung,1,2,1026,10,2,1026,10,,,,,,,,,,,,,,,26505001,s==4|show,255070201,s==4|idle,1,1,20,2,1,0,
852,4,13077,s==18|Hỏa Thần Chúc Dung,2,2,1026,22,2,1026,12,,,,,,,,,,,,,,,26505001,s==4|show,255070201,s==4|idle,1,1,0,2,1,20,
853,4,13077,s==18|Hỏa Thần Chúc Dung,3,2,1026,36,2,1026,14,,,,,,,,,,,,,,,26505001,s==4|show,255070201,s==4|idle,1,1,20,2,1,0,
854,4,13077,s==18|Hỏa Thần Chúc Dung,4,2,1026,52,2,1026,16,,,,,,,,,,,,,,,26505001,s==4|show,255070201,s==4|idle,1,1,0,2,1,20,
855,4,13077,s==18|Hỏa Thần Chúc Dung,5,2,1026,72,2,1026,20,,,,,,,,,,,,,,,26505001,s==4|show,255070201,s==4|idle,1,1,20,2,1,0,
856,4,13077,s==18|Hỏa Thần Chúc Dung,6,2,1026,92,2,1026,20,,,,,,,,,,,,,,,26505001,s==4|show,255070201,s==4|idle,1,1,0,2,1,20,
857,4,13077,s==18|Hỏa Thần Chúc Dung,7,2,1026,114,2,1026,22,,,,,,,,,,,,,,,26505001,s==4|show,255070201,s==4|idle,1,1,20,2,1,0,
858,4,13077,s==18|Hỏa Thần Chúc Dung,8,2,1026,140,2,1026,26,,,,,,,,,,,,,,,26505001,s==4|show,255070201,s==4|idle,1,1,0,2,1,20,
859,4,13077,s==18|Hỏa Thần Chúc Dung,9,2,1026,168,2,1026,28,,,,,,,,,,,,,,,26505001,s==4|show,255070201,s==4|idle,1,1,20,2,1,0,
860,4,13077,s==18|Hỏa Thần Chúc Dung,10,2,1026,200,2,1026,32,,,,,,,,,,,,,,,26505001,s==4|show,255070201,s==4|idle,1,1,0,2,1,20,
861,4,13077,s==18|Hỏa Thần Chúc Dung,11,2,1026,234,2,1026,34,,,,,,,,,,,,,,,26505001,s==4|show,255070201,s==4|idle,1,1,20,2,1,0,
862,4,13077,s==18|Hỏa Thần Chúc Dung,12,2,1026,272,2,1026,38,,,,,,,,,,,,,,,26505001,s==4|show,255070201,s==4|idle,1,1,0,2,1,20,
863,4,13077,s==18|Hỏa Thần Chúc Dung,13,2,1026,314,2,1026,42,,,,,,,,,,,,,,,26505001,s==4|show,255070201,s==4|idle,1,1,20,2,1,0,
864,4,13077,s==18|Hỏa Thần Chúc Dung,14,2,1026,362,2,1026,48,,,,,,,,,,,,,,,26505001,s==4|show,255070201,s==4|idle,1,1,0,2,1,20,
865,4,13077,s==18|Hỏa Thần Chúc Dung,15,2,1026,416,2,1026,54,,,,,,,,,,,,,,,26505001,s==4|show,255070201,s==4|idle,1,1,20,2,1,0,
866,4,13077,s==18|Hỏa Thần Chúc Dung,16,2,1026,476,2,1026,60,,,,,,,,,,,,,,,26505001,s==4|show,255070201,s==4|idle,1,1,0,2,1,20,
867,4,13077,s==18|Hỏa Thần Chúc Dung,17,2,1026,542,2,1026,66,,,,,,,,,,,,,,,26505001,s==4|show,255070201,s==4|idle,1,1,20,2,1,0,
868,4,13077,s==18|Hỏa Thần Chúc Dung,18,2,1026,620,2,1026,78,,,,,,,,,,,,,,,26505001,s==4|show,255070201,s==4|idle,1,1,0,2,1,20,
869,4,13077,s==18|Hỏa Thần Chúc Dung,19,2,1026,704,2,1026,84,,,,,,,,,,,,,,,26505001,s==4|show,255070201,s==4|idle,1,1,20,2,1,0,
870,4,13077,s==18|Hỏa Thần Chúc Dung,20,2,1026,800,2,1026,96,,,,,,,,,,,,,,,26505001,s==8|show_max,255070201,s==8|idle_max,1,1,0,2,1,20,
871,1,13078,s==16|Huyền Vũ Tiên Tể,1,2,1026,6,2,1026,10,1,1,100,,,,,,,,,,,,26501002,s==4|show,265010021,s==4|idle,,,,,,,
872,1,13078,s==16|Huyền Vũ Tiên Tể,2,2,1026,13,2,1026,12,2,1,100,,,,,,,,,,,,26501002,s==4|show,265010021,s==4|idle,,,,,,,
873,1,13078,s==16|Huyền Vũ Tiên Tể,3,2,1026,21,2,1026,14,3,1,100,,,,,,,,,,,,26501002,s==4|show,265010021,s==4|idle,,,,,,,
874,1,13078,s==16|Huyền Vũ Tiên Tể,4,2,1026,31,2,1026,16,4,0,3,,,,,,,,,,,,26501002,s==4|show,265010021,s==4|idle,,,,,,,
875,1,13078,s==16|Huyền Vũ Tiên Tể,5,2,1026,43,2,1026,20,1,1,100,,,,,,,,,,,,26501002,s==4|show,265010021,s==4|idle,,,,,,,
876,1,13078,s==16|Huyền Vũ Tiên Tể,6,2,1026,55,2,1026,20,2,1,100,,,,,,,,,,,,26501002,s==4|show,265010021,s==4|idle,,,,,,,
877,1,13078,s==16|Huyền Vũ Tiên Tể,7,2,1026,68,2,1026,22,3,1,200,,,,,,,,,,,,26501002,s==4|show,265010021,s==4|idle,,,,,,,
878,1,13078,s==16|Huyền Vũ Tiên Tể,8,2,1026,84,2,1026,26,4,0,4,,,,,,,,,,,,26501002,s==4|show,265010021,s==4|idle,,,,,,,
879,1,13078,s==16|Huyền Vũ Tiên Tể,9,2,1026,100,2,1026,28,1,1,100,,,,,,,,,,,,26501002,s==4|show,265010021,s==4|idle,,,,,,,
880,1,13078,s==16|Huyền Vũ Tiên Tể,10,2,1026,120,2,1026,32,2,1,100,,,,,,,,,,,,26501002,s==4|show,265010021,s==4|idle,,,,,,,
881,1,13078,s==16|Huyền Vũ Tiên Tể,11,2,1026,140,2,1026,34,1,1,100,,,,,,,,,,,,26501002,s==4|show,265010021,s==4|idle,,,,,,,
882,1,13078,s==16|Huyền Vũ Tiên Tể,12,2,1026,163,2,1026,38,2,1,100,,,,,,,,,,,,26501002,s==4|show,265010021,s==4|idle,,,,,,,
883,1,13078,s==16|Huyền Vũ Tiên Tể,13,2,1026,188,2,1026,42,3,1,100,,,,,,,,,,,,26501002,s==4|show,265010021,s==4|idle,,,,,,,
884,1,13078,s==16|Huyền Vũ Tiên Tể,14,2,1026,217,2,1026,48,4,0,3,,,,,,,,,,,,26501002,s==4|show,265010021,s==4|idle,,,,,,,
885,1,13078,s==16|Huyền Vũ Tiên Tể,15,2,1026,249,2,1026,54,1,1,100,,,,,,,,,,,,26501002,s==4|show,265010021,s==4|idle,,,,,,,
886,1,13078,s==16|Huyền Vũ Tiên Tể,16,2,1026,285,2,1026,60,2,1,100,,,,,,,,,,,,26501002,s==4|show,265010021,s==4|idle,,,,,,,
887,1,13078,s==16|Huyền Vũ Tiên Tể,17,2,1026,325,2,1026,66,3,1,200,,,,,,,,,,,,26501002,s==4|show,265010021,s==4|idle,,,,,,,
888,1,13078,s==16|Huyền Vũ Tiên Tể,18,2,1026,372,2,1026,78,4,0,5,,,,,,,,,,,,26501002,s==4|show,265010021,s==4|idle,,,,,,,
889,1,13078,s==16|Huyền Vũ Tiên Tể,19,2,1026,422,2,1026,84,1,1,100,,,,,,,,,,,,26501002,s==4|show,265010021,s==4|idle,,,,,,,
890,1,13078,s==16|Huyền Vũ Tiên Tể,20,2,1026,480,2,1026,96,2,1,100,,,,,,,,,,,,26501002,s==8|show_max,265010021,s==8|idle_max,,,,,,,
891,4,13079,s==18|Cẩm Kiều Vũ Thưởng,1,2,1026,10,2,1026,10,,,,,,,,,,,,,,,26506001,s==4|show,255070201,s==4|idle,1,1,20,2,1,0,
892,4,13079,s==18|Cẩm Kiều Vũ Thưởng,2,2,1026,22,2,1026,12,,,,,,,,,,,,,,,26506001,s==4|show,255070201,s==4|idle,1,1,0,2,1,20,
893,4,13079,s==18|Cẩm Kiều Vũ Thưởng,3,2,1026,36,2,1026,14,,,,,,,,,,,,,,,26506001,s==4|show,255070201,s==4|idle,1,1,20,2,1,0,
894,4,13079,s==18|Cẩm Kiều Vũ Thưởng,4,2,1026,52,2,1026,16,,,,,,,,,,,,,,,26506001,s==4|show,255070201,s==4|idle,1,1,0,2,1,20,
895,4,13079,s==18|Cẩm Kiều Vũ Thưởng,5,2,1026,72,2,1026,20,,,,,,,,,,,,,,,26506001,s==4|show,255070201,s==4|idle,1,1,20,2,1,0,
896,4,13079,s==18|Cẩm Kiều Vũ Thưởng,6,2,1026,92,2,1026,20,,,,,,,,,,,,,,,26506001,s==4|show,255070201,s==4|idle,1,1,0,2,1,20,
897,4,13079,s==18|Cẩm Kiều Vũ Thưởng,7,2,1026,114,2,1026,22,,,,,,,,,,,,,,,26506001,s==4|show,255070201,s==4|idle,1,1,20,2,1,0,
898,4,13079,s==18|Cẩm Kiều Vũ Thưởng,8,2,1026,140,2,1026,26,,,,,,,,,,,,,,,26506001,s==4|show,255070201,s==4|idle,1,1,0,2,1,20,
899,4,13079,s==18|Cẩm Kiều Vũ Thưởng,9,2,1026,168,2,1026,28,,,,,,,,,,,,,,,26506001,s==4|show,255070201,s==4|idle,1,1,20,2,1,0,
900,4,13079,s==18|Cẩm Kiều Vũ Thưởng,10,2,1026,200,2,1026,32,,,,,,,,,,,,,,,26506001,s==4|show,255070201,s==4|idle,1,1,0,2,1,20,
901,4,13079,s==18|Cẩm Kiều Vũ Thưởng,11,2,1026,234,2,1026,34,,,,,,,,,,,,,,,26506001,s==4|show,255070201,s==4|idle,1,1,20,2,1,0,
902,4,13079,s==18|Cẩm Kiều Vũ Thưởng,12,2,1026,272,2,1026,38,,,,,,,,,,,,,,,26506001,s==4|show,255070201,s==4|idle,1,1,0,2,1,20,
903,4,13079,s==18|Cẩm Kiều Vũ Thưởng,13,2,1026,314,2,1026,42,,,,,,,,,,,,,,,26506001,s==4|show,255070201,s==4|idle,1,1,20,2,1,0,
904,4,13079,s==18|Cẩm Kiều Vũ Thưởng,14,2,1026,362,2,1026,48,,,,,,,,,,,,,,,26506001,s==4|show,255070201,s==4|idle,1,1,0,2,1,20,
905,4,13079,s==18|Cẩm Kiều Vũ Thưởng,15,2,1026,416,2,1026,54,,,,,,,,,,,,,,,26506001,s==4|show,255070201,s==4|idle,1,1,20,2,1,0,
906,4,13079,s==18|Cẩm Kiều Vũ Thưởng,16,2,1026,476,2,1026,60,,,,,,,,,,,,,,,26506001,s==4|show,255070201,s==4|idle,1,1,0,2,1,20,
909,4,13079,s==18|Cẩm Kiều Vũ Thưởng,17,2,1026,542,2,1026,66,,,,,,,,,,,,,,,26506001,s==4|show,255070201,s==4|idle,1,1,20,2,1,0,
908,4,13079,s==18|Cẩm Kiều Vũ Thưởng,18,2,1026,620,2,1026,78,,,,,,,,,,,,,,,26506001,s==4|show,255070201,s==4|idle,1,1,0,2,1,20,
909,4,13079,s==18|Cẩm Kiều Vũ Thưởng,19,2,1026,704,2,1026,84,,,,,,,,,,,,,,,26506001,s==4|show,255070201,s==4|idle,1,1,20,2,1,0,
910,4,13079,s==18|Cẩm Kiều Vũ Thưởng,20,2,1026,800,2,1026,96,,,,,,,,,,,,,,,26506001,s==8|show_max,255070201,s==8|idle_max,1,1,0,2,1,20,
911,1,13080,s==17|Hải Dương Chi Tâm,1,2,1026,6,2,1026,10,1,1,100,,,,,,,,,,,,26503002,s==4|show,265030021,s==4|idle,,,,,,,
912,1,13080,s==17|Hải Dương Chi Tâm,2,2,1026,13,2,1026,12,2,1,100,,,,,,,,,,,,26503002,s==4|show,265030021,s==4|idle,,,,,,,
913,1,13080,s==17|Hải Dương Chi Tâm,3,2,1026,21,2,1026,14,3,1,100,,,,,,,,,,,,26503002,s==4|show,265030021,s==4|idle,,,,,,,
914,1,13080,s==17|Hải Dương Chi Tâm,4,2,1026,31,2,1026,16,4,0,3,,,,,,,,,,,,26503002,s==4|show,265030021,s==4|idle,,,,,,,
915,1,13080,s==17|Hải Dương Chi Tâm,5,2,1026,43,2,1026,20,1,1,100,,,,,,,,,,,,26503002,s==4|show,265030021,s==4|idle,,,,,,,
916,1,13080,s==17|Hải Dương Chi Tâm,6,2,1026,55,2,1026,20,2,1,100,,,,,,,,,,,,26503002,s==4|show,265030021,s==4|idle,,,,,,,
917,1,13080,s==17|Hải Dương Chi Tâm,7,2,1026,68,2,1026,22,3,1,200,,,,,,,,,,,,26503002,s==4|show,265030021,s==4|idle,,,,,,,
918,1,13080,s==17|Hải Dương Chi Tâm,8,2,1026,84,2,1026,26,4,0,4,,,,,,,,,,,,26503002,s==4|show,265030021,s==4|idle,,,,,,,
919,1,13080,s==17|Hải Dương Chi Tâm,9,2,1026,100,2,1026,28,1,1,100,,,,,,,,,,,,26503002,s==4|show,265030021,s==4|idle,,,,,,,
920,1,13080,s==17|Hải Dương Chi Tâm,10,2,1026,120,2,1026,32,2,1,100,,,,,,,,,,,,26503002,s==4|show,265030021,s==4|idle,,,,,,,
921,1,13080,s==17|Hải Dương Chi Tâm,11,2,1026,140,2,1026,34,1,1,100,,,,,,,,,,,,26503002,s==4|show,265030021,s==4|idle,,,,,,,
922,1,13080,s==17|Hải Dương Chi Tâm,12,2,1026,163,2,1026,38,2,1,100,,,,,,,,,,,,26503002,s==4|show,265030021,s==4|idle,,,,,,,
923,1,13080,s==17|Hải Dương Chi Tâm,13,2,1026,188,2,1026,42,3,1,100,,,,,,,,,,,,26503002,s==4|show,265030021,s==4|idle,,,,,,,
924,1,13080,s==17|Hải Dương Chi Tâm,14,2,1026,217,2,1026,48,4,0,3,,,,,,,,,,,,26503002,s==4|show,265030021,s==4|idle,,,,,,,
925,1,13080,s==17|Hải Dương Chi Tâm,15,2,1026,249,2,1026,54,1,1,100,,,,,,,,,,,,26503002,s==4|show,265030021,s==4|idle,,,,,,,
926,1,13080,s==17|Hải Dương Chi Tâm,16,2,1026,285,2,1026,60,2,1,100,,,,,,,,,,,,26503002,s==4|show,265030021,s==4|idle,,,,,,,
927,1,13080,s==17|Hải Dương Chi Tâm,17,2,1026,325,2,1026,66,3,1,200,,,,,,,,,,,,26503002,s==4|show,265030021,s==4|idle,,,,,,,
928,1,13080,s==17|Hải Dương Chi Tâm,18,2,1026,372,2,1026,78,4,0,5,,,,,,,,,,,,26503002,s==4|show,265030021,s==4|idle,,,,,,,
929,1,13080,s==17|Hải Dương Chi Tâm,19,2,1026,422,2,1026,84,1,1,100,,,,,,,,,,,,26503002,s==4|show,265030021,s==4|idle,,,,,,,
930,1,13080,s==17|Hải Dương Chi Tâm,20,2,1026,480,2,1026,96,2,1,100,,,,,,,,,,,,26503002,s==8|show_max,265030021,s==8|idle_max,,,,,,,
931,1,13081,s==15|Đông Hải Chi Tử,1,2,1026,6,2,1026,10,1,1,100,,,,,,,,,,,,26502002,s==4|show,265020021,s==4|idle,,,,,,,
932,1,13081,s==15|Đông Hải Chi Tử,2,2,1026,13,2,1026,12,2,1,100,,,,,,,,,,,,26502002,s==4|show,265020021,s==4|idle,,,,,,,
933,1,13081,s==15|Đông Hải Chi Tử,3,2,1026,21,2,1026,14,3,1,100,,,,,,,,,,,,26502002,s==4|show,265020021,s==4|idle,,,,,,,
934,1,13081,s==15|Đông Hải Chi Tử,4,2,1026,31,2,1026,16,4,0,3,,,,,,,,,,,,26502002,s==4|show,265020021,s==4|idle,,,,,,,
935,1,13081,s==15|Đông Hải Chi Tử,5,2,1026,43,2,1026,20,1,1,100,,,,,,,,,,,,26502002,s==4|show,265020021,s==4|idle,,,,,,,
936,1,13081,s==15|Đông Hải Chi Tử,6,2,1026,55,2,1026,20,2,1,100,,,,,,,,,,,,26502002,s==4|show,265020021,s==4|idle,,,,,,,
937,1,13081,s==15|Đông Hải Chi Tử,7,2,1026,68,2,1026,22,3,1,200,,,,,,,,,,,,26502002,s==4|show,265020021,s==4|idle,,,,,,,
938,1,13081,s==15|Đông Hải Chi Tử,8,2,1026,84,2,1026,26,4,0,4,,,,,,,,,,,,26502002,s==4|show,265020021,s==4|idle,,,,,,,
939,1,13081,s==15|Đông Hải Chi Tử,9,2,1026,100,2,1026,28,1,1,100,,,,,,,,,,,,26502002,s==4|show,265020021,s==4|idle,,,,,,,
940,1,13081,s==15|Đông Hải Chi Tử,10,2,1026,120,2,1026,32,2,1,100,,,,,,,,,,,,26502002,s==4|show,265020021,s==4|idle,,,,,,,
941,1,13081,s==15|Đông Hải Chi Tử,11,2,1026,140,2,1026,34,1,1,100,,,,,,,,,,,,26502002,s==4|show,265020021,s==4|idle,,,,,,,
942,1,13081,s==15|Đông Hải Chi Tử,12,2,1026,163,2,1026,38,2,1,100,,,,,,,,,,,,26502002,s==4|show,265020021,s==4|idle,,,,,,,
943,1,13081,s==15|Đông Hải Chi Tử,13,2,1026,188,2,1026,42,3,1,100,,,,,,,,,,,,26502002,s==4|show,265020021,s==4|idle,,,,,,,
944,1,13081,s==15|Đông Hải Chi Tử,14,2,1026,217,2,1026,48,4,0,3,,,,,,,,,,,,26502002,s==4|show,265020021,s==4|idle,,,,,,,
945,1,13081,s==15|Đông Hải Chi Tử,15,2,1026,249,2,1026,54,1,1,100,,,,,,,,,,,,26502002,s==4|show,265020021,s==4|idle,,,,,,,
946,1,13081,s==15|Đông Hải Chi Tử,16,2,1026,285,2,1026,60,2,1,100,,,,,,,,,,,,26502002,s==4|show,265020021,s==4|idle,,,,,,,
947,1,13081,s==15|Đông Hải Chi Tử,17,2,1026,325,2,1026,66,3,1,200,,,,,,,,,,,,26502002,s==4|show,265020021,s==4|idle,,,,,,,
948,1,13081,s==15|Đông Hải Chi Tử,18,2,1026,372,2,1026,78,4,0,5,,,,,,,,,,,,26502002,s==4|show,265020021,s==4|idle,,,,,,,
949,1,13081,s==15|Đông Hải Chi Tử,19,2,1026,422,2,1026,84,1,1,100,,,,,,,,,,,,26502002,s==4|show,265020021,s==4|idle,,,,,,,
950,1,13081,s==15|Đông Hải Chi Tử,20,2,1026,480,2,1026,96,2,1,100,,,,,,,,,,,,26502002,s==8|show_max,265020021,s==8|idle_max,,,,,,,
951,4,13082,s==19|Thanh Long Võ Trang,1,2,1026,10,2,1026,10,,,,,,,,,,,,,,,11102002,s==4|show,255070201,s==4|idle,1,1,20,2,1,0,
952,4,13082,s==19|Thanh Long Võ Trang,2,2,1026,22,2,1026,12,,,,,,,,,,,,,,,11102002,s==4|show,255070201,s==4|idle,1,1,0,2,1,20,
953,4,13082,s==19|Thanh Long Võ Trang,3,2,1026,36,2,1026,14,,,,,,,,,,,,,,,11102002,s==4|show,255070201,s==4|idle,1,1,20,2,1,0,
954,4,13082,s==19|Thanh Long Võ Trang,4,2,1026,52,2,1026,16,,,,,,,,,,,,,,,11102002,s==4|show,255070201,s==4|idle,1,1,0,2,1,20,
955,4,13082,s==19|Thanh Long Võ Trang,5,2,1026,72,2,1026,20,,,,,,,,,,,,,,,11102002,s==4|show,255070201,s==4|idle,1,1,20,2,1,0,
956,4,13082,s==19|Thanh Long Võ Trang,6,2,1026,92,2,1026,20,,,,,,,,,,,,,,,11102002,s==4|show,255070201,s==4|idle,1,1,0,2,1,20,
957,4,13082,s==19|Thanh Long Võ Trang,7,2,1026,114,2,1026,22,,,,,,,,,,,,,,,11102002,s==4|show,255070201,s==4|idle,1,1,20,2,1,0,
958,4,13082,s==19|Thanh Long Võ Trang,8,2,1026,140,2,1026,26,,,,,,,,,,,,,,,11102002,s==4|show,255070201,s==4|idle,1,1,0,2,1,20,
959,4,13082,s==19|Thanh Long Võ Trang,9,2,1026,168,2,1026,28,,,,,,,,,,,,,,,11102002,s==4|show,255070201,s==4|idle,1,1,20,2,1,0,
960,4,13082,s==19|Thanh Long Võ Trang,10,2,1026,200,2,1026,32,,,,,,,,,,,,,,,11102002,s==4|show,255070201,s==4|idle,1,1,0,2,1,20,
961,4,13082,s==19|Thanh Long Võ Trang,11,2,1026,234,2,1026,34,,,,,,,,,,,,,,,11102002,s==4|show,255070201,s==4|idle,1,1,20,2,1,0,
962,4,13082,s==19|Thanh Long Võ Trang,12,2,1026,272,2,1026,38,,,,,,,,,,,,,,,11102002,s==4|show,255070201,s==4|idle,1,1,0,2,1,20,
963,4,13082,s==19|Thanh Long Võ Trang,13,2,1026,314,2,1026,42,,,,,,,,,,,,,,,11102002,s==4|show,255070201,s==4|idle,1,1,20,2,1,0,
964,4,13082,s==19|Thanh Long Võ Trang,14,2,1026,362,2,1026,48,,,,,,,,,,,,,,,11102002,s==4|show,255070201,s==4|idle,1,1,0,2,1,20,
965,4,13082,s==19|Thanh Long Võ Trang,15,2,1026,416,2,1026,54,,,,,,,,,,,,,,,11102002,s==4|show,255070201,s==4|idle,1,1,20,2,1,0,
966,4,13082,s==19|Thanh Long Võ Trang,16,2,1026,476,2,1026,60,,,,,,,,,,,,,,,11102002,s==4|show,255070201,s==4|idle,1,1,0,2,1,20,
967,4,13082,s==19|Thanh Long Võ Trang,17,2,1026,542,2,1026,66,,,,,,,,,,,,,,,11102002,s==4|show,255070201,s==4|idle,1,1,20,2,1,0,
968,4,13082,s==19|Thanh Long Võ Trang,18,2,1026,620,2,1026,78,,,,,,,,,,,,,,,11102002,s==4|show,255070201,s==4|idle,1,1,0,2,1,20,
969,4,13082,s==19|Thanh Long Võ Trang,19,2,1026,704,2,1026,84,,,,,,,,,,,,,,,11102002,s==4|show,255070201,s==4|idle,1,1,20,2,1,0,
970,4,13082,s==19|Thanh Long Võ Trang,20,2,1026,800,2,1026,96,,,,,,,,,,,,,,,11102002,s==8|show_max,255070201,s==8|idle_max,1,1,0,2,1,20,
971,4,13083,s==13|Ám Dạ Ma Giáp,1,2,1026,10,2,1026,10,,,,,,,,,,,,,,,11102002,s==4|show,255070201,s==4|idle,1,1,20,2,1,0,
972,4,13083,s==13|Ám Dạ Ma Giáp,2,2,1026,22,2,1026,12,,,,,,,,,,,,,,,11102002,s==4|show,255070201,s==4|idle,1,1,0,2,1,20,
973,4,13083,s==13|Ám Dạ Ma Giáp,3,2,1026,36,2,1026,14,,,,,,,,,,,,,,,11102002,s==4|show,255070201,s==4|idle,1,1,20,2,1,0,
974,4,13083,s==13|Ám Dạ Ma Giáp,4,2,1026,52,2,1026,16,,,,,,,,,,,,,,,11102002,s==4|show,255070201,s==4|idle,1,1,0,2,1,20,
975,4,13083,s==13|Ám Dạ Ma Giáp,5,2,1026,72,2,1026,20,,,,,,,,,,,,,,,11102002,s==4|show,255070201,s==4|idle,1,1,20,2,1,0,
976,4,13083,s==13|Ám Dạ Ma Giáp,6,2,1026,92,2,1026,20,,,,,,,,,,,,,,,11102002,s==4|show,255070201,s==4|idle,1,1,0,2,1,20,
977,4,13083,s==13|Ám Dạ Ma Giáp,7,2,1026,114,2,1026,22,,,,,,,,,,,,,,,11102002,s==4|show,255070201,s==4|idle,1,1,20,2,1,0,
978,4,13083,s==13|Ám Dạ Ma Giáp,8,2,1026,140,2,1026,26,,,,,,,,,,,,,,,11102002,s==4|show,255070201,s==4|idle,1,1,0,2,1,20,
979,4,13083,s==13|Ám Dạ Ma Giáp,9,2,1026,168,2,1026,28,,,,,,,,,,,,,,,11102002,s==4|show,255070201,s==4|idle,1,1,20,2,1,0,
980,4,13083,s==13|Ám Dạ Ma Giáp,10,2,1026,200,2,1026,32,,,,,,,,,,,,,,,11102002,s==4|show,255070201,s==4|idle,1,1,0,2,1,20,
981,4,13083,s==13|Ám Dạ Ma Giáp,11,2,1026,234,2,1026,34,,,,,,,,,,,,,,,11102002,s==4|show,255070201,s==4|idle,1,1,20,2,1,0,
982,4,13083,s==13|Ám Dạ Ma Giáp,12,2,1026,272,2,1026,38,,,,,,,,,,,,,,,11102002,s==4|show,255070201,s==4|idle,1,1,0,2,1,20,
983,4,13083,s==13|Ám Dạ Ma Giáp,13,2,1026,314,2,1026,42,,,,,,,,,,,,,,,11102002,s==4|show,255070201,s==4|idle,1,1,20,2,1,0,
984,4,13083,s==13|Ám Dạ Ma Giáp,14,2,1026,362,2,1026,48,,,,,,,,,,,,,,,11102002,s==4|show,255070201,s==4|idle,1,1,0,2,1,20,
985,4,13083,s==13|Ám Dạ Ma Giáp,15,2,1026,416,2,1026,54,,,,,,,,,,,,,,,11102002,s==4|show,255070201,s==4|idle,1,1,20,2,1,0,
986,4,13083,s==13|Ám Dạ Ma Giáp,16,2,1026,476,2,1026,60,,,,,,,,,,,,,,,11102002,s==4|show,255070201,s==4|idle,1,1,0,2,1,20,
987,4,13083,s==13|Ám Dạ Ma Giáp,17,2,1026,542,2,1026,66,,,,,,,,,,,,,,,11102002,s==4|show,255070201,s==4|idle,1,1,20,2,1,0,
988,4,13083,s==13|Ám Dạ Ma Giáp,18,2,1026,620,2,1026,78,,,,,,,,,,,,,,,11102002,s==4|show,255070201,s==4|idle,1,1,0,2,1,20,
989,4,13083,s==13|Ám Dạ Ma Giáp,19,2,1026,704,2,1026,84,,,,,,,,,,,,,,,11102002,s==4|show,255070201,s==4|idle,1,1,20,2,1,0,
990,4,13083,s==13|Ám Dạ Ma Giáp,20,2,1026,800,2,1026,96,,,,,,,,,,,,,,,11102002,s==8|show_max,255070201,s==8|idle_max,1,1,0,2,1,20,
991,1,13084,s==19|Thiên Cơ Thần Giáng,1,2,1026,6,2,1026,10,1,1,100,,,,,,,,,,,,25510003,s==4|show,255100031,s==4|idle,,,,,,,
992,1,13084,s==19|Thiên Cơ Thần Giáng,2,2,1026,13,2,1026,12,2,1,100,,,,,,,,,,,,25510003,s==4|show,255100031,s==4|idle,,,,,,,
993,1,13084,s==19|Thiên Cơ Thần Giáng,3,2,1026,21,2,1026,14,3,1,100,,,,,,,,,,,,25510003,s==4|show,255100031,s==4|idle,,,,,,,
994,1,13084,s==19|Thiên Cơ Thần Giáng,4,2,1026,31,2,1026,16,4,0,3,,,,,,,,,,,,25510003,s==4|show,255100031,s==4|idle,,,,,,,
995,1,13084,s==19|Thiên Cơ Thần Giáng,5,2,1026,43,2,1026,20,1,1,100,,,,,,,,,,,,25510003,s==4|show,255100031,s==4|idle,,,,,,,
996,1,13084,s==19|Thiên Cơ Thần Giáng,6,2,1026,55,2,1026,20,2,1,100,,,,,,,,,,,,25510003,s==4|show,255100031,s==4|idle,,,,,,,
997,1,13084,s==19|Thiên Cơ Thần Giáng,7,2,1026,68,2,1026,22,3,1,200,,,,,,,,,,,,25510003,s==4|show,255100031,s==4|idle,,,,,,,
998,1,13084,s==19|Thiên Cơ Thần Giáng,8,2,1026,84,2,1026,26,4,0,4,,,,,,,,,,,,25510003,s==4|show,255100031,s==4|idle,,,,,,,
999,1,13084,s==19|Thiên Cơ Thần Giáng,9,2,1026,100,2,1026,28,1,1,100,,,,,,,,,,,,25510003,s==4|show,255100031,s==4|idle,,,,,,,
1000,1,13084,s==19|Thiên Cơ Thần Giáng,10,2,1026,120,2,1026,32,2,1,100,,,,,,,,,,,,25510003,s==4|show,255100031,s==4|idle,,,,,,,
1001,1,13084,s==19|Thiên Cơ Thần Giáng,11,2,1026,140,2,1026,34,1,1,100,,,,,,,,,,,,25510003,s==4|show,255100031,s==4|idle,,,,,,,
1002,1,13084,s==19|Thiên Cơ Thần Giáng,12,2,1026,163,2,1026,38,2,1,100,,,,,,,,,,,,25510003,s==4|show,255100031,s==4|idle,,,,,,,
1003,1,13084,s==19|Thiên Cơ Thần Giáng,13,2,1026,188,2,1026,42,3,1,100,,,,,,,,,,,,25510003,s==4|show,255100031,s==4|idle,,,,,,,
1004,1,13084,s==19|Thiên Cơ Thần Giáng,14,2,1026,217,2,1026,48,4,0,3,,,,,,,,,,,,25510003,s==4|show,255100031,s==4|idle,,,,,,,
1005,1,13084,s==19|Thiên Cơ Thần Giáng,15,2,1026,249,2,1026,54,1,1,100,,,,,,,,,,,,25510003,s==4|show,255100031,s==4|idle,,,,,,,
1006,1,13084,s==19|Thiên Cơ Thần Giáng,16,2,1026,285,2,1026,60,2,1,100,,,,,,,,,,,,25510003,s==4|show,255100031,s==4|idle,,,,,,,
1007,1,13084,s==19|Thiên Cơ Thần Giáng,17,2,1026,325,2,1026,66,3,1,200,,,,,,,,,,,,25510003,s==4|show,255100031,s==4|idle,,,,,,,
1008,1,13084,s==19|Thiên Cơ Thần Giáng,18,2,1026,372,2,1026,78,4,0,5,,,,,,,,,,,,25510003,s==4|show,255100031,s==4|idle,,,,,,,
1009,1,13084,s==19|Thiên Cơ Thần Giáng,19,2,1026,422,2,1026,84,1,1,100,,,,,,,,,,,,25510003,s==4|show,255100031,s==4|idle,,,,,,,
1010,1,13084,s==19|Thiên Cơ Thần Giáng,20,2,1026,480,2,1026,96,2,1,100,,,,,,,,,,,,25510003,s==8|show_max,255100031,s==8|idle_max,,,,,,,
1011,1,13085,s==19|Bạo Phong Sích Diễm,1,2,1026,6,2,1026,10,1,1,102,,,,,,,,,,,,25515004,s==4|show,255150041,s==4|idle,,,,,,,
1012,1,13085,s==19|Bạo Phong Sích Diễm,2,2,1026,13,2,1026,12,2,1,102,,,,,,,,,,,,25515004,s==4|show,255150041,s==4|idle,,,,,,,
1013,1,13085,s==19|Bạo Phong Sích Diễm,3,2,1026,21,2,1026,14,3,1,102,,,,,,,,,,,,25515004,s==4|show,255150041,s==4|idle,,,,,,,
1014,1,13085,s==19|Bạo Phong Sích Diễm,4,2,1026,31,2,1026,16,4,0,3,,,,,,,,,,,,25515004,s==4|show,255150041,s==4|idle,,,,,,,
1015,1,13085,s==19|Bạo Phong Sích Diễm,5,2,1026,43,2,1026,20,1,1,102,,,,,,,,,,,,25515004,s==4|show,255150041,s==4|idle,,,,,,,
1016,1,13085,s==19|Bạo Phong Sích Diễm,6,2,1026,55,2,1026,20,2,1,102,,,,,,,,,,,,25515004,s==4|show,255150041,s==4|idle,,,,,,,
1017,1,13085,s==19|Bạo Phong Sích Diễm,7,2,1026,68,2,1026,22,3,1,200,,,,,,,,,,,,25515004,s==4|show,255150041,s==4|idle,,,,,,,
1018,1,13085,s==19|Bạo Phong Sích Diễm,8,2,1026,84,2,1026,26,4,0,4,,,,,,,,,,,,25515004,s==4|show,255150041,s==4|idle,,,,,,,
1019,1,13085,s==19|Bạo Phong Sích Diễm,9,2,1026,102,2,1026,28,1,1,102,,,,,,,,,,,,25515004,s==4|show,255150041,s==4|idle,,,,,,,
1020,1,13085,s==19|Bạo Phong Sích Diễm,10,2,1026,120,2,1026,32,2,1,102,,,,,,,,,,,,25515004,s==4|show,255150041,s==4|idle,,,,,,,
1021,1,13085,s==19|Bạo Phong Sích Diễm,11,2,1026,140,2,1026,34,1,1,102,,,,,,,,,,,,25515004,s==4|show,255150041,s==4|idle,,,,,,,
1022,1,13085,s==19|Bạo Phong Sích Diễm,12,2,1026,163,2,1026,38,2,1,102,,,,,,,,,,,,25515004,s==4|show,255150041,s==4|idle,,,,,,,
1023,1,13085,s==19|Bạo Phong Sích Diễm,13,2,1026,188,2,1026,42,3,1,102,,,,,,,,,,,,25515004,s==4|show,255150041,s==4|idle,,,,,,,
1024,1,13085,s==19|Bạo Phong Sích Diễm,14,2,1026,217,2,1026,48,4,0,3,,,,,,,,,,,,25515004,s==4|show,255150041,s==4|idle,,,,,,,
1025,1,13085,s==19|Bạo Phong Sích Diễm,15,2,1026,249,2,1026,54,1,1,102,,,,,,,,,,,,25515004,s==4|show,255150041,s==4|idle,,,,,,,
1026,1,13085,s==19|Bạo Phong Sích Diễm,16,2,1026,285,2,1026,60,2,1,102,,,,,,,,,,,,25515004,s==4|show,255150041,s==4|idle,,,,,,,
1027,1,13085,s==19|Bạo Phong Sích Diễm,17,2,1026,325,2,1026,66,3,1,200,,,,,,,,,,,,25515004,s==4|show,255150041,s==4|idle,,,,,,,
1028,1,13085,s==19|Bạo Phong Sích Diễm,18,2,1026,372,2,1026,78,4,0,5,,,,,,,,,,,,25515004,s==4|show,255150041,s==4|idle,,,,,,,
1029,1,13085,s==19|Bạo Phong Sích Diễm,19,2,1026,422,2,1026,84,1,1,102,,,,,,,,,,,,25515004,s==4|show,255150041,s==4|idle,,,,,,,
1030,1,13085,s==19|Bạo Phong Sích Diễm,20,2,1026,480,2,1026,96,2,1,102,,,,,,,,,,,,25515004,s==8|show_max,255150041,s==8|idle_max,,,,,,,
1031,4,13086,s==20|Thái Vân Truy Nguyệt,1,2,1026,10,2,1026,10,,,,,,,,,,,,,,,26507001,s==4|show,255070201,s==4|idle,1,1,20,2,1,0,
1032,4,13086,s==20|Thái Vân Truy Nguyệt,2,2,1026,22,2,1026,12,,,,,,,,,,,,,,,26507001,s==4|show,255070201,s==4|idle,1,1,0,2,1,20,
1033,4,13086,s==20|Thái Vân Truy Nguyệt,3,2,1026,36,2,1026,14,,,,,,,,,,,,,,,26507001,s==4|show,255070201,s==4|idle,1,1,20,2,1,0,
1034,4,13086,s==20|Thái Vân Truy Nguyệt,4,2,1026,52,2,1026,16,,,,,,,,,,,,,,,26507001,s==4|show,255070201,s==4|idle,1,1,0,2,1,20,
1035,4,13086,s==20|Thái Vân Truy Nguyệt,5,2,1026,72,2,1026,20,,,,,,,,,,,,,,,26507001,s==4|show,255070201,s==4|idle,1,1,20,2,1,0,
1036,4,13086,s==20|Thái Vân Truy Nguyệt,6,2,1026,92,2,1026,20,,,,,,,,,,,,,,,26507001,s==4|show,255070201,s==4|idle,1,1,0,2,1,20,
1037,4,13086,s==20|Thái Vân Truy Nguyệt,7,2,1026,114,2,1026,22,,,,,,,,,,,,,,,26507001,s==4|show,255070201,s==4|idle,1,1,20,2,1,0,
1038,4,13086,s==20|Thái Vân Truy Nguyệt,8,2,1026,140,2,1026,26,,,,,,,,,,,,,,,26507001,s==4|show,255070201,s==4|idle,1,1,0,2,1,20,
1039,4,13086,s==20|Thái Vân Truy Nguyệt,9,2,1026,168,2,1026,28,,,,,,,,,,,,,,,26507001,s==4|show,255070201,s==4|idle,1,1,20,2,1,0,
1040,4,13086,s==20|Thái Vân Truy Nguyệt,10,2,1026,200,2,1026,32,,,,,,,,,,,,,,,26507001,s==4|show,255070201,s==4|idle,1,1,0,2,1,20,
1041,4,13086,s==20|Thái Vân Truy Nguyệt,11,2,1026,234,2,1026,34,,,,,,,,,,,,,,,26507001,s==4|show,255070201,s==4|idle,1,1,20,2,1,0,
1042,4,13086,s==20|Thái Vân Truy Nguyệt,12,2,1026,272,2,1026,38,,,,,,,,,,,,,,,26507001,s==4|show,255070201,s==4|idle,1,1,0,2,1,20,
1043,4,13086,s==20|Thái Vân Truy Nguyệt,13,2,1026,314,2,1026,42,,,,,,,,,,,,,,,26507001,s==4|show,255070201,s==4|idle,1,1,20,2,1,0,
1044,4,13086,s==20|Thái Vân Truy Nguyệt,14,2,1026,362,2,1026,48,,,,,,,,,,,,,,,26507001,s==4|show,255070201,s==4|idle,1,1,0,2,1,20,
1045,4,13086,s==20|Thái Vân Truy Nguyệt,15,2,1026,416,2,1026,54,,,,,,,,,,,,,,,26507001,s==4|show,255070201,s==4|idle,1,1,20,2,1,0,
1046,4,13086,s==20|Thái Vân Truy Nguyệt,16,2,1026,476,2,1026,60,,,,,,,,,,,,,,,26507001,s==4|show,255070201,s==4|idle,1,1,0,2,1,20,
1049,4,13086,s==20|Thái Vân Truy Nguyệt,17,2,1026,542,2,1026,66,,,,,,,,,,,,,,,26507001,s==4|show,255070201,s==4|idle,1,1,20,2,1,0,
1048,4,13086,s==20|Thái Vân Truy Nguyệt,18,2,1026,620,2,1026,78,,,,,,,,,,,,,,,26507001,s==4|show,255070201,s==4|idle,1,1,0,2,1,20,
1049,4,13086,s==20|Thái Vân Truy Nguyệt,19,2,1026,704,2,1026,84,,,,,,,,,,,,,,,26507001,s==4|show,255070201,s==4|idle,1,1,20,2,1,0,
1050,4,13086,s==20|Thái Vân Truy Nguyệt,20,2,1026,800,2,1026,96,,,,,,,,,,,,,,,26507001,s==8|show_max,255070201,s==8|idle_max,1,1,0,2,1,20,
1051,1,13087,s==15|Đồ Long Dũng Sĩ,1,2,1026,6,2,1026,10,1,1,102,,,,,,,,,,,,26504002,s==4|show,265040021,s==4|idle,,,,,,,
1052,1,13087,s==15|Đồ Long Dũng Sĩ,2,2,1026,13,2,1026,12,2,1,102,,,,,,,,,,,,26504002,s==4|show,265040021,s==4|idle,,,,,,,
1053,1,13087,s==15|Đồ Long Dũng Sĩ,3,2,1026,21,2,1026,14,3,1,102,,,,,,,,,,,,26504002,s==4|show,265040021,s==4|idle,,,,,,,
1054,1,13087,s==15|Đồ Long Dũng Sĩ,4,2,1026,31,2,1026,16,4,0,3,,,,,,,,,,,,26504002,s==4|show,265040021,s==4|idle,,,,,,,
1055,1,13087,s==15|Đồ Long Dũng Sĩ,5,2,1026,43,2,1026,20,1,1,102,,,,,,,,,,,,26504002,s==4|show,265040021,s==4|idle,,,,,,,
1056,1,13087,s==15|Đồ Long Dũng Sĩ,6,2,1026,55,2,1026,20,2,1,102,,,,,,,,,,,,26504002,s==4|show,265040021,s==4|idle,,,,,,,
1057,1,13087,s==15|Đồ Long Dũng Sĩ,7,2,1026,68,2,1026,22,3,1,200,,,,,,,,,,,,26504002,s==4|show,265040021,s==4|idle,,,,,,,
1058,1,13087,s==15|Đồ Long Dũng Sĩ,8,2,1026,84,2,1026,26,4,0,4,,,,,,,,,,,,26504002,s==4|show,265040021,s==4|idle,,,,,,,
1059,1,13087,s==15|Đồ Long Dũng Sĩ,9,2,1026,102,2,1026,28,1,1,102,,,,,,,,,,,,26504002,s==4|show,265040021,s==4|idle,,,,,,,
1060,1,13087,s==15|Đồ Long Dũng Sĩ,10,2,1026,120,2,1026,32,2,1,102,,,,,,,,,,,,26504002,s==4|show,265040021,s==4|idle,,,,,,,
1061,1,13087,s==15|Đồ Long Dũng Sĩ,11,2,1026,140,2,1026,34,1,1,102,,,,,,,,,,,,26504002,s==4|show,265040021,s==4|idle,,,,,,,
1062,1,13087,s==15|Đồ Long Dũng Sĩ,12,2,1026,163,2,1026,38,2,1,102,,,,,,,,,,,,26504002,s==4|show,265040021,s==4|idle,,,,,,,
1063,1,13087,s==15|Đồ Long Dũng Sĩ,13,2,1026,188,2,1026,42,3,1,102,,,,,,,,,,,,26504002,s==4|show,265040021,s==4|idle,,,,,,,
1064,1,13087,s==15|Đồ Long Dũng Sĩ,14,2,1026,217,2,1026,48,4,0,3,,,,,,,,,,,,26504002,s==4|show,265040021,s==4|idle,,,,,,,
1065,1,13087,s==15|Đồ Long Dũng Sĩ,15,2,1026,249,2,1026,54,1,1,102,,,,,,,,,,,,26504002,s==4|show,265040021,s==4|idle,,,,,,,
1066,1,13087,s==15|Đồ Long Dũng Sĩ,16,2,1026,285,2,1026,60,2,1,102,,,,,,,,,,,,26504002,s==4|show,265040021,s==4|idle,,,,,,,
1067,1,13087,s==15|Đồ Long Dũng Sĩ,17,2,1026,325,2,1026,66,3,1,200,,,,,,,,,,,,26504002,s==4|show,265040021,s==4|idle,,,,,,,
1068,1,13087,s==15|Đồ Long Dũng Sĩ,18,2,1026,372,2,1026,78,4,0,5,,,,,,,,,,,,26504002,s==4|show,265040021,s==4|idle,,,,,,,
1069,1,13087,s==15|Đồ Long Dũng Sĩ,19,2,1026,422,2,1026,84,1,1,102,,,,,,,,,,,,26504002,s==4|show,265040021,s==4|idle,,,,,,,
1070,1,13087,s==15|Đồ Long Dũng Sĩ,20,2,1026,480,2,1026,96,2,1,102,,,,,,,,,,,,26504002,s==8|show_max,265040021,s==8|idle_max,,,,,,,
1071,4,13088,s==18|Thanh Long Võ Tiên,1,2,1026,10,2,1026,10,,,,,,,,,,,,,,,26508001,s==4|show,255070201,s==4|idle,1,1,20,2,1,0,
1072,4,13088,s==18|Thanh Long Võ Tiên,2,2,1026,22,2,1026,12,,,,,,,,,,,,,,,26508001,s==4|show,255070201,s==4|idle,1,1,0,2,1,20,
1073,4,13088,s==18|Thanh Long Võ Tiên,3,2,1026,36,2,1026,14,,,,,,,,,,,,,,,26508001,s==4|show,255070201,s==4|idle,1,1,20,2,1,0,
1074,4,13088,s==18|Thanh Long Võ Tiên,4,2,1026,52,2,1026,16,,,,,,,,,,,,,,,26508001,s==4|show,255070201,s==4|idle,1,1,0,2,1,20,
1075,4,13088,s==18|Thanh Long Võ Tiên,5,2,1026,72,2,1026,20,,,,,,,,,,,,,,,26508001,s==4|show,255070201,s==4|idle,1,1,20,2,1,0,
1076,4,13088,s==18|Thanh Long Võ Tiên,6,2,1026,92,2,1026,20,,,,,,,,,,,,,,,26508001,s==4|show,255070201,s==4|idle,1,1,0,2,1,20,
1077,4,13088,s==18|Thanh Long Võ Tiên,7,2,1026,114,2,1026,22,,,,,,,,,,,,,,,26508001,s==4|show,255070201,s==4|idle,1,1,20,2,1,0,
1078,4,13088,s==18|Thanh Long Võ Tiên,8,2,1026,140,2,1026,26,,,,,,,,,,,,,,,26508001,s==4|show,255070201,s==4|idle,1,1,0,2,1,20,
1079,4,13088,s==18|Thanh Long Võ Tiên,9,2,1026,168,2,1026,28,,,,,,,,,,,,,,,26508001,s==4|show,255070201,s==4|idle,1,1,20,2,1,0,
1080,4,13088,s==18|Thanh Long Võ Tiên,10,2,1026,200,2,1026,32,,,,,,,,,,,,,,,26508001,s==4|show,255070201,s==4|idle,1,1,0,2,1,20,
1081,4,13088,s==18|Thanh Long Võ Tiên,11,2,1026,234,2,1026,34,,,,,,,,,,,,,,,26508001,s==4|show,255070201,s==4|idle,1,1,20,2,1,0,
1082,4,13088,s==18|Thanh Long Võ Tiên,12,2,1026,272,2,1026,38,,,,,,,,,,,,,,,26508001,s==4|show,255070201,s==4|idle,1,1,0,2,1,20,
1083,4,13088,s==18|Thanh Long Võ Tiên,13,2,1026,314,2,1026,42,,,,,,,,,,,,,,,26508001,s==4|show,255070201,s==4|idle,1,1,20,2,1,0,
1084,4,13088,s==18|Thanh Long Võ Tiên,14,2,1026,362,2,1026,48,,,,,,,,,,,,,,,26508001,s==4|show,255070201,s==4|idle,1,1,0,2,1,20,
1085,4,13088,s==18|Thanh Long Võ Tiên,15,2,1026,416,2,1026,54,,,,,,,,,,,,,,,26508001,s==4|show,255070201,s==4|idle,1,1,20,2,1,0,
1086,4,13088,s==18|Thanh Long Võ Tiên,16,2,1026,476,2,1026,60,,,,,,,,,,,,,,,26508001,s==4|show,255070201,s==4|idle,1,1,0,2,1,20,
1089,4,13088,s==18|Thanh Long Võ Tiên,17,2,1026,542,2,1026,66,,,,,,,,,,,,,,,26508001,s==4|show,255070201,s==4|idle,1,1,20,2,1,0,
1088,4,13088,s==18|Thanh Long Võ Tiên,18,2,1026,620,2,1026,78,,,,,,,,,,,,,,,26508001,s==4|show,255070201,s==4|idle,1,1,0,2,1,20,
1089,4,13088,s==18|Thanh Long Võ Tiên,19,2,1026,704,2,1026,84,,,,,,,,,,,,,,,26508001,s==4|show,255070201,s==4|idle,1,1,20,2,1,0,
1090,4,13088,s==18|Thanh Long Võ Tiên,20,2,1026,800,2,1026,96,,,,,,,,,,,,,,,26508001,s==8|show_max,255070201,s==8|idle_max,1,1,0,2,1,20,
1091,1,13089,s==18|Bích Ba Nông Triều,1,2,1026,6,2,1026,10,1,1,100,,,,,,,,,,,,25501180,s==4|show,255011801,s==4|idle,,,,,,,
1092,1,13089,s==18|Bích Ba Nông Triều,2,2,1026,13,2,1026,12,2,1,100,,,,,,,,,,,,25501180,s==4|show,255011801,s==4|idle,,,,,,,
1093,1,13089,s==18|Bích Ba Nông Triều,3,2,1026,21,2,1026,14,3,1,100,,,,,,,,,,,,25501180,s==4|show,255011801,s==4|idle,,,,,,,
1094,1,13089,s==18|Bích Ba Nông Triều,4,2,1026,31,2,1026,16,4,0,3,,,,,,,,,,,,25501180,s==4|show,255011801,s==4|idle,,,,,,,
1095,1,13089,s==18|Bích Ba Nông Triều,5,2,1026,43,2,1026,20,1,1,100,,,,,,,,,,,,25501180,s==4|show,255011801,s==4|idle,,,,,,,
1096,1,13089,s==18|Bích Ba Nông Triều,6,2,1026,55,2,1026,20,2,1,100,,,,,,,,,,,,25501180,s==4|show,255011801,s==4|idle,,,,,,,
1097,1,13089,s==18|Bích Ba Nông Triều,7,2,1026,68,2,1026,22,3,1,200,,,,,,,,,,,,25501180,s==4|show,255011801,s==4|idle,,,,,,,
1098,1,13089,s==18|Bích Ba Nông Triều,8,2,1026,84,2,1026,26,4,0,4,,,,,,,,,,,,25501180,s==4|show,255011801,s==4|idle,,,,,,,
1099,1,13089,s==18|Bích Ba Nông Triều,9,2,1026,100,2,1026,28,1,1,100,,,,,,,,,,,,25501180,s==4|show,255011801,s==4|idle,,,,,,,
1100,1,13089,s==18|Bích Ba Nông Triều,10,2,1026,120,2,1026,32,2,1,100,,,,,,,,,,,,25501180,s==4|show,255011801,s==4|idle,,,,,,,
1101,1,13089,s==18|Bích Ba Nông Triều,11,2,1026,140,2,1026,34,1,1,100,,,,,,,,,,,,25501180,s==4|show,255011801,s==4|idle,,,,,,,
1102,1,13089,s==18|Bích Ba Nông Triều,12,2,1026,163,2,1026,38,2,1,100,,,,,,,,,,,,25501180,s==4|show,255011801,s==4|idle,,,,,,,
1103,1,13089,s==18|Bích Ba Nông Triều,13,2,1026,188,2,1026,42,3,1,100,,,,,,,,,,,,25501180,s==4|show,255011801,s==4|idle,,,,,,,
1104,1,13089,s==18|Bích Ba Nông Triều,14,2,1026,217,2,1026,48,4,0,3,,,,,,,,,,,,25501180,s==4|show,255011801,s==4|idle,,,,,,,
1105,1,13089,s==18|Bích Ba Nông Triều,15,2,1026,249,2,1026,54,1,1,100,,,,,,,,,,,,25501180,s==4|show,255011801,s==4|idle,,,,,,,
1106,1,13089,s==18|Bích Ba Nông Triều,16,2,1026,285,2,1026,60,2,1,100,,,,,,,,,,,,25501180,s==4|show,255011801,s==4|idle,,,,,,,
1107,1,13089,s==18|Bích Ba Nông Triều,17,2,1026,325,2,1026,66,3,1,200,,,,,,,,,,,,25501180,s==4|show,255011801,s==4|idle,,,,,,,
1108,1,13089,s==18|Bích Ba Nông Triều,18,2,1026,372,2,1026,78,4,0,5,,,,,,,,,,,,25501180,s==4|show,255011801,s==4|idle,,,,,,,
1109,1,13089,s==18|Bích Ba Nông Triều,19,2,1026,422,2,1026,84,1,1,100,,,,,,,,,,,,25501180,s==4|show,255011801,s==4|idle,,,,,,,
1110,1,13089,s==18|Bích Ba Nông Triều,20,2,1026,480,2,1026,96,2,1,100,,,,,,,,,,,,25501180,s==8|show_max,255011801,s==8|idle_max,,,,,,,
1111,2,13090,s==16|Mưu Thế Chi Thần,1,2,1026,10,2,1026,10,,,,,,,,,,,,,,,26509001,s==4|show,265090101,s==4|idle,1,1,20,2,1,0,
1112,2,13090,s==16|Mưu Thế Chi Thần,2,2,1026,22,2,1026,12,,,,,,,,,,,,,,,26509001,s==4|show,265090101,s==4|idle,1,1,0,2,1,20,
1113,2,13090,s==16|Mưu Thế Chi Thần,3,2,1026,36,2,1026,14,,,,,,,,,,,,,,,26509001,s==4|show,265090101,s==4|idle,1,1,20,2,1,0,
1114,2,13090,s==16|Mưu Thế Chi Thần,4,2,1026,52,2,1026,16,,,,,,,,,,,,,,,26509001,s==4|show,265090101,s==4|idle,1,1,0,2,1,20,
1115,2,13090,s==16|Mưu Thế Chi Thần,5,2,1026,72,2,1026,20,,,,,,,,,,,,,,,26509001,s==4|show,265090101,s==4|idle,1,1,20,2,1,0,
1116,2,13090,s==16|Mưu Thế Chi Thần,6,2,1026,92,2,1026,20,,,,,,,,,,,,,,,26509001,s==4|show,265090101,s==4|idle,1,1,0,2,1,20,
1117,2,13090,s==16|Mưu Thế Chi Thần,7,2,1026,114,2,1026,22,,,,,,,,,,,,,,,26509001,s==4|show,265090101,s==4|idle,1,1,20,2,1,0,
1118,2,13090,s==16|Mưu Thế Chi Thần,8,2,1026,140,2,1026,26,,,,,,,,,,,,,,,26509001,s==4|show,265090101,s==4|idle,1,1,0,2,1,20,
1119,2,13090,s==16|Mưu Thế Chi Thần,9,2,1026,168,2,1026,28,,,,,,,,,,,,,,,26509001,s==4|show,265090101,s==4|idle,1,1,20,2,1,0,
1120,2,13090,s==16|Mưu Thế Chi Thần,10,2,1026,200,2,1026,32,,,,,,,,,,,,,,,26509001,s==8|show_max,265090101,s==8|idle_max,1,1,0,2,1,20,
1131,1,13091,s==15|Ai Cập Diễm Hậu,1,2,1026,6,2,1026,10,1,1,102,,,,,,,,,,,,26506002,s==4|show,265060021,s==4|idle,,,,,,,
1132,1,13091,s==15|Ai Cập Diễm Hậu,2,2,1026,13,2,1026,12,2,1,102,,,,,,,,,,,,26506002,s==4|show,265060021,s==4|idle,,,,,,,
1133,1,13091,s==15|Ai Cập Diễm Hậu,3,2,1026,21,2,1026,14,3,1,102,,,,,,,,,,,,26506002,s==4|show,265060021,s==4|idle,,,,,,,
1134,1,13091,s==15|Ai Cập Diễm Hậu,4,2,1026,31,2,1026,16,4,0,3,,,,,,,,,,,,26506002,s==4|show,265060021,s==4|idle,,,,,,,
1135,1,13091,s==15|Ai Cập Diễm Hậu,5,2,1026,43,2,1026,20,1,1,102,,,,,,,,,,,,26506002,s==4|show,265060021,s==4|idle,,,,,,,
1136,1,13091,s==15|Ai Cập Diễm Hậu,6,2,1026,55,2,1026,20,2,1,102,,,,,,,,,,,,26506002,s==4|show,265060021,s==4|idle,,,,,,,
1137,1,13091,s==15|Ai Cập Diễm Hậu,7,2,1026,68,2,1026,22,3,1,200,,,,,,,,,,,,26506002,s==4|show,265060021,s==4|idle,,,,,,,
1138,1,13091,s==15|Ai Cập Diễm Hậu,8,2,1026,84,2,1026,26,4,0,4,,,,,,,,,,,,26506002,s==4|show,265060021,s==4|idle,,,,,,,
1139,1,13091,s==15|Ai Cập Diễm Hậu,9,2,1026,102,2,1026,28,1,1,102,,,,,,,,,,,,26506002,s==4|show,265060021,s==4|idle,,,,,,,
1140,1,13091,s==15|Ai Cập Diễm Hậu,10,2,1026,120,2,1026,32,2,1,102,,,,,,,,,,,,26506002,s==4|show,265060021,s==4|idle,,,,,,,
1141,1,13091,s==15|Ai Cập Diễm Hậu,11,2,1026,140,2,1026,34,1,1,102,,,,,,,,,,,,26506002,s==4|show,265060021,s==4|idle,,,,,,,
1142,1,13091,s==15|Ai Cập Diễm Hậu,12,2,1026,163,2,1026,38,2,1,102,,,,,,,,,,,,26506002,s==4|show,265060021,s==4|idle,,,,,,,
1143,1,13091,s==15|Ai Cập Diễm Hậu,13,2,1026,188,2,1026,42,3,1,102,,,,,,,,,,,,26506002,s==4|show,265060021,s==4|idle,,,,,,,
1144,1,13091,s==15|Ai Cập Diễm Hậu,14,2,1026,217,2,1026,48,4,0,3,,,,,,,,,,,,26506002,s==4|show,265060021,s==4|idle,,,,,,,
1145,1,13091,s==15|Ai Cập Diễm Hậu,15,2,1026,249,2,1026,54,1,1,102,,,,,,,,,,,,26506002,s==4|show,265060021,s==4|idle,,,,,,,
1146,1,13091,s==15|Ai Cập Diễm Hậu,16,2,1026,285,2,1026,60,2,1,102,,,,,,,,,,,,26506002,s==4|show,265060021,s==4|idle,,,,,,,
1147,1,13091,s==15|Ai Cập Diễm Hậu,17,2,1026,325,2,1026,66,3,1,200,,,,,,,,,,,,26506002,s==4|show,265060021,s==4|idle,,,,,,,
1148,1,13091,s==15|Ai Cập Diễm Hậu,18,2,1026,372,2,1026,78,4,0,5,,,,,,,,,,,,26506002,s==4|show,265060021,s==4|idle,,,,,,,
1149,1,13091,s==15|Ai Cập Diễm Hậu,19,2,1026,422,2,1026,84,1,1,102,,,,,,,,,,,,26506002,s==4|show,265060021,s==4|idle,,,,,,,
1150,1,13091,s==15|Ai Cập Diễm Hậu,20,2,1026,480,2,1026,96,2,1,102,,,,,,,,,,,,26506002,s==8|show_max,265060021,s==8|idle_max,,,,,,,
1151,4,13092,s==17|Hựu Thắng Thần Nữ,1,2,1026,10,2,1026,10,,,,,,,,,,,,,,,26510001,s==4|show,255070201,s==4|idle,1,1,20,2,1,0,
1152,4,13092,s==17|Hựu Thắng Thần Nữ,2,2,1026,22,2,1026,12,,,,,,,,,,,,,,,26510001,s==4|show,255070201,s==4|idle,1,1,0,2,1,20,
1153,4,13092,s==17|Hựu Thắng Thần Nữ,3,2,1026,36,2,1026,14,,,,,,,,,,,,,,,26510001,s==4|show,255070201,s==4|idle,1,1,20,2,1,0,
1154,4,13092,s==17|Hựu Thắng Thần Nữ,4,2,1026,52,2,1026,16,,,,,,,,,,,,,,,26510001,s==4|show,255070201,s==4|idle,1,1,0,2,1,20,
1155,4,13092,s==17|Hựu Thắng Thần Nữ,5,2,1026,72,2,1026,20,,,,,,,,,,,,,,,26510001,s==4|show,255070201,s==4|idle,1,1,20,2,1,0,
1156,4,13092,s==17|Hựu Thắng Thần Nữ,6,2,1026,92,2,1026,20,,,,,,,,,,,,,,,26510001,s==4|show,255070201,s==4|idle,1,1,0,2,1,20,
1157,4,13092,s==17|Hựu Thắng Thần Nữ,7,2,1026,116,2,1026,22,,,,,,,,,,,,,,,26510001,s==4|show,255070201,s==4|idle,1,1,20,2,1,0,
1158,4,13092,s==17|Hựu Thắng Thần Nữ,8,2,1026,140,2,1026,26,,,,,,,,,,,,,,,26510001,s==4|show,255070201,s==4|idle,1,1,0,2,1,20,
1159,4,13092,s==17|Hựu Thắng Thần Nữ,9,2,1026,168,2,1026,28,,,,,,,,,,,,,,,26510001,s==4|show,255070201,s==4|idle,1,1,20,2,1,0,
1160,4,13092,s==17|Hựu Thắng Thần Nữ,10,2,1026,200,2,1026,32,,,,,,,,,,,,,,,26510001,s==4|show,255070201,s==4|idle,1,1,0,2,1,20,
1161,4,13092,s==17|Hựu Thắng Thần Nữ,11,2,1026,234,2,1026,34,,,,,,,,,,,,,,,26510001,s==4|show,255070201,s==4|idle,1,1,20,2,1,0,
1162,4,13092,s==17|Hựu Thắng Thần Nữ,12,2,1026,272,2,1026,38,,,,,,,,,,,,,,,26510001,s==4|show,255070201,s==4|idle,1,1,0,2,1,20,
1163,4,13092,s==17|Hựu Thắng Thần Nữ,13,2,1026,314,2,1026,42,,,,,,,,,,,,,,,26510001,s==4|show,255070201,s==4|idle,1,1,20,2,1,0,
1164,4,13092,s==17|Hựu Thắng Thần Nữ,14,2,1026,362,2,1026,48,,,,,,,,,,,,,,,26510001,s==4|show,255070201,s==4|idle,1,1,0,2,1,20,
1165,4,13092,s==17|Hựu Thắng Thần Nữ,15,2,1026,416,2,1026,54,,,,,,,,,,,,,,,26510001,s==4|show,255070201,s==4|idle,1,1,20,2,1,0,
1166,4,13092,s==17|Hựu Thắng Thần Nữ,16,2,1026,476,2,1026,60,,,,,,,,,,,,,,,26510001,s==4|show,255070201,s==4|idle,1,1,0,2,1,20,
1167,4,13092,s==17|Hựu Thắng Thần Nữ,17,2,1026,542,2,1026,66,,,,,,,,,,,,,,,26510001,s==4|show,255070201,s==4|idle,1,1,20,2,1,0,
1168,4,13092,s==17|Hựu Thắng Thần Nữ,18,2,1026,620,2,1026,78,,,,,,,,,,,,,,,26510001,s==4|show,255070201,s==4|idle,1,1,0,2,1,20,
1169,4,13092,s==17|Hựu Thắng Thần Nữ,19,2,1026,704,2,1026,84,,,,,,,,,,,,,,,26510001,s==4|show,255070201,s==4|idle,1,1,20,2,1,0,
1170,4,13092,s==17|Hựu Thắng Thần Nữ,20,2,1026,800,2,1026,96,,,,,,,,,,,,,,,26510001,s==8|show_max,255070201,s==8|idle_max,1,1,0,2,1,20,
1171,1,13093,s==17|Tụ Diễm Ánh Tuyết,1,2,1026,6,2,1026,10,1,1,102,,,,,,,,,,,,26507002,s==4|show,265070021,s==4|idle,,,,,,,
1172,1,13093,s==17|Tụ Diễm Ánh Tuyết,2,2,1026,13,2,1026,12,2,1,102,,,,,,,,,,,,26507002,s==4|show,265070021,s==4|idle,,,,,,,
1173,1,13093,s==17|Tụ Diễm Ánh Tuyết,3,2,1026,21,2,1026,14,3,1,102,,,,,,,,,,,,26507002,s==4|show,265070021,s==4|idle,,,,,,,
1174,1,13093,s==17|Tụ Diễm Ánh Tuyết,4,2,1026,31,2,1026,16,4,0,3,,,,,,,,,,,,26507002,s==4|show,265070021,s==4|idle,,,,,,,
1175,1,13093,s==17|Tụ Diễm Ánh Tuyết,5,2,1026,43,2,1026,20,1,1,102,,,,,,,,,,,,26507002,s==4|show,265070021,s==4|idle,,,,,,,
1176,1,13093,s==17|Tụ Diễm Ánh Tuyết,6,2,1026,55,2,1026,20,2,1,102,,,,,,,,,,,,26507002,s==4|show,265070021,s==4|idle,,,,,,,
1177,1,13093,s==17|Tụ Diễm Ánh Tuyết,7,2,1026,68,2,1026,22,3,1,200,,,,,,,,,,,,26507002,s==4|show,265070021,s==4|idle,,,,,,,
1178,1,13093,s==17|Tụ Diễm Ánh Tuyết,8,2,1026,84,2,1026,26,4,0,4,,,,,,,,,,,,26507002,s==4|show,265070021,s==4|idle,,,,,,,
1179,1,13093,s==17|Tụ Diễm Ánh Tuyết,9,2,1026,102,2,1026,28,1,1,102,,,,,,,,,,,,26507002,s==4|show,265070021,s==4|idle,,,,,,,
1180,1,13093,s==17|Tụ Diễm Ánh Tuyết,10,2,1026,120,2,1026,32,2,1,102,,,,,,,,,,,,26507002,s==4|show,265070021,s==4|idle,,,,,,,
1181,1,13093,s==17|Tụ Diễm Ánh Tuyết,11,2,1026,140,2,1026,34,1,1,102,,,,,,,,,,,,26507002,s==4|show,265070021,s==4|idle,,,,,,,
1182,1,13093,s==17|Tụ Diễm Ánh Tuyết,12,2,1026,163,2,1026,38,2,1,102,,,,,,,,,,,,26507002,s==4|show,265070021,s==4|idle,,,,,,,
1183,1,13093,s==17|Tụ Diễm Ánh Tuyết,13,2,1026,188,2,1026,42,3,1,102,,,,,,,,,,,,26507002,s==4|show,265070021,s==4|idle,,,,,,,
1184,1,13093,s==17|Tụ Diễm Ánh Tuyết,14,2,1026,217,2,1026,48,4,0,3,,,,,,,,,,,,26507002,s==4|show,265070021,s==4|idle,,,,,,,
1185,1,13093,s==17|Tụ Diễm Ánh Tuyết,15,2,1026,249,2,1026,54,1,1,102,,,,,,,,,,,,26507002,s==4|show,265070021,s==4|idle,,,,,,,
1186,1,13093,s==17|Tụ Diễm Ánh Tuyết,16,2,1026,285,2,1026,60,2,1,102,,,,,,,,,,,,26507002,s==4|show,265070021,s==4|idle,,,,,,,
1187,1,13093,s==17|Tụ Diễm Ánh Tuyết,17,2,1026,325,2,1026,66,3,1,200,,,,,,,,,,,,26507002,s==4|show,265070021,s==4|idle,,,,,,,
1188,1,13093,s==17|Tụ Diễm Ánh Tuyết,18,2,1026,372,2,1026,78,4,0,5,,,,,,,,,,,,26507002,s==4|show,265070021,s==4|idle,,,,,,,
1189,1,13093,s==17|Tụ Diễm Ánh Tuyết,19,2,1026,422,2,1026,84,1,1,102,,,,,,,,,,,,26507002,s==4|show,265070021,s==4|idle,,,,,,,
1190,1,13093,s==17|Tụ Diễm Ánh Tuyết,20,2,1026,480,2,1026,96,2,1,102,,,,,,,,,,,,26507002,s==8|show_max,265070021,s==8|idle_max,,,,,,,