id,next,desc,starLevel,playerLevel,worldLevel,levelMax,skillSlot,newSkill,hpAward,atkAward,resistAward,defAward,spdAward,itemNum,NeedItemsFun-type-1,NeedItemsFun-star-1,NeedItemsFun-num-1,NeedItemsFun-type-2,NeedItemsFun-star-2,NeedItemsFun-num-2,NeedItemsFun-type-3,NeedItemsFun-star-3,NeedItemsFun-num-3,NeedItemsFun-type-4,NeedItemsFun-star-4,NeedItemsFun-num-4,NeedItemsFun-type-5,NeedItemsFun-star-5,NeedItemsFun-num-5,specialItem,specialItemNum,specialItem2,specialItemNum2,herostar,heroNum,
10010,10011,s==16|Thử nghiệm 5 sao,5,1,1,100,0,,,0,0,20,10,0,21401,4,2,2,4,5,2,3,4,,,,,,,,,,,,,
10011,10012,s==16|Thử nghiệm 6 sao,6,1,1,145,5,2150821|2150831|2150841|2150851,5000,4000,0,20,10,0,21501,5,1,21501,5,1,2,5,3,,,,,,,,,,,,,
10012,10013,s==16|Thử nghiệm 7 sao,7,1,1,165,1,2150821,5000,4000,0,20,10,1000,2,5,4,,,,,,,,,,,,,,,,,,,
10013,10014,s==16|Thử nghiệm 8 sao,8,1,1,185,2,2150831,5000,4000,0,20,10,2000,2,5,3,2,6,1,,,,,,,,,,,,,,,,
10014,10015,s==16|Thử nghiệm 9 sao,9,1,1,205,3,2150841,5000,4000,0,20,10,5000,21501,5,1,2,5,2,2,6,1,,,,,,,,,,,,,
10015,10016,s==17|Thử nghiệm 10 sao,10,1,1,255,4,2150851,3000,2000,0,20,10,10000,21501,5,2,2,6,1,1,9,1,,,,,,,,,,,,,
10016,10017,s==17|Thử nghiệm 11 sao,11,105,95,285,0,,3000,2000,0,20,10,15000,21501,6,1,1,9,1,,,,,,,,,,,,,,,,
10017,10018,s==17|Thử nghiệm 12 sao,12,128,118,310,0,,3000,2000,0,20,10,20000,21501,6,1,1,10,1,,,,,,,,,,1048,20,,,,,
10018,10019,s==17|Thử nghiệm 13 sao,13,148,138,350,0,,3000,2000,0,20,10,25000,21501,6,1,2,9,1,1,10,1,,,,,,,1048,40,,,,,
214011,,s==16|Tào Chương 5 sao,5,1,1,100,0,,,0,0,20,10,0,21401,4,2,2,4,5,2,3,4,,,,,,,,,,,,,
214021,,s==15|Trần Quần 5 sao,5,1,1,100,0,,,0,0,20,10,0,21402,4,2,2,4,5,2,3,4,,,,,,,,,,,,,
214031,,s==15|Tào Ngang 5 sao,5,1,1,100,0,,,0,0,20,10,0,21403,4,2,2,4,5,2,3,4,,,,,,,,,,,,,
214041,,s==14|Tào Nhân 5 sao,5,1,1,100,0,,,0,0,20,10,0,21404,4,2,2,4,5,2,3,4,,,,,,,,,,,,,
214051,214052,s==12|Hứa Du 6 sao,6,1,1,145,5,2140522|2140532|2140542,5000,4000,0,20,10,0,21405,5,1,21402,5,1,2,5,3,,,,,,,,,,,,,
214052,214053,s==12|Hứa Du 7 sao,7,1,1,165,1,2140523,5000,4000,0,20,10,1000,2,5,4,,,,,,,,,,,,,,,,,,,
214053,214054,s==12|Hứa Du 8 sao,8,1,1,185,2,2140533,5000,4000,0,20,10,2000,2,5,3,2,6,1,,,,,,,,,,,,,,,,
214054,,s==12|Hứa Du 9 sao,9,1,1,205,3,2140543,5000,4000,0,20,10,5000,21405,5,1,2,5,2,2,6,1,,,,,,,,,,,,,
224011,224012,s==14|Mã Lương 6 sao,6,1,1,145,5,2240122|2240132|2240142,5000,4000,0,20,10,0,22401,5,1,22405,5,1,2,5,3,,,,,,,,,,,,,
224012,224013,s==14|Mã Lương 7 sao,7,1,1,165,1,2240123,5000,4000,0,20,10,1000,2,5,4,,,,,,,,,,,,,,,,,,,
224013,224014,s==14|Mã Lương 8 sao,8,1,1,185,2,2240133,5000,4000,0,20,10,2000,2,5,3,2,6,1,,,,,,,,,,,,,,,,
224014,,s==14|Mã Lương 9 sao,9,1,1,205,3,2240143,5000,4000,0,20,10,5000,22401,5,1,2,5,2,2,6,1,,,,,,,,,,,,,
224021,,s==14|Liêu Hóa 5 sao,5,1,1,100,0,,,0,0,20,10,0,22402,4,2,2,4,5,2,3,4,,,,,,,,,,,,,
224031,,s==14|Giản Ung 5 sao,5,1,1,100,0,,,0,0,20,10,0,22403,4,2,2,4,5,2,3,4,,,,,,,,,,,,,
224041,,s==13|Tần Mật 5 sao,5,1,1,100,0,,,0,0,20,10,0,22404,4,2,2,4,5,2,3,4,,,,,,,,,,,,,
224051,,s==15|Ngụy Diên 5 sao,5,1,1,100,0,,,0,0,20,10,0,22405,4,2,2,4,5,2,3,4,,,,,,,,,,,,,
234011,,s==16|Lăng Thống 5 sao,5,1,1,100,0,,,0,0,20,10,0,23401,4,2,2,4,5,2,3,4,,,,,,,,,,,,,
234021,,s==14|Lục Tích 5 sao,5,1,1,100,0,,,0,0,20,10,0,23402,4,2,2,4,5,2,3,4,,,,,,,,,,,,,
234031,,s==15|Lâu Huyền 5 sao,5,1,1,100,0,,,0,0,20,10,0,23403,4,2,2,4,5,2,3,4,,,,,,,,,,,,,
234041,,s==18|Gia Cát Khắc 5 sao,5,1,1,100,0,,,0,0,20,10,0,23404,4,2,2,4,5,2,3,4,,,,,,,,,,,,,
234051,234052,s==17|Gia Cát Cẩn 6 sao,6,1,1,145,5,2340522|2340532|2340542,5000,4000,0,20,10,0,23405,5,1,23403,5,1,2,5,3,,,,,,,,,,,,,
234052,234053,s==17|Gia Cát Cẩn 7 sao,7,1,1,165,1,2340523,5000,4000,0,20,10,1000,2,5,4,,,,,,,,,,,,,,,,,,,
234053,234054,s==17|Gia Cát Cẩn 8 sao,8,1,1,185,2,2340533,5000,4000,0,20,10,2000,2,5,3,2,6,1,,,,,,,,,,,,,,,,
234054,,s==17|Gia Cát Cẩn 9 sao,9,1,1,205,3,2340543,5000,4000,0,20,10,5000,23405,5,1,2,5,2,2,6,1,,,,,,,,,,,,,
244011,,s==24|Thần·Công Tôn Toản 5 sao,5,1,1,100,0,,,0,0,20,10,0,24401,4,2,2,4,5,2,3,4,,,,,,,,,,,,,
244021,244022,s==18|Thần·Lỗ Chất 6 sao,6,1,1,145,5,2440222|2440232|2440242,5000,4000,0,20,10,0,24402,5,1,24403,5,1,2,5,3,,,,,,,,,,,,,
244022,244023,s==18|Thần·Lỗ Chất 7 sao,7,1,1,165,1,2440223,5000,4000,0,20,10,1000,2,5,4,,,,,,,,,,,,,,,,,,,
244023,244024,s==18|Thần·Lỗ Chất 8 sao,8,1,1,185,2,2440233,5000,4000,0,20,10,2000,2,5,3,2,6,1,,,,,,,,,,,,,,,,
244024,,s==18|Thần·Lỗ Chất 9 sao,9,1,1,205,3,2440243,5000,4000,0,20,10,5000,24402,5,1,2,5,2,2,6,1,,,,,,,,,,,,,
244031,,s==20|Thần·Đào Khiêm 5 sao,5,1,1,100,0,,,0,0,20,10,0,24403,4,2,2,4,5,2,3,4,,,,,,,,,,,,,
244041,,s==17|Thần·Từ Thụ 5 sao,5,1,1,100,0,,,0,0,20,10,0,24404,4,2,2,4,5,2,3,4,,,,,,,,,,,,,
254011,254012,s==20|Ma·Lưu Tam Đao 6 sao,6,1,1,145,5,2540122|2540132|2540142|2540152,5000,4000,0,20,10,0,25401,5,1,25404,5,1,2,5,3,,,,,,,,,,,,,
254012,254013,s==20|Ma·Lưu Tam Đao 7 sao,7,1,1,165,1,2540123,5000,4000,0,20,10,1000,2,5,4,,,,,,,,,,,,,,,,,,,
254013,254014,s==20|Ma·Lưu Tam Đao 8 sao,8,1,1,185,2,2540133,5000,4000,0,20,10,2000,2,5,3,2,6,1,,,,,,,,,,,,,,,,
254014,254015,s==20|Ma·Lưu Tam Đao 9 sao,9,1,1,205,3,2540143,5000,4000,0,20,10,5000,25401,5,1,2,5,2,2,6,1,,,,,,,,,,,,,
254015,254016,s==21|Ma·Lưu Tam Đao 10 sao,10,1,1,255,4,2540153,3000,2000,0,20,10,10000,25401,5,2,2,6,1,1,9,1,,,,,,,,,,,,,
254016,254017,s==21|Ma·Lưu Tam Đao 11 sao,11,105,95,285,0,,3000,2000,0,20,10,15000,25401,6,1,1,9,1,,,,,,,,,,,,,,,,
254017,254018,s==21|Ma·Lưu Tam Đao 12 sao,12,128,118,310,0,,3000,2000,0,20,10,20000,25401,6,1,1,10,1,,,,,,,,,,1048,20,,,,,
254018,254019,s==21|Ma·Lưu Tam Đao 13 sao,13,148,138,350,0,,3000,2000,0,20,10,25000,25401,6,1,2,9,1,1,10,1,,,,,,,1048,40,,,,,
254019,,s==21|Ma·Lưu Tam Đao 14 sao,14,200,138,390,0,,3000,2000,0,20,10,30000,25401,9,1,2,10,1,1,11,1,,,,,,,1048,60,6685,5,13,6,
254021,,s==16|Ma·Hà Tiến 5 sao,5,1,1,100,0,,,0,0,20,10,0,25402,4,2,2,4,5,2,3,4,,,,,,,,,,,,,
254031,,s==20|Ma·Trương Giác 5 sao,5,1,1,100,0,,,0,0,20,10,0,25403,4,2,2,4,5,2,3,4,,,,,,,,,,,,,
254041,,s==19|Ma·Viên Thuật 5 sao,5,1,1,100,0,,,0,0,20,10,0,25404,4,2,2,4,5,2,3,4,,,,,,,,,,,,,
215011,215012,s==14|Bàng Đức 6 sao,6,1,1,145,5,2150122|2150132|2150142,5000,4000,0,20,10,0,21501,5,1,21404,5,1,2,5,3,,,,,,,,,,,,,
215012,215013,s==14|Bàng Đức 7 sao,7,1,1,165,1,2150123,5000,4000,0,20,10,1000,2,5,4,,,,,,,,,,,,,,,,,,,
215013,215014,s==14|Bàng Đức 8 sao,8,1,1,185,2,2150133,5000,4000,0,20,10,2000,2,5,3,2,6,1,,,,,,,,,,,,,,,,
215014,,s==14|Bàng Đức 9 sao,9,1,1,205,3,2150143,5000,4000,0,20,10,5000,21501,5,1,2,5,2,2,6,1,,,,,,,,,,,,,
215021,215022,s==16|Trương Hợp 6 sao,6,1,1,145,5,2150222|2150232|2150242,5000,4000,0,20,10,0,21502,5,1,21401,5,1,2,5,3,,,,,,,,,,,,,
215022,215023,s==16|Trương Hợp 7 sao,7,1,1,165,1,2150223,5000,4000,0,20,10,1000,2,5,4,,,,,,,,,,,,,,,,,,,
215023,215024,s==16|Trương Hợp 8 sao,8,1,1,185,2,2150233,5000,4000,0,20,10,2000,2,5,3,2,6,1,,,,,,,,,,,,,,,,
215024,,s==16|Trương Hợp 9 sao,9,1,1,205,3,2150243,5000,4000,0,20,10,5000,21502,5,1,2,5,2,2,6,1,,,,,,,,,,,,,
215031,215032,s==13|Chân Cơ 6 sao,6,1,1,145,5,2150322|2150332|2150342|2150352,5000,4000,0,20,10,0,21503,5,1,21402,5,1,2,5,3,,,,,,,,,,,,,
215032,215033,s==13|Chân Cơ 7 sao,7,1,1,165,1,2150323,5000,4000,0,20,10,1000,2,5,4,,,,,,,,,,,,,,,,,,,
215033,215034,s==13|Chân Cơ 8 sao,8,1,1,185,2,2150333,5000,4000,0,20,10,2000,2,5,3,2,6,1,,,,,,,,,,,,,,,,
215034,215035,s==13|Chân Cơ 9 sao,9,1,1,205,3,2150343,5000,4000,0,20,10,5000,21503,5,1,2,5,2,2,6,1,,,,,,,,,,,,,
215035,215036,s==14|Chân Cơ 10 sao,10,1,1,255,4,2150353,3000,2000,0,20,10,10000,21503,5,2,2,6,1,1,9,1,,,,,,,,,,,,,
215036,215037,s==14|Chân Cơ 11 sao,11,105,95,285,0,,3000,2000,0,20,10,15000,21503,6,1,1,9,1,,,,,,,,,,,,,,,,
215037,215038,s==14|Chân Cơ 12 sao,12,128,118,310,0,,3000,2000,0,20,10,20000,21503,6,1,1,10,1,,,,,,,,,,1048,20,,,,,
215038,215039,s==14|Chân Cơ 13 sao,13,148,138,350,0,,3000,2000,0,20,10,25000,21503,6,1,2,9,1,1,10,1,,,,,,,1048,40,,,,,
215039,,s==14|Chân Cơ 14 sao,14,200,138,390,0,,3000,2000,0,20,10,30000,21503,9,1,2,10,1,1,11,1,,,,,,,1048,60,6685,5,13,6,
21503011,21503012,s==13|Chân Cơ 6 sao,6,1,1,145,5,215030122|215030132|215030142|215030152,5000,4000,0,20,10,0,21503,5,1,21402,5,1,2,5,3,,,,,,,,,,,,,
21503012,21503013,s==13|Chân Cơ 7 sao,7,1,1,165,1,215030123,5000,4000,0,20,10,1000,2,5,4,,,,,,,,,,,,,,,,,,,
21503013,21503014,s==13|Chân Cơ 8 sao,8,1,1,185,2,215030133,5000,4000,0,20,10,2000,2,5,3,2,6,1,,,,,,,,,,,,,,,,
21503014,21503015,s==13|Chân Cơ 9 sao,9,1,1,205,3,215030143,5000,4000,0,20,10,5000,21503,5,1,2,5,2,2,6,1,,,,,,,,,,,,,
21503015,21503016,s==14|Chân Cơ 10 sao,10,1,1,255,4,215030153,3000,2000,0,20,10,10000,21503,5,2,2,6,1,1,9,1,,,,,,,,,,,,,
21503016,21503017,s==14|Chân Cơ 11 sao,11,105,95,285,0,,3000,2000,0,20,10,15000,21503,6,1,1,9,1,,,,,,,,,,,,,,,,
21503017,21503018,s==14|Chân Cơ 12 sao,12,128,118,310,0,,3000,2000,0,20,10,20000,21503,6,1,1,10,1,,,,,,,,,,1048,20,,,,,
21503018,21503019,s==14|Chân Cơ 13 sao,13,148,138,350,0,,3000,2000,0,20,10,25000,21503,6,1,2,9,1,1,10,1,,,,,,,1048,40,,,,,
21503019,,s==14|Chân Cơ 14 sao,14,200,138,390,0,,3000,2000,0,20,10,30000,21503,9,1,2,10,1,1,11,1,,,,,,,1048,60,6685,5,13,6,
215041,215042,s==14|Vương Dị 6 sao,6,1,1,145,5,2150422|2150432|2150442|2150452,5000,4000,0,20,10,0,21504,5,1,21403,5,1,2,5,3,,,,,,,,,,,,,
215042,215043,s==14|Vương Dị 7 sao,7,1,1,165,1,2150423,5000,4000,0,20,10,1000,2,5,4,,,,,,,,,,,,,,,,,,,
215043,215044,s==14|Vương Dị 8 sao,8,1,1,185,2,2150433,5000,4000,0,20,10,2000,2,5,3,2,6,1,,,,,,,,,,,,,,,,
215044,215045,s==14|Vương Dị 9 sao,9,1,1,205,3,2150443,5000,4000,0,20,10,5000,21504,5,1,2,5,2,2,6,1,,,,,,,,,,,,,
215045,215046,s==15|Vương Dị 10 sao,10,1,1,255,4,2150453,3000,2000,0,20,10,10000,21504,5,2,2,6,1,1,9,1,,,,,,,,,,,,,
215046,215047,s==15|Vương Dị 11 sao,11,105,95,285,0,,3000,2000,0,20,10,15000,21504,6,1,1,9,1,,,,,,,,,,,,,,,,
215047,215048,s==15|Vương Dị 12 sao,12,128,118,310,0,,3000,2000,0,20,10,20000,21504,6,1,1,10,1,,,,,,,,,,1048,20,,,,,
215048,215049,s==15|Vương Dị 13 sao,13,148,138,350,0,,3000,2000,0,20,10,25000,21504,6,1,2,9,1,1,10,1,,,,,,,1048,40,,,,,
215049,,s==15|Vương Dị 14 sao,14,200,138,390,0,,3000,2000,0,20,10,30000,21504,9,1,2,10,1,1,11,1,,,,,,,1048,60,6685,5,13,6,
21504011,21504012,s==14|Vương Dị 6 sao,6,1,1,145,5,215041122|215041132|215041142|215041152,5000,4000,0,20,10,0,21504,5,1,21403,5,1,2,5,3,,,,,,,,,,,,,
21504012,21504013,s==14|Vương Dị 7 sao,7,1,1,165,1,215041123,5000,4000,0,20,10,1000,2,5,4,,,,,,,,,,,,,,,,,,,
21504013,21504014,s==14|Vương Dị 8 sao,8,1,1,185,2,215041133,5000,4000,0,20,10,2000,2,5,3,2,6,1,,,,,,,,,,,,,,,,
21504014,21504015,s==14|Vương Dị 9 sao,9,1,1,205,3,215041143,5000,4000,0,20,10,5000,21504,5,1,2,5,2,2,6,1,,,,,,,,,,,,,
21504015,21504016,s==15|Vương Dị 10 sao,10,1,1,255,4,215041153,3000,2000,0,20,10,10000,21504,5,2,2,6,1,1,9,1,,,,,,,,,,,,,
21504016,21504017,s==15|Vương Dị 11 sao,11,105,95,285,0,,3000,2000,0,20,10,15000,21504,6,1,1,9,1,,,,,,,,,,,,,,,,
21504017,21504018,s==15|Vương Dị 12 sao,12,128,118,310,0,,3000,2000,0,20,10,20000,21504,6,1,1,10,1,,,,,,,,,,1048,20,,,,,
21504018,21504019,s==15|Vương Dị 13 sao,13,148,138,350,0,,3000,2000,0,20,10,25000,21504,6,1,2,9,1,1,10,1,,,,,,,1048,40,,,,,
21504019,,s==15|Vương Dị 14 sao,14,200,138,390,0,,3000,2000,0,20,10,30000,21504,9,1,2,10,1,1,11,1,,,,,,,1048,60,6685,5,13,6,
215051,215052,s==13|Điển Vi 6 sao,6,1,1,145,5,2150522|2150532|2150542|2150552,5000,4000,0,20,10,0,21505,5,1,21404,5,1,2,5,3,,,,,,,,,,,,,
215052,215053,s==13|Điển Vi 7 sao,7,1,1,165,1,2150523,5000,4000,0,20,10,1000,2,5,4,,,,,,,,,,,,,,,,,,,
215053,215054,s==13|Điển Vi 8 sao,8,1,1,185,2,2150533,5000,4000,0,20,10,2000,2,5,3,2,6,1,,,,,,,,,,,,,,,,
215054,215055,s==13|Điển Vi 9 sao,9,1,1,205,3,2150543,5000,4000,0,20,10,5000,21505,5,1,2,5,2,2,6,1,,,,,,,,,,,,,
215055,215056,s==14|Điển Vi 10 sao,10,1,1,255,4,2150553,3000,2000,0,20,10,10000,21505,5,2,2,6,1,1,9,1,,,,,,,,,,,,,
215056,215057,s==14|Điển Vi 11 sao,11,105,95,285,0,,3000,2000,0,20,10,15000,21505,6,1,1,9,1,,,,,,,,,,,,,,,,
215057,215058,s==14|Điển Vi 12 sao,12,128,118,310,0,,3000,2000,0,20,10,20000,21505,6,1,1,10,1,,,,,,,,,,1048,20,,,,,
215058,215059,s==14|Điển Vi 13 sao,13,148,138,350,0,,3000,2000,0,20,10,25000,21505,6,1,2,9,1,1,10,1,,,,,,,1048,40,,,,,
215059,,s==14|Điển Vi 14 sao,14,200,138,390,0,,3000,2000,0,20,10,30000,21505,9,1,2,10,1,1,11,1,,,,,,,1048,60,6685,5,13,6,
215061,215062,s==14|TTư Mã Ý 6 sao,6,1,1,145,5,2150622|2150632|2150642|2150652,5000,4000,0,20,10,0,21506,5,1,21402,5,1,2,5,3,,,,,,,,,,,,,
215062,215063,s==14|TTư Mã Ý 7 sao,7,1,1,165,1,2150622,5000,4000,0,20,10,1000,2,5,4,,,,,,,,,,,,,,,,,,,
215063,215064,s==14|TTư Mã Ý 8 sao,8,1,1,185,2,2150632,5000,4000,0,20,10,2000,2,5,3,2,6,1,,,,,,,,,,,,,,,,
215064,215065,s==14|TTư Mã Ý 9 sao,9,1,1,205,3,2150642,5000,4000,0,20,10,5000,21506,5,1,2,5,2,2,6,1,,,,,,,,,,,,,
215065,215066,s==15|TTư Mã Ý 10 sao,10,1,1,255,4,2150652,3000,2000,0,20,10,10000,21506,5,2,2,6,1,1,9,1,,,,,,,,,,,,,
215066,215067,s==15|TTư Mã Ý 11 sao,11,105,95,285,0,,3000,2000,0,20,10,15000,21506,6,1,1,9,1,,,,,,,,,,,,,,,,
215067,215068,s==15|TTư Mã Ý 12 sao,12,128,118,310,0,,3000,2000,0,20,10,20000,21506,6,1,1,10,1,,,,,,,,,,1048,20,,,,,
215068,215069,s==15|TTư Mã Ý 13 sao,13,148,138,350,0,,3000,2000,0,20,10,25000,21506,6,1,2,9,1,1,10,1,,,,,,,1048,40,,,,,
215069,,s==15|TTư Mã Ý 14 sao,14,200,138,390,0,,3000,2000,0,20,10,30000,21506,9,1,2,10,1,1,11,1,,,,,,,1048,60,6685,5,13,6,
215071,215072,s==15|Quách Gia 6 sao,6,1,1,145,5,2150722|2150732|2150742|2150752,5000,4000,0,20,10,0,21507,5,1,21401,5,1,2,5,3,,,,,,,,,,,,,
215072,215073,s==15|Quách Gia 7 sao,7,1,1,165,1,2150723,5000,4000,0,20,10,1000,2,5,4,,,,,,,,,,,,,,,,,,,
215073,215074,s==15|Quách Gia 8 sao,8,1,1,185,2,2150733,5000,4000,0,20,10,2000,2,5,3,2,6,1,,,,,,,,,,,,,,,,
215074,215075,s==15|Quách Gia 9 sao,9,1,1,205,3,2150743,5000,4000,0,20,10,5000,21507,5,1,2,5,2,2,6,1,,,,,,,,,,,,,
215075,215076,s==16|Quách Gia 10 sao,10,1,1,255,4,2150753,3000,2000,0,20,10,10000,21507,5,2,2,6,1,1,9,1,,,,,,,,,,,,,
215076,215077,s==16|Quách Gia 11 sao,11,105,95,285,0,,3000,2000,0,20,10,15000,21507,6,1,1,9,1,,,,,,,,,,,,,,,,
215077,215078,s==16|Quách Gia 12 sao,12,128,118,310,0,,3000,2000,0,20,10,20000,21507,6,1,1,10,1,,,,,,,,,,1048,20,,,,,
215078,215079,s==16|Quách Gia 13 sao,13,148,138,350,0,,3000,2000,0,20,10,25000,21507,6,1,2,9,1,1,10,1,,,,,,,1048,40,,,,,
215079,,s==16|Quách Gia 14 sao,14,200,138,390,0,,3000,2000,0,20,10,30000,21507,9,1,2,10,1,1,11,1,,,,,,,1048,60,6685,5,13,6,
21507011,21507012,s==15|Quách Gia 6 sao,6,1,1,145,5,215070122|215070132|215070142|215070152,5000,4000,0,20,10,0,21507,5,1,21401,5,1,2,5,3,,,,,,,,,,,,,
21507012,21507013,s==15|Quách Gia 7 sao,7,1,1,165,1,215070123,5000,4000,0,20,10,1000,2,5,4,,,,,,,,,,,,,,,,,,,
21507013,21507014,s==15|Quách Gia 8 sao,8,1,1,185,2,215070133,5000,4000,0,20,10,2000,2,5,3,2,6,1,,,,,,,,,,,,,,,,
21507014,21507015,s==15|Quách Gia 9 sao,9,1,1,205,3,215070143,5000,4000,0,20,10,5000,21507,5,1,2,5,2,2,6,1,,,,,,,,,,,,,
21507015,21507016,s==16|Quách Gia 10 sao,10,1,1,255,4,215070153,3000,2000,0,20,10,10000,21507,5,2,2,6,1,1,9,1,,,,,,,,,,,,,
21507016,21507017,s==16|Quách Gia 11 sao,11,105,95,285,0,,3000,2000,0,20,10,15000,21507,6,1,1,9,1,,,,,,,,,,,,,,,,
21507017,21507018,s==16|Quách Gia 12 sao,12,128,118,310,0,,3000,2000,0,20,10,20000,21507,6,1,1,10,1,,,,,,,,,,1048,20,,,,,
21507018,21507019,s==16|Quách Gia 13 sao,13,148,138,350,0,,3000,2000,0,20,10,25000,21507,6,1,2,9,1,1,10,1,,,,,,,1048,40,,,,,
21507019,,s==16|Quách Gia 14 sao,14,200,138,390,0,,3000,2000,0,20,10,30000,21507,9,1,2,10,1,1,11,1,,,,,,,1048,60,6685,5,13,6,
215081,215082,s==17|Trương Liêu 6 sao,6,1,1,145,5,2150822|2150832|2150842|2150852,5000,4000,0,20,10,0,21508,5,1,21403,5,1,2,5,3,,,,,,,,,,,,,
215082,215083,s==17|Trương Liêu 7 sao,7,1,1,165,1,2150823,5000,4000,0,20,10,1000,2,5,4,,,,,,,,,,,,,,,,,,,
215083,215084,s==17|Trương Liêu 8 sao,8,1,1,185,2,2150833,5000,4000,0,20,10,2000,2,5,3,2,6,1,,,,,,,,,,,,,,,,
215084,215085,s==17|Trương Liêu 9 sao,9,1,1,205,3,2150843,5000,4000,0,20,10,5000,21508,5,1,2,5,2,2,6,1,,,,,,,,,,,,,
215085,215086,s==18|Trương Liêu 10 sao,10,1,1,255,4,2150853,3000,2000,0,20,10,10000,21508,5,2,2,6,1,1,9,1,,,,,,,,,,,,,
215086,215087,s==18|Trương Liêu 11 sao,11,105,95,285,0,,3000,2000,0,20,10,15000,21508,6,1,1,9,1,,,,,,,,,,,,,,,,
215087,215088,s==18|Trương Liêu 12 sao,12,128,118,310,0,,3000,2000,0,20,10,20000,21508,6,1,1,10,1,,,,,,,,,,1048,20,,,,,
215088,215089,s==18|Trương Liêu 13 sao,13,148,138,350,0,,3000,2000,0,20,10,25000,21508,6,1,2,9,1,1,10,1,,,,,,,1048,40,,,,,
215089,,s==18|Trương Liêu 14 sao,14,200,138,390,0,,3000,2000,0,20,10,30000,21508,9,1,2,10,1,1,11,1,,,,,,,1048,60,6685,5,13,6,
215091,215092,s==12|Bỏ phí 6 sao,6,1,1,145,5,2150621|2150631|2150641|2150651,5000,4000,0,20,10,0,21509,5,1,21404,5,1,2,5,3,,,,,,,,,,,,,
215092,215093,s==12|Bỏ phí 7 sao,7,1,1,165,1,2150621,5000,4000,0,20,10,1000,2,5,4,,,,,,,,,,,,,,,,,,,
215093,215094,s==12|Bỏ phí 8 sao,8,1,1,185,2,2150631,5000,4000,0,20,10,2000,2,5,3,2,6,1,,,,,,,,,,,,,,,,
215094,215095,s==12|Bỏ phí 9 sao,9,1,1,205,3,2150641,5000,4000,0,20,10,5000,21509,5,1,2,5,2,2,6,1,,,,,,,,,,,,,
215095,215096,s==13|Bỏ phí 10 sao,10,1,1,255,4,2150651,3000,2000,0,20,10,10000,21509,5,2,2,6,1,1,9,1,,,,,,,,,,,,,
215096,215097,s==13|Bỏ phí 11 sao,11,105,95,285,0,,3000,2000,0,20,10,15000,21509,6,1,1,9,1,,,,,,,,,,,,,,,,
215097,215098,s==13|Bỏ phí 12 sao,12,128,118,310,0,,3000,2000,0,20,10,20000,21509,6,1,1,10,1,,,,,,,,,,1048,20,,,,,
215098,215099,s==13|Bỏ phí 13 sao,13,148,138,350,0,,3000,2000,0,20,10,25000,21509,6,1,2,9,1,1,10,1,,,,,,,1048,40,,,,,
215099,,s==13|Bỏ phí 14 sao,14,200,138,390,0,,3000,2000,0,20,10,30000,21509,9,1,2,10,1,1,11,1,,,,,,,1048,60,6685,5,13,6,
215101,215102,s==13|Hứa Chử 6 sao,6,1,1,145,5,2151022|2151032|2151042|2151052,5000,4000,0,20,10,0,21510,5,1,21403,5,1,2,5,3,,,,,,,,,,,,,
215102,215103,s==13|Hứa Chử 7 sao,7,1,1,165,1,2151023,5000,4000,0,20,10,1000,2,5,4,,,,,,,,,,,,,,,,,,,
215103,215104,s==13|Hứa Chử 8 sao,8,1,1,185,2,2151033,5000,4000,0,20,10,2000,2,5,3,2,6,1,,,,,,,,,,,,,,,,
215104,215105,s==13|Hứa Chử 9 sao,9,1,1,205,3,2151043,5000,4000,0,20,10,5000,21510,5,1,2,5,2,2,6,1,,,,,,,,,,,,,
215105,215106,s==14|Hứa Chử 10 sao,10,1,1,255,4,2151053,3000,2000,0,20,10,10000,21510,5,2,2,6,1,1,9,1,,,,,,,,,,,,,
215106,215107,s==14|Hứa Chử 11 sao,11,105,95,285,0,,3000,2000,0,20,10,15000,21510,6,1,1,9,1,,,,,,,,,,,,,,,,
215107,215108,s==14|Hứa Chử 12 sao,12,128,118,310,0,,3000,2000,0,20,10,20000,21510,6,1,1,10,1,,,,,,,,,,1048,20,,,,,
215108,215109,s==14|Hứa Chử 13 sao,13,148,138,350,0,,3000,2000,0,20,10,25000,21510,6,1,2,9,1,1,10,1,,,,,,,1048,40,,,,,
215109,,s==14|Hứa Chử 14 sao,14,200,138,390,0,,3000,2000,0,20,10,30000,21510,9,1,2,10,1,1,11,1,,,,,,,1048,60,6685,5,13,6,
21510011,21510012,s==13|Hứa Chử 6 sao,6,1,1,145,5,215100122|215100132|215100142|215100152,5000,4000,0,20,10,0,21510,5,1,21403,5,1,2,5,3,,,,,,,,,,,,,
21510012,21510013,s==13|Hứa Chử 7 sao,7,1,1,165,1,215100123,5000,4000,0,20,10,1000,2,5,4,,,,,,,,,,,,,,,,,,,
21510013,21510014,s==13|Hứa Chử 8 sao,8,1,1,185,2,215100133,5000,4000,0,20,10,2000,2,5,3,2,6,1,,,,,,,,,,,,,,,,
21510014,21510015,s==13|Hứa Chử 9 sao,9,1,1,205,3,215100143,5000,4000,0,20,10,5000,21510,5,1,2,5,2,2,6,1,,,,,,,,,,,,,
21510015,21510016,s==14|Hứa Chử 10 sao,10,1,1,255,4,215100153,3000,2000,0,20,10,10000,21510,5,2,2,6,1,1,9,1,,,,,,,,,,,,,
21510016,21510017,s==14|Hứa Chử 11 sao,11,105,95,285,0,,3000,2000,0,20,10,15000,21510,6,1,1,9,1,,,,,,,,,,,,,,,,
21510017,21510018,s==14|Hứa Chử 12 sao,12,128,118,310,0,,3000,2000,0,20,10,20000,21510,6,1,1,10,1,,,,,,,,,,1048,20,,,,,
21510018,21510019,s==14|Hứa Chử 13 sao,13,148,138,350,0,,3000,2000,0,20,10,25000,21510,6,1,2,9,1,1,10,1,,,,,,,1048,40,,,,,
21510019,,s==14|Hứa Chử 14 sao,14,200,138,390,0,,3000,2000,0,20,10,30000,21510,9,1,2,10,1,1,11,1,,,,,,,1048,60,6685,5,13,6,
21510021,21510022,s==13|Hứa Chử 6 sao,6,1,1,145,5,215100222|215100232|215100242|215100252,5000,4000,0,20,10,0,21510,5,1,21403,5,1,2,5,3,,,,,,,,,,,,,
21510022,21510023,s==13|Hứa Chử 7 sao,7,1,1,165,1,215100223,5000,4000,0,20,10,1000,2,5,4,,,,,,,,,,,,,,,,,,,
21510023,21510024,s==13|Hứa Chử 8 sao,8,1,1,185,2,215100233,5000,4000,0,20,10,2000,2,5,3,2,6,1,,,,,,,,,,,,,,,,
21510024,21510025,s==13|Hứa Chử 9 sao,9,1,1,205,3,215100243,5000,4000,0,20,10,5000,21510,5,1,2,5,2,2,6,1,,,,,,,,,,,,,
21510025,21510026,s==14|Hứa Chử 10 sao,10,1,1,255,4,215100253,3000,2000,0,20,10,10000,21510,5,2,2,6,1,1,9,1,,,,,,,,,,,,,
21510026,21510027,s==14|Hứa Chử 11 sao,11,105,95,285,0,,3000,2000,0,20,10,15000,21510,6,1,1,9,1,,,,,,,,,,,,,,,,
21510027,21510028,s==14|Hứa Chử 12 sao,12,128,118,310,0,,3000,2000,0,20,10,20000,21510,6,1,1,10,1,,,,,,,,,,1048,20,,,,,
21510028,21510029,s==14|Hứa Chử 13 sao,13,148,138,350,0,,3000,2000,0,20,10,25000,21510,6,1,2,9,1,1,10,1,,,,,,,1048,40,,,,,
21510029,,s==14|Hứa Chử 14 sao,14,200,138,390,0,,3000,2000,0,20,10,30000,21510,9,1,2,10,1,1,11,1,,,,,,,1048,60,6685,5,13,6,
215111,215112,s==13|Tào Phi 6 sao,6,1,1,145,5,2150821|2150831|2150841|2150851,5000,4000,0,20,10,0,21511,5,1,21402,5,1,2,5,3,,,,,,,,,,,,,
215112,215113,s==13|Tào Phi 7 sao,7,1,1,165,1,2150821,5000,4000,0,20,10,1000,2,5,4,,,,,,,,,,,,,,,,,,,
215113,215114,s==13|Tào Phi 8 sao,8,1,1,185,2,2150831,5000,4000,0,20,10,2000,2,5,3,2,6,1,,,,,,,,,,,,,,,,
215114,215115,s==13|Tào Phi 9 sao,9,1,1,205,3,2150841,5000,4000,0,20,10,5000,21511,5,1,2,5,2,2,6,1,,,,,,,,,,,,,
215115,215116,s==14|Tào Phi 10 sao,10,1,1,255,4,2150851,3000,2000,0,20,10,10000,21511,5,2,2,6,1,1,9,1,,,,,,,,,,,,,
215116,215117,s==14|Tào Phi 11 sao,11,105,95,285,0,,3000,2000,0,20,10,15000,21511,6,1,1,9,1,,,,,,,,,,,,,,,,
215117,215118,s==14|Tào Phi 12 sao,12,128,118,310,0,,3000,2000,0,20,10,20000,21511,6,1,1,10,1,,,,,,,,,,1048,20,,,,,
215118,215119,s==14|Tào Phi 13 sao,13,148,138,350,0,,3000,2000,0,20,10,25000,21511,6,1,2,9,1,1,10,1,,,,,,,1048,40,,,,,
215119,,s==14|Tào Phi 14 sao,14,200,138,390,0,,3000,2000,0,20,10,30000,21511,9,1,2,10,1,1,11,1,,,,,,,1048,60,6685,5,13,6,
215121,215122,s==12|Vu Cấm 6 sao,6,1,1,145,5,2151222|2151232|2151242|2151252,5000,4000,0,20,10,0,21512,5,1,21401,5,1,2,5,3,,,,,,,,,,,,,
215122,215123,s==12|Vu Cấm 7 sao,7,1,1,165,1,2151223,5000,4000,0,20,10,1000,2,5,4,,,,,,,,,,,,,,,,,,,
215123,215124,s==12|Vu Cấm 8 sao,8,1,1,185,2,2151233,5000,4000,0,20,10,2000,2,5,3,2,6,1,,,,,,,,,,,,,,,,
215124,215125,s==12|Vu Cấm 9 sao,9,1,1,205,3,2151243,5000,4000,0,20,10,5000,21512,5,1,2,5,2,2,6,1,,,,,,,,,,,,,
215125,215126,s==13|Vu Cấm 10 sao,10,1,1,255,4,2151253,3000,2000,0,20,10,10000,21512,5,2,2,6,1,1,9,1,,,,,,,,,,,,,
215126,215127,s==13|Vu Cấm 11 sao,11,105,95,285,0,,3000,2000,0,20,10,15000,21512,6,1,1,9,1,,,,,,,,,,,,,,,,
215127,215128,s==13|Vu Cấm 12 sao,12,128,118,310,0,,3000,2000,0,20,10,20000,21512,6,1,1,10,1,,,,,,,,,,1048,20,,,,,
215128,215129,s==13|Vu Cấm 13 sao,13,148,138,350,0,,3000,2000,0,20,10,25000,21512,6,1,2,9,1,1,10,1,,,,,,,1048,40,,,,,
215129,,s==13|Vu Cấm 14 sao,14,200,138,390,0,,3000,2000,0,20,10,30000,21512,9,1,2,10,1,1,11,1,,,,,,,1048,60,6685,5,13,6,
21512011,21512012,s==12|Vu Cấm 6 sao,6,1,1,145,5,215120122|215120132|215120142|215120152,5000,4000,0,20,10,0,21512,5,1,21401,5,1,2,5,3,,,,,,,,,,,,,
21512012,21512013,s==12|Vu Cấm 7 sao,7,1,1,165,1,215120123,5000,4000,0,20,10,1000,2,5,4,,,,,,,,,,,,,,,,,,,
21512013,21512014,s==12|Vu Cấm 8 sao,8,1,1,185,2,215120133,5000,4000,0,20,10,2000,2,5,3,2,6,1,,,,,,,,,,,,,,,,
21512014,21512015,s==12|Vu Cấm 9 sao,9,1,1,205,3,215120143,5000,4000,0,20,10,5000,21512,5,1,2,5,2,2,6,1,,,,,,,,,,,,,
21512015,21512016,s==13|Vu Cấm 10 sao,10,1,1,255,4,215120153,3000,2000,0,20,10,10000,21512,5,2,2,6,1,1,9,1,,,,,,,,,,,,,
21512016,21512017,s==13|Vu Cấm 11 sao,11,105,95,285,0,,3000,2000,0,20,10,15000,21512,6,1,1,9,1,,,,,,,,,,,,,,,,
21512017,21512018,s==13|Vu Cấm 12 sao,12,128,118,310,0,,3000,2000,0,20,10,20000,21512,6,1,1,10,1,,,,,,,,,,1048,20,,,,,
21512018,21512019,s==13|Vu Cấm 13 sao,13,148,138,350,0,,3000,2000,0,20,10,25000,21512,6,1,2,9,1,1,10,1,,,,,,,1048,40,,,,,
21512019,,s==13|Vu Cấm 14 sao,14,200,138,390,0,,3000,2000,0,20,10,30000,21512,9,1,2,10,1,1,11,1,,,,,,,1048,60,6685,5,13,6,
21512021,21512022,s==12|Vu Cấm 6 sao,6,1,1,145,5,215120222|215120232|215120242|215120252,5000,4000,0,20,10,0,21512,5,1,21401,5,1,2,5,3,,,,,,,,,,,,,
21512022,21512023,s==12|Vu Cấm 7 sao,7,1,1,165,1,215120223,5000,4000,0,20,10,1000,2,5,4,,,,,,,,,,,,,,,,,,,
21512023,21512024,s==12|Vu Cấm 8 sao,8,1,1,185,2,215120233,5000,4000,0,20,10,2000,2,5,3,2,6,1,,,,,,,,,,,,,,,,
21512024,21512025,s==12|Vu Cấm 9 sao,9,1,1,205,3,215120243,5000,4000,0,20,10,5000,21512,5,1,2,5,2,2,6,1,,,,,,,,,,,,,
21512025,21512026,s==13|Vu Cấm 10 sao,10,1,1,255,4,215120253,3000,2000,0,20,10,10000,21512,5,2,2,6,1,1,9,1,,,,,,,,,,,,,
21512026,21512027,s==13|Vu Cấm 11 sao,11,105,95,285,0,,3000,2000,0,20,10,15000,21512,6,1,1,9,1,,,,,,,,,,,,,,,,
21512027,21512028,s==13|Vu Cấm 12 sao,12,128,118,310,0,,3000,2000,0,20,10,20000,21512,6,1,1,10,1,,,,,,,,,,1048,20,,,,,
21512028,21512029,s==13|Vu Cấm 13 sao,13,148,138,350,0,,3000,2000,0,20,10,25000,21512,6,1,2,9,1,1,10,1,,,,,,,1048,40,,,,,
21512029,,s==13|Vu Cấm 14 sao,14,200,138,390,0,,3000,2000,0,20,10,30000,21512,9,1,2,10,1,1,11,1,,,,,,,1048,60,6685,5,13,6,
215131,215132,s==13|Tuân Úc 6 sao,6,1,1,145,5,2150821|2150831|2150841|2150851,5000,4000,0,20,10,0,21513,5,1,21402,5,1,2,5,3,,,,,,,,,,,,,
215132,215133,s==13|Tuân Úc 7 sao,7,1,1,165,1,2150821,5000,4000,0,20,10,1000,2,5,4,,,,,,,,,,,,,,,,,,,
215133,215134,s==13|Tuân Úc 8 sao,8,1,1,185,2,2150831,5000,4000,0,20,10,2000,2,5,3,2,6,1,,,,,,,,,,,,,,,,
215134,215135,s==13|Tuân Úc 9 sao,9,1,1,205,3,2150841,5000,4000,0,20,10,5000,21513,5,1,2,5,2,2,6,1,,,,,,,,,,,,,
215135,215136,s==14|Tuân Úc 10 sao,10,1,1,255,4,2150851,3000,2000,0,20,10,10000,21513,5,2,2,6,1,1,9,1,,,,,,,,,,,,,
215136,215137,s==14|Tuân Úc 11 sao,11,105,95,285,0,,3000,2000,0,20,10,15000,21513,6,1,1,9,1,,,,,,,,,,,,,,,,
215137,215138,s==14|Tuân Úc 12 sao,12,128,118,310,0,,3000,2000,0,20,10,20000,21513,6,1,1,10,1,,,,,,,,,,1048,20,,,,,
215138,215139,s==14|Tuân Úc 13 sao,13,148,138,350,0,,3000,2000,0,20,10,25000,21513,6,1,2,9,1,1,10,1,,,,,,,1048,40,,,,,
215139,,s==14|Tuân Úc 14 sao,14,200,138,390,0,,3000,2000,0,20,10,30000,21513,9,1,2,10,1,1,11,1,,,,,,,1048,60,6685,5,13,6,
215141,215142,s==13|Tuân Du 6 sao,6,1,1,145,5,2151422|2151432|2151442|2151452,5000,4000,0,20,10,0,21514,5,1,21402,5,1,2,5,3,,,,,,,,,,,,,
215142,215143,s==13|Tuân Du 7 sao,7,1,1,165,1,2151423,5000,4000,0,20,10,1000,2,5,4,,,,,,,,,,,,,,,,,,,
215143,215144,s==13|Tuân Du 8 sao,8,1,1,185,2,2151433,5000,4000,0,20,10,2000,2,5,3,2,6,1,,,,,,,,,,,,,,,,
215144,215145,s==13|Tuân Du 9 sao,9,1,1,205,3,2151443,5000,4000,0,20,10,5000,21514,5,1,2,5,2,2,6,1,,,,,,,,,,,,,
215145,215146,s==14|Tuân Du 10 sao,10,1,1,255,4,2151453,3000,2000,0,20,10,10000,21514,5,2,2,6,1,1,9,1,,,,,,,,,,,,,
215146,215147,s==14|Tuân Du 11 sao,11,105,95,285,0,,3000,2000,0,20,10,15000,21514,6,1,1,9,1,,,,,,,,,,,,,,,,
215147,215148,s==14|Tuân Du 12 sao,12,128,118,310,0,,3000,2000,0,20,10,20000,21514,6,1,1,10,1,,,,,,,,,,1048,20,,,,,
215148,215149,s==14|Tuân Du 13 sao,13,148,138,350,0,,3000,2000,0,20,10,25000,21514,6,1,2,9,1,1,10,1,,,,,,,1048,40,,,,,
215149,,s==14|Tuân Du 14 sao,14,200,138,390,0,,3000,2000,0,20,10,30000,21514,9,1,2,10,1,1,11,1,,,,,,,1048,60,6685,5,13,6,
215151,215152,s==14|Tào Tháo 6 sao,6,1,1,145,5,2151522|2151532|2151542|2151552,5000,4000,0,20,10,0,21515,5,1,21402,5,1,2,5,3,,,,,,,,,,,,,
215152,215153,s==14|Tào Tháo 7 sao,7,1,1,165,1,2151523,5000,4000,0,20,10,1000,2,5,4,,,,,,,,,,,,,,,,,,,
215153,215154,s==14|Tào Tháo 8 sao,8,1,1,185,2,2151533,5000,4000,0,20,10,2000,2,5,3,2,6,1,,,,,,,,,,,,,,,,
215154,215155,s==14|Tào Tháo 9 sao,9,1,1,205,3,2151543,5000,4000,0,20,10,5000,21515,5,1,2,5,2,2,6,1,,,,,,,,,,,,,
215155,215156,s==15|Tào Tháo 10 sao,10,1,1,255,4,2151553,3000,2000,0,20,10,10000,21515,5,2,2,6,1,1,9,1,,,,,,,,,,,,,
215156,215157,s==15|Tào Tháo 11 sao,11,105,95,285,0,,3000,2000,0,20,10,15000,21515,6,1,1,9,1,,,,,,,,,,,,,,,,
215157,215158,s==15|Tào Tháo 12 sao,12,128,118,310,0,,3000,2000,0,20,10,20000,21515,6,1,1,10,1,,,,,,,,,,1048,20,,,,,
215158,215159,s==15|Tào Tháo 13 sao,13,148,138,350,0,,3000,2000,0,20,10,25000,21515,6,1,2,9,1,1,10,1,,,,,,,1048,40,,,,,
215159,,s==15|Tào Tháo 14 sao,14,200,138,390,0,,3000,2000,0,20,10,30000,21515,9,1,2,10,1,1,11,1,,,,,,,1048,60,6685,5,13,6,
21515011,21515012,s==14|Tào Tháo 6 sao,6,1,1,145,5,215150122|215150132|215150142|215150152,5000,4000,0,20,10,0,21515,5,1,21402,5,1,2,5,3,,,,,,,,,,,,,
21515012,21515013,s==14|Tào Tháo 7 sao,7,1,1,165,1,215150123,5000,4000,0,20,10,1000,2,5,4,,,,,,,,,,,,,,,,,,,
21515013,21515014,s==14|Tào Tháo 8 sao,8,1,1,185,2,215150133,5000,4000,0,20,10,2000,2,5,3,2,6,1,,,,,,,,,,,,,,,,
21515014,21515015,s==14|Tào Tháo 9 sao,9,1,1,205,3,215150143,5000,4000,0,20,10,5000,21515,5,1,2,5,2,2,6,1,,,,,,,,,,,,,
21515015,21515016,s==15|Tào Tháo 10 sao,10,1,1,255,4,215150153,3000,2000,0,20,10,10000,21515,5,2,2,6,1,1,9,1,,,,,,,,,,,,,
21515016,21515017,s==15|Tào Tháo 11 sao,11,105,95,285,0,,3000,2000,0,20,10,15000,21515,6,1,1,9,1,,,,,,,,,,,,,,,,
21515017,21515018,s==15|Tào Tháo 12 sao,12,128,118,310,0,,3000,2000,0,20,10,20000,21515,6,1,1,10,1,,,,,,,,,,1048,20,,,,,
21515018,21515019,s==15|Tào Tháo 13 sao,13,148,138,350,0,,3000,2000,0,20,10,25000,21515,6,1,2,9,1,1,10,1,,,,,,,1048,40,,,,,
21515019,,s==15|Tào Tháo 14 sao,14,200,138,390,0,,3000,2000,0,20,10,30000,21515,9,1,2,10,1,1,11,1,,,,,,,1048,60,6685,5,13,6,
225011,225012,s==17|Hoàng Trung 6 sao,6,1,1,145,5,2250122|2250132|2250142|2250152,5000,4000,0,20,10,0,22501,5,1,22402,5,1,2,5,3,,,,,,,,,,,,,
225012,225013,s==17|Hoàng Trung 7 sao,7,1,1,165,1,2250123,5000,4000,0,20,10,1000,2,5,4,,,,,,,,,,,,,,,,,,,
225013,225014,s==17|Hoàng Trung 8 sao,8,1,1,185,2,2250133,5000,4000,0,20,10,2000,2,5,3,2,6,1,,,,,,,,,,,,,,,,
225014,225015,s==17|Hoàng Trung 9 sao,9,1,1,205,3,2250143,5000,4000,0,20,10,5000,22501,5,1,2,5,2,2,6,1,,,,,,,,,,,,,
225015,225016,s==18|Hoàng Trung 10 sao,10,1,1,255,4,2250153,3000,2000,0,20,10,10000,22501,5,2,2,6,1,1,9,1,,,,,,,,,,,,,
225016,225017,s==18|Hoàng Trung 11 sao,11,105,95,285,0,,3000,2000,0,20,10,15000,22501,6,1,1,9,1,,,,,,,,,,,,,,,,
225017,225018,s==18|Hoàng Trung 12 sao,12,128,118,310,0,,3000,2000,0,20,10,20000,22501,6,1,1,10,1,,,,,,,,,,1048,20,,,,,
225018,225019,s==18|Hoàng Trung 13 sao,13,148,138,350,0,,3000,2000,0,20,10,25000,22501,6,1,2,9,1,1,10,1,,,,,,,1048,40,,,,,
225019,,s==18|Hoàng Trung 14 sao,14,200,138,390,0,,3000,2000,0,20,10,30000,22501,9,1,2,10,1,1,11,1,,,,,,,1048,60,6685,5,13,6,
22501011,22501012,s==17|Hoàng Trung 6 sao,6,1,1,145,5,225010122|225010132|225010142|225010152,5000,4000,0,20,10,0,22501,5,1,22402,5,1,2,5,3,,,,,,,,,,,,,
22501012,22501013,s==17|Hoàng Trung 7 sao,7,1,1,165,1,225010123,5000,4000,0,20,10,1000,2,5,4,,,,,,,,,,,,,,,,,,,
22501013,22501014,s==17|Hoàng Trung 8 sao,8,1,1,185,2,225010133,5000,4000,0,20,10,2000,2,5,3,2,6,1,,,,,,,,,,,,,,,,
22501014,22501015,s==17|Hoàng Trung 9 sao,9,1,1,205,3,225010143,5000,4000,0,20,10,5000,22501,5,1,2,5,2,2,6,1,,,,,,,,,,,,,
22501015,22501016,s==18|Hoàng Trung 10 sao,10,1,1,255,4,225010153,3000,2000,0,20,10,10000,22501,5,2,2,6,1,1,9,1,,,,,,,,,,,,,
22501016,22501017,s==18|Hoàng Trung 11 sao,11,105,95,285,0,,3000,2000,0,20,10,15000,22501,6,1,1,9,1,,,,,,,,,,,,,,,,
22501017,22501018,s==18|Hoàng Trung 12 sao,12,128,118,310,0,,3000,2000,0,20,10,20000,22501,6,1,1,10,1,,,,,,,,,,1048,20,,,,,
22501018,22501019,s==18|Hoàng Trung 13 sao,13,148,138,350,0,,3000,2000,0,20,10,25000,22501,6,1,2,9,1,1,10,1,,,,,,,1048,40,,,,,
22501019,,s==18|Hoàng Trung 14 sao,14,200,138,390,0,,3000,2000,0,20,10,30000,22501,9,1,2,10,1,1,11,1,,,,,,,1048,60,6685,5,13,6,
225021,225022,s==16|Trương Phi 6 sao,6,1,1,145,5,2250222|2250232|2250242|2250252,5000,4000,0,20,10,0,22502,5,1,22402,5,1,2,5,3,,,,,,,,,,,,,
225022,225023,s==16|Trương Phi 7 sao,7,1,1,165,1,2250223,5000,4000,0,20,10,1000,2,5,4,,,,,,,,,,,,,,,,,,,
225023,225024,s==16|Trương Phi 8 sao,8,1,1,185,2,2250233,5000,4000,0,20,10,2000,2,5,3,2,6,1,,,,,,,,,,,,,,,,
225024,225025,s==16|Trương Phi 9 sao,9,1,1,205,3,2250243,5000,4000,0,20,10,5000,22502,5,1,2,5,2,2,6,1,,,,,,,,,,,,,
225025,225026,s==17|Trương Phi 10 sao,10,1,1,255,4,2250253,3000,2000,0,20,10,10000,22502,5,2,2,6,1,1,9,1,,,,,,,,,,,,,
225026,225027,s==17|Trương Phi 11 sao,11,105,95,285,0,,3000,2000,0,20,10,15000,22502,6,1,1,9,1,,,,,,,,,,,,,,,,
225027,225028,s==17|Trương Phi 12 sao,12,128,118,310,0,,3000,2000,0,20,10,20000,22502,6,1,1,10,1,,,,,,,,,,1048,20,,,,,
225028,225029,s==17|Trương Phi 13 sao,13,148,138,350,0,,3000,2000,0,20,10,25000,22502,6,1,2,9,1,1,10,1,,,,,,,1048,40,,,,,
225029,,s==17|Trương Phi 14 sao,14,200,138,390,0,,3000,2000,0,20,10,30000,22502,9,1,2,10,1,1,11,1,,,,,,,1048,60,6685,5,13,6,
22502011,22502012,s==16|Trương Phi 6 sao,6,1,1,145,5,225020122|225020132|225020142|225020152,5000,4000,0,20,10,0,22502,5,1,22402,5,1,2,5,3,,,,,,,,,,,,,
22502012,22502013,s==16|Trương Phi 7 sao,7,1,1,165,1,225020123,5000,4000,0,20,10,1000,2,5,4,,,,,,,,,,,,,,,,,,,
22502013,22502014,s==16|Trương Phi 8 sao,8,1,1,185,2,225020133,5000,4000,0,20,10,2000,2,5,3,2,6,1,,,,,,,,,,,,,,,,
22502014,22502015,s==16|Trương Phi 9 sao,9,1,1,205,3,225020143,5000,4000,0,20,10,5000,22502,5,1,2,5,2,2,6,1,,,,,,,,,,,,,
22502015,22502016,s==17|Trương Phi 10 sao,10,1,1,255,4,225020153,3000,2000,0,20,10,10000,22502,5,2,2,6,1,1,9,1,,,,,,,,,,,,,
22502016,22502017,s==17|Trương Phi 11 sao,11,105,95,285,0,,3000,2000,0,20,10,15000,22502,6,1,1,9,1,,,,,,,,,,,,,,,,
22502017,22502018,s==17|Trương Phi 12 sao,12,128,118,310,0,,3000,2000,0,20,10,20000,22502,6,1,1,10,1,,,,,,,,,,1048,20,,,,,
22502018,22502019,s==17|Trương Phi 13 sao,13,148,138,350,0,,3000,2000,0,20,10,25000,22502,6,1,2,9,1,1,10,1,,,,,,,1048,40,,,,,
22502019,,s==17|Trương Phi 14 sao,14,200,138,390,0,,3000,2000,0,20,10,30000,22502,9,1,2,10,1,1,11,1,,,,,,,1048,60,6685,5,13,6,
22502021,22502022,s==16|Trương Phi 6 sao,6,1,1,145,5,225020222|225020232|225020242|225020252,5000,4000,0,20,10,0,22502,5,1,22402,5,1,2,5,3,,,,,,,,,,,,,
22502022,22502023,s==16|Trương Phi 7 sao,7,1,1,165,1,225020223,5000,4000,0,20,10,1000,2,5,4,,,,,,,,,,,,,,,,,,,
22502023,22502024,s==16|Trương Phi 8 sao,8,1,1,185,2,225020233,5000,4000,0,20,10,2000,2,5,3,2,6,1,,,,,,,,,,,,,,,,
22502024,22502025,s==16|Trương Phi 9 sao,9,1,1,205,3,225020243,5000,4000,0,20,10,5000,22502,5,1,2,5,2,2,6,1,,,,,,,,,,,,,
22502025,22502026,s==17|Trương Phi 10 sao,10,1,1,255,4,225020253,3000,2000,0,20,10,10000,22502,5,2,2,6,1,1,9,1,,,,,,,,,,,,,
22502026,22502027,s==17|Trương Phi 11 sao,11,105,95,285,0,,3000,2000,0,20,10,15000,22502,6,1,1,9,1,,,,,,,,,,,,,,,,
22502027,22502028,s==17|Trương Phi 12 sao,12,128,118,310,0,,3000,2000,0,20,10,20000,22502,6,1,1,10,1,,,,,,,,,,1048,20,,,,,
22502028,22502029,s==17|Trương Phi 13 sao,13,148,138,350,0,,3000,2000,0,20,10,25000,22502,6,1,2,9,1,1,10,1,,,,,,,1048,40,,,,,
22502029,,s==17|Trương Phi 14 sao,14,200,138,390,0,,3000,2000,0,20,10,30000,22502,9,1,2,10,1,1,11,1,,,,,,,1048,60,6685,5,13,6,
225031,225032,s==22|Hoàng Nguyệt Anh 6 sao,6,1,1,145,5,2250322|2250332|2250342|2250352,5000,4000,0,20,10,0,22503,5,1,22401,5,1,2,5,3,,,,,,,,,,,,,
225032,225033,s==22|Hoàng Nguyệt Anh 7 sao,7,1,1,165,1,2250323,5000,4000,0,20,10,1000,2,5,4,,,,,,,,,,,,,,,,,,,
225033,225034,s==22|Hoàng Nguyệt Anh 8 sao,8,1,1,185,2,2250333,5000,4000,0,20,10,2000,2,5,3,2,6,1,,,,,,,,,,,,,,,,
225034,225035,s==22|Hoàng Nguyệt Anh 9 sao,9,1,1,205,3,2250343,5000,4000,0,20,10,5000,22503,5,1,2,5,2,2,6,1,,,,,,,,,,,,,
225035,225036,s==23|Hoàng Nguyệt Anh 10 sao,10,1,1,255,4,2250353,3000,2000,0,20,10,10000,22503,5,2,2,6,1,1,9,1,,,,,,,,,,,,,
225036,225037,s==23|Hoàng Nguyệt Anh 11 sao,11,105,95,285,0,,3000,2000,0,20,10,15000,22503,6,1,1,9,1,,,,,,,,,,,,,,,,
225037,225038,s==23|Hoàng Nguyệt Anh 12 sao,12,128,118,310,0,,3000,2000,0,20,10,20000,22503,6,1,1,10,1,,,,,,,,,,1048,20,,,,,
225038,225039,s==23|Hoàng Nguyệt Anh 13 sao,13,148,138,350,0,,3000,2000,0,20,10,25000,22503,6,1,2,9,1,1,10,1,,,,,,,1048,40,,,,,
225039,,s==23|Hoàng Nguyệt Anh 14 sao,14,200,138,390,0,,3000,2000,0,20,10,30000,22503,9,1,2,10,1,1,11,1,,,,,,,1048,60,6685,5,13,6,
225041,225042,s==13|Quan Vũ 6 sao,6,1,1,145,5,2250422|2250432|2250442|2250452,5000,4000,0,20,10,0,22504,5,1,22403,5,1,2,5,3,,,,,,,,,,,,,
225042,225043,s==13|Quan Vũ 7 sao,7,1,1,165,1,2250423,5000,4000,0,20,10,1000,2,5,4,,,,,,,,,,,,,,,,,,,
225043,225044,s==13|Quan Vũ 8 sao,8,1,1,185,2,2250433,5000,4000,0,20,10,2000,2,5,3,2,6,1,,,,,,,,,,,,,,,,
225044,225045,s==13|Quan Vũ 9 sao,9,1,1,205,3,2250443,5000,4000,0,20,10,5000,22504,5,1,2,5,2,2,6,1,,,,,,,,,,,,,
225045,225046,s==14|Quan Vũ 10 sao,10,1,1,255,4,2250453,3000,2000,0,20,10,10000,22504,5,2,2,6,1,1,9,1,,,,,,,,,,,,,
225046,225047,s==14|Quan Vũ 11 sao,11,105,95,285,0,,3000,2000,0,20,10,15000,22504,6,1,1,9,1,,,,,,,,,,,,,,,,
225047,225048,s==14|Quan Vũ 12 sao,12,128,118,310,0,,3000,2000,0,20,10,20000,22504,6,1,1,10,1,,,,,,,,,,1048,20,,,,,
225048,225049,s==14|Quan Vũ 13 sao,13,148,138,350,0,,3000,2000,0,20,10,25000,22504,6,1,2,9,1,1,10,1,,,,,,,1048,40,,,,,
225049,,s==14|Quan Vũ 14 sao,14,200,138,390,0,,3000,2000,0,20,10,30000,22504,9,1,2,10,1,1,11,1,,,,,,,1048,60,6685,5,13,6,
22504011,22504012,s==13|Quan Vũ 6 sao,6,1,1,145,5,225040122|225040132|225040142|225040152,5000,4000,0,20,10,0,22504,5,1,22403,5,1,2,5,3,,,,,,,,,,,,,
22504012,22504013,s==13|Quan Vũ 7 sao,7,1,1,165,1,225040123,5000,4000,0,20,10,1000,2,5,4,,,,,,,,,,,,,,,,,,,
22504013,22504014,s==13|Quan Vũ 8 sao,8,1,1,185,2,225040133,5000,4000,0,20,10,2000,2,5,3,2,6,1,,,,,,,,,,,,,,,,
22504014,22504015,s==13|Quan Vũ 9 sao,9,1,1,205,3,225040143,5000,4000,0,20,10,5000,22504,5,1,2,5,2,2,6,1,,,,,,,,,,,,,
22504015,22504016,s==14|Quan Vũ 10 sao,10,1,1,255,4,225040153,3000,2000,0,20,10,10000,22504,5,2,2,6,1,1,9,1,,,,,,,,,,,,,
22504016,22504017,s==14|Quan Vũ 11 sao,11,105,95,285,0,,3000,2000,0,20,10,15000,22504,6,1,1,9,1,,,,,,,,,,,,,,,,
22504017,22504018,s==14|Quan Vũ 12 sao,12,128,118,310,0,,3000,2000,0,20,10,20000,22504,6,1,1,10,1,,,,,,,,,,1048,20,,,,,
22504018,22504019,s==14|Quan Vũ 13 sao,13,148,138,350,0,,3000,2000,0,20,10,25000,22504,6,1,2,9,1,1,10,1,,,,,,,1048,40,,,,,
22504019,,s==14|Quan Vũ 14 sao,14,200,138,390,0,,3000,2000,0,20,10,30000,22504,9,1,2,10,1,1,11,1,,,,,,,1048,60,6685,5,13,6,
22504021,22504022,s==13|Quan Vũ 6 sao,6,1,1,145,5,225040222|225040232|225040242|225040252,5000,4000,0,20,10,0,22504,5,1,22403,5,1,2,5,3,,,,,,,,,,,,,
22504022,22504023,s==13|Quan Vũ 7 sao,7,1,1,165,1,225040223,5000,4000,0,20,10,1000,2,5,4,,,,,,,,,,,,,,,,,,,
22504023,22504024,s==13|Quan Vũ 8 sao,8,1,1,185,2,225040233,5000,4000,0,20,10,2000,2,5,3,2,6,1,,,,,,,,,,,,,,,,
22504024,22504025,s==13|Quan Vũ 9 sao,9,1,1,205,3,225040243,5000,4000,0,20,10,5000,22504,5,1,2,5,2,2,6,1,,,,,,,,,,,,,
22504025,22504026,s==14|Quan Vũ 10 sao,10,1,1,255,4,225040253,3000,2000,0,20,10,10000,22504,5,2,2,6,1,1,9,1,,,,,,,,,,,,,
22504026,22504027,s==14|Quan Vũ 11 sao,11,105,95,285,0,,3000,2000,0,20,10,15000,22504,6,1,1,9,1,,,,,,,,,,,,,,,,
22504027,22504028,s==14|Quan Vũ 12 sao,12,128,118,310,0,,3000,2000,0,20,10,20000,22504,6,1,1,10,1,,,,,,,,,,1048,20,,,,,
22504028,22504029,s==14|Quan Vũ 13 sao,13,148,138,350,0,,3000,2000,0,20,10,25000,22504,6,1,2,9,1,1,10,1,,,,,,,1048,40,,,,,
22504029,,s==14|Quan Vũ 14 sao,14,200,138,390,0,,3000,2000,0,20,10,30000,22504,9,1,2,10,1,1,11,1,,,,,,,1048,60,6685,5,13,6,
22504031,22504032,s==13|Quan Vũ 6 sao,6,1,1,145,5,225040322|225040332|225040342|225040352,5000,4000,0,20,10,0,22504,5,1,22403,5,1,2,5,3,,,,,,,,,,,,,
22504032,22504033,s==13|Quan Vũ 7 sao,7,1,1,165,1,225040323,5000,4000,0,20,10,1000,2,5,4,,,,,,,,,,,,,,,,,,,
22504033,22504034,s==13|Quan Vũ 8 sao,8,1,1,185,2,225040333,5000,4000,0,20,10,2000,2,5,3,2,6,1,,,,,,,,,,,,,,,,
22504034,22504035,s==13|Quan Vũ 9 sao,9,1,1,205,3,225040343,5000,4000,0,20,10,5000,22504,5,1,2,5,2,2,6,1,,,,,,,,,,,,,
22504035,22504036,s==14|Quan Vũ 10 sao,10,1,1,255,4,225040353,3000,2000,0,20,10,10000,22504,5,2,2,6,1,1,9,1,,,,,,,,,,,,,
22504036,22504037,s==14|Quan Vũ 11 sao,11,105,95,285,0,,3000,2000,0,20,10,15000,22504,6,1,1,9,1,,,,,,,,,,,,,,,,
22504037,22504038,s==14|Quan Vũ 12 sao,12,128,118,310,0,,3000,2000,0,20,10,20000,22504,6,1,1,10,1,,,,,,,,,,1048,20,,,,,
22504038,22504039,s==14|Quan Vũ 13 sao,13,148,138,350,0,,3000,2000,0,20,10,25000,22504,6,1,2,9,1,1,10,1,,,,,,,1048,40,,,,,
22504039,,s==14|Quan Vũ 14 sao,14,200,138,390,0,,3000,2000,0,20,10,30000,22504,9,1,2,10,1,1,11,1,,,,,,,1048,60,6685,5,13,6,
225051,225052,s==14|Ngụy Diên6 Sao,6,1,1,145,5,2250522|2250532|2250542|2250552,5000,4000,0,20,10,0,22505,5,1,22402,5,1,2,5,3,,,,,,,,,,,,,
225052,225053,s==14|Ngụy Diên7 Sao,7,1,1,165,1,2250523,5000,4000,0,20,10,1000,2,5,4,,,,,,,,,,,,,,,,,,,
225053,225054,s==14|Ngụy Diên8 Sao,8,1,1,185,2,2250533,5000,4000,0,20,10,2000,2,5,3,2,6,1,,,,,,,,,,,,,,,,
225054,225055,s==14|Ngụy Diên9 Sao,9,1,1,205,3,2250543,5000,4000,0,20,10,5000,22505,5,1,2,5,2,2,6,1,,,,,,,,,,,,,
225055,225056,s==15|Ngụy Diên10 Sao,10,1,1,255,4,2250553,3000,2000,0,20,10,10000,22505,5,2,2,6,1,1,9,1,,,,,,,,,,,,,
225056,225057,s==15|Ngụy Diên11 Sao,11,105,95,285,0,,3000,2000,0,20,10,15000,22505,6,1,1,9,1,,,,,,,,,,,,,,,,
225057,225058,s==15|Ngụy Diên12 Sao,12,128,118,310,0,,3000,2000,0,20,10,20000,22505,6,1,1,10,1,,,,,,,,,,1048,20,,,,,
225058,225059,s==15|Ngụy Diên13 Sao,13,148,138,350,0,,3000,2000,0,20,10,25000,22505,6,1,2,9,1,1,10,1,,,,,,,1048,40,,,,,
225059,,s==15|Ngụy Diên14 Sao,14,200,138,390,0,,3000,2000,0,20,10,30000,22505,9,1,2,10,1,1,11,1,,,,,,,1048,60,6685,5,13,6,
225061,225062,s==19|Trương Tinh Nữ6 Sao,6,1,1,145,5,2250622|2250632|2250642|2250652,5000,4000,0,20,10,0,22506,5,1,22403,5,1,2,5,3,,,,,,,,,,,,,
225062,225063,s==19|Trương Tinh Nữ7 Sao,7,1,1,165,1,2250623,5000,4000,0,20,10,1000,2,5,4,,,,,,,,,,,,,,,,,,,
225063,225064,s==19|Trương Tinh Nữ8 Sao,8,1,1,185,2,2250633,5000,4000,0,20,10,2000,2,5,3,2,6,1,,,,,,,,,,,,,,,,
225064,225065,s==19|Trương Tinh Nữ9 Sao,9,1,1,205,3,2250643,5000,4000,0,20,10,5000,22506,5,1,2,5,2,2,6,1,,,,,,,,,,,,,
225065,225066,s==20|Trương Tinh Nữ10 Sao,10,1,1,255,4,2250653,3000,2000,0,20,10,10000,22506,5,2,2,6,1,1,9,1,,,,,,,,,,,,,
225066,225067,s==20|Trương Tinh Nữ11 Sao,11,105,95,285,0,,3000,2000,0,20,10,15000,22506,6,1,1,9,1,,,,,,,,,,,,,,,,
225067,225068,s==20|Trương Tinh Nữ12 Sao,12,128,118,310,0,,3000,2000,0,20,10,20000,22506,6,1,1,10,1,,,,,,,,,,1048,20,,,,,
225068,225069,s==20|Trương Tinh Nữ13 Sao,13,148,138,350,0,,3000,2000,0,20,10,25000,22506,6,1,2,9,1,1,10,1,,,,,,,1048,40,,,,,
225069,,s==20|Trương Tinh Nữ14 Sao,14,200,138,390,0,,3000,2000,0,20,10,30000,22506,9,1,2,10,1,1,11,1,,,,,,,1048,60,6685,5,13,6,
225071,225072,s==18|Gia Cát Lượng6 Sao,6,1,1,145,5,2250722|2250732|2250742|2250752,5000,4000,0,20,10,0,22507,5,1,22404,5,1,2,5,3,,,,,,,,,,,,,
225072,225073,s==18|Gia Cát Lượng7 Sao,7,1,1,165,1,2250723,5000,4000,0,20,10,1000,2,5,4,,,,,,,,,,,,,,,,,,,
225073,225074,s==18|Gia Cát Lượng8 Sao,8,1,1,185,2,2250733,5000,4000,0,20,10,2000,2,5,3,2,6,1,,,,,,,,,,,,,,,,
225074,225075,s==18|Gia Cát Lượng9 Sao,9,1,1,205,3,2250743,5000,4000,0,20,10,5000,22507,5,1,2,5,2,2,6,1,,,,,,,,,,,,,
225075,225076,s==19|Gia Cát Lượng10 Sao,10,1,1,255,4,2250753,3000,2000,0,20,10,10000,22507,5,2,2,6,1,1,9,1,,,,,,,,,,,,,
225076,225077,s==19|Gia Cát Lượng11 Sao,11,105,95,285,0,,3000,2000,0,20,10,15000,22507,6,1,1,9,1,,,,,,,,,,,,,,,,
225077,225078,s==19|Gia Cát Lượng12 Sao,12,128,118,310,0,,3000,2000,0,20,10,20000,22507,6,1,1,10,1,,,,,,,,,,1048,20,,,,,
225078,225079,s==19|Gia Cát Lượng13 Sao,13,148,138,350,0,,3000,2000,0,20,10,25000,22507,6,1,2,9,1,1,10,1,,,,,,,1048,40,,,,,
225079,,s==19|Gia Cát Lượng14 Sao,14,200,138,390,0,,3000,2000,0,20,10,30000,22507,9,1,2,10,1,1,11,1,,,,,,,1048,60,6685,5,13,6,
22507011,22507012,s==18|Gia Cát Lượng6 Sao,6,1,1,145,5,225070122|225070132|225070142|225070152,5000,4000,0,20,10,0,22507,5,1,22404,5,1,2,5,3,,,,,,,,,,,,,
22507012,22507013,s==18|Gia Cát Lượng7 Sao,7,1,1,165,1,225070123,5000,4000,0,20,10,1000,2,5,4,,,,,,,,,,,,,,,,,,,
22507013,22507014,s==18|Gia Cát Lượng8 Sao,8,1,1,185,2,225070133,5000,4000,0,20,10,2000,2,5,3,2,6,1,,,,,,,,,,,,,,,,
22507014,22507015,s==18|Gia Cát Lượng9 Sao,9,1,1,205,3,225070143,5000,4000,0,20,10,5000,22507,5,1,2,5,2,2,6,1,,,,,,,,,,,,,
22507015,22507016,s==19|Gia Cát Lượng10 Sao,10,1,1,255,4,225070153,3000,2000,0,20,10,10000,22507,5,2,2,6,1,1,9,1,,,,,,,,,,,,,
22507016,22507017,s==19|Gia Cát Lượng11 Sao,11,105,95,285,0,,3000,2000,0,20,10,15000,22507,6,1,1,9,1,,,,,,,,,,,,,,,,
22507017,22507018,s==19|Gia Cát Lượng12 Sao,12,128,118,310,0,,3000,2000,0,20,10,20000,22507,6,1,1,10,1,,,,,,,,,,1048,20,,,,,
22507018,22507019,s==19|Gia Cát Lượng13 Sao,13,148,138,350,0,,3000,2000,0,20,10,25000,22507,6,1,2,9,1,1,10,1,,,,,,,1048,40,,,,,
22507019,,s==19|Gia Cát Lượng14 Sao,14,200,138,390,0,,3000,2000,0,20,10,30000,22507,9,1,2,10,1,1,11,1,,,,,,,1048,60,6685,5,13,6,
22507021,22507022,s==18|Gia Cát Lượng6 Sao,6,1,1,145,5,225070222|225070232|225070242|225070252,5000,4000,0,20,10,0,22507,5,1,22404,5,1,2,5,3,,,,,,,,,,,,,
22507022,22507023,s==18|Gia Cát Lượng7 Sao,7,1,1,165,1,225070223,5000,4000,0,20,10,1000,2,5,4,,,,,,,,,,,,,,,,,,,
22507023,22507024,s==18|Gia Cát Lượng8 Sao,8,1,1,185,2,225070233,5000,4000,0,20,10,2000,2,5,3,2,6,1,,,,,,,,,,,,,,,,
22507024,22507025,s==18|Gia Cát Lượng9 Sao,9,1,1,205,3,225070243,5000,4000,0,20,10,5000,22507,5,1,2,5,2,2,6,1,,,,,,,,,,,,,
22507025,22507026,s==19|Gia Cát Lượng10 Sao,10,1,1,255,4,225070253,3000,2000,0,20,10,10000,22507,5,2,2,6,1,1,9,1,,,,,,,,,,,,,
22507026,22507027,s==19|Gia Cát Lượng11 Sao,11,105,95,285,0,,3000,2000,0,20,10,15000,22507,6,1,1,9,1,,,,,,,,,,,,,,,,
22507027,22507028,s==19|Gia Cát Lượng12 Sao,12,128,118,310,0,,3000,2000,0,20,10,20000,22507,6,1,1,10,1,,,,,,,,,,1048,20,,,,,
22507028,22507029,s==19|Gia Cát Lượng13 Sao,13,148,138,350,0,,3000,2000,0,20,10,25000,22507,6,1,2,9,1,1,10,1,,,,,,,1048,40,,,,,
22507029,,s==19|Gia Cát Lượng14 Sao,14,200,138,390,0,,3000,2000,0,20,10,30000,22507,9,1,2,10,1,1,11,1,,,,,,,1048,60,6685,5,13,6,
225081,225082,s==15|Triệu Vân 6 Sao,6,1,1,145,5,2250822|2250832|2250842|2250852,5000,4000,0,20,10,0,22508,5,1,22403,5,1,2,5,3,,,,,,,,,,,,,
225082,225083,s==15|Triệu Vân 7 Sao,7,1,1,165,1,2250823,5000,4000,0,20,10,1000,2,5,4,,,,,,,,,,,,,,,,,,,
225083,225084,s==15|Triệu Vân 8 Sao,8,1,1,185,2,2250833,5000,4000,0,20,10,2000,2,5,3,2,6,1,,,,,,,,,,,,,,,,
225084,225085,s==15|Triệu Vân 9 Sao,9,1,1,205,3,2250843,5000,4000,0,20,10,5000,22508,5,1,2,5,2,2,6,1,,,,,,,,,,,,,
225085,225086,s==16|Triệu Vân 10 Sao,10,1,1,255,4,2250853,3000,2000,0,20,10,10000,22508,5,2,2,6,1,1,9,1,,,,,,,,,,,,,
225086,225087,s==16|Triệu Vân 11 Sao,11,105,95,285,0,,3000,2000,0,20,10,15000,22508,6,1,1,9,1,,,,,,,,,,,,,,,,
225087,225088,s==16|Triệu Vân 12 Sao,12,128,118,310,0,,3000,2000,0,20,10,20000,22508,6,1,1,10,1,,,,,,,,,,1048,20,,,,,
225088,225089,s==16|Triệu Vân 13 Sao,13,148,138,350,0,,3000,2000,0,20,10,25000,22508,6,1,2,9,1,1,10,1,,,,,,,1048,40,,,,,
225089,,s==16|Triệu Vân 14 Sao,14,200,138,390,0,,3000,2000,0,20,10,30000,22508,9,1,2,10,1,1,11,1,,,,,,,1048,60,6685,5,13,6,
22508011,22508012,s==15|Triệu Vân 6 Sao,6,1,1,145,5,225080122|225080132|225080142|225080152,5000,4000,0,20,10,0,22508,5,1,22403,5,1,2,5,3,,,,,,,,,,,,,
22508012,22508013,s==15|Triệu Vân 7 Sao,7,1,1,165,1,225080123,5000,4000,0,20,10,1000,2,5,4,,,,,,,,,,,,,,,,,,,
22508013,22508014,s==15|Triệu Vân 8 Sao,8,1,1,185,2,225080133,5000,4000,0,20,10,2000,2,5,3,2,6,1,,,,,,,,,,,,,,,,
22508014,22508015,s==15|Triệu Vân 9 Sao,9,1,1,205,3,225080143,5000,4000,0,20,10,5000,22508,5,1,2,5,2,2,6,1,,,,,,,,,,,,,
22508015,22508016,s==16|Triệu Vân 10 Sao,10,1,1,255,4,225080153,3000,2000,0,20,10,10000,22508,5,2,2,6,1,1,9,1,,,,,,,,,,,,,
22508016,22508017,s==16|Triệu Vân 11 Sao,11,105,95,285,0,,3000,2000,0,20,10,15000,22508,6,1,1,9,1,,,,,,,,,,,,,,,,
22508017,22508018,s==16|Triệu Vân 12 Sao,12,128,118,310,0,,3000,2000,0,20,10,20000,22508,6,1,1,10,1,,,,,,,,,,1048,20,,,,,
22508018,22508019,s==16|Triệu Vân 13 Sao,13,148,138,350,0,,3000,2000,0,20,10,25000,22508,6,1,2,9,1,1,10,1,,,,,,,1048,40,,,,,
22508019,,s==16|Triệu Vân 14 Sao,14,200,138,390,0,,3000,2000,0,20,10,30000,22508,9,1,2,10,1,1,11,1,,,,,,,1048,60,6685,5,13,6,
2250891,2250892,s==15|Triệu Vân 6 Sao,6,1,1,145,5,2250822|2250832|2250842|2250852,5000,4000,0,20,10,0,22508,5,1,22405,5,1,2,5,3,,,,,,,,,,,,,
2250892,2250893,s==15|Triệu Vân 7 Sao,7,1,1,165,1,2250823,5000,4000,0,20,10,1000,2,5,4,,,,,,,,,,,,,,,,,,,
2250893,2250894,s==15|Triệu Vân 8 Sao,8,1,1,185,2,10101,5000,4000,0,20,10,2000,2,5,3,2,6,1,,,,,,,,,,,,,,,,
2250894,2250895,s==15|Triệu Vân 9 Sao,9,1,1,205,3,2250843,5000,4000,0,20,10,5000,22508,5,1,2,5,2,2,6,1,,,,,,,,,,,,,
2250895,2250896,s==16|Triệu Vân 10 Sao,10,1,1,255,4,2250853,3000,2000,0,20,10,10000,22508,5,2,2,6,1,1,9,1,,,,,,,,,,,,,
2250896,2250897,s==16|Triệu Vân 11 Sao,11,105,95,285,0,,3000,2000,0,20,10,15000,22508,6,1,1,9,1,,,,,,,,,,,,,,,,
2250897,2250898,s==16|Triệu Vân 12 Sao,12,128,118,310,0,,3000,2000,0,20,10,20000,22508,6,1,1,10,1,,,,,,,,,,1048,20,,,,,
2250898,2250899,s==16|Triệu Vân 13 Sao,13,148,138,350,0,,3000,2000,0,20,10,25000,22508,6,1,2,9,1,1,10,1,,,,,,,1048,40,,,,,
2250899,,s==16|Triệu Vân 14 Sao,14,200,138,390,0,,3000,2000,0,20,10,30000,22508,9,1,2,10,1,1,11,1,,,,,,,1048,60,6685,5,13,6,
225091,225092,s==13|Mã Siêu 6 sao,6,1,1,145,5,2250922|2250932|2250942|2250952,5000,4000,0,20,10,0,22509,5,1,22405,5,1,2,5,3,,,,,,,,,,,,,
225092,225093,s==13|Mã Siêu 7 sao,7,1,1,165,1,2250923,5000,4000,0,20,10,1000,2,5,4,,,,,,,,,,,,,,,,,,,
225093,225094,s==13|Mã Siêu 8 sao,8,1,1,185,2,2250933,5000,4000,0,20,10,2000,2,5,3,2,6,1,,,,,,,,,,,,,,,,
225094,225095,s==13|Mã Siêu 9 sao,9,1,1,205,3,2250943,5000,4000,0,20,10,5000,22509,5,1,2,5,2,2,6,1,,,,,,,,,,,,,
225095,225096,s==14|Mã Siêu 10 sao,10,1,1,255,4,2250953,3000,2000,0,20,10,10000,22509,5,2,2,6,1,1,9,1,,,,,,,,,,,,,
225096,225097,s==14|Mã Siêu 11 sao,11,105,95,285,0,,3000,2000,0,20,10,15000,22509,6,1,1,9,1,,,,,,,,,,,,,,,,
225097,225098,s==14|Mã Siêu 12 sao,12,128,118,310,0,,3000,2000,0,20,10,20000,22509,6,1,1,10,1,,,,,,,,,,1048,20,,,,,
225098,225099,s==14|Mã Siêu 13 sao,13,148,138,350,0,,3000,2000,0,20,10,25000,22509,6,1,2,9,1,1,10,1,,,,,,,1048,40,,,,,
225099,,s==14|Mã Siêu 14 sao,14,200,138,390,0,,3000,2000,0,20,10,30000,22509,9,1,2,10,1,1,11,1,,,,,,,1048,60,6685,5,13,6,
225101,225102,s==12|Từ Thứ 6 sao,6,1,1,145,5,2251022|2251032|2251042,5000,4000,0,20,10,0,22510,5,1,22404,5,1,2,5,3,,,,,,,,,,,,,
225102,225103,s==12|Từ Thứ 7 sao,7,1,1,165,1,2251023,5000,4000,0,20,10,1000,2,5,4,,,,,,,,,,,,,,,,,,,
225103,225104,s==12|Từ Thứ 8 sao,8,1,1,185,2,2251033,5000,4000,0,20,10,2000,2,5,3,2,6,1,,,,,,,,,,,,,,,,
225104,,s==12|Từ Thứ 9 sao,9,1,1,205,3,2251043,5000,4000,0,20,10,5000,22510,5,1,2,5,2,2,6,1,,,,,,,,,,,,,
225111,225112,s==16|Bàng Thống 6 sao,6,1,1,145,5,2251122|2251132|2251142|2251152,5000,4000,0,20,10,0,22511,5,1,22403,5,1,2,5,3,,,,,,,,,,,,,
225112,225113,s==16|Bàng Thống 7 sao,7,1,1,165,1,2251123,5000,4000,0,20,10,1000,2,5,4,,,,,,,,,,,,,,,,,,,
225113,225114,s==16|Bàng Thống 8 sao,8,1,1,185,2,2251133,5000,4000,0,20,10,2000,2,5,3,2,6,1,,,,,,,,,,,,,,,,
225114,225115,s==16|Bàng Thống 9 sao,9,1,1,205,3,2251143,5000,4000,0,20,10,5000,22511,5,1,2,5,2,2,6,1,,,,,,,,,,,,,
225115,225116,s==17|Bàng Thống 10 sao,10,1,1,255,4,2251153,3000,2000,0,20,10,10000,22511,5,2,2,6,1,1,9,1,,,,,,,,,,,,,
225116,225117,s==17|Bàng Thống 11 sao,11,105,95,285,0,,3000,2000,0,20,10,15000,22511,6,1,1,9,1,,,,,,,,,,,,,,,,
225117,225118,s==17|Bàng Thống 12 sao,12,128,118,310,0,,3000,2000,0,20,10,20000,22511,6,1,1,10,1,,,,,,,,,,1048,20,,,,,
225118,225119,s==17|Bàng Thống 13 sao,13,148,138,350,0,,3000,2000,0,20,10,25000,22511,6,1,2,9,1,1,10,1,,,,,,,1048,40,,,,,
225119,,s==17|Bàng Thống 14 sao,14,200,138,390,0,,3000,2000,0,20,10,30000,22511,9,1,2,10,1,1,11,1,,,,,,,1048,60,6685,5,13,6,
22511011,22511012,s==16|Bàng Thống 6 sao,6,1,1,145,5,225110122|225110132|225110142|225110152,5000,4000,0,20,10,0,22511,5,1,22403,5,1,2,5,3,,,,,,,,,,,,,
22511012,22511013,s==16|Bàng Thống 7 sao,7,1,1,165,1,225110123,5000,4000,0,20,10,1000,2,5,4,,,,,,,,,,,,,,,,,,,
22511013,22511014,s==16|Bàng Thống 8 sao,8,1,1,185,2,225110133,5000,4000,0,20,10,2000,2,5,3,2,6,1,,,,,,,,,,,,,,,,
22511014,22511015,s==16|Bàng Thống 9 sao,9,1,1,205,3,225110143,5000,4000,0,20,10,5000,22511,5,1,2,5,2,2,6,1,,,,,,,,,,,,,
22511015,22511016,s==17|Bàng Thống 10 sao,10,1,1,255,4,225110153,3000,2000,0,20,10,10000,22511,5,2,2,6,1,1,9,1,,,,,,,,,,,,,
22511016,22511017,s==17|Bàng Thống 11 sao,11,105,95,285,0,,3000,2000,0,20,10,15000,22511,6,1,1,9,1,,,,,,,,,,,,,,,,
22511017,22511018,s==17|Bàng Thống 12 sao,12,128,118,310,0,,3000,2000,0,20,10,20000,22511,6,1,1,10,1,,,,,,,,,,1048,20,,,,,
22511018,22511019,s==17|Bàng Thống 13 sao,13,148,138,350,0,,3000,2000,0,20,10,25000,22511,6,1,2,9,1,1,10,1,,,,,,,1048,40,,,,,
22511019,,s==17|Bàng Thống 14 sao,14,200,138,390,0,,3000,2000,0,20,10,30000,22511,9,1,2,10,1,1,11,1,,,,,,,1048,60,6685,5,13,6,
225121,225122,s==12|Lưu Bị 6 sao,6,1,1,145,5,2251222|2251232|2251242|2251252,5000,4000,0,20,10,0,22512,5,1,22403,5,1,2,5,3,,,,,,,,,,,,,
225122,225123,s==12|Lưu Bị 7 sao,7,1,1,165,1,2251223,5000,4000,0,20,10,1000,2,5,4,,,,,,,,,,,,,,,,,,,
225123,225124,s==12|Lưu Bị 8 sao,8,1,1,185,2,2251233,5000,4000,0,20,10,2000,2,5,3,2,6,1,,,,,,,,,,,,,,,,
225124,225125,s==12|Lưu Bị 9 sao,9,1,1,205,3,2251243,5000,4000,0,20,10,5000,22512,5,1,2,5,2,2,6,1,,,,,,,,,,,,,
225125,225126,s==13|Lưu Bị 10 sao,10,1,1,255,4,2251253,3000,2000,0,20,10,10000,22512,5,2,2,6,1,1,9,1,,,,,,,,,,,,,
225126,225127,s==13|Lưu Bị 11 sao,11,105,95,285,0,,3000,2000,0,20,10,15000,22512,6,1,1,9,1,,,,,,,,,,,,,,,,
225127,225128,s==13|Lưu Bị 12 sao,12,128,118,310,0,,3000,2000,0,20,10,20000,22512,6,1,1,10,1,,,,,,,,,,1048,20,,,,,
225128,225129,s==13|Lưu Bị 13 sao,13,148,138,350,0,,3000,2000,0,20,10,25000,22512,6,1,2,9,1,1,10,1,,,,,,,1048,40,,,,,
225129,,s==13|Lưu Bị 14 sao,14,200,138,390,0,,3000,2000,0,20,10,30000,22512,9,1,2,10,1,1,11,1,,,,,,,1048,60,6685,5,13,6,
22512011,22512012,s==12|Lưu Bị 6 sao,6,1,1,145,5,225120122|225120132|225120142|225120152,5000,4000,0,20,10,0,22512,5,1,22403,5,1,2,5,3,,,,,,,,,,,,,
22512012,22512013,s==12|Lưu Bị 7 sao,7,1,1,165,1,225120123,5000,4000,0,20,10,1000,2,5,4,,,,,,,,,,,,,,,,,,,
22512013,22512014,s==12|Lưu Bị 8 sao,8,1,1,185,2,225120133,5000,4000,0,20,10,2000,2,5,3,2,6,1,,,,,,,,,,,,,,,,
22512014,22512015,s==12|Lưu Bị 9 sao,9,1,1,205,3,225120143,5000,4000,0,20,10,5000,22512,5,1,2,5,2,2,6,1,,,,,,,,,,,,,
22512015,22512016,s==13|Lưu Bị 10 sao,10,1,1,255,4,225120153,3000,2000,0,20,10,10000,22512,5,2,2,6,1,1,9,1,,,,,,,,,,,,,
22512016,22512017,s==13|Lưu Bị 11 sao,11,105,95,285,0,,3000,2000,0,20,10,15000,22512,6,1,1,9,1,,,,,,,,,,,,,,,,
22512017,22512018,s==13|Lưu Bị 12 sao,12,128,118,310,0,,3000,2000,0,20,10,20000,22512,6,1,1,10,1,,,,,,,,,,1048,20,,,,,
22512018,22512019,s==13|Lưu Bị 13 sao,13,148,138,350,0,,3000,2000,0,20,10,25000,22512,6,1,2,9,1,1,10,1,,,,,,,1048,40,,,,,
22512019,,s==13|Lưu Bị 14 sao,14,200,138,390,0,,3000,2000,0,20,10,30000,22512,9,1,2,10,1,1,11,1,,,,,,,1048,60,6685,5,13,6,
225151,225152,s==22|Hoàng Nguyệt Anh 6 sao,6,1,1,145,5,2251522|2251532|2251542|2251552,5000,4000,0,20,10,0,22515,5,1,22403,5,1,2,5,3,,,,,,,,,,,,,
225152,225153,s==22|Hoàng Nguyệt Anh 7 sao,7,1,1,165,1,2251523,5000,4000,0,20,10,1000,2,5,4,,,,,,,,,,,,,,,,,,,
225153,225154,s==22|Hoàng Nguyệt Anh 8 sao,8,1,1,185,2,2251533,5000,4000,0,20,10,2000,2,5,3,2,6,1,,,,,,,,,,,,,,,,
225154,225155,s==22|Hoàng Nguyệt Anh 9 sao,9,1,1,205,3,2251543,5000,4000,0,20,10,5000,22515,5,1,2,5,2,2,6,1,,,,,,,,,,,,,
225155,225156,s==23|Hoàng Nguyệt Anh 10 sao,10,1,1,255,4,2251553,3000,2000,0,20,10,10000,22515,5,2,2,6,1,1,9,1,,,,,,,,,,,,,
225156,225157,s==23|Hoàng Nguyệt Anh 11 sao,11,105,95,285,0,,3000,2000,0,20,10,15000,22515,6,1,1,9,1,,,,,,,,,,,,,,,,
225157,225158,s==23|Hoàng Nguyệt Anh 12 sao,12,128,118,310,0,,3000,2000,0,20,10,20000,22515,6,1,1,10,1,,,,,,,,,,1048,20,,,,,
225158,225159,s==23|Hoàng Nguyệt Anh 13 sao,13,148,138,350,0,,3000,2000,0,20,10,25000,22515,6,1,2,9,1,1,10,1,,,,,,,1048,40,,,,,
225159,,s==23|Hoàng Nguyệt Anh 14 sao,14,200,138,390,0,,3000,2000,0,20,10,30000,22515,9,1,2,10,1,1,11,1,,,,,,,1048,60,6685,5,13,6,
22515011,22515012,s==22|Hoàng Nguyệt Anh 6 sao,6,1,1,145,5,225150122|225150132|225150142|225150152,5000,4000,0,20,10,0,22515,5,1,22403,5,1,2,5,3,,,,,,,,,,,,,
22515012,22515013,s==22|Hoàng Nguyệt Anh 7 sao,7,1,1,165,1,225150123,5000,4000,0,20,10,1000,2,5,4,,,,,,,,,,,,,,,,,,,
22515013,22515014,s==22|Hoàng Nguyệt Anh 8 sao,8,1,1,185,2,225150133,5000,4000,0,20,10,2000,2,5,3,2,6,1,,,,,,,,,,,,,,,,
22515014,22515015,s==22|Hoàng Nguyệt Anh 9 sao,9,1,1,205,3,225150143,5000,4000,0,20,10,5000,22515,5,1,2,5,2,2,6,1,,,,,,,,,,,,,
22515015,22515016,s==23|Hoàng Nguyệt Anh 10 sao,10,1,1,255,4,225150153,3000,2000,0,20,10,10000,22515,5,2,2,6,1,1,9,1,,,,,,,,,,,,,
22515016,22515017,s==23|Hoàng Nguyệt Anh 11 sao,11,105,95,285,0,,3000,2000,0,20,10,15000,22515,6,1,1,9,1,,,,,,,,,,,,,,,,
22515017,22515018,s==23|Hoàng Nguyệt Anh 12 sao,12,128,118,310,0,,3000,2000,0,20,10,20000,22515,6,1,1,10,1,,,,,,,,,,1048,20,,,,,
22515018,22515019,s==23|Hoàng Nguyệt Anh 13 sao,13,148,138,350,0,,3000,2000,0,20,10,25000,22515,6,1,2,9,1,1,10,1,,,,,,,1048,40,,,,,
22515019,,s==23|Hoàng Nguyệt Anh 14 sao,14,200,138,390,0,,3000,2000,0,20,10,30000,22515,9,1,2,10,1,1,11,1,,,,,,,1048,60,6685,5,13,6,
225131,225132,s==17|Hạ Hầu Uyên 6 sao,6,1,1,145,5,2250722|2250732|2250742|2250752,5000,4000,0,20,10,0,22513,5,1,22401,5,1,2,5,3,,,,,,,,,,,,,
225132,225133,s==17|Hạ Hầu Uyên 7 sao,7,1,1,165,1,2250723,5000,4000,0,20,10,1000,2,5,4,,,,,,,,,,,,,,,,,,,
225133,225134,s==17|Hạ Hầu Tuần 8 sao,8,1,1,185,2,2250733,5000,4000,0,20,10,2000,2,5,3,2,6,1,,,,,,,,,,,,,,,,
225134,225135,s==17|Hạ Hầu Tuần 9 sao,9,1,1,205,3,2250743,5000,4000,0,20,10,5000,22513,5,1,2,5,2,2,6,1,,,,,,,,,,,,,
225135,225136,s==18|Hạ Hầu Tuần 10 sao,10,1,1,255,4,2250753,3000,2000,0,20,10,10000,22513,5,2,2,6,1,1,9,1,,,,,,,,,,,,,
225136,225137,s==18|Hạ Hầu Tuần 11 sao,11,105,95,285,0,,3000,2000,0,20,10,15000,22513,6,1,1,9,1,,,,,,,,,,,,,,,,
225137,225138,s==18|Hạ Hầu Tuần 12 sao,12,128,118,310,0,,3000,2000,0,20,10,20000,22513,6,1,1,10,1,,,,,,,,,,1048,20,,,,,
225138,225139,s==18|Hạ Hầu Tuần 13 sao,13,148,138,350,0,,3000,2000,0,20,10,25000,22513,6,1,2,9,1,1,10,1,,,,,,,1048,40,,,,,
225139,,s==18|Hạ Hầu Tuần 14 sao,14,200,138,390,0,,3000,2000,0,20,10,30000,22513,9,1,2,10,1,1,11,1,,,,,,,1048,60,6685,5,13,6,
225141,225142,s==16|Lưu Bị Phế 6 sao,6,1,1,145,5,2250722|2250732|2250742|2250752,5000,4000,0,20,10,0,22514,5,1,22404,5,1,2,5,3,,,,,,,,,,,,,
225142,225143,s==16|Lưu Bị Phế 7 sao,7,1,1,165,1,2250723,5000,4000,0,20,10,1000,2,5,4,,,,,,,,,,,,,,,,,,,
225143,225144,s==16|Lưu Bị Phế 8 sao,8,1,1,185,2,2250733,5000,4000,0,20,10,2000,2,5,3,2,6,1,,,,,,,,,,,,,,,,
225144,225145,s==16|Lưu Bị Phế 9 sao,9,1,1,205,3,2250743,5000,4000,0,20,10,5000,22514,5,1,2,5,2,2,6,1,,,,,,,,,,,,,
225145,225146,s==17|Lưu Bị Phế 10 sao,10,1,1,255,4,2250753,3000,2000,0,20,10,10000,22514,5,2,2,6,1,1,9,1,,,,,,,,,,,,,
225146,225147,s==17|Lưu Bị Phế 11 sao,11,105,95,285,0,,3000,2000,0,20,10,15000,22514,6,1,1,9,1,,,,,,,,,,,,,,,,
225147,225148,s==17|Lưu Bị Phế 12 sao,12,128,118,310,0,,3000,2000,0,20,10,20000,22514,6,1,1,10,1,,,,,,,,,,1048,20,,,,,
225148,,s==17|Lưu Bị Phế 13 sao,13,148,138,350,0,,3000,2000,0,20,10,25000,22514,6,1,2,9,1,1,10,1,,,,,,,1048,40,,,,,
235011,235012,s==12|Lỗ Túc 6 sao,6,1,1,145,5,2350122|2350132|2350142,5000,4000,0,20,10,0,23501,5,1,23401,5,1,2,5,3,,,,,,,,,,,,,
235012,235013,s==12|Lỗ Túc 7 sao,7,1,1,165,1,2350123,5000,4000,0,20,10,1000,2,5,4,,,,,,,,,,,,,,,,,,,
235013,235014,s==12|Lỗ Túc 8 sao,8,1,1,185,2,2350133,5000,4000,0,20,10,2000,2,5,3,2,6,1,,,,,,,,,,,,,,,,
235014,,s==12|Lỗ Túc 9 sao,9,1,1,205,3,2350143,5000,4000,0,20,10,5000,23501,5,1,2,5,2,2,6,1,,,,,,,,,,,,,
235021,235022,s==14|Chu Thái 6 sao,6,1,1,145,5,2350222|2350232|2350242|2350252,5000,4000,0,20,10,0,23502,5,1,23401,5,1,2,5,3,,,,,,,,,,,,,
235022,235023,s==14|Chu Thái 7 sao,7,1,1,165,1,2350223,5000,4000,0,20,10,1000,2,5,4,,,,,,,,,,,,,,,,,,,
235023,235024,s==14|Chu Thái 8 sao,8,1,1,185,2,2350233,5000,4000,0,20,10,2000,2,5,3,2,6,1,,,,,,,,,,,,,,,,
235024,235025,s==14|Chu Thái 9 sao,9,1,1,205,3,2350243,5000,4000,0,20,10,5000,23502,5,1,2,5,2,2,6,1,,,,,,,,,,,,,
235025,235026,s==15|Chu Thái 10 sao,10,1,1,255,4,2350253,3000,2000,0,20,10,10000,23502,5,2,2,6,1,1,9,1,,,,,,,,,,,,,
235026,235027,s==15|Chu Thái 11 sao,11,105,95,285,0,,3000,2000,0,20,10,15000,23502,6,1,1,9,1,,,,,,,,,,,,,,,,
235027,235028,s==15|Chu Thái 12 sao,12,128,118,310,0,,3000,2000,0,20,10,20000,23502,6,1,1,10,1,,,,,,,,,,1048,20,,,,,
235028,235029,s==15|Chu Thái 13 sao,13,148,138,350,0,,3000,2000,0,20,10,25000,23502,6,1,2,9,1,1,10,1,,,,,,,1048,40,,,,,
235029,,s==15|Chu Thái 14 sao,14,200,138,390,0,,3000,2000,0,20,10,30000,23502,9,1,2,10,1,1,11,1,,,,,,,1048,60,6685,5,13,6,
23502011,23502012,s==14|Chu Thái 6 sao,6,1,1,145,5,235020122|235020132|235020142|235020152,5000,4000,0,20,10,0,23502,5,1,23401,5,1,2,5,3,,,,,,,,,,,,,
23502012,23502013,s==14|Chu Thái 7 sao,7,1,1,165,1,235020123,5000,4000,0,20,10,1000,2,5,4,,,,,,,,,,,,,,,,,,,
23502013,23502014,s==14|Chu Thái 8 sao,8,1,1,185,2,235020133,5000,4000,0,20,10,2000,2,5,3,2,6,1,,,,,,,,,,,,,,,,
23502014,23502015,s==14|Chu Thái 9 sao,9,1,1,205,3,235020143,5000,4000,0,20,10,5000,23502,5,1,2,5,2,2,6,1,,,,,,,,,,,,,
23502015,23502016,s==15|Chu Thái 10 sao,10,1,1,255,4,235020153,3000,2000,0,20,10,10000,23502,5,2,2,6,1,1,9,1,,,,,,,,,,,,,
23502016,23502017,s==15|Chu Thái 11 sao,11,105,95,285,0,,3000,2000,0,20,10,15000,23502,6,1,1,9,1,,,,,,,,,,,,,,,,
23502017,23502018,s==15|Chu Thái 12 sao,12,128,118,310,0,,3000,2000,0,20,10,20000,23502,6,1,1,10,1,,,,,,,,,,1048,20,,,,,
23502018,23502019,s==15|Chu Thái 13 sao,13,148,138,350,0,,3000,2000,0,20,10,25000,23502,6,1,2,9,1,1,10,1,,,,,,,1048,40,,,,,
23502019,,s==15|Chu Thái 14 sao,14,200,138,390,0,,3000,2000,0,20,10,30000,23502,9,1,2,10,1,1,11,1,,,,,,,1048,60,6685,5,13,6,
235031,235032,s==15|Tiểu Kiều 6 sao,6,1,1,145,5,2350322|2350332|2350342|2350352,5000,4000,0,20,10,0,23503,5,1,23402,5,1,2,5,3,,,,,,,,,,,,,
235032,235033,s==15|Tiểu Kiều 7 sao,7,1,1,165,1,2350323,5000,4000,0,20,10,1000,2,5,4,,,,,,,,,,,,,,,,,,,
235033,235034,s==15|Tiểu Kiều 8 sao,8,1,1,185,2,2350333,5000,4000,0,20,10,2000,2,5,3,2,6,1,,,,,,,,,,,,,,,,
235034,235035,s==15|Tiểu Kiều 9 sao,9,1,1,205,3,2350343,5000,4000,0,20,10,5000,23503,5,1,2,5,2,2,6,1,,,,,,,,,,,,,
235035,235036,s==16|Tiểu Kiều 10 sao,10,1,1,255,4,2350353,3000,2000,0,20,10,10000,23503,5,2,2,6,1,1,9,1,,,,,,,,,,,,,
235036,235037,s==16|Tiểu Kiều 11 sao,11,105,95,285,0,,3000,2000,0,20,10,15000,23503,6,1,1,9,1,,,,,,,,,,,,,,,,
235037,235038,s==16|Tiểu Kiều 12 sao,12,128,118,310,0,,3000,2000,0,20,10,20000,23503,6,1,1,10,1,,,,,,,,,,1048,20,,,,,
235038,235039,s==16|Tiểu Kiều 13 sao,13,148,138,350,0,,3000,2000,0,20,10,25000,23503,6,1,2,9,1,1,10,1,,,,,,,1048,40,,,,,
235039,,s==16|Tiểu Kiều 14 sao,14,200,138,390,0,,3000,2000,0,20,10,30000,23503,9,1,2,10,1,1,11,1,,,,,,,1048,60,6685,5,13,6,
23503011,23503012,s==15|Tiểu Kiều 6 sao,6,1,1,145,5,235030122|235030132|235030142|235030152,5000,4000,0,20,10,0,2350301,5,1,23402,5,1,2,5,3,,,,,,,,,,,,,
23503012,23503013,s==15|Tiểu Kiều 7 sao,7,1,1,165,1,235030123,5000,4000,0,20,10,1000,2,5,4,,,,,,,,,,,,,,,,,,,
23503013,23503014,s==15|Tiểu Kiều 8 sao,8,1,1,185,2,235030133,5000,4000,0,20,10,2000,2,5,3,2,6,1,,,,,,,,,,,,,,,,
23503014,23503015,s==15|Tiểu Kiều 9 sao,9,1,1,205,3,235030143,5000,4000,0,20,10,5000,2350301,5,1,2,5,2,2,6,1,,,,,,,,,,,,,
23503015,23503016,s==16|Tiểu Kiều 10 sao,10,1,1,255,4,235030153,3000,2000,0,20,10,10000,2350301,5,2,2,6,1,1,9,1,,,,,,,,,,,,,
23503016,23503017,s==16|Tiểu Kiều 11 sao,11,105,95,285,0,,3000,2000,0,20,10,15000,2350301,6,1,1,9,1,,,,,,,,,,,,,,,,
23503017,23503018,s==16|Tiểu Kiều 12 sao,12,128,118,310,0,,3000,2000,0,20,10,20000,2350301,6,1,1,10,1,,,,,,,,,,1048,20,,,,,
23503018,23503019,s==16|Tiểu Kiều 13 sao,13,148,138,350,0,,3000,2000,0,20,10,25000,2350301,6,1,2,9,1,1,10,1,,,,,,,1048,40,,,,,
23503019,,s==16|Tiểu Kiều 14 sao,14,200,138,390,0,,3000,2000,0,20,10,30000,2350301,9,1,2,10,1,1,11,1,,,,,,,1048,60,6685,5,13,6,
235041,235042,s==13|Lục Tốn 6 sao,6,1,1,145,5,2350422|2350432|2350442|2350452,5000,4000,0,20,10,0,23504,5,1,23404,5,1,2,5,3,,,,,,,,,,,,,
235042,235043,s==13|Lục Tốn 7 sao,7,1,1,165,1,2350423,5000,4000,0,20,10,1000,2,5,4,,,,,,,,,,,,,,,,,,,
235043,235044,s==13|Lục Tốn 8 sao,8,1,1,185,2,2350433,5000,4000,0,20,10,2000,2,5,3,2,6,1,,,,,,,,,,,,,,,,
235044,235045,s==13|Lục Tốn 9 sao,9,1,1,205,3,2350443,5000,4000,0,20,10,5000,23504,5,1,2,5,2,2,6,1,,,,,,,,,,,,,
235045,235046,s==14|Lục Tốn 10 sao,10,1,1,255,4,2350453,3000,2000,0,20,10,10000,23504,5,2,2,6,1,1,9,1,,,,,,,,,,,,,
235046,235047,s==14|Lục Tốn 11 sao,11,105,95,285,0,,3000,2000,0,20,10,15000,23504,6,1,1,9,1,,,,,,,,,,,,,,,,
235047,235048,s==14|Lục Tốn 12 sao,12,128,118,310,0,,3000,2000,0,20,10,20000,23504,6,1,1,10,1,,,,,,,,,,1048,20,,,,,
235048,235049,s==14|Lục Tốn 13 sao,13,148,138,350,0,,3000,2000,0,20,10,25000,23504,6,1,2,9,1,1,10,1,,,,,,,1048,40,,,,,
235049,,s==14|Lục Tốn 14 sao,14,200,138,390,0,,3000,2000,0,20,10,30000,23504,9,1,2,10,1,1,11,1,,,,,,,1048,60,6685,5,13,6,
235051,235052,s==13|Lữ Mông 6 sao,6,1,1,145,5,2350522|2350532|2350542|2350552,5000,4000,0,20,10,0,23505,5,1,23401,5,1,2,5,3,,,,,,,,,,,,,
235052,235053,s==13|Lữ Mông 7 sao,7,1,1,165,1,2350523,5000,4000,0,20,10,1000,2,5,4,,,,,,,,,,,,,,,,,,,
235053,235054,s==13|Lữ Mông 8 sao,8,1,1,185,2,2350533,5000,4000,0,20,10,2000,2,5,3,2,6,1,,,,,,,,,,,,,,,,
235054,235055,s==13|Lữ Mông 9 sao,9,1,1,205,3,2350543,5000,4000,0,20,10,5000,23505,5,1,2,5,2,2,6,1,,,,,,,,,,,,,
235055,235056,s==14|Lữ Mông 10 sao,10,1,1,255,4,2350553,3000,2000,0,20,10,10000,23505,5,2,2,6,1,1,9,1,,,,,,,,,,,,,
235056,235057,s==14|Lữ Mông 11 sao,11,105,95,285,0,,3000,2000,0,20,10,15000,23505,6,1,1,9,1,,,,,,,,,,,,,,,,
235057,235058,s==14|Lữ Mông 12 sao,12,128,118,310,0,,3000,2000,0,20,10,20000,23505,6,1,1,10,1,,,,,,,,,,1048,20,,,,,
235058,235059,s==14|Lữ Mông 13 sao,13,148,138,350,0,,3000,2000,0,20,10,25000,23505,6,1,2,9,1,1,10,1,,,,,,,1048,40,,,,,
235059,,s==14|Lữ Mông 14 sao,14,200,138,390,0,,3000,2000,0,20,10,30000,23505,9,1,2,10,1,1,11,1,,,,,,,1048,60,6685,5,13,6,
235061,235062,s==16|Thái Sử Từ 6 sao,6,1,1,145,5,2350622|2350632|2350642|2350652,5000,4000,0,20,10,0,23506,5,1,23401,5,1,2,5,3,,,,,,,,,,,,,
235062,235063,s==16|Thái Sử Từ 7 sao,7,1,1,165,1,2350623,5000,4000,0,20,10,1000,2,5,4,,,,,,,,,,,,,,,,,,,
235063,235064,s==16|Thái Sử Từ 8 sao,8,1,1,185,2,2350633,5000,4000,0,20,10,2000,2,5,3,2,6,1,,,,,,,,,,,,,,,,
235064,235065,s==16|Thái Sử Từ 9 sao,9,1,1,205,3,2350643,5000,4000,0,20,10,5000,23506,5,1,2,5,2,2,6,1,,,,,,,,,,,,,
235065,235066,s==17|Thái Sử Từ 10 sao,10,1,1,255,4,2350653,3000,2000,0,20,10,10000,23506,5,2,2,6,1,1,9,1,,,,,,,,,,,,,
235066,235067,s==17|Thái Sử Từ 11 sao,11,105,95,285,0,,3000,2000,0,20,10,15000,23506,6,1,1,9,1,,,,,,,,,,,,,,,,
235067,235068,s==17|Thái Sử Từ 12 sao,12,128,118,310,0,,3000,2000,0,20,10,20000,23506,6,1,1,10,1,,,,,,,,,,1048,20,,,,,
235068,235069,s==17|Thái Sử Từ 13 sao,13,148,138,350,0,,3000,2000,0,20,10,25000,23506,6,1,2,9,1,1,10,1,,,,,,,1048,40,,,,,
235069,,s==17|Thái Sử Từ 14 sao,14,200,138,390,0,,3000,2000,0,20,10,30000,23506,9,1,2,10,1,1,11,1,,,,,,,1048,60,6685,5,13,6,
23506011,23506012,s==16|Thái Sử Từ 6 sao,6,1,1,145,5,235060122|235060132|235060142|235060152,5000,4000,0,20,10,0,23506,5,1,23401,5,1,2,5,3,,,,,,,,,,,,,
23506012,23506013,s==16|Thái Sử Từ 7 sao,7,1,1,165,1,235060123,5000,4000,0,20,10,1000,2,5,4,,,,,,,,,,,,,,,,,,,
23506013,23506014,s==16|Thái Sử Từ 8 sao,8,1,1,185,2,235060133,5000,4000,0,20,10,2000,2,5,3,2,6,1,,,,,,,,,,,,,,,,
23506014,23506015,s==16|Thái Sử Từ 9 sao,9,1,1,205,3,235060143,5000,4000,0,20,10,5000,23506,5,1,2,5,2,2,6,1,,,,,,,,,,,,,
23506015,23506016,s==17|Thái Sử Từ 10 sao,10,1,1,255,4,235060153,3000,2000,0,20,10,10000,23506,5,2,2,6,1,1,9,1,,,,,,,,,,,,,
23506016,23506017,s==17|Thái Sử Từ 11 sao,11,105,95,285,0,,3000,2000,0,20,10,15000,23506,6,1,1,9,1,,,,,,,,,,,,,,,,
23506017,23506018,s==17|Thái Sử Từ 12 sao,12,128,118,310,0,,3000,2000,0,20,10,20000,23506,6,1,1,10,1,,,,,,,,,,1048,20,,,,,
23506018,23506019,s==17|Thái Sử Từ 13 sao,13,148,138,350,0,,3000,2000,0,20,10,25000,23506,6,1,2,9,1,1,10,1,,,,,,,1048,40,,,,,
23506019,,s==17|Thái Sử Từ 14 sao,14,200,138,390,0,,3000,2000,0,20,10,30000,23506,9,1,2,10,1,1,11,1,,,,,,,1048,60,6685,5,13,6,
23506021,23506022,s==16|Thái Sử Từ 6 sao,6,1,1,145,5,235060222|235060232|235060242|235060252,5000,4000,0,20,10,0,23506,5,1,23401,5,1,2,5,3,,,,,,,,,,,,,
23506022,23506023,s==16|Thái Sử Từ 7 sao,7,1,1,165,1,235060223,5000,4000,0,20,10,1000,2,5,4,,,,,,,,,,,,,,,,,,,
23506023,23506024,s==16|Thái Sử Từ 8 sao,8,1,1,185,2,235060233,5000,4000,0,20,10,2000,2,5,3,2,6,1,,,,,,,,,,,,,,,,
23506024,23506025,s==16|Thái Sử Từ 9 sao,9,1,1,205,3,235060243,5000,4000,0,20,10,5000,23506,5,1,2,5,2,2,6,1,,,,,,,,,,,,,
23506025,23506026,s==17|Thái Sử Từ 10 sao,10,1,1,255,4,235060253,3000,2000,0,20,10,10000,23506,5,2,2,6,1,1,9,1,,,,,,,,,,,,,
23506026,23506027,s==17|Thái Sử Từ 11 sao,11,105,95,285,0,,3000,2000,0,20,10,15000,23506,6,1,1,9,1,,,,,,,,,,,,,,,,
23506027,23506028,s==17|Thái Sử Từ 12 sao,12,128,118,310,0,,3000,2000,0,20,10,20000,23506,6,1,1,10,1,,,,,,,,,,1048,20,,,,,
23506028,23506029,s==17|Thái Sử Từ 13 sao,13,148,138,350,0,,3000,2000,0,20,10,25000,23506,6,1,2,9,1,1,10,1,,,,,,,1048,40,,,,,
23506029,,s==17|Thái Sử Từ 14 sao,14,200,138,390,0,,3000,2000,0,20,10,30000,23506,9,1,2,10,1,1,11,1,,,,,,,1048,60,6685,5,13,6,
235071,235072,s==14|Cam Ninh 6 sao,6,1,1,145,5,2350722|2350732|2350742|2350752,5000,4000,0,20,10,0,23507,5,1,23403,5,1,2,5,3,,,,,,,,,,,,,
235072,235073,s==14|Cam Ninh 7 sao,7,1,1,165,1,2350723,5000,4000,0,20,10,1000,2,5,4,,,,,,,,,,,,,,,,,,,
235073,235074,s==14|Cam Ninh 8 sao,8,1,1,185,2,2350733,5000,4000,0,20,10,2000,2,5,3,2,6,1,,,,,,,,,,,,,,,,
235074,235075,s==14|Cam Ninh 9 sao,9,1,1,205,3,2350743,5000,4000,0,20,10,5000,23507,5,1,2,5,2,2,6,1,,,,,,,,,,,,,
235075,235076,s==15|Cam Ninh 10 sao,10,1,1,255,4,2350753,3000,2000,0,20,10,10000,23507,5,2,2,6,1,1,9,1,,,,,,,,,,,,,
235076,235077,s==15|Cam Ninh 11 sao,11,105,95,285,0,,3000,2000,0,20,10,15000,23507,6,1,1,9,1,,,,,,,,,,,,,,,,
235077,235078,s==15|Cam Ninh 12 sao,12,128,118,310,0,,3000,2000,0,20,10,20000,23507,6,1,1,10,1,,,,,,,,,,1048,20,,,,,
235078,235079,s==15|Cam Ninh 13 sao,13,148,138,350,0,,3000,2000,0,20,10,25000,23507,6,1,2,9,1,1,10,1,,,,,,,1048,40,,,,,
235079,,s==15|Cam Ninh 14 sao,14,200,138,390,0,,3000,2000,0,20,10,30000,23507,9,1,2,10,1,1,11,1,,,,,,,1048,60,6685,5,13,6,
23507011,23507012,s==14|Cam Ninh 6 sao,6,1,1,145,5,235070122|235070132|235070142|235070152,5000,4000,0,20,10,0,23507,5,1,23403,5,1,2,5,3,,,,,,,,,,,,,
23507012,23507013,s==14|Cam Ninh 7 sao,7,1,1,165,1,235070123,5000,4000,0,20,10,1000,2,5,4,,,,,,,,,,,,,,,,,,,
23507013,23507014,s==14|Cam Ninh 8 sao,8,1,1,185,2,235070133,5000,4000,0,20,10,2000,2,5,3,2,6,1,,,,,,,,,,,,,,,,
23507014,23507015,s==14|Cam Ninh 9 sao,9,1,1,205,3,235070143,5000,4000,0,20,10,5000,23507,5,1,2,5,2,2,6,1,,,,,,,,,,,,,
23507015,23507016,s==15|Cam Ninh 10 sao,10,1,1,255,4,235070153,3000,2000,0,20,10,10000,23507,5,2,2,6,1,1,9,1,,,,,,,,,,,,,
23507016,23507017,s==15|Cam Ninh 11 sao,11,105,95,285,0,,3000,2000,0,20,10,15000,23507,6,1,1,9,1,,,,,,,,,,,,,,,,
23507017,23507018,s==15|Cam Ninh 12 sao,12,128,118,310,0,,3000,2000,0,20,10,20000,23507,6,1,1,10,1,,,,,,,,,,1048,20,,,,,
23507018,23507019,s==15|Cam Ninh 13 sao,13,148,138,350,0,,3000,2000,0,20,10,25000,23507,6,1,2,9,1,1,10,1,,,,,,,1048,40,,,,,
23507019,,s==15|Cam Ninh 14 sao,14,200,138,390,0,,3000,2000,0,20,10,30000,23507,9,1,2,10,1,1,11,1,,,,,,,1048,60,6685,5,13,6,
235081,235082,s==14|Đại Kiều 6 sao,6,1,1,145,5,2350822|2350832|2350842|2350852,5000,4000,0,20,10,0,23508,5,1,23402,5,1,2,5,3,,,,,,,,,,,,,
235082,235083,s==14|Đại Kiều 7 sao,7,1,1,165,1,2350823,5000,4000,0,20,10,1000,2,5,4,,,,,,,,,,,,,,,,,,,
235083,235084,s==14|Đại Kiều 8 sao,8,1,1,185,2,2350833,5000,4000,0,20,10,2000,2,5,3,2,6,1,,,,,,,,,,,,,,,,
235084,235085,s==14|Đại Kiều 9 sao,9,1,1,205,3,2350843,5000,4000,0,20,10,5000,23508,5,1,2,5,2,2,6,1,,,,,,,,,,,,,
235085,235086,s==15|Đại Kiều 10 sao,10,1,1,255,4,2350853,3000,2000,0,20,10,10000,23508,5,2,2,6,1,1,9,1,,,,,,,,,,,,,
235086,235087,s==15|Đại Kiều 11 sao,11,105,95,285,0,,3000,2000,0,20,10,15000,23508,6,1,1,9,1,,,,,,,,,,,,,,,,
235087,235088,s==15|Đại Kiều 12 sao,12,128,118,310,0,,3000,2000,0,20,10,20000,23508,6,1,1,10,1,,,,,,,,,,1048,20,,,,,
235088,235089,s==15|Đại Kiều 13 sao,13,148,138,350,0,,3000,2000,0,20,10,25000,23508,6,1,2,9,1,1,10,1,,,,,,,1048,40,,,,,
235089,,s==15|Đại Kiều 14 sao,14,200,138,390,0,,3000,2000,0,20,10,30000,23508,9,1,2,10,1,1,11,1,,,,,,,1048,60,6685,5,13,6,
23508011,23508012,s==14|Đại Kiều 6 sao,6,1,1,145,5,235080122|235080132|235080142|235080152,5000,4000,0,20,10,0,23508,5,1,23402,5,1,2,5,3,,,,,,,,,,,,,
23508012,23508013,s==14|Đại Kiều 7 sao,7,1,1,165,1,235080123,5000,4000,0,20,10,1000,2,5,4,,,,,,,,,,,,,,,,,,,
23508013,23508014,s==14|Đại Kiều 8 sao,8,1,1,185,2,235080133,5000,4000,0,20,10,2000,2,5,3,2,6,1,,,,,,,,,,,,,,,,
23508014,23508015,s==14|Đại Kiều 9 sao,9,1,1,205,3,235080143,5000,4000,0,20,10,5000,23508,5,1,2,5,2,2,6,1,,,,,,,,,,,,,
23508015,23508016,s==15|Đại Kiều 10 sao,10,1,1,255,4,235080153,3000,2000,0,20,10,10000,23508,5,2,2,6,1,1,9,1,,,,,,,,,,,,,
23508016,23508017,s==15|Đại Kiều 11 sao,11,105,95,285,0,,3000,2000,0,20,10,15000,23508,6,1,1,9,1,,,,,,,,,,,,,,,,
23508017,23508018,s==15|Đại Kiều 12 sao,12,128,118,310,0,,3000,2000,0,20,10,20000,23508,6,1,1,10,1,,,,,,,,,,1048,20,,,,,
23508018,23508019,s==15|Đại Kiều 13 sao,13,148,138,350,0,,3000,2000,0,20,10,25000,23508,6,1,2,9,1,1,10,1,,,,,,,1048,40,,,,,
23508019,,s==15|Đại Kiều 14 sao,14,200,138,390,0,,3000,2000,0,20,10,30000,23508,9,1,2,10,1,1,11,1,,,,,,,1048,60,6685,5,13,6,
23508021,23508022,s==14|Đại Kiều 6 sao,6,1,1,145,5,235080222|235080232|235080242|235080252,5000,4000,0,20,10,0,23508,5,1,23402,5,1,2,5,3,,,,,,,,,,,,,
23508022,23508023,s==14|Đại Kiều 7 sao,7,1,1,165,1,235080223,5000,4000,0,20,10,1000,2,5,4,,,,,,,,,,,,,,,,,,,
23508023,23508024,s==14|Đại Kiều 8 sao,8,1,1,185,2,235080233,5000,4000,0,20,10,2000,2,5,3,2,6,1,,,,,,,,,,,,,,,,
23508024,23508025,s==14|Đại Kiều 9 sao,9,1,1,205,3,235080243,5000,4000,0,20,10,5000,23508,5,1,2,5,2,2,6,1,,,,,,,,,,,,,
23508025,23508026,s==15|Đại Kiều 10 sao,10,1,1,255,4,235080253,3000,2000,0,20,10,10000,23508,5,2,2,6,1,1,9,1,,,,,,,,,,,,,
23508026,23508027,s==15|Đại Kiều 11 sao,11,105,95,285,0,,3000,2000,0,20,10,15000,23508,6,1,1,9,1,,,,,,,,,,,,,,,,
23508027,23508028,s==15|Đại Kiều 12 sao,12,128,118,310,0,,3000,2000,0,20,10,20000,23508,6,1,1,10,1,,,,,,,,,,1048,20,,,,,
23508028,23508029,s==15|Đại Kiều 13 sao,13,148,138,350,0,,3000,2000,0,20,10,25000,23508,6,1,2,9,1,1,10,1,,,,,,,1048,40,,,,,
23508029,,s==15|Đại Kiều 14 sao,14,200,138,390,0,,3000,2000,0,20,10,30000,23508,9,1,2,10,1,1,11,1,,,,,,,1048,60,6685,5,13,6,
235091,235092,s==18|Trương Chiêu 6 sao,6,1,1,145,5,2350922|2350932|2350942|2350952,5000,4000,0,20,10,0,23509,5,1,23401,5,1,2,5,3,,,,,,,,,,,,,
235092,235093,s==18|Trương Chiêu 7 sao,7,1,1,165,1,2350923,5000,4000,0,20,10,1000,2,5,4,,,,,,,,,,,,,,,,,,,
235093,235094,s==18|Trương Chiêu 8 sao,8,1,1,185,2,2350933,5000,4000,0,20,10,2000,2,5,3,2,6,1,,,,,,,,,,,,,,,,
235094,235095,s==18|Trương Chiêu 9 sao,9,1,1,205,3,2350943,5000,4000,0,20,10,5000,23509,5,1,2,5,2,2,6,1,,,,,,,,,,,,,
235095,235096,s==19|Trương Chiêu 10 sao,10,1,1,255,4,2350953,3000,2000,0,20,10,10000,23509,5,2,2,6,1,1,9,1,,,,,,,,,,,,,
235096,235097,s==19|Trương Chiêu 11 sao,11,105,95,285,0,,3000,2000,0,20,10,15000,23509,6,1,1,9,1,,,,,,,,,,,,,,,,
235097,235098,s==19|Trương Chiêu 12 sao,12,128,118,310,0,,3000,2000,0,20,10,20000,23509,6,1,1,10,1,,,,,,,,,,1048,20,,,,,
235098,235099,s==19|Trương Chiêu 13 sao,13,148,138,350,0,,3000,2000,0,20,10,25000,23509,6,1,2,9,1,1,10,1,,,,,,,1048,40,,,,,
235099,,s==19|Trương Chiêu 14 sao,14,200,138,390,0,,3000,2000,0,20,10,30000,23509,9,1,2,10,1,1,11,1,,,,,,,1048,60,6685,5,13,6,
235101,235102,s==12|Chu Du 6 sao,6,1,1,145,5,2351022|2351032|2351042|2351052,5000,4000,0,20,10,0,23510,5,1,23403,5,1,2,5,3,,,,,,,,,,,,,
235102,235103,s==12|Chu Du 7 sao,7,1,1,165,1,2351023,5000,4000,0,20,10,1000,2,5,4,,,,,,,,,,,,,,,,,,,
235103,235104,s==12|Chu Du 8 sao,8,1,1,185,2,2351033,5000,4000,0,20,10,2000,2,5,3,2,6,1,,,,,,,,,,,,,,,,
235104,235105,s==12|Chu Du 9 sao,9,1,1,205,3,2351043,5000,4000,0,20,10,5000,23510,5,1,2,5,2,2,6,1,,,,,,,,,,,,,
235105,235106,s==13|Chu Du 10 sao,10,1,1,255,4,2351053,3000,2000,0,20,10,10000,23510,5,2,2,6,1,1,9,1,,,,,,,,,,,,,
235106,235107,s==13|Chu Du 11 sao,11,105,95,285,0,,3000,2000,0,20,10,15000,23510,6,1,1,9,1,,,,,,,,,,,,,,,,
235107,235108,s==13|Chu Du 12 sao,12,128,118,310,0,,3000,2000,0,20,10,20000,23510,6,1,1,10,1,,,,,,,,,,1048,20,,,,,
235108,235109,s==13|Chu Du 13 sao,13,148,138,350,0,,3000,2000,0,20,10,25000,23510,6,1,2,9,1,1,10,1,,,,,,,1048,40,,,,,
235109,,s==13|Chu Du 14 sao,14,200,138,390,0,,3000,2000,0,20,10,30000,23510,9,1,2,10,1,1,11,1,,,,,,,1048,60,6685,5,13,6,
23510011,23510012,s==12|Chu Du 6 sao,6,1,1,145,5,235100122|235100132|235100142|235100152,5000,4000,0,20,10,0,23510,5,1,23403,5,1,2,5,3,,,,,,,,,,,,,
23510012,23510013,s==12|Chu Du 7 sao,7,1,1,165,1,235100123,5000,4000,0,20,10,1000,2,5,4,,,,,,,,,,,,,,,,,,,
23510013,23510014,s==12|Chu Du 8 sao,8,1,1,185,2,235100133,5000,4000,0,20,10,2000,2,5,3,2,6,1,,,,,,,,,,,,,,,,
23510014,23510015,s==12|Chu Du 9 sao,9,1,1,205,3,235100143,5000,4000,0,20,10,5000,23510,5,1,2,5,2,2,6,1,,,,,,,,,,,,,
23510015,23510016,s==13|Chu Du 10 sao,10,1,1,255,4,235100153,3000,2000,0,20,10,10000,23510,5,2,2,6,1,1,9,1,,,,,,,,,,,,,
23510016,23510017,s==13|Chu Du 11 sao,11,105,95,285,0,,3000,2000,0,20,10,15000,23510,6,1,1,9,1,,,,,,,,,,,,,,,,
23510017,23510018,s==13|Chu Du 12 sao,12,128,118,310,0,,3000,2000,0,20,10,20000,23510,6,1,1,10,1,,,,,,,,,,1048,20,,,,,
23510018,23510019,s==13|Chu Du 13 sao,13,148,138,350,0,,3000,2000,0,20,10,25000,23510,6,1,2,9,1,1,10,1,,,,,,,1048,40,,,,,
23510019,,s==13|Chu Du 14 sao,14,200,138,390,0,,3000,2000,0,20,10,30000,23510,9,1,2,10,1,1,11,1,,,,,,,1048,60,6685,5,13,6,
23510021,23510022,s==12|Chu Du 6 sao,6,1,1,145,5,235100222|235100232|235100242|235100252,5000,4000,0,20,10,0,23510,5,1,23403,5,1,2,5,3,,,,,,,,,,,,,
23510022,23510023,s==12|Chu Du 7 sao,7,1,1,165,1,235100223,5000,4000,0,20,10,1000,2,5,4,,,,,,,,,,,,,,,,,,,
23510023,23510024,s==12|Chu Du 8 sao,8,1,1,185,2,235100233,5000,4000,0,20,10,2000,2,5,3,2,6,1,,,,,,,,,,,,,,,,
23510024,23510025,s==12|Chu Du 9 sao,9,1,1,205,3,235100243,5000,4000,0,20,10,5000,23510,5,1,2,5,2,2,6,1,,,,,,,,,,,,,
23510025,23510026,s==13|Chu Du 10 sao,10,1,1,255,4,235100253,3000,2000,0,20,10,10000,23510,5,2,2,6,1,1,9,1,,,,,,,,,,,,,
23510026,23510027,s==13|Chu Du 11 sao,11,105,95,285,0,,3000,2000,0,20,10,15000,23510,6,1,1,9,1,,,,,,,,,,,,,,,,
23510027,23510028,s==13|Chu Du 12 sao,12,128,118,310,0,,3000,2000,0,20,10,20000,23510,6,1,1,10,1,,,,,,,,,,1048,20,,,,,
23510028,23510029,s==13|Chu Du 13 sao,13,148,138,350,0,,3000,2000,0,20,10,25000,23510,6,1,2,9,1,1,10,1,,,,,,,1048,40,,,,,
23510029,,s==13|Chu Du 14 sao,14,200,138,390,0,,3000,2000,0,20,10,30000,23510,9,1,2,10,1,1,11,1,,,,,,,1048,60,6685,5,13,6,
235111,235112,s==15|Tôn Quyền 6 sao,6,1,1,145,5,2351122|2351132|2351142|2351152,5000,4000,0,20,10,0,23511,5,1,23401,5,1,2,5,3,,,,,,,,,,,,,
235112,235113,s==15|Tôn Quyền 7 sao,7,1,1,165,1,2351123,5000,4000,0,20,10,1000,2,5,4,,,,,,,,,,,,,,,,,,,
235113,235114,s==15|Tôn Quyền 8 sao,8,1,1,185,2,2351133,5000,4000,0,20,10,2000,2,5,3,2,6,1,,,,,,,,,,,,,,,,
235114,235115,s==15|Tôn Quyền 9 sao,9,1,1,205,3,2351143,5000,4000,0,20,10,5000,23511,5,1,2,5,2,2,6,1,,,,,,,,,,,,,
235115,235116,s==16|Tôn Quyền 10 sao,10,1,1,255,4,2351153,3000,2000,0,20,10,10000,23511,5,2,2,6,1,1,9,1,,,,,,,,,,,,,
235116,235117,s==16|Tôn Quyền 11 sao,11,105,95,285,0,,3000,2000,0,20,10,15000,23511,6,1,1,9,1,,,,,,,,,,,,,,,,
235117,235118,s==16|Tôn Quyền 12 sao,12,128,118,310,0,,3000,2000,0,20,10,20000,23511,6,1,1,10,1,,,,,,,,,,1048,20,,,,,
235118,235119,s==16|Tôn Quyền 13 sao,13,148,138,350,0,,3000,2000,0,20,10,25000,23511,6,1,2,9,1,1,10,1,,,,,,,1048,40,,,,,
235119,,s==16|Tôn Quyền 14 sao,14,200,138,390,0,,3000,2000,0,20,10,30000,23511,9,1,2,10,1,1,11,1,,,,,,,1048,60,6685,5,13,6,
23511011,23511012,s==15|Tôn Quyền 6 sao,6,1,1,145,5,235110122|235110132|235110142|235110152,5000,4000,0,20,10,0,23511,5,1,23401,5,1,2,5,3,,,,,,,,,,,,,
23511012,23511013,s==15|Tôn Quyền 7 sao,7,1,1,165,1,235110123,5000,4000,0,20,10,1000,2,5,4,,,,,,,,,,,,,,,,,,,
23511013,23511014,s==15|Tôn Quyền 8 sao,8,1,1,185,2,235110133,5000,4000,0,20,10,2000,2,5,3,2,6,1,,,,,,,,,,,,,,,,
23511014,23511015,s==15|Tôn Quyền 9 sao,9,1,1,205,3,235110143,5000,4000,0,20,10,5000,23511,5,1,2,5,2,2,6,1,,,,,,,,,,,,,
23511015,23511016,s==16|Tôn Quyền 10 sao,10,1,1,255,4,235110153,3000,2000,0,20,10,10000,23511,5,2,2,6,1,1,9,1,,,,,,,,,,,,,
23511016,23511017,s==16|Tôn Quyền 11 sao,11,105,95,285,0,,3000,2000,0,20,10,15000,23511,6,1,1,9,1,,,,,,,,,,,,,,,,
23511017,23511018,s==16|Tôn Quyền 12 sao,12,128,118,310,0,,3000,2000,0,20,10,20000,23511,6,1,1,10,1,,,,,,,,,,1048,20,,,,,
23511018,23511019,s==16|Tôn Quyền 13 sao,13,148,138,350,0,,3000,2000,0,20,10,25000,23511,6,1,2,9,1,1,10,1,,,,,,,1048,40,,,,,
23511019,,s==16|Tôn Quyền 14 sao,14,200,138,390,0,,3000,2000,0,20,10,30000,23511,9,1,2,10,1,1,11,1,,,,,,,1048,60,6685,5,13,6,
235121,235122,s==16|Bộ Liễn Sư 6 sao,6,1,1,145,5,2350622|2350632|2350642|2350652,5000,4000,0,20,10,0,23512,5,1,23401,5,1,2,5,3,,,,,,,,,,,,,
235122,235123,s==16|Bộ Liễn Sư 7 sao,7,1,1,165,1,2350623,5000,4000,0,20,10,1000,2,5,4,,,,,,,,,,,,,,,,,,,
235123,235124,s==16|Bộ Liễn Sư 8 sao,8,1,1,185,2,2350633,5000,4000,0,20,10,2000,2,5,3,2,6,1,,,,,,,,,,,,,,,,
235124,235125,s==16|Bộ Liễn Sư 9 sao,9,1,1,205,3,2350643,5000,4000,0,20,10,5000,23512,5,1,2,5,2,2,6,1,,,,,,,,,,,,,
235125,235126,s==17|Bộ Liễn Sư 10 sao,10,1,1,255,4,2350653,3000,2000,0,20,10,10000,23512,5,2,2,6,1,1,9,1,,,,,,,,,,,,,
235126,235127,s==17|Bộ Liễn Sư 11 sao,11,105,95,285,0,,3000,2000,0,20,10,15000,23512,6,1,1,9,1,,,,,,,,,,,,,,,,
235127,235128,s==17|Bộ Liễn Sư 12 sao,12,128,118,310,0,,3000,2000,0,20,10,20000,23512,6,1,1,10,1,,,,,,,,,,1048,20,,,,,
235128,235129,s==17|Bộ Liễn Sư 13 sao,13,148,138,350,0,,3000,2000,0,20,10,25000,23512,6,1,2,9,1,1,10,1,,,,,,,1048,40,,,,,
235129,,s==17|Bộ Liễn Sư 14 sao,14,200,138,390,0,,3000,2000,0,20,10,30000,23512,9,1,2,10,1,1,11,1,,,,,,,1048,60,6685,5,13,6,
235131,235132,s==15|Hoàng Cái 6 sao,6,1,1,145,5,2351322|2351332|2351342,5000,4000,0,20,10,0,23513,5,1,23404,5,1,2,5,3,,,,,,,,,,,,,
235132,235133,s==15|Hoàng Cái 7 sao,7,1,1,165,1,2351323,5000,4000,0,20,10,1000,2,5,4,,,,,,,,,,,,,,,,,,,
235133,235134,s==15|Hoàng Cái 8 sao,8,1,1,185,2,2351333,5000,4000,0,20,10,2000,2,5,3,2,6,1,,,,,,,,,,,,,,,,
235134,,s==15|Hoàng Cái 9 sao,9,1,1,205,3,2351343,5000,4000,0,20,10,5000,23513,5,1,2,5,2,2,6,1,,,,,,,,,,,,,
235141,235142,s==14|Tôn Kiên 6 sao,6,1,1,145,5,2350722|2350732|2350742|2350752,5000,4000,0,20,10,0,23514,5,1,23401,5,1,2,5,3,,,,,,,,,,,,,
235142,235143,s==14|Tôn Kiên 7 sao,7,1,1,165,1,2350723,5000,4000,0,20,10,1000,2,5,4,,,,,,,,,,,,,,,,,,,
235143,235144,s==14|Tôn Kiên 8 sao,8,1,1,185,2,2350733,5000,4000,0,20,10,2000,2,5,3,2,6,1,,,,,,,,,,,,,,,,
235144,235145,s==14|Tôn Kiên 9 sao,9,1,1,205,3,2350743,5000,4000,0,20,10,5000,23514,5,1,2,5,2,2,6,1,,,,,,,,,,,,,
235145,235146,s==15|Tôn Kiên 10 sao,10,1,1,255,4,2350753,3000,2000,0,20,10,10000,23514,5,2,2,6,1,1,9,1,,,,,,,,,,,,,
235146,235147,s==15|Tôn Kiên 11 sao,11,105,95,285,0,,3000,2000,0,20,10,15000,23514,6,1,1,9,1,,,,,,,,,,,,,,,,
235147,235148,s==15|Tôn Kiên 12 sao,12,128,118,310,0,,3000,2000,0,20,10,20000,23514,6,1,1,10,1,,,,,,,,,,1048,20,,,,,
235148,235149,s==15|Tôn Kiên 13 sao,13,148,138,350,0,,3000,2000,0,20,10,25000,23514,6,1,2,9,1,1,10,1,,,,,,,1048,40,,,,,
235149,,s==15|Tôn Kiên 14 sao,14,200,138,390,0,,3000,2000,0,20,10,30000,23514,9,1,2,10,1,1,11,1,,,,,,,1048,60,6685,5,13,6,
235151,235152,s==15|Lục Kháng 6 sao,6,1,1,145,5,2350722|2350732|2350742|2350752,5000,4000,0,20,10,0,23515,5,1,23401,5,1,2,5,3,,,,,,,,,,,,,
235152,235153,s==15|Lục Kháng 7 sao,7,1,1,165,1,2350723,5000,4000,0,20,10,1000,2,5,4,,,,,,,,,,,,,,,,,,,
235153,235154,s==15|Lục Kháng 8 sao,8,1,1,185,2,2350733,5000,4000,0,20,10,2000,2,5,3,2,6,1,,,,,,,,,,,,,,,,
235154,235155,s==15|Lục Kháng 9 sao,9,1,1,205,3,2350743,5000,4000,0,20,10,5000,23515,5,1,2,5,2,2,6,1,,,,,,,,,,,,,
235155,235156,s==16|Lục Kháng 10 sao,10,1,1,255,4,2350753,3000,2000,0,20,10,10000,23515,5,2,2,6,1,1,9,1,,,,,,,,,,,,,
235156,235157,s==16|Lục Kháng 11 sao,11,105,95,285,0,,3000,2000,0,20,10,15000,23515,6,1,1,9,1,,,,,,,,,,,,,,,,
235157,235158,s==16|Lục Kháng 12 sao,12,128,118,310,0,,3000,2000,0,20,10,20000,23515,6,1,1,10,1,,,,,,,,,,1048,20,,,,,
235158,235159,s==16|Lục Kháng 13 sao,13,148,138,350,0,,3000,2000,0,20,10,25000,23515,6,1,2,9,1,1,10,1,,,,,,,1048,40,,,,,
235159,,s==16|Lục Kháng 14 sao,14,200,138,390,0,,3000,2000,0,20,10,30000,23515,9,1,2,10,1,1,11,1,,,,,,,1048,60,6685,5,13,6,
245011,245012,s==21|Thần·Điền Phong 6 sao,6,1,1,145,5,2450122|2450132|2450142|2450152,5000,4000,0,20,10,0,24501,5,1,24401,5,1,2,5,3,,,,,,,,,,,,,
245012,245013,s==21|Thần·Điền Phong 7 sao,7,1,1,165,1,2450123,5000,4000,0,20,10,1000,2,5,4,,,,,,,,,,,,,,,,,,,
245013,245014,s==21|Thần·Điền Phong 8 sao,8,1,1,185,2,2450133,5000,4000,0,20,10,2000,2,5,3,2,6,1,,,,,,,,,,,,,,,,
245014,245015,s==21|Thần·Điền Phong 9 sao,9,1,1,205,3,2450143,5000,4000,0,20,10,5000,24501,5,1,2,5,2,2,6,1,,,,,,,,,,,,,
245015,245016,s==22|Thần·Điền Phong 10 sao,10,1,1,255,4,2450153,3000,2000,0,20,10,10000,24501,5,2,2,6,1,1,9,1,,,,,,,,,,,,,
245016,245017,s==22|Thần·Điền Phong 11 sao,11,105,95,285,0,,3000,2000,0,20,10,15000,24501,6,1,1,9,1,,,,,,,,,,,,,,,,
245017,245018,s==22|Thần·Điền Phong 12 sao,12,128,118,310,0,,3000,2000,0,20,10,20000,24501,6,1,1,10,1,,,,,,,,,,1048,20,,,,,
245018,245019,s==22|Thần·Điền Phong 13 sao,13,148,138,350,0,,3000,2000,0,20,10,25000,24501,6,1,2,9,1,1,10,1,,,,,,,1048,40,,,,,
245019,,s==22|Thần·Điền Phong 14 sao,14,200,138,390,0,,3000,2000,0,20,10,30000,24501,9,1,2,10,1,1,11,1,,,,,,,1048,60,6685,5,13,6,
24501011,24501012,s==21|Thần·Điền Phong 6 sao,6,1,1,145,5,245010122|245010132|245010142|245010152,5000,4000,0,20,10,0,24501,5,1,24401,5,1,2,5,3,,,,,,,,,,,,,
24501012,24501013,s==21|Thần·Điền Phong 7 sao,7,1,1,165,1,245010123,5000,4000,0,20,10,1000,2,5,4,,,,,,,,,,,,,,,,,,,
24501013,24501014,s==21|Thần·Điền Phong 8 sao,8,1,1,185,2,245010133,5000,4000,0,20,10,2000,2,5,3,2,6,1,,,,,,,,,,,,,,,,
24501014,24501015,s==21|Thần·Điền Phong 9 sao,9,1,1,205,3,245010143,5000,4000,0,20,10,5000,24501,5,1,2,5,2,2,6,1,,,,,,,,,,,,,
24501015,24501016,s==22|Thần·Điền Phong 10 sao,10,1,1,255,4,245010153,3000,2000,0,20,10,10000,24501,5,2,2,6,1,1,9,1,,,,,,,,,,,,,
24501016,24501017,s==22|Thần·Điền Phong 11 sao,11,105,95,285,0,,3000,2000,0,20,10,15000,24501,6,1,1,9,1,,,,,,,,,,,,,,,,
24501017,24501018,s==22|Thần·Điền Phong 12 sao,12,128,118,310,0,,3000,2000,0,20,10,20000,24501,6,1,1,10,1,,,,,,,,,,1048,20,,,,,
24501018,24501019,s==22|Thần·Điền Phong 13 sao,13,148,138,350,0,,3000,2000,0,20,10,25000,24501,6,1,2,9,1,1,10,1,,,,,,,1048,40,,,,,
24501019,,s==22|Thần·Điền Phong 14 sao,14,200,138,390,0,,3000,2000,0,20,10,30000,24501,9,1,2,10,1,1,11,1,,,,,,,1048,60,6685,5,13,6,
245021,245022,s==22|Thần·Hoàng Trung 6 sao,6,1,1,145,5,2450222|2450232|2450242|2450252,5000,4000,0,20,10,0,24502,5,1,24404,5,1,2,5,3,,,,,,,,,,,,,
245022,245023,s==22|Thần·Hoàng Trung 7 sao,7,1,1,165,1,2450223,5000,4000,0,20,10,1000,2,5,4,,,,,,,,,,,,,,,,,,,
245023,245024,s==22|Thần·Hoàng Trung 8 sao,8,1,1,185,2,2450233,5000,4000,0,20,10,2000,2,5,3,2,6,1,,,,,,,,,,,,,,,,
245024,245025,s==22|Thần·Hoàng Trung 9 sao,9,1,1,205,3,2450243,5000,4000,0,20,10,5000,24502,5,1,2,5,2,2,6,1,,,,,,,,,,,,,
245025,245026,s==23|Thần·Hoàng Trung 10 sao,10,1,1,255,4,2450253,3000,2000,0,20,10,10000,24502,5,2,2,6,1,1,9,1,,,,,,,,,,,,,
245026,245027,s==23|Thần·Hoàng Trung 11 sao,11,105,95,285,0,,3000,2000,0,20,10,15000,24502,6,1,1,9,1,,,,,,,,,,,,,,,,
245027,245028,s==23|Thần·Hoàng Trung 12 sao,12,128,118,310,0,,3000,2000,0,20,10,20000,24502,6,1,1,10,1,,,,,,,,,,1048,20,,,,,
245028,245029,s==23|Thần·Hoàng Trung 13 sao,13,148,138,350,0,,3000,2000,0,20,10,25000,24502,6,1,2,9,1,1,10,1,,,,,,,1048,40,,,,,
245029,,s==23|Thần·Hoàng Trung 14 sao,14,200,138,390,0,,3000,2000,0,20,10,30000,24502,9,1,2,10,1,1,11,1,,,,,,,1048,60,6685,5,13,6,
245031,245032,s==21|Thần·Khương Duy 6 sao,6,1,1,145,5,2450322|2450332|2450342|2450352,5000,4000,0,20,10,0,24503,5,1,24401,5,1,2,5,3,,,,,,,,,,,,,
245032,245033,s==21|Thần·Khương Duy 7 sao,7,1,1,165,1,2450323,5000,4000,0,20,10,1000,2,5,4,,,,,,,,,,,,,,,,,,,
245033,245034,s==21|Thần·Khương Duy 8 sao,8,1,1,185,2,2450333,5000,4000,0,20,10,2000,2,5,3,2,6,1,,,,,,,,,,,,,,,,
245034,245035,s==21|Thần·Khương Duy 9 sao,9,1,1,205,3,2450343,5000,4000,0,20,10,5000,24503,5,1,2,5,2,2,6,1,,,,,,,,,,,,,
245035,245036,s==22|Thần·Khương Duy 10 sao,10,1,1,255,4,2450353,3000,2000,0,20,10,10000,24503,5,2,2,6,1,1,9,1,,,,,,,,,,,,,
245036,245037,s==22|Thần·Khương Duy 11 sao,11,105,95,285,0,,3000,2000,0,20,10,15000,24503,6,1,1,9,1,,,,,,,,,,,,,,,,
245037,245038,s==22|Thần·Khương Duy 12 sao,12,128,118,310,0,,3000,2000,0,20,10,20000,24503,6,1,1,10,1,,,,,,,,,,1048,20,,,,,
245038,245039,s==22|Thần·Khương Duy 13 sao,13,148,138,350,0,,3000,2000,0,20,10,25000,24503,6,1,2,9,1,1,10,1,,,,,,,1048,40,,,,,
245039,,s==22|Thần·Khương Duy 14 sao,14,200,138,390,0,,3000,2000,0,20,10,30000,24503,9,1,2,10,1,1,11,1,,,,,,,1048,60,6685,5,13,6,
24503011,24503012,s==21|Thần·Khương Duy 6 sao,6,1,1,145,5,245030122|245030132|245030142|245030152,5000,4000,0,20,10,0,24503,5,1,24401,5,1,2,5,3,,,,,,,,,,,,,
24503012,24503013,s==21|Thần·Khương Duy 7 sao,7,1,1,165,1,245030123,5000,4000,0,20,10,1000,2,5,4,,,,,,,,,,,,,,,,,,,
24503013,24503014,s==21|Thần·Khương Duy 8 sao,8,1,1,185,2,245030133,5000,4000,0,20,10,2000,2,5,3,2,6,1,,,,,,,,,,,,,,,,
24503014,24503015,s==21|Thần·Khương Duy 9 sao,9,1,1,205,3,245030143,5000,4000,0,20,10,5000,24503,5,1,2,5,2,2,6,1,,,,,,,,,,,,,
24503015,24503016,s==22|Thần·Khương Duy 10 sao,10,1,1,255,4,245030153,3000,2000,0,20,10,10000,24503,5,2,2,6,1,1,9,1,,,,,,,,,,,,,
24503016,24503017,s==22|Thần·Khương Duy 11 sao,11,105,95,285,0,,3000,2000,0,20,10,15000,24503,6,1,1,9,1,,,,,,,,,,,,,,,,
24503017,24503018,s==22|Thần·Khương Duy 12 sao,12,128,118,310,0,,3000,2000,0,20,10,20000,24503,6,1,1,10,1,,,,,,,,,,1048,20,,,,,
24503018,24503019,s==22|Thần·Khương Duy 13 sao,13,148,138,350,0,,3000,2000,0,20,10,25000,24503,6,1,2,9,1,1,10,1,,,,,,,1048,40,,,,,
24503019,,s==22|Thần·Khương Duy 14 sao,14,200,138,390,0,,3000,2000,0,20,10,30000,24503,9,1,2,10,1,1,11,1,,,,,,,1048,60,6685,5,13,6,
245041,245042,s==22|Thần·Trương Giác 6 sao,6,1,1,145,5,2450422|2450432|2450442|2450452,5000,4000,0,20,10,0,24504,5,1,24403,5,1,2,5,3,,,,,,,,,,,,,
245042,245043,s==22|Thần·Trương Giác 7 sao,7,1,1,165,1,2450423,5000,4000,0,20,10,1000,2,5,4,,,,,,,,,,,,,,,,,,,
245043,245044,s==22|Thần·Trương Giác 8 sao,8,1,1,185,2,2450433,5000,4000,0,20,10,2000,2,5,3,2,6,1,,,,,,,,,,,,,,,,
245044,245045,s==22|Thần·Trương Giác 9 sao,9,1,1,205,3,2450443,5000,4000,0,20,10,5000,24504,5,1,2,5,2,2,6,1,,,,,,,,,,,,,
245045,245046,s==23|Thần·Trương Giác 10 sao,10,1,1,255,4,2450453,3000,2000,0,20,10,10000,24504,5,2,2,6,1,1,9,1,,,,,,,,,,,,,
245046,245047,s==23|Thần·Trương Giác 11 sao,11,105,95,285,0,,3000,2000,0,20,10,15000,24504,6,1,1,9,1,,,,,,,,,,,,,,,,
245047,245048,s==23|Thần·Trương Giác 12 sao,12,128,118,310,0,,3000,2000,0,20,10,20000,24504,6,1,1,10,1,,,,,,,,,,1048,20,,,,,
245048,245049,s==23|Thần·Trương Giác 13 sao,13,148,138,350,0,,3000,2000,0,20,10,25000,24504,6,1,2,9,1,1,10,1,,,,,,,1048,40,,,,,
245049,,s==23|Thần·Trương Giác 14 sao,14,200,138,390,0,,3000,2000,0,20,10,30000,24504,9,1,2,10,1,1,11,1,,,,,,,1048,60,6685,5,13,6,
24504011,24504012,s==28|Thần·Trương Giác Phong 6 sao,6,1,1,145,5,245040122|245040132|245040142|245040152,5000,4000,0,20,10,0,24504,5,1,24403,5,1,2,5,3,,,,,,,,,,,,,
24504012,24504013,s==28|Thần·Trương Giác Phong 7 sao,7,1,1,165,1,245040123,5000,4000,0,20,10,1000,2,5,4,,,,,,,,,,,,,,,,,,,
24504013,24504014,s==28|Thần·Trương Giác Phong 8 sao,8,1,1,185,2,245040133,5000,4000,0,20,10,2000,2,5,3,2,6,1,,,,,,,,,,,,,,,,
24504014,24504015,s==28|Thần·Trương Giác Phong 9 sao,9,1,1,205,3,245040143,5000,4000,0,20,10,5000,24504,5,1,2,5,2,2,6,1,,,,,,,,,,,,,
24504015,24504016,s==29|Thần·Trương Giác Phong 10 sao,10,1,1,255,4,245040153,3000,2000,0,20,10,10000,24504,5,2,2,6,1,1,9,1,,,,,,,,,,,,,
24504016,24504017,s==29|Thần·Trương Giác Phong 11 sao,11,105,95,285,0,,3000,2000,0,20,10,15000,24504,6,1,1,9,1,,,,,,,,,,,,,,,,
24504017,24504018,s==29|Thần·Trương Giác Phong 12 sao,12,128,118,310,0,,3000,2000,0,20,10,20000,24504,6,1,1,10,1,,,,,,,,,,1048,20,,,,,
24504018,24504019,s==29|Thần·Trương Giác Phong 13 sao,13,148,138,350,0,,3000,2000,0,20,10,25000,24504,6,1,2,9,1,1,10,1,,,,,,,1048,40,,,,,
24504019,,s==29|Thần·Trương Giác Phong 14 sao,14,200,138,390,0,,3000,2000,0,20,10,30000,24504,9,1,2,10,1,1,11,1,,,,,,,1048,60,6685,5,13,6,
245051,245052,s==20|Thần·Triệu Vân 6 sao,6,1,1,145,5,2450522|2450532|2450542|2450552,5000,4000,0,20,10,0,24505,5,1,24404,5,1,2,5,3,,,,,,,,,,,,,
245052,245053,s==20|Thần·Triệu Vân 7 sao,7,1,1,165,1,2450523,5000,4000,0,20,10,1000,2,5,4,,,,,,,,,,,,,,,,,,,
245053,245054,s==20|Thần·Triệu Vân 8 sao,8,1,1,185,2,2450533,5000,4000,0,20,10,2000,2,5,3,2,6,1,,,,,,,,,,,,,,,,
245054,245055,s==20|Thần·Triệu Vân 9 sao,9,1,1,205,3,2450543,5000,4000,0,20,10,5000,24505,5,1,2,5,2,2,6,1,,,,,,,,,,,,,
245055,245056,s==21|Thần·Triệu Vân 10 sao,10,1,1,255,4,2450553,3000,2000,0,20,10,10000,24505,5,2,2,6,1,1,9,1,,,,,,,,,,,,,
245056,245057,s==21|Thần·Triệu Vân 11 sao,11,105,95,285,0,,3000,2000,0,20,10,15000,24505,6,1,1,9,1,,,,,,,,,,,,,,,,
245057,245058,s==21|Thần·Triệu Vân 12 sao,12,128,118,310,0,,3000,2000,0,20,10,20000,24505,6,1,1,10,1,,,,,,,,,,1048,20,,,,,
245058,245059,s==21|Thần·Triệu Vân 13 sao,13,148,138,350,0,,3000,2000,0,20,10,25000,24505,6,1,2,9,1,1,10,1,,,,,,,1048,40,,,,,
245059,,s==21|Thần·Triệu Vân 14 sao,14,200,138,390,0,,3000,2000,0,20,10,30000,24505,9,1,2,10,1,1,11,1,,,,,,,1048,60,6685,5,13,6,
24505011,24505012,s==18|Thần·Quan Vũ 6 sao,6,1,1,145,5,245050122|245050132|245050142|245050152,5000,4000,0,20,10,0,24505,5,1,24404,5,1,2,5,3,,,,,,,,,,,,,
24505012,24505013,s==18|Thần·Quan Vũ 7 sao,7,1,1,165,1,245050123,5000,4000,0,20,10,1000,2,5,4,,,,,,,,,,,,,,,,,,,
24505013,24505014,s==18|Thần·Quan Vũ 8 sao,8,1,1,185,2,245050133,5000,4000,0,20,10,2000,2,5,3,2,6,1,,,,,,,,,,,,,,,,
24505014,24505015,s==18|Thần·Quan Vũ 9 sao,9,1,1,205,3,245050143,5000,4000,0,20,10,5000,24505,5,1,2,5,2,2,6,1,,,,,,,,,,,,,
24505015,24505016,s==19|Thần·Quan Vũ 10 sao,10,1,1,255,4,245050153,3000,2000,0,20,10,10000,24505,5,2,2,6,1,1,9,1,,,,,,,,,,,,,
24505016,24505017,s==19|Thần·Quan Vũ 11 sao,11,105,95,285,0,,3000,2000,0,20,10,15000,24505,6,1,1,9,1,,,,,,,,,,,,,,,,
24505017,24505018,s==19|Thần·Quan Vũ 12 sao,12,128,118,310,0,,3000,2000,0,20,10,20000,24505,6,1,1,10,1,,,,,,,,,,1048,20,,,,,
24505018,24505019,s==19|Thần·Quan Vũ 13 sao,13,148,138,350,0,,3000,2000,0,20,10,25000,24505,6,1,2,9,1,1,10,1,,,,,,,1048,40,,,,,
24505019,,s==19|Thần·Quan Vũ 14 sao,14,200,138,390,0,,3000,2000,0,20,10,30000,24505,9,1,2,10,1,1,11,1,,,,,,,1048,60,6685,5,13,6,
24505051,24505052,s==26|Thần·Quan Vũ Cơ Giáp 6 sao,6,1,1,145,5,245050522|245050532|245050542|245050552,5000,4000,0,20,10,0,24505,5,1,24404,5,1,2,5,3,,,,,,,,,,,,,
24505052,24505053,s==18|Thần·Quan Vũ 7 sao,7,1,1,165,1,245050523,5000,4000,0,20,10,1000,2,5,4,,,,,,,,,,,,,,,,,,,
24505053,24505054,s==18|Thần·Quan Vũ 8 sao,8,1,1,185,2,245050533,5000,4000,0,20,10,2000,2,5,3,2,6,1,,,,,,,,,,,,,,,,
24505054,24505055,s==18|Thần·Quan Vũ 9 sao,9,1,1,205,3,245050543,5000,4000,0,20,10,5000,24505,5,1,2,5,2,2,6,1,,,,,,,,,,,,,
24505055,24505056,s==19|Thần·Quan Vũ 10 sao,10,1,1,255,4,245050553,3000,2000,0,20,10,10000,24505,5,2,2,6,1,1,9,1,,,,,,,,,,,,,
24505056,24505057,s==19|Thần·Quan Vũ 11 sao,11,105,95,285,0,,3000,2000,0,20,10,15000,24505,6,1,1,9,1,,,,,,,,,,,,,,,,
24505057,24505058,s==19|Thần·Quan Vũ 12 sao,12,128,118,310,0,,3000,2000,0,20,10,20000,24505,6,1,1,10,1,,,,,,,,,,1048,20,,,,,
24505058,24505059,s==19|Thần·Quan Vũ 13 sao,13,148,138,350,0,,3000,2000,0,20,10,25000,24505,6,1,2,9,1,1,10,1,,,,,,,1048,40,,,,,
24505059,,s==19|Thần·Quan Vũ 14 sao,14,200,138,390,0,,3000,2000,0,20,10,30000,24505,9,1,2,10,1,1,11,1,,,,,,,1048,60,6685,5,13,6,
245061,245062,s==18|Thần·Lục Tốn 6 sao,6,1,1,145,5,2450622|2450632|2450642|2450652,5000,4000,0,20,10,0,24506,5,1,24404,5,1,2,5,3,,,,,,,,,,,,,
245062,245063,s==18|Thần·Lục Tốn 7 sao,7,1,1,165,1,2450623,5000,4000,0,20,10,1000,2,5,4,,,,,,,,,,,,,,,,,,,
245063,245064,s==18|Thần·Lục Tốn 8 sao,8,1,1,185,2,2450633,5000,4000,0,20,10,2000,2,5,3,2,6,1,,,,,,,,,,,,,,,,
245064,245065,s==18|Thần·Lục Tốn 9 sao,9,1,1,205,3,2450643,5000,4000,0,20,10,5000,24506,5,1,2,5,2,2,6,1,,,,,,,,,,,,,
245065,245066,s==19|Thần·Lục Tốn 10 sao,10,1,1,255,4,2450653,3000,2000,0,20,10,10000,24506,5,2,2,6,1,1,9,1,,,,,,,,,,,,,
245066,245067,s==19|Thần·Lục Tốn 11 sao,11,105,95,285,0,,3000,2000,0,20,10,15000,24506,6,1,1,9,1,,,,,,,,,,,,,,,,
245067,245068,s==19|Thần·Lục Tốn 12 sao,12,128,118,310,0,,3000,2000,0,20,10,20000,24506,6,1,1,10,1,,,,,,,,,,1048,20,,,,,
245068,245069,s==19|Thần·Lục Tốn 13 sao,13,148,138,350,0,,3000,2000,0,20,10,25000,24506,6,1,2,9,1,1,10,1,,,,,,,1048,40,,,,,
245069,,s==19|Thần·Lục Tốn 14 sao,14,200,138,390,0,,3000,2000,0,20,10,30000,24506,9,1,2,10,1,1,11,1,,,,,,,1048,60,6685,5,13,6,
24506011,24506012,s==18|Thần·Lục Tốn 6 sao,6,1,1,145,5,245060122|245060132|245060143|245060152,5000,4000,0,20,10,0,24506,5,1,24404,5,1,2,5,3,,,,,,,,,,,,,
24506012,24506013,s==18|Thần·Lục Tốn 7 sao,7,1,1,165,1,245060123,5000,4000,0,20,10,1000,2,5,4,,,,,,,,,,,,,,,,,,,
24506013,24506014,s==18|Thần·Lục Tốn 8 sao,8,1,1,185,2,245060133,5000,4000,0,20,10,2000,2,5,3,2,6,1,,,,,,,,,,,,,,,,
24506014,24506015,s==18|Thần·Lục Tốn 9 sao,9,1,1,205,3,245060143,5000,4000,0,20,10,5000,24506,5,1,2,5,2,2,6,1,,,,,,,,,,,,,
24506015,24506016,s==19|Thần·Lục Tốn 10 sao,10,1,1,255,4,245060153,3000,2000,0,20,10,10000,24506,5,2,2,6,1,1,9,1,,,,,,,,,,,,,
24506016,24506017,s==19|Thần·Lục Tốn 11 sao,11,105,95,285,0,,3000,2000,0,20,10,15000,24506,6,1,1,9,1,,,,,,,,,,,,,,,,
24506017,24506018,s==19|Thần·Lục Tốn 12 sao,12,128,118,310,0,,3000,2000,0,20,10,20000,24506,6,1,1,10,1,,,,,,,,,,1048,20,,,,,
24506018,24506019,s==19|Thần·Lục Tốn 13 sao,13,148,138,350,0,,3000,2000,0,20,10,25000,24506,6,1,2,9,1,1,10,1,,,,,,,1048,40,,,,,
24506019,,s==19|Thần·Lục Tốn 14 sao,14,200,138,390,0,,3000,2000,0,20,10,30000,24506,9,1,2,10,1,1,11,1,,,,,,,1048,60,6685,5,13,6,
245071,245072,s==17|Thần·Hoa Đà 6 sao,6,1,1,145,5,2450722|2450732|2450742|2450752,5000,4000,0,20,10,0,24507,5,1,24401,5,1,2,5,3,,,,,,,,,,,,,
245072,245073,s==17|Thần·Hoa Đà 7 sao,7,1,1,165,1,2450723,5000,4000,0,20,10,1000,2,5,4,,,,,,,,,,,,,,,,,,,
245073,245074,s==17|Thần·Hoa Đà 8 sao,8,1,1,185,2,2450733,5000,4000,0,20,10,2000,2,5,3,2,6,1,,,,,,,,,,,,,,,,
245074,245075,s==17|Thần·Hoa Đà 9 sao,9,1,1,205,3,2450743,5000,4000,0,20,10,5000,24507,5,1,2,5,2,2,6,1,,,,,,,,,,,,,
245075,245076,s==18|Thần·Hoa Đà 10 sao,10,1,1,255,4,2450753,3000,2000,0,20,10,10000,24507,5,2,2,6,1,1,9,1,,,,,,,,,,,,,
245076,245077,s==18|Thần·Hoa Đà 11 sao,11,105,95,285,0,,3000,2000,0,20,10,15000,24507,6,1,1,9,1,,,,,,,,,,,,,,,,
245077,245078,s==18|Thần·Hoa Đà 12 sao,12,128,118,310,0,,3000,2000,0,20,10,20000,24507,6,1,1,10,1,,,,,,,,,,1048,20,,,,,
245078,245079,s==18|Thần·Hoa Đà 13 sao,13,148,138,350,0,,3000,2000,0,20,10,25000,24507,6,1,2,9,1,1,10,1,,,,,,,1048,40,,,,,
245079,,s==18|Thần·Hoa Đà 14 sao,14,200,138,390,0,,3000,2000,0,20,10,30000,24507,9,1,2,10,1,1,11,1,,,,,,,1048,60,6685,5,13,6,
245081,245082,s==24|Thần·Gia Cát Lượng 6 sao,6,1,1,145,5,2450822|2450832|2450842|2450852,5000,4000,0,20,10,0,24508,5,1,24404,5,1,2,5,3,,,,,,,,,,,,,
245082,245083,s==24|Thần·Gia Cát Lượng 7 sao,7,1,1,165,1,2450823,5000,4000,0,20,10,1000,2,5,4,,,,,,,,,,,,,,,,,,,
245083,245084,s==24|Thần·Gia Cát Lượng 8 sao,8,1,1,185,2,2450833,5000,4000,0,20,10,2000,2,5,3,2,6,1,,,,,,,,,,,,,,,,
245084,245085,s==24|Thần·Gia Cát Lượng 9 sao,9,1,1,205,3,2450843,5000,4000,0,20,10,5000,24508,5,1,2,5,2,2,6,1,,,,,,,,,,,,,
245085,245086,s==25|Thần·Gia Cát Lượng 10 sao,10,1,1,255,4,2450853,3000,2000,0,20,10,10000,24508,5,2,2,6,1,1,9,1,,,,,,,,,,,,,
245086,245087,s==25|Thần·Gia Cát Lượng 11 sao,11,105,95,285,0,,3000,2000,0,20,10,15000,24508,6,1,1,9,1,,,,,,,,,,,,,,,,
245087,245088,s==25|Thần·Gia Cát Lượng 12 sao,12,128,118,310,0,,3000,2000,0,20,10,20000,24508,6,1,1,10,1,,,,,,,,,,1048,20,,,,,
245088,245089,s==25|Thần·Gia Cát Lượng 13 sao,13,148,138,350,0,,3000,2000,0,20,10,25000,24508,6,1,2,9,1,1,10,1,,,,,,,1048,40,,,,,
245089,,s==25|Thần·Gia Cát Lượng 14 sao,14,200,138,390,0,,3000,2000,0,20,10,30000,24508,9,1,2,10,1,1,11,1,,,,,,,1048,60,6685,5,13,6,
24508011,24508012,s==24|Thần·Gia Cát Lượng 6 sao,6,1,1,145,5,245080122|245080132|245080142|245080152,5000,4000,0,20,10,0,24508,5,1,24404,5,1,2,5,3,,,,,,,,,,,,,
24508012,24508013,s==24|Thần·Gia Cát Lượng 7 sao,7,1,1,165,1,245080123,5000,4000,0,20,10,1000,2,5,4,,,,,,,,,,,,,,,,,,,
24508013,24508014,s==24|Thần·Gia Cát Lượng 8 sao,8,1,1,185,2,245080133,5000,4000,0,20,10,2000,2,5,3,2,6,1,,,,,,,,,,,,,,,,
24508014,24508015,s==24|Thần·Gia Cát Lượng 9 sao,9,1,1,205,3,245080143,5000,4000,0,20,10,5000,24508,5,1,2,5,2,2,6,1,,,,,,,,,,,,,
24508015,24508016,s==25|Thần·Gia Cát Lượng 10 sao,10,1,1,255,4,245080153,3000,2000,0,20,10,10000,24508,5,2,2,6,1,1,9,1,,,,,,,,,,,,,
24508016,24508017,s==25|Thần·Gia Cát Lượng 11 sao,11,105,95,285,0,,3000,2000,0,20,10,15000,24508,6,1,1,9,1,,,,,,,,,,,,,,,,
24508017,24508018,s==25|Thần·Gia Cát Lượng 12 sao,12,128,118,310,0,,3000,2000,0,20,10,20000,24508,6,1,1,10,1,,,,,,,,,,1048,20,,,,,
24508018,24508019,s==25|Thần·Gia Cát Lượng 13 sao,13,148,138,350,0,,3000,2000,0,20,10,25000,24508,6,1,2,9,1,1,10,1,,,,,,,1048,40,,,,,
24508019,,s==25|Thần·Gia Cát Lượng 14 sao,14,200,138,390,0,,3000,2000,0,20,10,30000,24508,9,1,2,10,1,1,11,1,,,,,,,1048,60,6685,5,13,6,
245091,245092,s==27|Thần·Tôn Thượng Hương 6 sao,6,1,1,145,5,2450722|2450732|2450742|2450752,5000,4000,0,20,10,0,24509,5,1,24401,5,1,2,5,3,,,,,,,,,,,,,
245092,245093,s==27|Thần·Tôn Thượng Hương 7 sao,7,1,1,165,1,2450723,5000,4000,0,20,10,1000,2,5,4,,,,,,,,,,,,,,,,,,,
245093,245094,s==27|Thần·Tôn Thượng Hương 8 sao,8,1,1,185,2,2450733,5000,4000,0,20,10,2000,2,5,3,2,6,1,,,,,,,,,,,,,,,,
245094,245095,s==27|Thần·Tôn Thượng Hương 9 sao,9,1,1,205,3,2450743,5000,4000,0,20,10,5000,24509,5,1,2,5,2,2,6,1,,,,,,,,,,,,,
245095,245096,s==28|Thần·Tôn Thượng Hương 10 sao,10,1,1,255,4,2450753,3000,2000,0,20,10,10000,24509,5,2,2,6,1,1,9,1,,,,,,,,,,,,,
245096,245097,s==28|Thần·Tôn Thượng Hương 11 sao,11,105,95,285,0,,3000,2000,0,20,10,15000,24509,6,1,1,9,1,,,,,,,,,,,,,,,,
245097,245098,s==28|Thần·Tôn Thượng Hương 12 sao,12,128,118,310,0,,3000,2000,0,20,10,20000,24509,6,1,1,10,1,,,,,,,,,,1048,20,,,,,
245098,245099,s==28|Thần·Tôn Thượng Hương 13 sao,13,148,138,350,0,,3000,2000,0,20,10,25000,24509,6,1,2,9,1,1,10,1,,,,,,,1048,40,,,,,
245099,,s==28|Thần·Tôn Thượng Hương 14 sao,14,200,138,390,0,,3000,2000,0,20,10,30000,24509,9,1,2,10,1,1,11,1,,,,,,,1048,60,6685,5,13,6,
245101,245102,s==22|Thần·Thái Văn Cơ 6 sao,6,1,1,145,5,2451022|2451032|2451042|2451052,5000,4000,0,20,10,0,24510,5,1,24403,5,1,2,5,3,,,,,,,,,,,,,
245102,245103,s==22|Thần·Thái Văn Cơ 7 sao,7,1,1,165,1,2451023,5000,4000,0,20,10,1000,2,5,4,,,,,,,,,,,,,,,,,,,
245103,245104,s==22|Thần·Thái Văn Cơ 8 sao,8,1,1,185,2,2451033,5000,4000,0,20,10,2000,2,5,3,2,6,1,,,,,,,,,,,,,,,,
245104,245105,s==22|Thần·Thái Văn Cơ 9 sao,9,1,1,205,3,2451043,5000,4000,0,20,10,5000,24510,5,1,2,5,2,2,6,1,,,,,,,,,,,,,
245105,245106,s==23|Thần·Thái Văn Cơ 10 sao,10,1,1,255,4,2451053,3000,2000,0,20,10,10000,24510,5,2,2,6,1,1,9,1,,,,,,,,,,,,,
245106,245107,s==23|Thần·Thái Văn Cơ 11 sao,11,105,95,285,0,,3000,2000,0,20,10,15000,24510,6,1,1,9,1,,,,,,,,,,,,,,,,
245107,245108,s==23|Thần·Thái Văn Cơ 12 sao,12,128,118,310,0,,3000,2000,0,20,10,20000,24510,6,1,1,10,1,,,,,,,,,,1048,20,,,,,
245108,245109,s==23|Thần·Thái Văn Cơ 13 sao,13,148,138,350,0,,3000,2000,0,20,10,25000,24510,6,1,2,9,1,1,10,1,,,,,,,1048,40,,,,,
245109,,s==23|Thần·Thái Văn Cơ 14 sao,14,200,138,390,0,,3000,2000,0,20,10,30000,24510,9,1,2,10,1,1,11,1,,,,,,,1048,60,6685,5,13,6,
24510011,24510012,s==22|Thần·Thái Văn Cơ 6 sao,6,1,1,145,5,245100122|245100132|245100142|245100152,5000,4000,0,20,10,0,24510,5,1,24403,5,1,2,5,3,,,,,,,,,,,,,
24510012,24510013,s==22|Thần·Thái Văn Cơ 7 sao,7,1,1,165,1,245100123,5000,4000,0,20,10,1000,2,5,4,,,,,,,,,,,,,,,,,,,
24510013,24510014,s==22|Thần·Thái Văn Cơ 8 sao,8,1,1,185,2,245100133,5000,4000,0,20,10,2000,2,5,3,2,6,1,,,,,,,,,,,,,,,,
24510014,24510015,s==22|Thần·Thái Văn Cơ 9 sao,9,1,1,205,3,245100143,5000,4000,0,20,10,5000,24510,5,1,2,5,2,2,6,1,,,,,,,,,,,,,
24510015,24510016,s==23|Thần·Thái Văn Cơ 10 sao,10,1,1,255,4,245100153,3000,2000,0,20,10,10000,24510,5,2,2,6,1,1,9,1,,,,,,,,,,,,,
24510016,24510017,s==23|Thần·Thái Văn Cơ 11 sao,11,105,95,285,0,,3000,2000,0,20,10,15000,24510,6,1,1,9,1,,,,,,,,,,,,,,,,
24510017,24510018,s==23|Thần·Thái Văn Cơ 12 sao,12,128,118,310,0,,3000,2000,0,20,10,20000,24510,6,1,1,10,1,,,,,,,,,,1048,20,,,,,
24510018,24510019,s==23|Thần·Thái Văn Cơ 13 sao,13,148,138,350,0,,3000,2000,0,20,10,25000,24510,6,1,2,9,1,1,10,1,,,,,,,1048,40,,,,,
24510019,,s==23|Thần·Thái Văn Cơ 14 sao,14,200,138,390,0,,3000,2000,0,20,10,30000,24510,9,1,2,10,1,1,11,1,,,,,,,1048,60,6685,5,13,6,
24510021,24510022,s==22|Thần·Thái Văn Cơ 6 sao,6,1,1,145,5,245100222|245100232|245100242|245100252,5000,4000,0,20,10,0,24510,5,1,24403,5,1,2,5,3,,,,,,,,,,,,,
24510022,24510023,s==22|Thần·Thái Văn Cơ 7 sao,7,1,1,165,1,245100223,5000,4000,0,20,10,1000,2,5,4,,,,,,,,,,,,,,,,,,,
24510023,24510024,s==22|Thần·Thái Văn Cơ 8 sao,8,1,1,185,2,245100233,5000,4000,0,20,10,2000,2,5,3,2,6,1,,,,,,,,,,,,,,,,
24510024,24510025,s==22|Thần·Thái Văn Cơ 9 sao,9,1,1,205,3,245100243,5000,4000,0,20,10,5000,24510,5,1,2,5,2,2,6,1,,,,,,,,,,,,,
24510025,24510026,s==23|Thần·Thái Văn Cơ 10 sao,10,1,1,255,4,245100253,3000,2000,0,20,10,10000,24510,5,2,2,6,1,1,9,1,,,,,,,,,,,,,
24510026,24510027,s==23|Thần·Thái Văn Cơ 11 sao,11,105,95,285,0,,3000,2000,0,20,10,15000,24510,6,1,1,9,1,,,,,,,,,,,,,,,,
24510027,24510028,s==23|Thần·Thái Văn Cơ 12 sao,12,128,118,310,0,,3000,2000,0,20,10,20000,24510,6,1,1,10,1,,,,,,,,,,1048,20,,,,,
24510028,24510029,s==23|Thần·Thái Văn Cơ 13 sao,13,148,138,350,0,,3000,2000,0,20,10,25000,24510,6,1,2,9,1,1,10,1,,,,,,,1048,40,,,,,
24510029,,s==23|Thần·Thái Văn Cơ 14 sao,14,200,138,390,0,,3000,2000,0,20,10,30000,24510,9,1,2,10,1,1,11,1,,,,,,,1048,60,6685,5,13,6,
245111,245112,s==17|Thần·Lý Nhu 6 sao,6,1,1,145,5,2450722|2450732|2450742|2450752,5000,4000,0,20,10,0,24511,5,1,24401,5,1,2,5,3,,,,,,,,,,,,,
245112,245113,s==17|Thần·Lý Nhu 7 sao,7,1,1,165,1,2450723,5000,4000,0,20,10,1000,2,5,4,,,,,,,,,,,,,,,,,,,
245113,245114,s==17|Thần·Lý Nhu 8 sao,8,1,1,185,2,2450733,5000,4000,0,20,10,2000,2,5,3,2,6,1,,,,,,,,,,,,,,,,
245114,245115,s==17|Thần·Lý Nhu 9 sao,9,1,1,205,3,2450743,5000,4000,0,20,10,5000,24511,5,1,2,5,2,2,6,1,,,,,,,,,,,,,
245115,245116,s==18|Thần·Lý Nhu 10 sao,10,1,1,255,4,2450753,3000,2000,0,20,10,10000,24511,5,2,2,6,1,1,9,1,,,,,,,,,,,,,
245116,245117,s==18|Thần·Lý Nhu 11 sao,11,105,95,285,0,,3000,2000,0,20,10,15000,24511,6,1,1,9,1,,,,,,,,,,,,,,,,
245117,245118,s==18|Thần·Lý Nhu 12 sao,12,128,118,310,0,,3000,2000,0,20,10,20000,24511,6,1,1,10,1,,,,,,,,,,1048,20,,,,,
245118,245119,s==18|Thần·Lý Nhu 13 sao,13,148,138,350,0,,3000,2000,0,20,10,25000,24511,6,1,2,9,1,1,10,1,,,,,,,1048,40,,,,,
245119,,s==18|Thần·Lý Nhu 14 sao,14,200,138,390,0,,3000,2000,0,20,10,30000,24511,9,1,2,10,1,1,11,1,,,,,,,1048,60,6685,5,13,6,
245121,245122,s==17|Thần·Vu Cấm 6 sao,6,1,1,145,0,,5000,4000,0,20,10,0,24512,5,1,24401,5,1,2,5,3,,,,,,,,,,,,,
245122,245123,s==17|Thần·Vu Cấm 7 sao,7,1,1,165,0,,5000,4000,0,20,10,1000,2,5,4,,,,,,,,,,,,,,,,,,,
245123,245124,s==17|Thần·Vu Cấm 8 sao,8,1,1,185,0,,5000,4000,0,20,10,2000,2,5,3,2,6,1,,,,,,,,,,,,,,,,
245124,245125,s==17|Thần·Vu Cấm 9 sao,9,1,1,205,0,,5000,4000,0,20,10,5000,24512,5,1,2,5,2,2,6,1,,,,,,,,,,,,,
245125,245126,s==18|Thần·Vu Cấm 10 sao,10,1,1,255,0,,3000,2000,0,20,10,10000,24512,5,2,2,6,1,1,9,1,,,,,,,,,,,,,
245126,245127,s==18|Thần·Vu Cấm 11 sao,11,105,95,285,0,,3000,2000,0,20,10,15000,24512,6,1,1,9,1,,,,,,,,,,,,,,,,
245127,245128,s==18|Thần·Vu Cấm 12 sao,12,128,118,310,0,,3000,2000,0,20,10,20000,24512,6,1,1,10,1,,,,,,,,,,1048,20,,,,,
245128,245129,s==18|Thần·Vu Cấm 13 sao,13,148,138,350,0,,3000,2000,0,20,10,25000,24512,6,1,2,9,1,1,10,1,,,,,,,1048,40,,,,,
245129,,s==18|Thần·Vu Cấm 14 sao,14,200,138,390,0,,3000,2000,0,20,10,30000,24512,9,1,2,10,1,1,11,1,,,,,,,1048,60,6685,5,13,6,
245131,245132,s==19|Trương Tinh Nữ6 Sao,6,1,1,145,5,2451322|2451332|2451342|2451352,5000,4000,0,20,10,0,24513,5,1,24401,5,1,2,5,3,,,,,,,,,,,,,
245132,245133,s==19|Trương Tinh Nữ7 Sao,7,1,1,165,1,2451323,5000,4000,0,20,10,1000,2,5,4,,,,,,,,,,,,,,,,,,,
245133,245134,s==19|Trương Tinh Nữ8 Sao,8,1,1,185,2,2451333,5000,4000,0,20,10,2000,2,5,3,2,6,1,,,,,,,,,,,,,,,,
245134,245135,s==19|Trương Tinh Nữ9 Sao,9,1,1,205,3,2451343,5000,4000,0,20,10,5000,24513,5,1,2,5,2,2,6,1,,,,,,,,,,,,,
245135,245136,s==20|Trương Tinh Nữ10 Sao,10,1,1,255,4,2451353,3000,2000,0,20,10,10000,24513,5,2,2,6,1,1,9,1,,,,,,,,,,,,,
245136,245137,s==20|Trương Tinh Nữ11 Sao,11,105,95,285,0,,3000,2000,0,20,10,15000,24513,6,1,1,9,1,,,,,,,,,,,,,,,,
245137,245138,s==20|Trương Tinh Nữ12 Sao,12,128,118,310,0,,3000,2000,0,20,10,20000,24513,6,1,1,10,1,,,,,,,,,,1048,20,,,,,
245138,245139,s==20|Trương Tinh Nữ13 Sao,13,148,138,350,0,,3000,2000,0,20,10,25000,24513,6,1,2,9,1,1,10,1,,,,,,,1048,40,,,,,
245139,,s==20|Trương Tinh Nữ14 Sao,14,200,138,390,0,,3000,2000,0,20,10,30000,24513,9,1,2,10,1,1,11,1,,,,,,,1048,60,6685,5,13,6,
245141,245142,s==15|Tư Mã Huy 6 sao,6,1,1,145,5,2451422|2451432|2451442|2451452,5000,4000,0,20,10,0,24506,5,1,24401,5,1,2,5,3,,,,,,,,,,,,,
245142,245143,s==15|Tư Mã Huy 7 sao,7,1,1,165,1,2451423,5000,4000,0,20,10,1000,2,5,4,,,,,,,,,,,,,,,,,,,
245143,245144,s==15|Tư Mã Huy 8 sao,8,1,1,185,2,2451433,5000,4000,0,20,10,2000,2,5,3,2,6,1,,,,,,,,,,,,,,,,
245144,245145,s==15|Tư Mã Huy 9 sao,9,1,1,205,3,2451443,5000,4000,0,20,10,5000,24506,5,1,2,5,2,2,6,1,,,,,,,,,,,,,
245145,245146,s==16|Tư Mã Huy 10 sao,10,1,1,255,4,2451453,3000,2000,0,20,10,10000,24506,5,2,2,6,1,1,9,1,,,,,,,,,,,,,
245146,245147,s==16|Tư Mã Huy 11 sao,11,105,95,285,0,,3000,2000,0,20,10,15000,24506,6,1,1,9,1,,,,,,,,,,,,,,,,
245147,245148,s==16|Tư Mã Huy 12 sao,12,128,118,310,0,,3000,2000,0,20,10,20000,24506,6,1,1,10,1,,,,,,,,,,1048,20,,,,,
245148,245149,s==16|Tư Mã Huy 13 sao,13,148,138,350,0,,3000,2000,0,20,10,25000,24506,6,1,2,9,1,1,10,1,,,,,,,1048,40,,,,,
245149,,s==16|Tư Mã Huy 14 sao,14,200,138,390,0,,3000,2000,0,20,10,30000,24506,9,1,2,10,1,1,11,1,,,,,,,1048,60,6685,5,13,6,
245151,245152,s==16|Bộ Liễn Sư 6 sao,6,1,1,145,5,2451522|2451532|2451542|2451552,5000,4000,0,20,10,0,24510,5,1,24401,5,1,2,5,3,,,,,,,,,,,,,
245152,245153,s==16|Bộ Liễn Sư 7 sao,7,1,1,165,1,2451523,5000,4000,0,20,10,1000,2,5,4,,,,,,,,,,,,,,,,,,,
245153,245154,s==16|Bộ Liễn Sư 8 sao,8,1,1,185,2,2451533,5000,4000,0,20,10,2000,2,5,3,2,6,1,,,,,,,,,,,,,,,,
245154,245155,s==16|Bộ Liễn Sư 9 sao,9,1,1,205,3,2451543,5000,4000,0,20,10,5000,24510,5,1,2,5,2,2,6,1,,,,,,,,,,,,,
245155,245156,s==17|Bộ Liễn Sư 10 sao,10,1,1,255,4,2451553,3000,2000,0,20,10,10000,24510,5,2,2,6,1,1,9,1,,,,,,,,,,,,,
245156,245157,s==17|Bộ Liễn Sư 11 sao,11,105,95,285,0,,3000,2000,0,20,10,15000,24510,6,1,1,9,1,,,,,,,,,,,,,,,,
245157,245158,s==17|Bộ Liễn Sư 12 sao,12,128,118,310,0,,3000,2000,0,20,10,20000,24510,6,1,1,10,1,,,,,,,,,,1048,20,,,,,
245158,245159,s==17|Bộ Liễn Sư 13 sao,13,148,138,350,0,,3000,2000,0,20,10,25000,24510,6,1,2,9,1,1,10,1,,,,,,,1048,40,,,,,
245159,,s==17|Bộ Liễn Sư 14 sao,14,200,138,390,0,,3000,2000,0,20,10,30000,24510,9,1,2,10,1,1,11,1,,,,,,,1048,60,6685,5,13,6,
245161,245162,s==21|Thần·Trương Phi 6 sao,6,1,1,145,5,2451622|2451632|2451642|2451652,5000,4000,0,20,10,0,24516,5,1,24401,5,1,2,5,3,,,,,,,,,,,,,
245162,245163,s==21|Thần·Trương Phi 7 sao,7,1,1,165,1,2451623,5000,4000,0,20,10,1000,2,5,4,,,,,,,,,,,,,,,,,,,
245163,245164,s==21|Thần·Trương Phi 8 sao,8,1,1,185,2,2451633,5000,4000,0,20,10,2000,2,5,3,2,6,1,,,,,,,,,,,,,,,,
245164,245165,s==21|Thần·Trương Phi 9 sao,9,1,1,205,3,2451643,5000,4000,0,20,10,5000,24516,5,1,2,5,2,2,6,1,,,,,,,,,,,,,
245165,245166,s==22|Thần·Trương Phi 10 sao,10,1,1,255,4,2451653,3000,2000,0,20,10,10000,24516,5,2,2,6,1,1,9,1,,,,,,,,,,,,,
245166,245167,s==22|Thần·Trương Phi 11 sao,11,105,95,285,0,,3000,2000,0,20,10,15000,24516,6,1,1,9,1,,,,,,,,,,,,,,,,
245167,245168,s==22|Thần·Trương Phi 12 sao,12,128,118,310,0,,3000,2000,0,20,10,20000,24516,6,1,1,10,1,,,,,,,,,,1048,20,,,,,
245168,245169,s==22|Thần·Trương Phi 13 sao,13,148,138,350,0,,3000,2000,0,20,10,25000,24516,6,1,2,9,1,1,10,1,,,,,,,1048,40,,,,,
245169,,s==22|Thần·Trương Phi 14 sao,14,200,138,390,0,,3000,2000,0,20,10,30000,24516,9,1,2,10,1,1,11,1,,,,,,,1048,60,6685,5,13,6,
24516011,24516012,s==21|Thần·Trương Phi 6 sao,6,1,1,145,5,245160122|245160132|245160142|245160152,5000,4000,0,20,10,0,24516,5,1,24401,5,1,2,5,3,,,,,,,,,,,,,
24516012,24516013,s==21|Thần·Trương Phi 7 sao,7,1,1,165,1,245160123,5000,4000,0,20,10,1000,2,5,4,,,,,,,,,,,,,,,,,,,
24516013,24516014,s==21|Thần·Trương Phi 8 sao,8,1,1,185,2,245160133,5000,4000,0,20,10,2000,2,5,3,2,6,1,,,,,,,,,,,,,,,,
24516014,24516015,s==21|Thần·Trương Phi 9 sao,9,1,1,205,3,245160143,5000,4000,0,20,10,5000,24516,5,1,2,5,2,2,6,1,,,,,,,,,,,,,
24516015,24516016,s==22|Thần·Trương Phi 10 sao,10,1,1,255,4,245160153,3000,2000,0,20,10,10000,24516,5,2,2,6,1,1,9,1,,,,,,,,,,,,,
24516016,24516017,s==22|Thần·Trương Phi 11 sao,11,105,95,285,0,,3000,2000,0,20,10,15000,24516,6,1,1,9,1,,,,,,,,,,,,,,,,
24516017,24516018,s==22|Thần·Trương Phi 12 sao,12,128,118,310,0,,3000,2000,0,20,10,20000,24516,6,1,1,10,1,,,,,,,,,,1048,20,,,,,
24516018,24516019,s==22|Thần·Trương Phi 13 sao,13,148,138,350,0,,3000,2000,0,20,10,25000,24516,6,1,2,9,1,1,10,1,,,,,,,1048,40,,,,,
24516019,,s==22|Thần·Trương Phi 14 sao,14,200,138,390,0,,3000,2000,0,20,10,30000,24516,9,1,2,10,1,1,11,1,,,,,,,1048,60,6685,5,13,6,
255011,255012,s==15|Ma·Giả Hủ 6 sao,6,1,1,145,5,2550122|2550132|2550142,5000,4000,0,20,10,0,25501,5,1,25403,5,1,2,5,3,,,,,,,,,,,,,
255012,255013,s==15|Ma·Giả Hủ 7 sao,7,1,1,165,1,2550123,5000,4000,0,20,10,1000,2,5,4,,,,,,,,,,,,,,,,,,,
255013,255014,s==15|Ma·Giả Hủ 8 sao,8,1,1,185,2,2550133,5000,4000,0,20,10,2000,2,5,3,2,6,1,,,,,,,,,,,,,,,,
255014,,s==15|Ma·Giả Hủ 9 sao,9,1,1,205,3,2550143,5000,4000,0,20,10,5000,25501,5,1,2,5,2,2,6,1,,,,,,,,,,,,,
255021,255022,s==19|Ma·Trương Phi 6 sao,6,1,1,145,5,2550222|2550232|2550242|2550252,5000,4000,0,20,10,0,25502,5,1,25403,5,1,2,5,3,,,,,,,,,,,,,
255022,255023,s==19|Ma·Trương Phi 7 sao,7,1,1,165,1,2550223,5000,4000,0,20,10,1000,2,5,4,,,,,,,,,,,,,,,,,,,
255023,255024,s==19|Ma·Trương Phi 8 sao,8,1,1,185,2,2550233,5000,4000,0,20,10,2000,2,5,3,2,6,1,,,,,,,,,,,,,,,,
255024,255025,s==19|Ma·Trương Phi 9 sao,9,1,1,205,3,2550243,5000,4000,0,20,10,5000,25502,5,1,2,5,2,2,6,1,,,,,,,,,,,,,
255025,255026,s==20|Ma·Trương Phi 10 sao,10,1,1,255,4,2550253,3000,2000,0,20,10,10000,25502,5,2,2,6,1,1,9,1,,,,,,,,,,,,,
255026,255027,s==20|Ma·Trương Phi 11 sao,11,105,95,285,0,,3000,2000,0,20,10,15000,25502,6,1,1,9,1,,,,,,,,,,,,,,,,
255027,255028,s==20|Ma·Trương Phi 12 sao,12,128,118,310,0,,3000,2000,0,20,10,20000,25502,6,1,1,10,1,,,,,,,,,,1048,20,,,,,
255028,255029,s==20|Ma·Trương Phi 13 sao,13,148,138,350,0,,3000,2000,0,20,10,25000,25502,6,1,2,9,1,1,10,1,,,,,,,1048,40,,,,,
255029,,s==20|Ma·Trương Phi 14 sao,14,200,138,390,0,,3000,2000,0,20,10,30000,25502,9,1,2,10,1,1,11,1,,,,,,,1048,60,6685,5,13,6,
255031,255032,s==16|Ma·Điển Vi 6 sao,6,1,1,145,5,2550322|2550332|2550342|2550352,5000,4000,0,20,10,0,25503,5,1,25404,5,1,2,5,3,,,,,,,,,,,,,
255032,255033,s==16|Ma·Điển Vi 7 sao,7,1,1,165,1,2550323,5000,4000,0,20,10,1000,2,5,4,,,,,,,,,,,,,,,,,,,
255033,255034,s==16|Ma·Điển Vi 8 sao,8,1,1,185,2,2550333,5000,4000,0,20,10,2000,2,5,3,2,6,1,,,,,,,,,,,,,,,,
255034,255035,s==16|Ma·Điển Vi 9 sao,9,1,1,205,3,2550343,5000,4000,0,20,10,5000,25503,5,1,2,5,2,2,6,1,,,,,,,,,,,,,
255035,255036,s==17|Ma·Điển Vi 10 sao,10,1,1,255,4,2550353,3000,2000,0,20,10,10000,25503,5,2,2,6,1,1,9,1,,,,,,,,,,,,,
255036,255037,s==17|Ma·Điển Vi 11 sao,11,105,95,285,0,,3000,2000,0,20,10,15000,25503,6,1,1,9,1,,,,,,,,,,,,,,,,
255037,255038,s==17|Ma·Điển Vi 12 sao,12,128,118,310,0,,3000,2000,0,20,10,20000,25503,6,1,1,10,1,,,,,,,,,,1048,20,,,,,
255038,255039,s==17|Ma·Điển Vi 13 sao,13,148,138,350,0,,3000,2000,0,20,10,25000,25503,6,1,2,9,1,1,10,1,,,,,,,1048,40,,,,,
255039,,s==17|Ma·Điển Vi 14 sao,14,200,138,390,0,,3000,2000,0,20,10,30000,25503,9,1,2,10,1,1,11,1,,,,,,,1048,60,6685,5,13,6,
255041,255042,s==14|Ma·Lữ Bố 6 sao,6,1,1,145,5,2550422|2550432|2550442|2550452,5000,4000,0,20,10,0,25504,5,1,25402,5,1,2,5,3,,,,,,,,,,,,,
255042,255043,s==14|Ma·Lữ Bố 7 sao,7,1,1,165,1,2550423,5000,4000,0,20,10,1000,2,5,4,,,,,,,,,,,,,,,,,,,
255043,255044,s==14|Ma·Lữ Bố 8 sao,8,1,1,185,2,2550433,5000,4000,0,20,10,2000,2,5,3,2,6,1,,,,,,,,,,,,,,,,
255044,255045,s==14|Ma·Lữ Bố 9 sao,9,1,1,205,3,2550443,5000,4000,0,20,10,5000,25504,5,1,2,5,2,2,6,1,,,,,,,,,,,,,
255045,255046,s==15|Ma·Lữ Bố 10 sao,10,1,1,255,4,2550453,3000,2000,0,20,10,10000,25504,5,2,2,6,1,1,9,1,,,,,,,,,,,,,
255046,255047,s==15|Ma·Lữ Bố 11 sao,11,105,95,285,0,,3000,2000,0,20,10,15000,25504,6,1,1,9,1,,,,,,,,,,,,,,,,
255047,255048,s==15|Ma·Lữ Bố 12 sao,12,128,118,310,0,,3000,2000,0,20,10,20000,25504,6,1,1,10,1,,,,,,,,,,1048,20,,,,,
255048,255049,s==15|Ma·Lữ Bố 13 sao,13,148,138,350,0,,3000,2000,0,20,10,25000,25504,6,1,2,9,1,1,10,1,,,,,,,1048,40,,,,,
255049,,s==15|Ma·Lữ Bố 14 sao,14,200,138,390,0,,3000,2000,0,20,10,30000,25504,9,1,2,10,1,1,11,1,,,,,,,1048,60,6685,5,13,6,
25504011,25504012,s==14|Ma·Lữ Bố 6 sao,6,1,1,145,5,255040122|255040132|255040142|255040152,5000,4000,0,20,10,0,25504,5,1,25402,5,1,2,5,3,,,,,,,,,,,,,
25504012,25504013,s==14|Ma·Lữ Bố 7 sao,7,1,1,165,1,255040123,5000,4000,0,20,10,1000,2,5,4,,,,,,,,,,,,,,,,,,,
25504013,25504014,s==14|Ma·Lữ Bố 8 sao,8,1,1,185,2,255040133,5000,4000,0,20,10,2000,2,5,3,2,6,1,,,,,,,,,,,,,,,,
25504014,25504015,s==14|Ma·Lữ Bố 9 sao,9,1,1,205,3,255040143,5000,4000,0,20,10,5000,25504,5,1,2,5,2,2,6,1,,,,,,,,,,,,,
25504015,25504016,s==15|Ma·Lữ Bố 10 sao,10,1,1,255,4,255040153,3000,2000,0,20,10,10000,25504,5,2,2,6,1,1,9,1,,,,,,,,,,,,,
25504016,25504017,s==15|Ma·Lữ Bố 11 sao,11,105,95,285,0,,3000,2000,0,20,10,15000,25504,6,1,1,9,1,,,,,,,,,,,,,,,,
25504017,25504018,s==15|Ma·Lữ Bố 12 sao,12,128,118,310,0,,3000,2000,0,20,10,20000,25504,6,1,1,10,1,,,,,,,,,,1048,20,,,,,
25504018,25504019,s==15|Ma·Lữ Bố 13 sao,13,148,138,350,0,,3000,2000,0,20,10,25000,25504,6,1,2,9,1,1,10,1,,,,,,,1048,40,,,,,
25504019,,s==15|Ma·Lữ Bố 14 sao,14,200,138,390,0,,3000,2000,0,20,10,30000,25504,9,1,2,10,1,1,11,1,,,,,,,1048,60,6685,5,13,6,
25504021,25504022,s==14|Ma·Lữ Bố 6 sao,6,1,1,145,5,255040222|255040232|255040242|255040252,5000,4000,0,20,10,0,25504,5,1,25402,5,1,2,5,3,,,,,,,,,,,,,
25504022,25504023,s==14|Ma·Lữ Bố 7 sao,7,1,1,165,1,255040223,5000,4000,0,20,10,1000,2,5,4,,,,,,,,,,,,,,,,,,,
25504023,25504024,s==14|Ma·Lữ Bố 8 sao,8,1,1,185,2,255040233,5000,4000,0,20,10,2000,2,5,3,2,6,1,,,,,,,,,,,,,,,,
25504024,25504025,s==14|Ma·Lữ Bố 9 sao,9,1,1,205,3,255040243,5000,4000,0,20,10,5000,25504,5,1,2,5,2,2,6,1,,,,,,,,,,,,,
25504025,25504026,s==15|Ma·Lữ Bố 10 sao,10,1,1,255,4,255040253,3000,2000,0,20,10,10000,25504,5,2,2,6,1,1,9,1,,,,,,,,,,,,,
25504026,25504027,s==15|Ma·Lữ Bố 11 sao,11,105,95,285,0,,3000,2000,0,20,10,15000,25504,6,1,1,9,1,,,,,,,,,,,,,,,,
25504027,25504028,s==15|Ma·Lữ Bố 12 sao,12,128,118,310,0,,3000,2000,0,20,10,20000,25504,6,1,1,10,1,,,,,,,,,,1048,20,,,,,
25504028,25504029,s==15|Ma·Lữ Bố 13 sao,13,148,138,350,0,,3000,2000,0,20,10,25000,25504,6,1,2,9,1,1,10,1,,,,,,,1048,40,,,,,
25504029,,s==15|Ma·Lữ Bố 14 sao,14,200,138,390,0,,3000,2000,0,20,10,30000,25504,9,1,2,10,1,1,11,1,,,,,,,1048,60,6685,5,13,6,
25504051,25504052,s==14|Ma·Lữ Bố 6 sao,6,1,1,145,5,255040522|255040532|255040542|255040552,5000,4000,0,20,10,0,25504,5,1,25402,5,1,2,5,3,,,,,,,,,,,,,
25504052,25504053,s==14|Ma·Lữ Bố 7 sao,7,1,1,165,1,255040523,5000,4000,0,20,10,1000,2,5,4,,,,,,,,,,,,,,,,,,,
25504053,25504054,s==14|Ma·Lữ Bố 8 sao,8,1,1,185,2,255040533,5000,4000,0,20,10,2000,2,5,3,2,6,1,,,,,,,,,,,,,,,,
25504054,25504055,s==14|Ma·Lữ Bố 9 sao,9,1,1,205,3,255040543,5000,4000,0,20,10,5000,25504,5,1,2,5,2,2,6,1,,,,,,,,,,,,,
25504055,25504056,s==15|Ma·Lữ Bố 10 sao,10,1,1,255,4,255040553,3000,2000,0,20,10,10000,25504,5,2,2,6,1,1,9,1,,,,,,,,,,,,,
25504056,25504057,s==15|Ma·Lữ Bố 11 sao,11,105,95,285,0,,3000,2000,0,20,10,15000,25504,6,1,1,9,1,,,,,,,,,,,,,,,,
25504057,25504058,s==15|Ma·Lữ Bố 12 sao,12,128,118,310,0,,3000,2000,0,20,10,20000,25504,6,1,1,10,1,,,,,,,,,,1048,20,,,,,
25504058,25504059,s==15|Ma·Lữ Bố 13 sao,13,148,138,350,0,,3000,2000,0,20,10,25000,25504,6,1,2,9,1,1,10,1,,,,,,,1048,40,,,,,
25504059,,s==15|Ma·Lữ Bố 14 sao,14,200,138,390,0,,3000,2000,0,20,10,30000,25504,9,1,2,10,1,1,11,1,,,,,,,1048,60,6685,5,13,6,
255051,255052,s==16|Ma·Tư Mã Ý 6 sao,6,1,1,145,5,2550522|2550532|2550542|2550552,5000,4000,0,20,10,0,25505,5,1,25403,5,1,2,5,3,,,,,,,,,,,,,
255052,255053,s==16|Ma·Tư Mã Ý 7 sao,7,1,1,165,1,2550523,5000,4000,0,20,10,1000,2,5,4,,,,,,,,,,,,,,,,,,,
255053,255054,s==16|Ma·Tư Mã Ý 8 sao,8,1,1,185,2,2550533,5000,4000,0,20,10,2000,2,5,3,2,6,1,,,,,,,,,,,,,,,,
255054,255055,s==16|Ma·Tư Mã Ý 9 sao,9,1,1,205,3,2550543,5000,4000,0,20,10,5000,25505,5,1,2,5,2,2,6,1,,,,,,,,,,,,,
255055,255056,s==17|Ma·Tư Mã Ý 10 sao,10,1,1,255,4,2550553,3000,2000,0,20,10,10000,25505,5,2,2,6,1,1,9,1,,,,,,,,,,,,,
255056,255057,s==17|Ma·Tư Mã Ý 11 sao,11,105,95,285,0,,3000,2000,0,20,10,15000,25505,6,1,1,9,1,,,,,,,,,,,,,,,,
255057,255058,s==17|Ma·Tư Mã Ý 12 sao,12,128,118,310,0,,3000,2000,0,20,10,20000,25505,6,1,1,10,1,,,,,,,,,,1048,20,,,,,
255058,255059,s==17|Ma·Tư Mã Ý 13 sao,13,148,138,350,0,,3000,2000,0,20,10,25000,25505,6,1,2,9,1,1,10,1,,,,,,,1048,40,,,,,
255059,,s==17|Ma·Tư Mã Ý 14 sao,14,200,138,390,0,,3000,2000,0,20,10,30000,25505,9,1,2,10,1,1,11,1,,,,,,,1048,60,6685,5,13,6,
255061,255062,s==18|Ma·Đổng Trác 6 sao,6,1,1,145,5,2550622|2550632|2550642|2550652,5000,4000,0,20,10,0,25506,5,1,25402,5,1,2,5,3,,,,,,,,,,,,,
255062,255063,s==18|Ma·Đổng Trác 7 sao,7,1,1,165,1,2550623,5000,4000,0,20,10,1000,2,5,4,,,,,,,,,,,,,,,,,,,
255063,255064,s==18|Ma·Đổng Trác 8 sao,8,1,1,185,2,2550633,5000,4000,0,20,10,2000,2,5,3,2,6,1,,,,,,,,,,,,,,,,
255064,255065,s==18|Ma·Đổng Trác 9 sao,9,1,1,205,3,2550643,5000,4000,0,20,10,5000,25506,5,1,2,5,2,2,6,1,,,,,,,,,,,,,
255065,255066,s==19|Ma·Đổng Trác 10 sao,10,1,1,255,4,2550653,3000,2000,0,20,10,10000,25506,5,2,2,6,1,1,9,1,,,,,,,,,,,,,
255066,255067,s==19|Ma·Đổng Trác 11 sao,11,105,95,285,0,,3000,2000,0,20,10,15000,25506,6,1,1,9,1,,,,,,,,,,,,,,,,
255067,255068,s==19|Ma·Đổng Trác 12 sao,12,128,118,310,0,,3000,2000,0,20,10,20000,25506,6,1,1,10,1,,,,,,,,,,1048,20,,,,,
255068,255069,s==19|Ma·Đổng Trác 13 sao,13,148,138,350,0,,3000,2000,0,20,10,25000,25506,6,1,2,9,1,1,10,1,,,,,,,1048,40,,,,,
255069,,s==19|Ma·Đổng Trác 14 sao,14,200,138,390,0,,3000,2000,0,20,10,30000,25506,9,1,2,10,1,1,11,1,,,,,,,1048,60,6685,5,13,6,
255071,255072,s==20|Ma·Điêu Thuyền 6 sao,6,1,1,145,5,2550722|2550732|2550742|2550752,5000,4000,0,20,10,0,25507,5,1,25402,5,1,2,5,3,,,,,,,,,,,,,
255072,255073,s==20|Ma·Điêu Thuyền 7 sao,7,1,1,165,1,2550723,5000,4000,0,20,10,1000,2,5,4,,,,,,,,,,,,,,,,,,,
255073,255074,s==20|Ma·Điêu Thuyền 8 sao,8,1,1,185,2,2550733,5000,4000,0,20,10,2000,2,5,3,2,6,1,,,,,,,,,,,,,,,,
255074,255075,s==20|Ma·Điêu Thuyền 9 sao,9,1,1,205,3,2550743,5000,4000,0,20,10,5000,25507,5,1,2,5,2,2,6,1,,,,,,,,,,,,,
255075,255076,s==21|Ma·Điêu Thuyền 10 sao,10,1,1,255,4,2550753,3000,2000,0,20,10,10000,25507,5,2,2,6,1,1,9,1,,,,,,,,,,,,,
255076,255077,s==21|Ma·Điêu Thuyền 11 sao,11,105,95,285,0,,3000,2000,0,20,10,15000,25507,6,1,1,9,1,,,,,,,,,,,,,,,,
255077,255078,s==21|Ma·Điêu Thuyền 12 sao,12,128,118,310,0,,3000,2000,0,20,10,20000,25507,6,1,1,10,1,,,,,,,,,,1048,20,,,,,
255078,255079,s==21|Ma·Điêu Thuyền 13 sao,13,148,138,350,0,,3000,2000,0,20,10,25000,25507,6,1,2,9,1,1,10,1,,,,,,,1048,40,,,,,
255079,,s==21|Ma·Điêu Thuyền 14 sao,14,200,138,390,0,,3000,2000,0,20,10,30000,25507,9,1,2,10,1,1,11,1,,,,,,,1048,60,6685,5,13,6,
25507011,25507012,s==20|Ma·Điêu Thuyền 6 sao,6,1,1,145,5,255070122|255070132|255070142|255070152,5000,4000,0,20,10,0,25507,5,1,25402,5,1,2,5,3,,,,,,,,,,,,,
25507012,25507013,s==20|Ma·Điêu Thuyền 7 sao,7,1,1,165,1,255070123,5000,4000,0,20,10,1000,2,5,4,,,,,,,,,,,,,,,,,,,
25507013,25507014,s==20|Ma·Điêu Thuyền 8 sao,8,1,1,185,2,255070133,5000,4000,0,20,10,2000,2,5,3,2,6,1,,,,,,,,,,,,,,,,
25507014,25507015,s==20|Ma·Điêu Thuyền 9 sao,9,1,1,205,3,255070143,5000,4000,0,20,10,5000,25507,5,1,2,5,2,2,6,1,,,,,,,,,,,,,
25507015,25507016,s==21|Ma·Điêu Thuyền 10 sao,10,1,1,255,4,255070153,3000,2000,0,20,10,10000,25507,5,2,2,6,1,1,9,1,,,,,,,,,,,,,
25507016,25507017,s==21|Ma·Điêu Thuyền 11 sao,11,105,95,285,0,,3000,2000,0,20,10,15000,25507,6,1,1,9,1,,,,,,,,,,,,,,,,
25507017,25507018,s==21|Ma·Điêu Thuyền 12 sao,12,128,118,310,0,,3000,2000,0,20,10,20000,25507,6,1,1,10,1,,,,,,,,,,1048,20,,,,,
25507018,25507019,s==21|Ma·Điêu Thuyền 13 sao,13,148,138,350,0,,3000,2000,0,20,10,25000,25507,6,1,2,9,1,1,10,1,,,,,,,1048,40,,,,,
25507019,,s==21|Ma·Điêu Thuyền 14 sao,14,200,138,390,0,,3000,2000,0,20,10,30000,25507,9,1,2,10,1,1,11,1,,,,,,,1048,60,6685,5,13,6,
255081,255082,s==16|Ma·Quan Vũ 6 sao,6,1,1,145,5,2550822|2550832|2550842|2550852,5000,4000,0,20,10,0,25508,5,1,25403,5,1,2,5,3,,,,,,,,,,,,,
255082,255083,s==16|Ma·Quan Vũ 7 sao,7,1,1,165,1,2550823,5000,4000,0,20,10,1000,2,5,4,,,,,,,,,,,,,,,,,,,
255083,255084,s==16|Ma·Quan Vũ 8 sao,8,1,1,185,2,2550833,5000,4000,0,20,10,2000,2,5,3,2,6,1,,,,,,,,,,,,,,,,
255084,255085,s==16|Ma·Quan Vũ 9 sao,9,1,1,205,3,2550843,5000,4000,0,20,10,5000,25508,5,1,2,5,2,2,6,1,,,,,,,,,,,,,
255085,255086,s==17|Ma·Quan Vũ 10 sao,10,1,1,255,4,2550853,3000,2000,0,20,10,10000,25508,5,2,2,6,1,1,9,1,,,,,,,,,,,,,
255086,255087,s==17|Ma·Quan Vũ 11 sao,11,105,95,285,0,,3000,2000,0,20,10,15000,25508,6,1,1,9,1,,,,,,,,,,,,,,,,
255087,255088,s==17|Ma·Quan Vũ 12 sao,12,128,118,310,0,,3000,2000,0,20,10,20000,25508,6,1,1,10,1,,,,,,,,,,1048,20,,,,,
255088,255089,s==17|Ma·Quan Vũ 13 sao,13,148,138,350,0,,3000,2000,0,20,10,25000,25508,6,1,2,9,1,1,10,1,,,,,,,1048,40,,,,,
255089,,s==17|Ma·Quan Vũ 14 sao,14,200,138,390,0,,3000,2000,0,20,10,30000,25508,9,1,2,10,1,1,11,1,,,,,,,1048,60,6685,5,13,6,
255091,255092,s==24|Ma·Trương Xuân Hoa 6 sao,6,1,1,145,5,2550922|2550932|2550942|2550952,5000,4000,0,20,10,0,25509,5,1,25404,5,1,2,5,3,,,,,,,,,,,,,
255092,255093,s==24|Ma·Trương Xuân Hoa 7 sao,7,1,1,165,1,2550923,5000,4000,0,20,10,1000,2,5,4,,,,,,,,,,,,,,,,,,,
255093,255094,s==24|Ma·Trương Xuân Hoa 8 sao,8,1,1,185,2,2550933,5000,4000,0,20,10,2000,2,5,3,2,6,1,,,,,,,,,,,,,,,,
255094,255095,s==24|Ma·Trương Xuân Hoa 9 sao,9,1,1,205,3,2550943,5000,4000,0,20,10,5000,25509,5,1,2,5,2,2,6,1,,,,,,,,,,,,,
255095,255096,s==25|Ma·Trương Xuân Hoa 10 sao,10,1,1,255,4,2550953,3000,2000,0,20,10,10000,25509,5,2,2,6,1,1,9,1,,,,,,,,,,,,,
255096,255097,s==25|Ma·Trương Xuân Hoa 11 sao,11,105,95,285,0,,3000,2000,0,20,10,15000,25509,6,1,1,9,1,,,,,,,,,,,,,,,,
255097,255098,s==25|Ma·Trương Xuân Hoa 12 sao,12,128,118,310,0,,3000,2000,0,20,10,20000,25509,6,1,1,10,1,,,,,,,,,,1048,20,,,,,
255098,255099,s==25|Ma·Trương Xuân Hoa 13 sao,13,148,138,350,0,,3000,2000,0,20,10,25000,25509,6,1,2,9,1,1,10,1,,,,,,,1048,40,,,,,
255099,,s==25|Ma·Trương Xuân Hoa 14 sao,14,200,138,390,0,,3000,2000,0,20,10,30000,25509,9,1,2,10,1,1,11,1,,,,,,,1048,60,6685,5,13,6,
25509011,25509012,s==24|Ma·Trương Xuân Hoa 6 sao,6,1,1,145,5,255090122|255090132|255090142|255090152,5000,4000,0,20,10,0,25509,5,1,25404,5,1,2,5,3,,,,,,,,,,,,,
25509012,25509013,s==24|Ma·Trương Xuân Hoa 7 sao,7,1,1,165,1,255090123,5000,4000,0,20,10,1000,2,5,4,,,,,,,,,,,,,,,,,,,
25509013,25509014,s==24|Ma·Trương Xuân Hoa 8 sao,8,1,1,185,2,255090133,5000,4000,0,20,10,2000,2,5,3,2,6,1,,,,,,,,,,,,,,,,
25509014,25509015,s==24|Ma·Trương Xuân Hoa 9 sao,9,1,1,205,3,255090143,5000,4000,0,20,10,5000,25509,5,1,2,5,2,2,6,1,,,,,,,,,,,,,
25509015,25509016,s==25|Ma·Trương Xuân Hoa 10 sao,10,1,1,255,4,255090153,3000,2000,0,20,10,10000,25509,5,2,2,6,1,1,9,1,,,,,,,,,,,,,
25509016,25509017,s==25|Ma·Trương Xuân Hoa 11 sao,11,105,95,285,0,,3000,2000,0,20,10,15000,25509,6,1,1,9,1,,,,,,,,,,,,,,,,
25509017,25509018,s==25|Ma·Trương Xuân Hoa 12 sao,12,128,118,310,0,,3000,2000,0,20,10,20000,25509,6,1,1,10,1,,,,,,,,,,1048,20,,,,,
25509018,25509019,s==25|Ma·Trương Xuân Hoa 13 sao,13,148,138,350,0,,3000,2000,0,20,10,25000,25509,6,1,2,9,1,1,10,1,,,,,,,1048,40,,,,,
25509019,,s==25|Ma·Trương Xuân Hoa 14 sao,14,200,138,390,0,,3000,2000,0,20,10,30000,25509,9,1,2,10,1,1,11,1,,,,,,,1048,60,6685,5,13,6,
25509021,25509022,s==24|Ma·Trương Xuân Hoa 6 sao,6,1,1,145,5,255090222|255090232|255090242|255090252,5000,4000,0,20,10,0,25509,5,1,25404,5,1,2,5,3,,,,,,,,,,,,,
25509022,25509023,s==24|Ma·Trương Xuân Hoa 7 sao,7,1,1,165,1,255090223,5000,4000,0,20,10,1000,2,5,4,,,,,,,,,,,,,,,,,,,
25509023,25509024,s==24|Ma·Trương Xuân Hoa 8 sao,8,1,1,185,2,255090233,5000,4000,0,20,10,2000,2,5,3,2,6,1,,,,,,,,,,,,,,,,
25509024,25509025,s==24|Ma·Trương Xuân Hoa 9 sao,9,1,1,205,3,255090243,5000,4000,0,20,10,5000,25509,5,1,2,5,2,2,6,1,,,,,,,,,,,,,
25509025,25509026,s==25|Ma·Trương Xuân Hoa 10 sao,10,1,1,255,4,255090253,3000,2000,0,20,10,10000,25509,5,2,2,6,1,1,9,1,,,,,,,,,,,,,
25509026,25509027,s==25|Ma·Trương Xuân Hoa 11 sao,11,105,95,285,0,,3000,2000,0,20,10,15000,25509,6,1,1,9,1,,,,,,,,,,,,,,,,
25509027,25509028,s==25|Ma·Trương Xuân Hoa 12 sao,12,128,118,310,0,,3000,2000,0,20,10,20000,25509,6,1,1,10,1,,,,,,,,,,1048,20,,,,,
25509028,25509029,s==25|Ma·Trương Xuân Hoa 13 sao,13,148,138,350,0,,3000,2000,0,20,10,25000,25509,6,1,2,9,1,1,10,1,,,,,,,1048,40,,,,,
25509029,,s==25|Ma·Trương Xuân Hoa 14 sao,14,200,138,390,0,,3000,2000,0,20,10,30000,25509,9,1,2,10,1,1,11,1,,,,,,,1048,60,6685,5,13,6,
255101,255102,s==29|Ma·Trần Cung 6 sao (Tào Tháo),6,1,1,145,5,2551022|2551032|2551042|2551052,5000,4000,0,20,10,0,25510,5,1,25403,5,1,2,5,3,,,,,,,,,,,,,
255102,255103,s==18|Ma·Trần Cung 7 sao,7,1,1,165,1,2551023,5000,4000,0,20,10,1000,2,5,4,,,,,,,,,,,,,,,,,,,
255103,255104,s==18|Ma·Trần Cung 8 sao,8,1,1,185,2,2551033,5000,4000,0,20,10,2000,2,5,3,2,6,1,,,,,,,,,,,,,,,,
255104,255105,s==18|Ma·Trần Cung 9 sao,9,1,1,205,3,2551043,5000,4000,0,20,10,5000,25510,5,1,2,5,2,2,6,1,,,,,,,,,,,,,
255105,255106,s==19|Ma·Trần Cung 10 sao,10,1,1,255,4,2551053,3000,2000,0,20,10,10000,25510,5,2,2,6,1,1,9,1,,,,,,,,,,,,,
255106,255107,s==19|Ma·Trần Cung 11 sao,11,105,95,285,0,,3000,2000,0,20,10,15000,25510,6,1,1,9,1,,,,,,,,,,,,,,,,
255107,255108,s==19|Ma·Trần Cung 12 sao,12,128,118,310,0,,3000,2000,0,20,10,20000,25510,6,1,1,10,1,,,,,,,,,,1048,20,,,,,
255108,255109,s==19|Ma·Trần Cung 13 sao,13,148,138,350,0,,3000,2000,0,20,10,25000,25510,6,1,2,9,1,1,10,1,,,,,,,1048,40,,,,,
255109,,s==19|Ma·Trần Cung 14 sao,14,200,138,390,0,,3000,2000,0,20,10,30000,25510,9,1,2,10,1,1,11,1,,,,,,,1048,60,6685,5,13,6,
25510011,25510012,s==29|Ma·Trần Cung 6 sao (Tào Tháo),6,1,1,145,5,255100122|255100132|255100142|255100152,5000,4000,0,20,10,0,25510,5,1,25403,5,1,2,5,3,,,,,,,,,,,,,
25510012,25510013,s==18|Ma·Trần Cung 7 sao,7,1,1,165,1,255100123,5000,4000,0,20,10,1000,2,5,4,,,,,,,,,,,,,,,,,,,
25510013,25510014,s==18|Ma·Trần Cung 8 sao,8,1,1,185,2,255100133,5000,4000,0,20,10,2000,2,5,3,2,6,1,,,,,,,,,,,,,,,,
25510014,25510015,s==18|Ma·Trần Cung 9 sao,9,1,1,205,3,255100143,5000,4000,0,20,10,5000,25510,5,1,2,5,2,2,6,1,,,,,,,,,,,,,
25510015,25510016,s==19|Ma·Trần Cung 10 sao,10,1,1,255,4,255100153,3000,2000,0,20,10,10000,25510,5,2,2,6,1,1,9,1,,,,,,,,,,,,,
25510016,25510017,s==19|Ma·Trần Cung 11 sao,11,105,95,285,0,,3000,2000,0,20,10,15000,25510,6,1,1,9,1,,,,,,,,,,,,,,,,
25510017,25510018,s==19|Ma·Trần Cung 12 sao,12,128,118,310,0,,3000,2000,0,20,10,20000,25510,6,1,1,10,1,,,,,,,,,,1048,20,,,,,
25510018,25510019,s==19|Ma·Trần Cung 13 sao,13,148,138,350,0,,3000,2000,0,20,10,25000,25510,6,1,2,9,1,1,10,1,,,,,,,1048,40,,,,,
25510019,,s==19|Ma·Trần Cung 14 sao,14,200,138,390,0,,3000,2000,0,20,10,30000,25510,9,1,2,10,1,1,11,1,,,,,,,1048,60,6685,5,13,6,
255111,255112,s==17|Ma·Tôn Sách 6 sao,6,1,1,145,5,2550722|2550732|2550742|2550752,5000,4000,0,20,10,0,25511,5,1,25403,5,1,2,5,3,,,,,,,,,,,,,
255112,255113,s==17|Ma·Tôn Sách 7 sao,7,1,1,165,1,2550723,5000,4000,0,20,10,1000,2,5,4,,,,,,,,,,,,,,,,,,,
255113,255114,s==17|Ma·Tôn Sách 8 sao,8,1,1,185,2,2550733,5000,4000,0,20,10,2000,2,5,3,2,6,1,,,,,,,,,,,,,,,,
255114,255115,s==17|Ma·Tôn Sách 9 sao,9,1,1,205,3,2550743,5000,4000,0,20,10,5000,25511,5,1,2,5,2,2,6,1,,,,,,,,,,,,,
255115,255116,s==18|Ma·Tôn Sách 10 sao,10,1,1,255,4,2550753,3000,2000,0,20,10,10000,25511,5,2,2,6,1,1,9,1,,,,,,,,,,,,,
255116,255117,s==18|Ma·Tôn Sách 11 sao,11,105,95,285,0,,3000,2000,0,20,10,15000,25511,6,1,1,9,1,,,,,,,,,,,,,,,,
255117,255118,s==18|Ma·Tôn Sách 12 sao,12,128,118,310,0,,3000,2000,0,20,10,20000,25511,6,1,1,10,1,,,,,,,,,,1048,20,,,,,
255118,255119,s==18|Ma·Tôn Sách 13 sao,13,148,138,350,0,,3000,2000,0,20,10,25000,25511,6,1,2,9,1,1,10,1,,,,,,,1048,40,,,,,
255119,,s==18|Ma·Tôn Sách 14 sao,14,200,138,390,0,,3000,2000,0,20,10,30000,25511,9,1,2,10,1,1,11,1,,,,,,,1048,60,6685,5,13,6,
255121,255122,s==18|Ma·Tôn Quyền 6 sao,6,1,1,145,5,2550722|2550732|2550742|2550752,5000,4000,0,20,10,0,25512,5,1,25403,5,1,2,5,3,,,,,,,,,,,,,
255122,255123,s==18|Ma·Tôn Quyền 7 sao,7,1,1,165,1,2550723,5000,4000,0,20,10,1000,2,5,4,,,,,,,,,,,,,,,,,,,
255123,255124,s==18|Ma·Tôn Quyền 8 sao,8,1,1,185,2,2550733,5000,4000,0,20,10,2000,2,5,3,2,6,1,,,,,,,,,,,,,,,,
255124,255125,s==18|Ma·Tôn Quyền 9 sao,9,1,1,205,3,2550743,5000,4000,0,20,10,5000,25512,5,1,2,5,2,2,6,1,,,,,,,,,,,,,
255125,255126,s==19|Ma·Tôn Quyền 10 sao,10,1,1,255,4,2550753,3000,2000,0,20,10,10000,25512,5,2,2,6,1,1,9,1,,,,,,,,,,,,,
255126,255127,s==19|Ma·Tôn Quyền 11 sao,11,105,95,285,0,,3000,2000,0,20,10,15000,25512,6,1,1,9,1,,,,,,,,,,,,,,,,
255127,255128,s==19|Ma·Tôn Quyền 12 sao,12,128,118,310,0,,3000,2000,0,20,10,20000,25512,6,1,1,10,1,,,,,,,,,,1048,20,,,,,
255128,255129,s==19|Ma·Tôn Quyền 13 sao,13,148,138,350,0,,3000,2000,0,20,10,25000,25512,6,1,2,9,1,1,10,1,,,,,,,1048,40,,,,,
255129,,s==19|Ma·Tôn Quyền 14 sao,14,200,138,390,0,,3000,2000,0,20,10,30000,25512,9,1,2,10,1,1,11,1,,,,,,,1048,60,6685,5,13,6,
255131,255132,s==18|Ma·Đổng Trác 6 sao,6,1,1,145,5,2551322|2551332|2551342|2551352,5000,4000,0,20,10,0,25513,5,1,25403,5,1,2,5,3,,,,,,,,,,,,,
255132,255133,s==18|Ma·Đổng Trác 7 sao,7,1,1,165,1,2551323,5000,4000,0,20,10,1000,2,5,4,,,,,,,,,,,,,,,,,,,
255133,255134,s==18|Ma·Đổng Trác 8 sao,8,1,1,185,2,2551333,5000,4000,0,20,10,2000,2,5,3,2,6,1,,,,,,,,,,,,,,,,
255134,255135,s==18|Ma·Đổng Trác 9 sao,9,1,1,205,3,2551343,5000,4000,0,20,10,5000,25513,5,1,2,5,2,2,6,1,,,,,,,,,,,,,
255135,255136,s==19|Ma·Đổng Trác 10 sao,10,1,1,255,4,2551353,3000,2000,0,20,10,10000,25513,5,2,2,6,1,1,9,1,,,,,,,,,,,,,
255136,255137,s==19|Ma·Đổng Trác 11 sao,11,105,95,285,0,,3000,2000,0,20,10,15000,25513,6,1,1,9,1,,,,,,,,,,,,,,,,
255137,255138,s==19|Ma·Đổng Trác 12 sao,12,128,118,310,0,,3000,2000,0,20,10,20000,25513,6,1,1,10,1,,,,,,,,,,1048,20,,,,,
255138,255139,s==19|Ma·Đổng Trác 13 sao,13,148,138,350,0,,3000,2000,0,20,10,25000,25513,6,1,2,9,1,1,10,1,,,,,,,1048,40,,,,,
255139,,s==19|Ma·Đổng Trác 14 sao,14,200,138,390,0,,3000,2000,0,20,10,30000,25513,9,1,2,10,1,1,11,1,,,,,,,1048,60,6685,5,13,6,
255141,255142,s==15|Ma·Hoa Đà 6 sao,6,1,1,145,5,2551422|2551432|2551442|2551452,5000,4000,0,20,10,0,25514,5,1,25402,5,1,2,5,3,,,,,,,,,,,,,
255142,255143,s==15|Ma·Hoa Đà 7 sao,7,1,1,165,1,2551423,5000,4000,0,20,10,1000,2,5,4,,,,,,,,,,,,,,,,,,,
255143,255144,s==15|Ma·Hoa Đà 8 sao,8,1,1,185,2,2551433,5000,4000,0,20,10,2000,2,5,3,2,6,1,,,,,,,,,,,,,,,,
255144,255145,s==15|Ma·Hoa Đà 9 sao,9,1,1,205,3,2551443,5000,4000,0,20,10,5000,25514,5,1,2,5,2,2,6,1,,,,,,,,,,,,,
255145,255146,s==16|Ma·Hoa Đà 10 sao,10,1,1,255,4,2551453,3000,2000,0,20,10,10000,25514,5,2,2,6,1,1,9,1,,,,,,,,,,,,,
255146,255147,s==16|Ma·Hoa Đà 11 sao,11,105,95,285,0,,3000,2000,0,20,10,15000,25514,6,1,1,9,1,,,,,,,,,,,,,,,,
255147,255148,s==16|Ma·Hoa Đà 12 sao,12,128,118,310,0,,3000,2000,0,20,10,20000,25514,6,1,1,10,1,,,,,,,,,,1048,20,,,,,
255148,255149,s==16|Ma·Hoa Đà 13 sao,13,148,138,350,0,,3000,2000,0,20,10,25000,25514,6,1,2,9,1,1,10,1,,,,,,,1048,40,,,,,
255149,,s==16|Ma·Hoa Đà 14 sao,14,200,138,390,0,,3000,2000,0,20,10,30000,25514,9,1,2,10,1,1,11,1,,,,,,,1048,60,6685,5,13,6,
25514011,25514012,s==15|Ma·Hoa Đà 6 sao,6,1,1,145,5,255140122|255140132|255140142|255140152,5000,4000,0,20,10,0,25514,5,1,25402,5,1,2,5,3,,,,,,,,,,,,,
25514012,25514013,s==15|Ma·Hoa Đà 7 sao,7,1,1,165,1,255140123,5000,4000,0,20,10,1000,2,5,4,,,,,,,,,,,,,,,,,,,
25514013,25514014,s==15|Ma·Hoa Đà 8 sao,8,1,1,185,2,255140133,5000,4000,0,20,10,2000,2,5,3,2,6,1,,,,,,,,,,,,,,,,
25514014,25514015,s==15|Ma·Hoa Đà 9 sao,9,1,1,205,3,255140143,5000,4000,0,20,10,5000,25514,5,1,2,5,2,2,6,1,,,,,,,,,,,,,
25514015,25514016,s==16|Ma·Hoa Đà 10 sao,10,1,1,255,4,255140153,3000,2000,0,20,10,10000,25514,5,2,2,6,1,1,9,1,,,,,,,,,,,,,
25514016,25514017,s==16|Ma·Hoa Đà 11 sao,11,105,95,285,0,,3000,2000,0,20,10,15000,25514,6,1,1,9,1,,,,,,,,,,,,,,,,
25514017,25514018,s==16|Ma·Hoa Đà 12 sao,12,128,118,310,0,,3000,2000,0,20,10,20000,25514,6,1,1,10,1,,,,,,,,,,1048,20,,,,,
25514018,25514019,s==16|Ma·Hoa Đà 13 sao,13,148,138,350,0,,3000,2000,0,20,10,25000,25514,6,1,2,9,1,1,10,1,,,,,,,1048,40,,,,,
25514019,,s==16|Ma·Hoa Đà 14 sao,14,200,138,390,0,,3000,2000,0,20,10,30000,25514,9,1,2,10,1,1,11,1,,,,,,,1048,60,6685,5,13,6,
255151,255152,s==18|Ma·Triệu Vân 6 sao,6,1,1,145,5,2551522|2551532|2551542|2551552,5000,4000,0,20,10,0,25515,5,1,25403,5,1,2,5,3,,,,,,,,,,,,,
255152,255153,s==18|Ma·Triệu Vân 7 sao,7,1,1,165,1,2551523,5000,4000,0,20,10,1000,2,5,4,,,,,,,,,,,,,,,,,,,
255153,255154,s==18|Ma·Triệu Vân 8 sao,8,1,1,185,2,2551533,5000,4000,0,20,10,2000,2,5,3,2,6,1,,,,,,,,,,,,,,,,
255154,255155,s==18|Ma·Triệu Vân 9 sao,9,1,1,205,3,2551543,5000,4000,0,20,10,5000,25515,5,1,2,5,2,2,6,1,,,,,,,,,,,,,
255155,255156,s==19|Ma·Triệu Vân 10 sao,10,1,1,255,4,2551553,3000,2000,0,20,10,10000,25515,5,2,2,6,1,1,9,1,,,,,,,,,,,,,
255156,255157,s==19|Ma·Triệu Vân 11 sao,11,105,95,285,0,,3000,2000,0,20,10,15000,25515,6,1,1,9,1,,,,,,,,,,,,,,,,
255157,255158,s==19|Ma·Triệu Vân 12 sao,12,128,118,310,0,,3000,2000,0,20,10,20000,25515,6,1,1,10,1,,,,,,,,,,1048,20,,,,,
255158,255159,s==19|Ma·Triệu Vân 13 sao,13,148,138,350,0,,3000,2000,0,20,10,25000,25515,6,1,2,9,1,1,10,1,,,,,,,1048,40,,,,,
255159,,s==19|Ma·Triệu Vân 14 sao,14,200,138,390,0,,3000,2000,0,20,10,30000,25515,9,1,2,10,1,1,11,1,,,,,,,1048,60,6685,5,13,6,
25515011,25515012,s==18|Ma·Triệu Vân 6 sao,6,1,1,145,5,255150122|255150132|255150142|255150152,5000,4000,0,20,10,0,25515,5,1,25403,5,1,2,5,3,,,,,,,,,,,,,
25515012,25515013,s==18|Ma·Triệu Vân 7 sao,7,1,1,165,1,255150123,5000,4000,0,20,10,1000,2,5,4,,,,,,,,,,,,,,,,,,,
25515013,25515014,s==18|Ma·Triệu Vân 8 sao,8,1,1,185,2,255150133,5000,4000,0,20,10,2000,2,5,3,2,6,1,,,,,,,,,,,,,,,,
25515014,25515015,s==18|Ma·Triệu Vân 9 sao,9,1,1,205,3,255150143,5000,4000,0,20,10,5000,25515,5,1,2,5,2,2,6,1,,,,,,,,,,,,,
25515015,25515016,s==19|Ma·Triệu Vân 10 sao,10,1,1,255,4,255150153,3000,2000,0,20,10,10000,25515,5,2,2,6,1,1,9,1,,,,,,,,,,,,,
25515016,25515017,s==19|Ma·Triệu Vân 11 sao,11,105,95,285,0,,3000,2000,0,20,10,15000,25515,6,1,1,9,1,,,,,,,,,,,,,,,,
25515017,25515018,s==19|Ma·Triệu Vân 12 sao,12,128,118,310,0,,3000,2000,0,20,10,20000,25515,6,1,1,10,1,,,,,,,,,,1048,20,,,,,
25515018,25515019,s==19|Ma·Triệu Vân 13 sao,13,148,138,350,0,,3000,2000,0,20,10,25000,25515,6,1,2,9,1,1,10,1,,,,,,,1048,40,,,,,
25515019,,s==19|Ma·Triệu Vân 14 sao,14,200,138,390,0,,3000,2000,0,20,10,30000,25515,9,1,2,10,1,1,11,1,,,,,,,1048,60,6685,5,13,6,
25515051,25515052,s==18|Ma·Triệu Vân 6 sao,6,1,1,145,5,255150222|255150232|255150242|255150252,5000,4000,0,20,10,0,25515,5,1,25403,5,1,2,5,3,,,,,,,,,,,,,
25515052,25515053,s==18|Ma·Triệu Vân 7 sao,7,1,1,165,1,255150223,5000,4000,0,20,10,1000,2,5,4,,,,,,,,,,,,,,,,,,,
25515053,25515054,s==18|Ma·Triệu Vân 8 sao,8,1,1,185,2,255150233,5000,4000,0,20,10,2000,2,5,3,2,6,1,,,,,,,,,,,,,,,,
25515054,25515055,s==18|Ma·Triệu Vân 9 sao,9,1,1,205,3,255150243,5000,4000,0,20,10,5000,25515,5,1,2,5,2,2,6,1,,,,,,,,,,,,,
25515055,25515056,s==19|Ma·Triệu Vân 10 sao,10,1,1,255,4,255150253,3000,2000,0,20,10,10000,25515,5,2,2,6,1,1,9,1,,,,,,,,,,,,,
25515056,25515057,s==19|Ma·Triệu Vân 11 sao,11,105,95,285,0,,3000,2000,0,20,10,15000,25515,6,1,1,9,1,,,,,,,,,,,,,,,,
25515057,25515058,s==19|Ma·Triệu Vân 12 sao,12,128,118,310,0,,3000,2000,0,20,10,20000,25515,6,1,1,10,1,,,,,,,,,,1048,20,,,,,
25515058,25515059,s==19|Ma·Triệu Vân 13 sao,13,148,138,350,0,,3000,2000,0,20,10,25000,25515,6,1,2,9,1,1,10,1,,,,,,,1048,40,,,,,
25515059,,s==19|Ma·Triệu Vân 14 sao,14,200,138,390,0,,3000,2000,0,20,10,30000,25515,9,1,2,10,1,1,11,1,,,,,,,1048,60,6685,5,13,6,
255161,255162,s==16|Ma·Tư Mã Ý 6 sao,6,1,1,145,5,2551622|2551632|2551642|2551652,5000,4000,0,20,10,0,25516,5,1,25403,5,1,2,5,3,,,,,,,,,,,,,
255162,255163,s==16|Ma·Tư Mã Ý 7 sao,7,1,1,165,1,2551623,5000,4000,0,20,10,1000,2,5,4,,,,,,,,,,,,,,,,,,,
255163,255164,s==16|Ma·Tư Mã Ý 8 sao,8,1,1,185,2,2551633,5000,4000,0,20,10,2000,2,5,3,2,6,1,,,,,,,,,,,,,,,,
255164,255165,s==16|Ma·Tư Mã Ý 9 sao,9,1,1,205,3,2551643,5000,4000,0,20,10,5000,25516,5,1,2,5,2,2,6,1,,,,,,,,,,,,,
255165,255166,s==17|Ma·Tư Mã Ý 10 sao,10,1,1,255,4,2551653,3000,2000,0,20,10,10000,25516,5,2,2,6,1,1,9,1,,,,,,,,,,,,,
255166,255167,s==17|Ma·Tư Mã Ý 11 sao,11,105,95,285,0,,3000,2000,0,20,10,15000,25516,6,1,1,9,1,,,,,,,,,,,,,,,,
255167,255168,s==17|Ma·Tư Mã Ý 12 sao,12,128,118,310,0,,3000,2000,0,20,10,20000,25516,6,1,1,10,1,,,,,,,,,,1048,20,,,,,
255168,255169,s==17|Ma·Tư Mã Ý 13 sao,13,148,138,350,0,,3000,2000,0,20,10,25000,25516,6,1,2,9,1,1,10,1,,,,,,,1048,40,,,,,
255169,,s==17|Ma·Tư Mã Ý 14 sao,14,200,138,390,0,,3000,2000,0,20,10,30000,25516,9,1,2,10,1,1,11,1,,,,,,,1048,60,6685,5,13,6,
25516011,25516012,s==16|Ma·Tư Mã Ý 6 sao,6,1,1,145,5,255160122|255160132|255160142|255160152,5000,4000,0,20,10,0,25516,5,1,25403,5,1,2,5,3,,,,,,,,,,,,,
25516012,25516013,s==16|Ma·Tư Mã Ý 7 sao,7,1,1,165,1,255160123,5000,4000,0,20,10,1000,2,5,4,,,,,,,,,,,,,,,,,,,
25516013,25516014,s==16|Ma·Tư Mã Ý 8 sao,8,1,1,185,2,255160133,5000,4000,0,20,10,2000,2,5,3,2,6,1,,,,,,,,,,,,,,,,
25516014,25516015,s==16|Ma·Tư Mã Ý 9 sao,9,1,1,205,3,255160143,5000,4000,0,20,10,5000,25516,5,1,2,5,2,2,6,1,,,,,,,,,,,,,
25516015,25516016,s==17|Ma·Tư Mã Ý 10 sao,10,1,1,255,4,255160153,3000,2000,0,20,10,10000,25516,5,2,2,6,1,1,9,1,,,,,,,,,,,,,
25516016,25516017,s==17|Ma·Tư Mã Ý 11 sao,11,105,95,285,0,,3000,2000,0,20,10,15000,25516,6,1,1,9,1,,,,,,,,,,,,,,,,
25516017,25516018,s==17|Ma·Tư Mã Ý 12 sao,12,128,118,310,0,,3000,2000,0,20,10,20000,25516,6,1,1,10,1,,,,,,,,,,1048,20,,,,,
25516018,25516019,s==17|Ma·Tư Mã Ý 13 sao,13,148,138,350,0,,3000,2000,0,20,10,25000,25516,6,1,2,9,1,1,10,1,,,,,,,1048,40,,,,,
25516019,,s==17|Ma·Tư Mã Ý 14 sao,14,200,138,390,0,,3000,2000,0,20,10,30000,25516,9,1,2,10,1,1,11,1,,,,,,,1048,60,6685,5,13,6,
255171,255172,s==23|Ma·Quan Ngân Bình 6 sao,6,1,1,145,5,2551722|2551732|2551742|2551752,5000,4000,0,20,10,0,25517,5,1,25403,5,1,2,5,3,,,,,,,,,,,,,
255172,255173,s==23|Ma·Quan Ngân Bình 7 sao,7,1,1,165,1,2551723,5000,4000,0,20,10,1000,2,5,4,,,,,,,,,,,,,,,,,,,
255173,255174,s==23|Ma·Quan Ngân Bình 8 sao,8,1,1,185,2,2551733,5000,4000,0,20,10,2000,2,5,3,2,6,1,,,,,,,,,,,,,,,,
255174,255175,s==23|Ma·Quan Ngân Bình 9 sao,9,1,1,205,3,2551743,5000,4000,0,20,10,5000,25517,5,1,2,5,2,2,6,1,,,,,,,,,,,,,
255175,255176,s==24|Ma·Quan Ngân Bình 10 sao,10,1,1,255,4,2551753,3000,2000,0,20,10,10000,25517,5,2,2,6,1,1,9,1,,,,,,,,,,,,,
255176,255177,s==24|Ma·Quan Ngân Bình 11 sao,11,105,95,285,0,,3000,2000,0,20,10,15000,25517,6,1,1,9,1,,,,,,,,,,,,,,,,
255177,255178,s==24|Ma·Quan Ngân Bình 12 sao,12,128,118,310,0,,3000,2000,0,20,10,20000,25517,6,1,1,10,1,,,,,,,,,,1048,20,,,,,
255178,255179,s==24|Ma·Quan Ngân Bình 13 sao,13,148,138,350,0,,3000,2000,0,20,10,25000,25517,6,1,2,9,1,1,10,1,,,,,,,1048,40,,,,,
255179,,s==24|Ma·Quan Ngân Bình 14 sao,14,200,138,390,0,,3000,2000,0,20,10,30000,25517,9,1,2,10,1,1,11,1,,,,,,,1048,60,6685,5,13,6,
25517011,25517012,s==23|Ma·Quan Ngân Bình 6 sao,6,1,1,145,5,255170122|255170132|255170142|255170152,5000,4000,0,20,10,0,25517,5,1,25403,5,1,2,5,3,,,,,,,,,,,,,
25517012,25517013,s==23|Ma·Quan Ngân Bình 7 sao,7,1,1,165,1,255170123,5000,4000,0,20,10,1000,2,5,4,,,,,,,,,,,,,,,,,,,
25517013,25517014,s==23|Ma·Quan Ngân Bình 8 sao,8,1,1,185,2,255170133,5000,4000,0,20,10,2000,2,5,3,2,6,1,,,,,,,,,,,,,,,,
25517014,25517015,s==23|Ma·Quan Ngân Bình 9 sao,9,1,1,205,3,255170143,5000,4000,0,20,10,5000,25517,5,1,2,5,2,2,6,1,,,,,,,,,,,,,
25517015,25517016,s==24|Ma·Quan Ngân Bình 10 sao,10,1,1,255,4,255170153,3000,2000,0,20,10,10000,25517,5,2,2,6,1,1,9,1,,,,,,,,,,,,,
25517016,25517017,s==24|Ma·Quan Ngân Bình 11 sao,11,105,95,285,0,,3000,2000,0,20,10,15000,25517,6,1,1,9,1,,,,,,,,,,,,,,,,
25517017,25517018,s==24|Ma·Quan Ngân Bình 12 sao,12,128,118,310,0,,3000,2000,0,20,10,20000,25517,6,1,1,10,1,,,,,,,,,,1048,20,,,,,
25517018,25517019,s==24|Ma·Quan Ngân Bình 13 sao,13,148,138,350,0,,3000,2000,0,20,10,25000,25517,6,1,2,9,1,1,10,1,,,,,,,1048,40,,,,,
25517019,,s==24|Ma·Quan Ngân Bình 14 sao,14,200,138,390,0,,3000,2000,0,20,10,30000,25517,9,1,2,10,1,1,11,1,,,,,,,1048,60,6685,5,13,6,
255181,255182,s==16|Ma·Hạng Vũ 6 sao,6,1,1,145,5,2551822|2551832|2551842|2551852,5000,4000,0,20,10,0,25518,5,1,25403,5,1,2,5,3,,,,,,,,,,,,,
255182,255183,s==16|Ma·Hạng Vũ 7 sao,7,1,1,165,1,2551823,5000,4000,0,20,10,1000,2,5,4,,,,,,,,,,,,,,,,,,,
255183,255184,s==16|Ma·Hạng Vũ 8 sao,8,1,1,185,2,2551833,5000,4000,0,20,10,2000,2,5,3,2,6,1,,,,,,,,,,,,,,,,
255184,255185,s==16|Ma·Hạng Vũ 9 sao,9,1,1,205,3,2551843,5000,4000,0,20,10,5000,25518,5,1,2,5,2,2,6,1,,,,,,,,,,,,,
255185,255186,s==17|Ma·Hạng Vũ 10 sao,10,1,1,255,4,2551853,3000,2000,0,20,10,10000,25518,5,2,2,6,1,1,9,1,,,,,,,,,,,,,
255186,255187,s==17|Ma·Hạng Vũ 11 sao,11,105,95,285,0,,3000,2000,0,20,10,15000,25518,6,1,1,9,1,,,,,,,,,,,,,,,,
255187,255188,s==17|Ma·Hạng Vũ 12 sao,12,128,118,310,0,,3000,2000,0,20,10,20000,25518,6,1,1,10,1,,,,,,,,,,1048,20,,,,,
255188,255189,s==17|Ma·Hạng Vũ 13 sao,13,148,138,350,0,,3000,2000,0,20,10,25000,25518,6,1,2,9,1,1,10,1,,,,,,,1048,40,,,,,
255189,,s==17|Ma·Hạng Vũ 14 sao,14,200,138,390,0,,3000,2000,0,20,10,30000,25518,9,1,2,10,1,1,11,1,,,,,,,1048,60,6685,5,13,6,
25518011,25518012,s==16|Ma·Hạng Vũ 6 sao,6,1,1,145,5,255180122|255180132|255180142|255180152,5000,4000,0,20,10,0,25518,5,1,25403,5,1,2,5,3,,,,,,,,,,,,,
25518012,25518013,s==16|Ma·Hạng Vũ 7 sao,7,1,1,165,1,255180123,5000,4000,0,20,10,1000,2,5,4,,,,,,,,,,,,,,,,,,,
25518013,25518014,s==16|Ma·Hạng Vũ 8 sao,8,1,1,185,2,255180133,5000,4000,0,20,10,2000,2,5,3,2,6,1,,,,,,,,,,,,,,,,
25518014,25518015,s==16|Ma·Hạng Vũ 9 sao,9,1,1,205,3,255180143,5000,4000,0,20,10,5000,25518,5,1,2,5,2,2,6,1,,,,,,,,,,,,,
25518015,25518016,s==17|Ma·Hạng Vũ 10 sao,10,1,1,255,4,255180153,3000,2000,0,20,10,10000,25518,5,2,2,6,1,1,9,1,,,,,,,,,,,,,
25518016,25518017,s==17|Ma·Hạng Vũ 11 sao,11,105,95,285,0,,3000,2000,0,20,10,15000,25518,6,1,1,9,1,,,,,,,,,,,,,,,,
25518017,25518018,s==17|Ma·Hạng Vũ 12 sao,12,128,118,310,0,,3000,2000,0,20,10,20000,25518,6,1,1,10,1,,,,,,,,,,1048,20,,,,,
25518018,25518019,s==17|Ma·Hạng Vũ 13 sao,13,148,138,350,0,,3000,2000,0,20,10,25000,25518,6,1,2,9,1,1,10,1,,,,,,,1048,40,,,,,
25518019,,s==17|Ma·Hạng Vũ 14 sao,14,200,138,390,0,,3000,2000,0,20,10,30000,25518,9,1,2,10,1,1,11,1,,,,,,,1048,60,6685,5,13,6,
25518021,25518022,s==16|Ma·Hạng Vũ 6 sao,6,1,1,145,5,255180222|255180232|255180242|255180252,5000,4000,0,20,10,0,25518,5,1,25403,5,1,2,5,3,,,,,,,,,,,,,
25518022,25518023,s==16|Ma·Hạng Vũ 7 sao,7,1,1,165,1,255180223,5000,4000,0,20,10,1000,2,5,4,,,,,,,,,,,,,,,,,,,
25518023,25518024,s==16|Ma·Hạng Vũ 8 sao,8,1,1,185,2,255180233,5000,4000,0,20,10,2000,2,5,3,2,6,1,,,,,,,,,,,,,,,,
25518024,25518025,s==16|Ma·Hạng Vũ 9 sao,9,1,1,205,3,255180243,5000,4000,0,20,10,5000,25518,5,1,2,5,2,2,6,1,,,,,,,,,,,,,
25518025,25518026,s==17|Ma·Hạng Vũ 10 sao,10,1,1,255,4,255180253,3000,2000,0,20,10,10000,25518,5,2,2,6,1,1,9,1,,,,,,,,,,,,,
25518026,25518027,s==17|Ma·Hạng Vũ 11 sao,11,105,95,285,0,,3000,2000,0,20,10,15000,25518,6,1,1,9,1,,,,,,,,,,,,,,,,
25518027,25518028,s==17|Ma·Hạng Vũ 12 sao,12,128,118,310,0,,3000,2000,0,20,10,20000,25518,6,1,1,10,1,,,,,,,,,,1048,20,,,,,
25518028,25518029,s==17|Ma·Hạng Vũ 13 sao,13,148,138,350,0,,3000,2000,0,20,10,25000,25518,6,1,2,9,1,1,10,1,,,,,,,1048,40,,,,,
25518029,,s==17|Ma·Hạng Vũ 14 sao,14,200,138,390,0,,3000,2000,0,20,10,30000,25518,9,1,2,10,1,1,11,1,,,,,,,1048,60,6685,5,13,6,
25518031,25518032,s==16|Ma·Hạng Vũ 6 sao,6,1,1,145,5,255180322|255180332|255180342|255180352,5000,4000,0,20,10,0,25518,5,1,25403,5,1,2,5,3,,,,,,,,,,,,,
25518032,25518033,s==16|Ma·Hạng Vũ 7 sao,7,1,1,165,1,255180323,5000,4000,0,20,10,1000,2,5,4,,,,,,,,,,,,,,,,,,,
25518033,25518034,s==16|Ma·Hạng Vũ 8 sao,8,1,1,185,2,255180333,5000,4000,0,20,10,2000,2,5,3,2,6,1,,,,,,,,,,,,,,,,
25518034,25518035,s==16|Ma·Hạng Vũ 9 sao,9,1,1,205,3,255180343,5000,4000,0,20,10,5000,25518,5,1,2,5,2,2,6,1,,,,,,,,,,,,,
25518035,25518036,s==17|Ma·Hạng Vũ 10 sao,10,1,1,255,4,255180353,3000,2000,0,20,10,10000,25518,5,2,2,6,1,1,9,1,,,,,,,,,,,,,
25518036,25518037,s==17|Ma·Hạng Vũ 11 sao,11,105,95,285,0,,3000,2000,0,20,10,15000,25518,6,1,1,9,1,,,,,,,,,,,,,,,,
25518037,25518038,s==17|Ma·Hạng Vũ 12 sao,12,128,118,310,0,,3000,2000,0,20,10,20000,25518,6,1,1,10,1,,,,,,,,,,1048,20,,,,,
25518038,25518039,s==17|Ma·Hạng Vũ 13 sao,13,148,138,350,0,,3000,2000,0,20,10,25000,25518,6,1,2,9,1,1,10,1,,,,,,,1048,40,,,,,
25518039,,s==17|Ma·Hạng Vũ 14 sao,14,200,138,390,0,,3000,2000,0,20,10,30000,25518,9,1,2,10,1,1,11,1,,,,,,,1048,60,6685,5,13,6,
271011,271012,s==24|Tinh Nhuệ Tào Binh 6 sao,6,1,1,145,0,,5000,4000,0,20,10,0,23507,5,1,23401,5,1,2,5,3,,,,,,,,,,,,,
271012,271013,s==24|Tinh Nhuệ Tào Binh 7 sao,7,1,1,165,0,,5000,4000,0,20,10,1000,2,5,4,,,,,,,,,,,,,,,,,,,
271013,271014,s==24|Tinh Nhuệ Tào Binh 8 sao,8,1,1,185,0,,5000,4000,0,20,10,2000,2,5,3,2,6,1,,,,,,,,,,,,,,,,
271014,271015,s==24|Tinh Nhuệ Tào Binh 9 sao,9,1,1,205,0,,5000,4000,0,20,10,5000,23507,5,1,2,5,2,2,6,1,,,,,,,,,,,,,
271015,271016,s==25|Tinh Nhuệ Tào Binh 10 sao,10,1,1,255,0,,3000,2000,0,20,10,10000,23507,5,2,2,6,1,1,9,1,,,,,,,,,,,,,
271016,271017,s==25|Tinh Nhuệ Tào Binh 11 sao,11,105,95,285,0,,3000,2000,0,20,10,15000,23507,6,1,1,9,1,,,,,,,,,,,,,,,,
271017,271018,s==25|Tinh Nhuệ Tào Binh 12 sao,12,128,118,310,0,,3000,2000,0,20,10,20000,23507,6,1,1,10,1,,,,,,,,,,1048,20,,,,,
271018,271019,s==25|Tinh Nhuệ Tào Binh 13 sao,13,148,138,350,0,,3000,2000,0,20,10,25000,23507,6,1,2,9,1,1,10,1,,,,,,,1048,40,,,,,
271019,,s==25|Tinh Nhuệ Tào Binh 14 sao,14,200,138,390,0,,3000,2000,0,20,10,30000,23507,9,1,2,10,1,1,11,1,,,,,,,1048,60,6685,5,13,6,
272011,272012,s==25|Tinh Nhuệ Thục Binh 6 sao,6,1,1,145,0,,5000,4000,0,20,10,0,23507,5,1,23401,5,1,2,5,3,,,,,,,,,,,,,
272012,272013,s==25|Tinh Nhuệ Thục Binh 7 sao,7,1,1,165,0,,5000,4000,0,20,10,1000,2,5,4,,,,,,,,,,,,,,,,,,,
272013,272014,s==25|Tinh Nhuệ Thục Binh 8 sao,8,1,1,185,0,,5000,4000,0,20,10,2000,2,5,3,2,6,1,,,,,,,,,,,,,,,,
272014,272015,s==25|Tinh Nhuệ Thục Binh 9 sao,9,1,1,205,0,,5000,4000,0,20,10,5000,23507,5,1,2,5,2,2,6,1,,,,,,,,,,,,,
272015,272016,s==26|Tinh Nhuệ Thục Binh 10 sao,10,1,1,255,0,,3000,2000,0,20,10,10000,23507,5,2,2,6,1,1,9,1,,,,,,,,,,,,,
272016,272017,s==26|Tinh Nhuệ Thục Binh 11 sao,11,105,95,285,0,,3000,2000,0,20,10,15000,23507,6,1,1,9,1,,,,,,,,,,,,,,,,
272017,272018,s==26|Tinh Nhuệ Thục Binh 12 sao,12,128,118,310,0,,3000,2000,0,20,10,20000,23507,6,1,1,10,1,,,,,,,,,,1048,20,,,,,
272018,272019,s==26|Tinh Nhuệ Thục Binh 13 sao,13,148,138,350,0,,3000,2000,0,20,10,25000,23507,6,1,2,9,1,1,10,1,,,,,,,1048,40,,,,,
272019,,s==26|Tinh Nhuệ Thục Binh 14 sao,14,200,138,390,0,,3000,2000,0,20,10,30000,23507,9,1,2,10,1,1,11,1,,,,,,,1048,60,6685,5,13,6,
273011,273012,s==24|Tinh Nhuệ Ngô Binh 6 sao,6,1,1,145,0,,5000,4000,0,20,10,0,23507,5,1,23401,5,1,2,5,3,,,,,,,,,,,,,
273012,273013,s==24|Tinh Nhuệ Ngô Binh 7 sao,7,1,1,165,0,,5000,4000,0,20,10,1000,2,5,4,,,,,,,,,,,,,,,,,,,
273013,273014,s==24|Tinh Nhuệ Ngô Binh 8 sao,8,1,1,185,0,,5000,4000,0,20,10,2000,2,5,3,2,6,1,,,,,,,,,,,,,,,,
273014,273015,s==24|Tinh Nhuệ Ngô Binh 9 sao,9,1,1,205,0,,5000,4000,0,20,10,5000,23507,5,1,2,5,2,2,6,1,,,,,,,,,,,,,
273015,273016,s==25|Tinh Nhuệ Ngô Binh 10 sao,10,1,1,255,0,,3000,2000,0,20,10,10000,23507,5,2,2,6,1,1,9,1,,,,,,,,,,,,,
273016,273017,s==25|Tinh Nhuệ Ngô Binh 11 sao,11,105,95,285,0,,3000,2000,0,20,10,15000,23507,6,1,1,9,1,,,,,,,,,,,,,,,,
273017,273018,s==25|Tinh Nhuệ Ngô Binh 12 sao,12,128,118,310,0,,3000,2000,0,20,10,20000,23507,6,1,1,10,1,,,,,,,,,,1048,20,,,,,
273018,273019,s==25|Tinh Nhuệ Ngô Binh 13 sao,13,148,138,350,0,,3000,2000,0,20,10,25000,23507,6,1,2,9,1,1,10,1,,,,,,,1048,40,,,,,
273019,,s==25|Tinh Nhuệ Ngô Binh 14 sao,14,200,138,390,0,,3000,2000,0,20,10,30000,23507,9,1,2,10,1,1,11,1,,,,,,,1048,60,6685,5,13,6,
285011,285012,s==27|Mãnh Tướng Thạch Quái 6 sao,6,1,1,145,0,,5000,4000,0,20,10,0,23507,5,1,23401,5,1,2,5,3,,,,,,,,,,,,,
285012,285013,s==27|Mãnh Tướng Thạch Quái 7 sao,7,1,1,165,0,,5000,4000,0,20,10,1000,2,5,4,,,,,,,,,,,,,,,,,,,
285013,285014,s==27|Mãnh Tướng Thạch Quái 8 sao,8,1,1,185,0,,5000,4000,0,20,10,2000,2,5,3,2,6,1,,,,,,,,,,,,,,,,
285014,285015,s==27|Mãnh Tướng Thạch Quái 9 sao,9,1,1,205,0,,5000,4000,0,20,10,5000,23507,5,1,2,5,2,2,6,1,,,,,,,,,,,,,
285015,285016,s==28|Mãnh Tướng Thạch Quái 10 sao,10,1,1,255,0,,3000,2000,0,20,10,10000,23507,5,2,2,6,1,1,9,1,,,,,,,,,,,,,
285016,285017,s==28|Mãnh Tướng Thạch Quái 11 sao,11,105,95,285,0,,3000,2000,0,20,10,15000,23507,6,1,1,9,1,,,,,,,,,,,,,,,,
285017,285018,s==28|Mãnh Tướng Thạch Quái 12 sao,12,128,118,310,0,,3000,2000,0,20,10,20000,23507,6,1,1,10,1,,,,,,,,,,1048,20,,,,,
285018,285019,s==28|Mãnh Tướng Thạch Quái 13 sao,13,148,138,350,0,,3000,2000,0,20,10,25000,23507,6,1,2,9,1,1,10,1,,,,,,,1048,40,,,,,
285019,,s==28|Mãnh Tướng Thạch Quái 14 sao,14,200,138,390,0,,3000,2000,0,20,10,30000,23507,9,1,2,10,1,1,11,1,,,,,,,1048,60,6685,5,13,6,
285021,285022,s==22|Hổ Vệ Thạch Quái 6 sao,6,1,1,145,0,,5000,4000,0,20,10,0,23507,5,1,23401,5,1,2,5,3,,,,,,,,,,,,,
285022,285023,s==22|Hổ Vệ Thạch Quái 7 sao,7,1,1,165,0,,5000,4000,0,20,10,1000,2,5,4,,,,,,,,,,,,,,,,,,,
285023,285024,s==22|Hổ Vệ Thạch Quái 8 sao,8,1,1,185,0,,5000,4000,0,20,10,2000,2,5,3,2,6,1,,,,,,,,,,,,,,,,
285024,285025,s==22|Hổ Vệ Thạch Quái 9 sao,9,1,1,205,0,,5000,4000,0,20,10,5000,23507,5,1,2,5,2,2,6,1,,,,,,,,,,,,,
285025,285026,s==23|Hổ Vệ Thạch Quái 10 sao,10,1,1,255,0,,3000,2000,0,20,10,10000,23507,5,2,2,6,1,1,9,1,,,,,,,,,,,,,
285026,285027,s==23|Hổ Vệ Thạch Quái 11 sao,11,105,95,285,0,,3000,2000,0,20,10,15000,23507,6,1,1,9,1,,,,,,,,,,,,,,,,
285027,285028,s==23|Hổ Vệ Thạch Quái 12 sao,12,128,118,310,0,,3000,2000,0,20,10,20000,23507,6,1,1,10,1,,,,,,,,,,1048,20,,,,,
285028,285029,s==23|Hổ Vệ Thạch Quái 13 sao,13,148,138,350,0,,3000,2000,0,20,10,25000,23507,6,1,2,9,1,1,10,1,,,,,,,1048,40,,,,,
285029,,s==23|Hổ Vệ Thạch Quái 14 sao,14,200,138,390,0,,3000,2000,0,20,10,30000,23507,9,1,2,10,1,1,11,1,,,,,,,1048,60,6685,5,13,6,
285031,285032,s==25|Mưu Thần Thạch Quái 6 sao,6,1,1,145,0,,5000,4000,0,20,10,0,23507,5,1,23401,5,1,2,5,3,,,,,,,,,,,,,
285032,285033,s==25|Mưu Thần Thạch Quái 7 sao,7,1,1,165,0,,5000,4000,0,20,10,1000,2,5,4,,,,,,,,,,,,,,,,,,,
285033,285034,s==25|Mưu Thần Thạch Quái 8 sao,8,1,1,185,0,,5000,4000,0,20,10,2000,2,5,3,2,6,1,,,,,,,,,,,,,,,,
285034,285035,s==25|Mưu Thần Thạch Quái 9 sao,9,1,1,205,0,,5000,4000,0,20,10,5000,23507,5,1,2,5,2,2,6,1,,,,,,,,,,,,,
285035,285036,s==26|Mưu Thần Thạch Quái 10 sao,10,1,1,255,0,,3000,2000,0,20,10,10000,23507,5,2,2,6,1,1,9,1,,,,,,,,,,,,,
285036,285037,s==26|Mưu Thần Thạch Quái 11 sao,11,105,95,285,0,,3000,2000,0,20,10,15000,23507,6,1,1,9,1,,,,,,,,,,,,,,,,
285037,285038,s==26|Mưu Thần Thạch Quái 12 sao,12,128,118,310,0,,3000,2000,0,20,10,20000,23507,6,1,1,10,1,,,,,,,,,,1048,20,,,,,
285038,285039,s==26|Mưu Thần Thạch Quái 13 sao,13,148,138,350,0,,3000,2000,0,20,10,25000,23507,6,1,2,9,1,1,10,1,,,,,,,1048,40,,,,,
285039,,s==26|Mưu Thần Thạch Quái 14 sao,14,200,138,390,0,,3000,2000,0,20,10,30000,23507,9,1,2,10,1,1,11,1,,,,,,,1048,60,6685,5,13,6,
285041,285042,s==26|Phương Sĩ Thạch Quái 6 sao,6,1,1,145,0,,5000,4000,0,20,10,0,23507,5,1,23401,5,1,2,5,3,,,,,,,,,,,,,
285042,285043,s==26|Phương Sĩ Thạch Quái 7 sao,7,1,1,165,0,,5000,4000,0,20,10,1000,2,5,4,,,,,,,,,,,,,,,,,,,
285043,285044,s==26|Phương Sĩ Thạch Quái 8 sao,8,1,1,185,0,,5000,4000,0,20,10,2000,2,5,3,2,6,1,,,,,,,,,,,,,,,,
285044,285045,s==26|Phương Sĩ Thạch Quái 9 sao,9,1,1,205,0,,5000,4000,0,20,10,5000,23507,5,1,2,5,2,2,6,1,,,,,,,,,,,,,
285045,285046,s==27|Phương Sĩ Thạch Quái 10 sao,10,1,1,255,0,,3000,2000,0,20,10,10000,23507,5,2,2,6,1,1,9,1,,,,,,,,,,,,,
285046,285047,s==27|Phương Sĩ Thạch Quái 11 sao,11,105,95,285,0,,3000,2000,0,20,10,15000,23507,6,1,1,9,1,,,,,,,,,,,,,,,,
285047,285048,s==27|Phương Sĩ Thạch Quái 12 sao,12,128,118,310,0,,3000,2000,0,20,10,20000,23507,6,1,1,10,1,,,,,,,,,,1048,20,,,,,
285048,285049,s==27|Phương Sĩ Thạch Quái 13 sao,13,148,138,350,0,,3000,2000,0,20,10,25000,23507,6,1,2,9,1,1,10,1,,,,,,,1048,40,,,,,
285049,,s==27|Phương Sĩ Thạch Quái 14 sao,14,200,138,390,0,,3000,2000,0,20,10,30000,23507,9,1,2,10,1,1,11,1,,,,,,,1048,60,6685,5,13,6,
285051,285052,s==25|Tinh Thể Thạch Quái 6 sao,6,1,1,145,0,,5000,4000,0,20,10,0,23507,5,1,23401,5,1,2,5,3,,,,,,,,,,,,,
285052,285053,s==25|Tinh Thể Thạch Quái 7 sao,7,1,1,165,0,,5000,4000,0,20,10,1000,2,5,4,,,,,,,,,,,,,,,,,,,
285053,285054,s==25|Tinh Thể Thạch Quái 8 sao,8,1,1,185,0,,5000,4000,0,20,10,2000,2,5,3,2,6,1,,,,,,,,,,,,,,,,
285054,285055,s==25|Tinh Thể Thạch Quái 9 sao,9,1,1,205,0,,5000,4000,0,20,10,5000,23507,5,1,2,5,2,2,6,1,,,,,,,,,,,,,
285055,285056,s==26|Tinh Thể Thạch Quái 10 sao,10,1,1,255,0,,3000,2000,0,20,10,10000,23507,5,2,2,6,1,1,9,1,,,,,,,,,,,,,
285056,285057,s==26|Tinh Thể Thạch Quái 11 sao,11,105,95,285,0,,3000,2000,0,20,10,15000,23507,6,1,1,9,1,,,,,,,,,,,,,,,,
285057,285058,s==26|Tinh Thể Thạch Quái 12 sao,12,128,118,310,0,,3000,2000,0,20,10,20000,23507,6,1,1,10,1,,,,,,,,,,1048,20,,,,,
285058,285059,s==26|Tinh Thể Thạch Quái 13 sao,13,148,138,350,0,,3000,2000,0,20,10,25000,23507,6,1,2,9,1,1,10,1,,,,,,,1048,40,,,,,
285059,,s==26|Tinh Thể Thạch Quái 14 sao,14,200,138,390,0,,3000,2000,0,20,10,30000,23507,9,1,2,10,1,1,11,1,,,,,,,1048,60,6685,5,13,6,
450011,450012,s==16|Sa Mạc Cốc 6 sao,6,1,1,145,0,,5000,4000,0,20,10,0,23507,5,1,23401,5,1,2,5,3,,,,,,,,,,,,,
450012,450013,s==16|Sa Mạc Cốc 7 sao,7,1,1,165,0,,5000,4000,0,20,10,1000,2,5,4,,,,,,,,,,,,,,,,,,,
450013,450014,s==16|Sa Mạc Cốc 8 sao,8,1,1,185,0,,5000,4000,0,20,10,2000,2,5,3,2,6,1,,,,,,,,,,,,,,,,
450014,450015,s==16|Sa Mạc Cốc 9 sao,9,1,1,205,0,,5000,4000,0,20,10,5000,23507,5,1,2,5,2,2,6,1,,,,,,,,,,,,,
450015,450016,s==17|Sa Mạc Cốc 10 sao,10,1,1,255,0,,3000,2000,0,20,10,10000,23507,5,2,2,6,1,1,9,1,,,,,,,,,,,,,
450016,450017,s==17|Sa Mạc Cốc 11 sao,11,105,95,285,0,,3000,2000,0,20,10,15000,23507,6,1,1,9,1,,,,,,,,,,,,,,,,
450017,450018,s==17|Sa Mạc Cốc 12 sao,12,128,118,310,0,,3000,2000,0,20,10,20000,23507,6,1,1,10,1,,,,,,,,,,1048,20,,,,,
450018,450019,s==17|Sa Mạc Cốc 13 sao,13,148,138,350,0,,3000,2000,0,20,10,25000,23507,6,1,2,9,1,1,10,1,,,,,,,1048,40,,,,,
450019,,s==17|Sa Mạc Cốc 14 sao,14,200,138,390,0,,3000,2000,0,20,10,30000,23507,9,1,2,10,1,1,11,1,,,,,,,1048,60,6685,5,13,6,
450021,450022,s==22|Bắc Cung Bá Ngọc 6 sao,6,1,1,145,0,,5000,4000,0,20,10,0,23507,5,1,23401,5,1,2,5,3,,,,,,,,,,,,,
450022,450023,s==22|Bắc Cung Bá Ngọc 7 sao,7,1,1,165,0,,5000,4000,0,20,10,1000,2,5,4,,,,,,,,,,,,,,,,,,,
450023,450024,s==22|Bắc Cung Bá Ngọc 8 sao,8,1,1,185,0,,5000,4000,0,20,10,2000,2,5,3,2,6,1,,,,,,,,,,,,,,,,
450024,450025,s==22|Bắc Cung Bá Ngọc 9 sao,9,1,1,205,0,,5000,4000,0,20,10,5000,23507,5,1,2,5,2,2,6,1,,,,,,,,,,,,,
450025,450026,s==23|Bắc Cung Bá Ngọc 10 sao,10,1,1,255,0,,3000,2000,0,20,10,10000,23507,5,2,2,6,1,1,9,1,,,,,,,,,,,,,
450026,450027,s==23|Bắc Cung Bá Ngọc 11 sao,11,105,95,285,0,,3000,2000,0,20,10,15000,23507,6,1,1,9,1,,,,,,,,,,,,,,,,
450027,450028,s==23|Bắc Cung Bá Ngọc 12 sao,12,128,118,310,0,,3000,2000,0,20,10,20000,23507,6,1,1,10,1,,,,,,,,,,1048,20,,,,,
450028,450029,s==23|Bắc Cung Bá Ngọc 13 sao,13,148,138,350,0,,3000,2000,0,20,10,25000,23507,6,1,2,9,1,1,10,1,,,,,,,1048,40,,,,,
450029,,s==23|Bắc Cung Bá Ngọc 14 sao,14,200,138,390,0,,3000,2000,0,20,10,30000,23507,9,1,2,10,1,1,11,1,,,,,,,1048,60,6685,5,13,6,
460011,460012,s==24|Tinh Nhuệ Ngô Binh 6 sao,6,1,1,145,0,,5000,4000,0,20,10,0,23507,5,1,23401,5,1,2,5,3,,,,,,,,,,,,,
460012,460013,s==24|Tinh Nhuệ Ngô Binh 7 sao,7,1,1,165,0,,5000,4000,0,20,10,1000,2,5,4,,,,,,,,,,,,,,,,,,,
460013,460014,s==24|Tinh Nhuệ Ngô Binh 8 sao,8,1,1,185,0,,5000,4000,0,20,10,2000,2,5,3,2,6,1,,,,,,,,,,,,,,,,
460014,460015,s==24|Tinh Nhuệ Ngô Binh 9 sao,9,1,1,205,0,,5000,4000,0,20,10,5000,23507,5,1,2,5,2,2,6,1,,,,,,,,,,,,,
460015,460016,s==25|Tinh Nhuệ Ngô Binh 10 sao,10,1,1,255,0,,3000,2000,0,20,10,10000,23507,5,2,2,6,1,1,9,1,,,,,,,,,,,,,
460016,460017,s==25|Tinh Nhuệ Ngô Binh 11 sao,11,105,95,285,0,,3000,2000,0,20,10,15000,23507,6,1,1,9,1,,,,,,,,,,,,,,,,
460017,460018,s==25|Tinh Nhuệ Ngô Binh 12 sao,12,128,118,310,0,,3000,2000,0,20,10,20000,23507,6,1,1,10,1,,,,,,,,,,1048,20,,,,,
460018,460019,s==25|Tinh Nhuệ Ngô Binh 13 sao,13,148,138,350,0,,3000,2000,0,20,10,25000,23507,6,1,2,9,1,1,10,1,,,,,,,1048,40,,,,,
460019,,s==25|Tinh Nhuệ Ngô Binh 14 sao,14,200,138,390,0,,3000,2000,0,20,10,30000,23507,9,1,2,10,1,1,11,1,,,,,,,1048,60,6685,5,13,6,
460021,460022,s==24|Tinh Nhuệ Ngô Binh 6 sao,6,1,1,145,0,,5000,4000,0,20,10,0,23507,5,1,23401,5,1,2,5,3,,,,,,,,,,,,,
460022,460023,s==24|Tinh Nhuệ Ngô Binh 7 sao,7,1,1,165,0,,5000,4000,0,20,10,1000,2,5,4,,,,,,,,,,,,,,,,,,,
460023,460024,s==24|Tinh Nhuệ Ngô Binh 8 sao,8,1,1,185,0,,5000,4000,0,20,10,2000,2,5,3,2,6,1,,,,,,,,,,,,,,,,
460024,460025,s==24|Tinh Nhuệ Ngô Binh 9 sao,9,1,1,205,0,,5000,4000,0,20,10,5000,23507,5,1,2,5,2,2,6,1,,,,,,,,,,,,,
460025,460026,s==25|Tinh Nhuệ Ngô Binh 10 sao,10,1,1,255,0,,3000,2000,0,20,10,10000,23507,5,2,2,6,1,1,9,1,,,,,,,,,,,,,
460026,460027,s==25|Tinh Nhuệ Ngô Binh 11 sao,11,105,95,285,0,,3000,2000,0,20,10,15000,23507,6,1,1,9,1,,,,,,,,,,,,,,,,
460027,460028,s==25|Tinh Nhuệ Ngô Binh 12 sao,12,128,118,310,0,,3000,2000,0,20,10,20000,23507,6,1,1,10,1,,,,,,,,,,1048,20,,,,,
460028,460029,s==25|Tinh Nhuệ Ngô Binh 13 sao,13,148,138,350,0,,3000,2000,0,20,10,25000,23507,6,1,2,9,1,1,10,1,,,,,,,1048,40,,,,,
460029,,s==25|Tinh Nhuệ Ngô Binh 14 sao,14,200,138,390,0,,3000,2000,0,20,10,30000,23507,9,1,2,10,1,1,11,1,,,,,,,1048,60,6685,5,13,6,
460031,460032,s==24|Tinh Nhuệ Ngô Binh 6 sao,6,1,1,145,0,,5000,4000,0,20,10,0,23507,5,1,23401,5,1,2,5,3,,,,,,,,,,,,,
460032,460033,s==24|Tinh Nhuệ Ngô Binh 7 sao,7,1,1,165,0,,5000,4000,0,20,10,1000,2,5,4,,,,,,,,,,,,,,,,,,,
460033,460034,s==24|Tinh Nhuệ Ngô Binh 8 sao,8,1,1,185,0,,5000,4000,0,20,10,2000,2,5,3,2,6,1,,,,,,,,,,,,,,,,
460034,460035,s==24|Tinh Nhuệ Ngô Binh 9 sao,9,1,1,205,0,,5000,4000,0,20,10,5000,23507,5,1,2,5,2,2,6,1,,,,,,,,,,,,,
460035,460036,s==25|Tinh Nhuệ Ngô Binh 10 sao,10,1,1,255,0,,3000,2000,0,20,10,10000,23507,5,2,2,6,1,1,9,1,,,,,,,,,,,,,
460036,460037,s==25|Tinh Nhuệ Ngô Binh 11 sao,11,105,95,285,0,,3000,2000,0,20,10,15000,23507,6,1,1,9,1,,,,,,,,,,,,,,,,
460037,460038,s==25|Tinh Nhuệ Ngô Binh 12 sao,12,128,118,310,0,,3000,2000,0,20,10,20000,23507,6,1,1,10,1,,,,,,,,,,1048,20,,,,,
460038,460039,s==25|Tinh Nhuệ Ngô Binh 13 sao,13,148,138,350,0,,3000,2000,0,20,10,25000,23507,6,1,2,9,1,1,10,1,,,,,,,1048,40,,,,,
460039,,s==25|Tinh Nhuệ Ngô Binh 14 sao,14,200,138,390,0,,3000,2000,0,20,10,30000,23507,9,1,2,10,1,1,11,1,,,,,,,1048,60,6685,5,13,6,
460041,460042,s==24|Tinh Nhuệ Ngô Binh 6 sao,6,1,1,145,0,,5000,4000,0,20,10,0,23507,5,1,23401,5,1,2,5,3,,,,,,,,,,,,,
460042,460043,s==24|Tinh Nhuệ Ngô Binh 7 sao,7,1,1,165,0,,5000,4000,0,20,10,1000,2,5,4,,,,,,,,,,,,,,,,,,,
460043,460044,s==24|Tinh Nhuệ Ngô Binh 8 sao,8,1,1,185,0,,5000,4000,0,20,10,2000,2,5,3,2,6,1,,,,,,,,,,,,,,,,
460044,460045,s==24|Tinh Nhuệ Ngô Binh 9 sao,9,1,1,205,0,,5000,4000,0,20,10,5000,23507,5,1,2,5,2,2,6,1,,,,,,,,,,,,,
460045,460046,s==25|Tinh Nhuệ Ngô Binh 10 sao,10,1,1,255,0,,3000,2000,0,20,10,10000,23507,5,2,2,6,1,1,9,1,,,,,,,,,,,,,
460046,460047,s==25|Tinh Nhuệ Ngô Binh 11 sao,11,105,95,285,0,,3000,2000,0,20,10,15000,23507,6,1,1,9,1,,,,,,,,,,,,,,,,
460047,460048,s==25|Tinh Nhuệ Ngô Binh 12 sao,12,128,118,310,0,,3000,2000,0,20,10,20000,23507,6,1,1,10,1,,,,,,,,,,1048,20,,,,,
460048,460049,s==25|Tinh Nhuệ Ngô Binh 13 sao,13,148,138,350,0,,3000,2000,0,20,10,25000,23507,6,1,2,9,1,1,10,1,,,,,,,1048,40,,,,,
460049,,s==25|Tinh Nhuệ Ngô Binh 14 sao,14,200,138,390,0,,3000,2000,0,20,10,30000,23507,9,1,2,10,1,1,11,1,,,,,,,1048,60,6685,5,13,6,
460051,460052,s==24|Tinh Nhuệ Ngô Binh 6 sao,6,1,1,145,0,,5000,4000,0,20,10,0,23507,5,1,23401,5,1,2,5,3,,,,,,,,,,,,,
460052,460053,s==24|Tinh Nhuệ Ngô Binh 7 sao,7,1,1,165,0,,5000,4000,0,20,10,1000,2,5,4,,,,,,,,,,,,,,,,,,,
460053,460054,s==24|Tinh Nhuệ Ngô Binh 8 sao,8,1,1,185,0,,5000,4000,0,20,10,2000,2,5,3,2,6,1,,,,,,,,,,,,,,,,
460054,460055,s==24|Tinh Nhuệ Ngô Binh 9 sao,9,1,1,205,0,,5000,4000,0,20,10,5000,23507,5,1,2,5,2,2,6,1,,,,,,,,,,,,,
460055,460056,s==25|Tinh Nhuệ Ngô Binh 10 sao,10,1,1,255,0,,3000,2000,0,20,10,10000,23507,5,2,2,6,1,1,9,1,,,,,,,,,,,,,
460056,460057,s==25|Tinh Nhuệ Ngô Binh 11 sao,11,105,95,285,0,,3000,2000,0,20,10,15000,23507,6,1,1,9,1,,,,,,,,,,,,,,,,
460057,460058,s==25|Tinh Nhuệ Ngô Binh 12 sao,12,128,118,310,0,,3000,2000,0,20,10,20000,23507,6,1,1,10,1,,,,,,,,,,1048,20,,,,,
460058,460059,s==25|Tinh Nhuệ Ngô Binh 13 sao,13,148,138,350,0,,3000,2000,0,20,10,25000,23507,6,1,2,9,1,1,10,1,,,,,,,1048,40,,,,,
460059,,s==25|Tinh Nhuệ Ngô Binh 14 sao,14,200,138,390,0,,3000,2000,0,20,10,30000,23507,9,1,2,10,1,1,11,1,,,,,,,1048,60,6685,5,13,6,
460061,460062,s==24|Tinh Nhuệ Ngô Binh 6 sao,6,1,1,145,0,,5000,4000,0,20,10,0,23507,5,1,23401,5,1,2,5,3,,,,,,,,,,,,,
460062,460063,s==24|Tinh Nhuệ Ngô Binh 7 sao,7,1,1,165,0,,5000,4000,0,20,10,1000,2,5,4,,,,,,,,,,,,,,,,,,,
460063,460064,s==24|Tinh Nhuệ Ngô Binh 8 sao,8,1,1,185,0,,5000,4000,0,20,10,2000,2,5,3,2,6,1,,,,,,,,,,,,,,,,
460064,460065,s==24|Tinh Nhuệ Ngô Binh 9 sao,9,1,1,205,0,,5000,4000,0,20,10,5000,23507,5,1,2,5,2,2,6,1,,,,,,,,,,,,,
460065,460066,s==25|Tinh Nhuệ Ngô Binh 10 sao,10,1,1,255,0,,3000,2000,0,20,10,10000,23507,5,2,2,6,1,1,9,1,,,,,,,,,,,,,
460066,460067,s==25|Tinh Nhuệ Ngô Binh 11 sao,11,105,95,285,0,,3000,2000,0,20,10,15000,23507,6,1,1,9,1,,,,,,,,,,,,,,,,
460067,460068,s==25|Tinh Nhuệ Ngô Binh 12 sao,12,128,118,310,0,,3000,2000,0,20,10,20000,23507,6,1,1,10,1,,,,,,,,,,1048,20,,,,,
460068,460069,s==25|Tinh Nhuệ Ngô Binh 13 sao,13,148,138,350,0,,3000,2000,0,20,10,25000,23507,6,1,2,9,1,1,10,1,,,,,,,1048,40,,,,,
460069,,s==25|Tinh Nhuệ Ngô Binh 14 sao,14,200,138,390,0,,3000,2000,0,20,10,30000,23507,9,1,2,10,1,1,11,1,,,,,,,1048,60,6685,5,13,6,
460071,460072,s==24|Tinh Nhuệ Ngô Binh 6 sao,6,1,1,145,0,,5000,4000,0,20,10,0,23507,5,1,23401,5,1,2,5,3,,,,,,,,,,,,,
460072,460073,s==24|Tinh Nhuệ Ngô Binh 7 sao,7,1,1,165,0,,5000,4000,0,20,10,1000,2,5,4,,,,,,,,,,,,,,,,,,,
460073,460074,s==24|Tinh Nhuệ Ngô Binh 8 sao,8,1,1,185,0,,5000,4000,0,20,10,2000,2,5,3,2,6,1,,,,,,,,,,,,,,,,
460074,460075,s==24|Tinh Nhuệ Ngô Binh 9 sao,9,1,1,205,0,,5000,4000,0,20,10,5000,23507,5,1,2,5,2,2,6,1,,,,,,,,,,,,,
460075,460076,s==25|Tinh Nhuệ Ngô Binh 10 sao,10,1,1,255,0,,3000,2000,0,20,10,10000,23507,5,2,2,6,1,1,9,1,,,,,,,,,,,,,
460076,460077,s==25|Tinh Nhuệ Ngô Binh 11 sao,11,105,95,285,0,,3000,2000,0,20,10,15000,23507,6,1,1,9,1,,,,,,,,,,,,,,,,
460077,460078,s==25|Tinh Nhuệ Ngô Binh 12 sao,12,128,118,310,0,,3000,2000,0,20,10,20000,23507,6,1,1,10,1,,,,,,,,,,1048,20,,,,,
460078,460079,s==25|Tinh Nhuệ Ngô Binh 13 sao,13,148,138,350,0,,3000,2000,0,20,10,25000,23507,6,1,2,9,1,1,10,1,,,,,,,1048,40,,,,,
460079,,s==25|Tinh Nhuệ Ngô Binh 14 sao,14,200,138,390,0,,3000,2000,0,20,10,30000,23507,9,1,2,10,1,1,11,1,,,,,,,1048,60,6685,5,13,6,
480011,480012,s==24|Tinh Nhuệ Ngô Binh 6 sao,6,1,1,145,0,,5000,4000,0,20,10,0,23507,5,1,23401,5,1,2,5,3,,,,,,,,,,,,,
480012,480013,s==24|Tinh Nhuệ Ngô Binh 7 sao,7,1,1,165,0,,5000,4000,0,20,10,1000,2,5,4,,,,,,,,,,,,,,,,,,,
480013,480014,s==24|Tinh Nhuệ Ngô Binh 8 sao,8,1,1,185,0,,5000,4000,0,20,10,2000,2,5,3,2,6,1,,,,,,,,,,,,,,,,
480014,480015,s==24|Tinh Nhuệ Ngô Binh 9 sao,9,1,1,205,0,,5000,4000,0,20,10,5000,23507,5,1,2,5,2,2,6,1,,,,,,,,,,,,,
480015,480016,s==25|Tinh Nhuệ Ngô Binh 10 sao,10,1,1,255,0,,3000,2000,0,20,10,10000,23507,5,2,2,6,1,1,9,1,,,,,,,,,,,,,
480016,480017,s==25|Tinh Nhuệ Ngô Binh 11 sao,11,105,95,285,0,,3000,2000,0,20,10,15000,23507,6,1,1,9,1,,,,,,,,,,,,,,,,
480017,480018,s==25|Tinh Nhuệ Ngô Binh 12 sao,12,128,118,310,0,,3000,2000,0,20,10,20000,23507,6,1,1,10,1,,,,,,,,,,1048,20,,,,,
480018,480019,s==25|Tinh Nhuệ Ngô Binh 13 sao,13,148,138,350,0,,3000,2000,0,20,10,25000,23507,6,1,2,9,1,1,10,1,,,,,,,1048,40,,,,,
480019,,s==25|Tinh Nhuệ Ngô Binh 14 sao,14,200,138,390,0,,3000,2000,0,20,10,30000,23507,9,1,2,10,1,1,11,1,,,,,,,1048,60,6685,5,13,6,
800011,800012,s==14|Bỉ Mi Hô 6 sao,6,1,1,145,5,8000121|8000131|8000141|8000151,5000,4000,0,20,10,0,25505,5,1,25403,5,1,2,5,3,,,,,,,,,,,,,
800012,800013,s==14|Bỉ Mi Hô 7 sao,7,1,1,165,1,8000121,5000,4000,0,20,10,1000,2,5,4,,,,,,,,,,,,,,,,,,,
800013,800014,s==14|Bỉ Mi Hô 8 sao,8,1,1,185,2,8000131,5000,4000,0,20,10,2000,2,5,3,2,6,1,,,,,,,,,,,,,,,,
800014,800015,s==14|Bỉ Mi Hô 9 sao,9,1,1,205,3,8000141,5000,4000,0,20,10,5000,25505,5,1,2,5,2,2,6,1,,,,,,,,,,,,,
800015,800016,s==15|Bỉ Mi Hô 10 sao,10,1,1,255,4,8000151,3000,2000,0,20,10,10000,25505,5,2,2,6,1,1,9,1,,,,,,,,,,,,,
800016,800017,s==15|Bỉ Mi Hô 11 sao,11,105,95,285,0,,3000,2000,0,20,10,15000,25505,6,1,1,9,1,,,,,,,,,,,,,,,,
800017,800018,s==15|Bỉ Mi Hô 12 sao,12,128,118,310,0,,3000,2000,0,20,10,20000,25505,6,1,1,10,1,,,,,,,,,,1048,20,,,,,
800018,800019,s==15|Bỉ Mi Hô 13 sao,13,148,138,350,0,,3000,2000,0,20,10,25000,25505,6,1,2,9,1,1,10,1,,,,,,,1048,40,,,,,
800019,,s==15|Bỉ Mi Hô 14 sao,14,200,138,390,0,,3000,2000,0,20,10,30000,25505,9,1,2,10,1,1,11,1,,,,,,,1048,60,6685,5,13,6,
2450101,2450102,s==21|Thần·Điền Phong 6 sao,6,1,1,145,5,2450122|2450132|2450142,5000,4000,0,20,10,0,24501,5,1,24401,5,1,2,5,3,,,,,,,,,,,,,
2450102,2450103,s==21|Thần·Điền Phong 7 sao,7,1,1,165,1,2450123,5000,4000,0,20,10,1000,2,5,4,,,,,,,,,,,,,,,,,,,
2450103,2450104,s==21|Thần·Điền Phong 8 sao,8,1,1,185,2,2450133,5000,4000,0,20,10,2000,2,5,3,2,6,1,,,,,,,,,,,,,,,,
2450104,2450105,s==21|Thần·Điền Phong 9 sao,9,1,1,205,3,2450143,5000,4000,0,20,10,5000,24501,5,1,2,5,2,2,6,1,,,,,,,,,,,,,
2450105,2450106,s==22|Thần·Điền Phong 10 sao,10,1,1,255,0,,3000,2000,0,20,10,10000,24501,5,2,2,6,1,1,9,1,,,,,,,,,,,,,
2450106,2450107,s==22|Thần·Điền Phong 11 sao,11,105,95,285,0,,3000,2000,0,20,10,15000,24501,6,1,1,9,1,,,,,,,,,,,,,,,,
2450107,2450108,s==22|Thần·Điền Phong 12 sao,12,128,118,310,0,,3000,2000,0,20,10,20000,24501,6,1,1,10,1,,,,,,,,,,1048,20,,,,,
2450108,2450109,s==22|Thần·Điền Phong 13 sao,13,148,138,350,0,,3000,2000,0,20,10,25000,24501,6,1,2,9,1,1,10,1,,,,,,,1048,40,,,,,
2450109,,s==22|Thần·Điền Phong 14 sao,14,200,138,390,0,,3000,2000,0,20,10,30000,24501,9,1,2,10,1,1,11,1,,,,,,,1048,60,6685,5,13,6,
301011,301012,s==25|Quân Chủ Mãnh Tướng 6 sao,6,1,1,145,0,,5000,4000,0,20,10,0,1,5,4,,,,,,,,,,,,,,,,,,,
301012,301013,s==25|Quân Chủ Mãnh Tướng 7 sao,7,1,1,165,0,,5000,4000,0,20,10,1000,1,5,4,,,,,,,,,,,,,,,,,,,
301013,301014,s==25|Quân Chủ Mãnh Tướng 8 sao,8,1,1,185,0,,5000,4000,0,20,10,2000,1,5,4,,,,,,,,,,,,,,,,,,,
301014,301015,s==25|Quân Chủ Mãnh Tướng 9 sao,9,1,1,205,0,,5000,4000,0,20,10,5000,1,5,4,,,,,,,,,,,,,,,,,,,
301015,301016,s==26|Quân Chủ Mãnh Tướng 10 sao,10,1,1,255,0,,3000,2000,0,20,10,10000,1,5,4,,,,,,,,,,,,,,,,,,,
301016,301017,s==26|Quân Chủ Mãnh Tướng 11 sao,11,105,95,285,0,,3000,2000,0,20,10,15000,1,5,4,,,,,,,,,,,,,,,,,,,
301017,301018,s==26|Quân Chủ Mãnh Tướng 12 sao,12,128,118,310,0,,3000,2000,0,20,10,20000,1,5,4,,,,,,,,,,,,,,,,,,,
301018,301019,s==26|Quân Chủ Mãnh Tướng 13 sao,13,148,138,350,0,,3000,2000,0,20,10,25000,1,5,4,,,,,,,,,,,,,,,,,,,
301019,,s==26|Quân Chủ Mãnh Tướng 14 sao,14,200,138,390,0,,3000,2000,0,20,10,30000,24501,9,1,2,10,1,1,11,1,,,,,,,1048,60,6685,5,13,6,
301021,301022,s==22|Quân Chủ Trấn Vệ 6 sao,6,1,1,145,0,,5000,4000,0,20,10,0,1,5,4,,,,,,,,,,,,,,,,,,,
301022,301023,s==22|Quân Chủ Trấn Vệ 7 sao,7,1,1,165,0,,5000,4000,0,20,10,1000,1,5,4,,,,,,,,,,,,,,,,,,,
301023,301024,s==22|Quân Chủ Trấn Vệ 8 sao,8,1,1,185,0,,5000,4000,0,20,10,2000,1,5,4,,,,,,,,,,,,,,,,,,,
301024,301025,s==22|Quân Chủ Trấn Vệ 9 sao,9,1,1,205,0,,5000,4000,0,20,10,5000,1,5,4,,,,,,,,,,,,,,,,,,,
301025,301026,s==23|Quân Chủ Trấn Vệ 10 sao,10,1,1,255,0,,3000,2000,0,20,10,10000,1,5,4,,,,,,,,,,,,,,,,,,,
301026,301027,s==23|Quân Chủ Trấn Vệ 11 sao,11,105,95,285,0,,3000,2000,0,20,10,15000,1,5,4,,,,,,,,,,,,,,,,,,,
301027,301028,s==23|Quân Chủ Trấn Vệ 12 sao,12,128,118,310,0,,3000,2000,0,20,10,20000,1,5,4,,,,,,,,,,,,,,,,,,,
301028,301029,s==23|Quân Chủ Trấn Vệ 13 sao,13,148,138,350,0,,3000,2000,0,20,10,25000,1,5,4,,,,,,,,,,,,,,,,,,,
301029,,s==23|Quân Chủ Trấn Vệ 14 sao,14,200,138,390,0,,3000,2000,0,20,10,30000,24501,9,1,2,10,1,1,11,1,,,,,,,1048,60,6685,5,13,6,
301031,301032,s==23|Quân Chủ Mưu Thần 6 sao,6,1,1,145,0,,5000,4000,0,20,10,0,1,5,4,,,,,,,,,,,,,,,,,,,
301032,301033,s==23|Quân Chủ Mưu Thần 7 sao,7,1,1,165,0,,5000,4000,0,20,10,1000,1,5,4,,,,,,,,,,,,,,,,,,,
301033,301034,s==23|Quân Chủ Mưu Thần 8 sao,8,1,1,185,0,,5000,4000,0,20,10,2000,1,5,4,,,,,,,,,,,,,,,,,,,
301034,301035,s==23|Quân Chủ Mưu Thần 9 sao,9,1,1,205,0,,5000,4000,0,20,10,5000,1,5,4,,,,,,,,,,,,,,,,,,,
301035,301036,s==24|Quân Chủ Mưu Thần 10 sao,10,1,1,255,0,,3000,2000,0,20,10,10000,1,5,4,,,,,,,,,,,,,,,,,,,
301036,301037,s==24|Quân Chủ Mưu Thần 11 sao,11,105,95,285,0,,3000,2000,0,20,10,15000,1,5,4,,,,,,,,,,,,,,,,,,,
301037,301038,s==24|Quân Chủ Mưu Thần 12 Sao,12,128,118,310,0,,3000,2000,0,20,10,20000,1,5,4,,,,,,,,,,,,,,,,,,,
301038,301039,s==24|Quân Chủ Mưu Thần 13 Sao,13,148,138,350,0,,3000,2000,0,20,10,25000,1,5,4,,,,,,,,,,,,,,,,,,,
301039,,s==24|Quân Chủ Mưu Thần 14 Sao,14,200,138,390,0,,3000,2000,0,20,10,30000,24501,9,1,2,10,1,1,11,1,,,,,,,1048,60,6685,5,13,6,
301041,301042,s==24|Quân Chủ Phương Sĩ 6 Sao,6,1,1,145,0,,5000,4000,0,20,10,0,1,5,4,,,,,,,,,,,,,,,,,,,
301042,301043,s==24|Quân Chủ Phương Sĩ 7 Sao,7,1,1,165,0,,5000,4000,0,20,10,1000,1,5,4,,,,,,,,,,,,,,,,,,,
301043,301044,s==24|Quân Chủ Phương Sĩ 8 Sao,8,1,1,185,0,,5000,4000,0,20,10,2000,1,5,4,,,,,,,,,,,,,,,,,,,
301044,301045,s==24|Quân Chủ Phương Sĩ 9 Sao,9,1,1,205,0,,5000,4000,0,20,10,5000,1,5,4,,,,,,,,,,,,,,,,,,,
301045,301046,s==25|Quân Chủ Phương Sĩ 10 Sao,10,1,1,255,0,,3000,2000,0,20,10,10000,1,5,4,,,,,,,,,,,,,,,,,,,
301046,301047,s==25|Quân Chủ Phương Sĩ 11 Sao,11,105,95,285,0,,3000,2000,0,20,10,15000,1,5,4,,,,,,,,,,,,,,,,,,,
301047,301048,s==25|Quân Chủ Phương Sĩ 12 Sao,12,128,118,310,0,,3000,2000,0,20,10,20000,1,5,4,,,,,,,,,,,,,,,,,,,
301048,301049,s==25|Quân Chủ Phương Sĩ 13 Sao,13,148,138,350,0,,3000,2000,0,20,10,25000,1,5,4,,,,,,,,,,,,,,,,,,,
301049,,s==25|Quân Chủ Phương Sĩ 14 Sao,14,200,138,390,0,,3000,2000,0,20,10,30000,24501,9,1,2,10,1,1,11,1,,,,,,,1048,60,6685,5,13,6,
245171,245172,s==18|Thần·Mã Siêu 6 Sao,6,1,1,145,5,2451722|2451732|2451742|2451752,5000,4000,0,20,10,0,24517,5,1,24401,5,1,2,5,3,,,,,,,,,,,,,
245172,245173,s==18|Thần·Mã Siêu 7 Sao,7,1,1,165,1,2451723,5000,4000,0,20,10,1000,2,5,4,,,,,,,,,,,,,,,,,,,
245173,245174,s==18|Thần·Mã Siêu 8 Sao,8,1,1,185,2,2451733,5000,4000,0,20,10,2000,2,5,3,2,6,1,,,,,,,,,,,,,,,,
245174,245175,s==18|Thần·Mã Siêu 9 Sao,9,1,1,205,3,2451743,5000,4000,0,20,10,5000,24517,5,1,2,5,2,2,6,1,,,,,,,,,,,,,
245175,245176,s==19|Thần·Mã Siêu 10 Sao,10,1,1,255,4,2451753,3000,2000,0,20,10,10000,24517,5,2,2,6,1,1,9,1,,,,,,,,,,,,,
245176,245177,s==19|Thần·Mã Siêu 11 Sao,11,105,95,285,0,,3000,2000,0,20,10,15000,24517,6,1,1,9,1,,,,,,,,,,,,,,,,
245177,245178,s==19|Thần·Mã Siêu 12 Sao,12,128,118,310,0,,3000,2000,0,20,10,20000,24517,6,1,1,10,1,,,,,,,,,,1048,20,,,,,
245178,245179,s==19|Thần·Mã Siêu 13 Sao,13,148,138,350,0,,3000,2000,0,20,10,25000,24517,6,1,2,9,1,1,10,1,,,,,,,1048,40,,,,,
245179,,s==19|Thần·Mã Siêu 14 Sao,14,200,138,390,0,,3000,2000,0,20,10,30000,24517,9,1,2,10,1,1,11,1,,,,,,,1048,60,6685,5,13,6,
24517011,24517012,s==18|Thần·Mã Siêu 6 Sao,6,1,1,145,5,245170122|245170132|245170142|245170152,5000,4000,0,20,10,0,24517,5,1,24401,5,1,2,5,3,,,,,,,,,,,,,
24517012,24517013,s==18|Thần·Mã Siêu 7 Sao,7,1,1,165,1,245170123,5000,4000,0,20,10,1000,2,5,4,,,,,,,,,,,,,,,,,,,
24517013,24517014,s==18|Thần·Mã Siêu 8 Sao,8,1,1,185,2,245170133,5000,4000,0,20,10,2000,2,5,3,2,6,1,,,,,,,,,,,,,,,,
24517014,24517015,s==18|Thần·Mã Siêu 9 Sao,9,1,1,205,3,245170143,5000,4000,0,20,10,5000,24517,5,1,2,5,2,2,6,1,,,,,,,,,,,,,
24517015,24517016,s==19|Thần·Mã Siêu 10 Sao,10,1,1,255,4,245170153,3000,2000,0,20,10,10000,24517,5,2,2,6,1,1,9,1,,,,,,,,,,,,,
24517016,24517017,s==19|Thần·Mã Siêu 11 Sao,11,105,95,285,0,,3000,2000,0,20,10,15000,24517,6,1,1,9,1,,,,,,,,,,,,,,,,
24517017,24517018,s==19|Thần·Mã Siêu 12 Sao,12,128,118,310,0,,3000,2000,0,20,10,20000,24517,6,1,1,10,1,,,,,,,,,,1048,20,,,,,
24517018,24517019,s==19|Thần·Mã Siêu 13 Sao,13,148,138,350,0,,3000,2000,0,20,10,25000,24517,6,1,2,9,1,1,10,1,,,,,,,1048,40,,,,,
24517019,,s==19|Thần·Mã Siêu 14 Sao,14,200,138,390,0,,3000,2000,0,20,10,30000,24517,9,1,2,10,1,1,11,1,,,,,,,1048,60,6685,5,13,6,
24517021,24517022,s==18|Thần·Mã Siêu 6 Sao,6,1,1,145,5,245170222|245170232|245170242|245170252,5000,4000,0,20,10,0,24517,5,1,24401,5,1,2,5,3,,,,,,,,,,,,,
24517022,24517023,s==18|Thần·Mã Siêu 7 Sao,7,1,1,165,1,245170223,5000,4000,0,20,10,1000,2,5,4,,,,,,,,,,,,,,,,,,,
24517023,24517024,s==18|Thần·Mã Siêu 8 Sao,8,1,1,185,2,245170233,5000,4000,0,20,10,2000,2,5,3,2,6,1,,,,,,,,,,,,,,,,
24517024,24517025,s==18|Thần·Mã Siêu 9 Sao,9,1,1,205,3,245170243,5000,4000,0,20,10,5000,24517,5,1,2,5,2,2,6,1,,,,,,,,,,,,,
24517025,24517026,s==19|Thần·Mã Siêu 10 Sao,10,1,1,255,4,245170253,3000,2000,0,20,10,10000,24517,5,2,2,6,1,1,9,1,,,,,,,,,,,,,
24517026,24517027,s==19|Thần·Mã Siêu 11 Sao,11,105,95,285,0,,3000,2000,0,20,10,15000,24517,6,1,1,9,1,,,,,,,,,,,,,,,,
24517027,24517028,s==19|Thần·Mã Siêu 12 Sao,12,128,118,310,0,,3000,2000,0,20,10,20000,24517,6,1,1,10,1,,,,,,,,,,1048,20,,,,,
24517028,24517029,s==19|Thần·Mã Siêu 13 Sao,13,148,138,350,0,,3000,2000,0,20,10,25000,24517,6,1,2,9,1,1,10,1,,,,,,,1048,40,,,,,
24517029,,s==19|Thần·Mã Siêu 14 Sao,14,200,138,390,0,,3000,2000,0,20,10,30000,24517,9,1,2,10,1,1,11,1,,,,,,,1048,60,6685,5,13,6,
245181,245182,s==17|Thần·Lưu Bị 6 Sao,6,1,1,145,5,2451822|2451832|2451842|2451852,5000,4000,0,20,10,0,24518,5,1,24401,5,1,2,5,3,,,,,,,,,,,,,
245182,245183,s==17|Thần·Lưu Bị 7 Sao,7,1,1,165,1,2451823,5000,4000,0,20,10,1000,2,5,4,,,,,,,,,,,,,,,,,,,
245183,245184,s==17|Thần·Lưu Bị 8 Sao,8,1,1,185,2,2451833,5000,4000,0,20,10,2000,2,5,3,2,6,1,,,,,,,,,,,,,,,,
245184,245185,s==17|Thần·Lưu Bị 9 Sao,9,1,1,205,3,2451843,5000,4000,0,20,10,5000,24518,5,1,2,5,2,2,6,1,,,,,,,,,,,,,
245185,245186,s==18|Thần·Lưu Bị 10 Sao,10,1,1,255,4,2451853,3000,2000,0,20,10,10000,24518,5,2,2,6,1,1,9,1,,,,,,,,,,,,,
245186,245187,s==18|Thần·Lưu Bị 11 Sao,11,105,95,285,0,,3000,2000,0,20,10,15000,24518,6,1,1,9,1,,,,,,,,,,,,,,,,
245187,245188,s==18|Thần·Lưu Bị 12 Sao,12,128,118,310,0,,3000,2000,0,20,10,20000,24518,6,1,1,10,1,,,,,,,,,,1048,20,,,,,
245188,245189,s==18|Thần·Lưu Bị 13 Sao,13,148,138,350,0,,3000,2000,0,20,10,25000,24518,6,1,2,9,1,1,10,1,,,,,,,1048,40,,,,,
245189,,s==18|Thần·Lưu Bị 14 Sao,14,200,138,390,0,,3000,2000,0,20,10,30000,24518,9,1,2,10,1,1,11,1,,,,,,,1048,60,6685,5,13,6,
24518011,24518012,s==17|Thần·Lưu Bị 6 Sao,6,1,1,145,5,245180122|245180132|245180142|245180152,5000,4000,0,20,10,0,24518,5,1,24401,5,1,2,5,3,,,,,,,,,,,,,
24518012,24518013,s==17|Thần·Lưu Bị 7 Sao,7,1,1,165,1,245180123,5000,4000,0,20,10,1000,2,5,4,,,,,,,,,,,,,,,,,,,
24518013,24518014,s==17|Thần·Lưu Bị 8 Sao,8,1,1,185,2,245180133,5000,4000,0,20,10,2000,2,5,3,2,6,1,,,,,,,,,,,,,,,,
24518014,24518015,s==17|Thần·Lưu Bị 9 Sao,9,1,1,205,3,245180143,5000,4000,0,20,10,5000,24518,5,1,2,5,2,2,6,1,,,,,,,,,,,,,
24518015,24518016,s==18|Thần·Lưu Bị 10 Sao,10,1,1,255,4,245180153,3000,2000,0,20,10,10000,24518,5,2,2,6,1,1,9,1,,,,,,,,,,,,,
24518016,24518017,s==18|Thần·Lưu Bị 11 Sao,11,105,95,285,0,,3000,2000,0,20,10,15000,24518,6,1,1,9,1,,,,,,,,,,,,,,,,
24518017,24518018,s==18|Thần·Lưu Bị 12 Sao,12,128,118,310,0,,3000,2000,0,20,10,20000,24518,6,1,1,10,1,,,,,,,,,,1048,20,,,,,
24518018,24518019,s==18|Thần·Lưu Bị 13 Sao,13,148,138,350,0,,3000,2000,0,20,10,25000,24518,6,1,2,9,1,1,10,1,,,,,,,1048,40,,,,,
24518019,,s==18|Thần·Lưu Bị 14 Sao,14,200,138,390,0,,3000,2000,0,20,10,30000,24518,9,1,2,10,1,1,11,1,,,,,,,1048,60,6685,5,13,6,
21508011,21508012,s==17|Trương Liêu 6 sao,6,1,1,145,5,215080122|215080132|215080142|215080152,5000,4000,0,20,10,0,21508,5,1,21403,5,1,2,5,3,,,,,,,,,,,,,
21508012,21508013,s==17|Trương Liêu 7 sao,7,1,1,165,1,215080123,5000,4000,0,20,10,1000,2,5,4,,,,,,,,,,,,,,,,,,,
21508013,21508014,s==17|Trương Liêu 8 sao,8,1,1,185,2,215080133,5000,4000,0,20,10,2000,2,5,3,2,6,1,,,,,,,,,,,,,,,,
21508014,21508015,s==17|Trương Liêu 9 sao,9,1,1,205,3,215080143,5000,4000,0,20,10,5000,21508,5,1,2,5,2,2,6,1,,,,,,,,,,,,,
21508015,21508016,s==18|Trương Liêu 10 sao,10,1,1,255,4,215080153,3000,2000,0,20,10,10000,21508,5,2,2,6,1,1,9,1,,,,,,,,,,,,,
21508016,21508017,s==18|Trương Liêu 11 sao,11,105,95,285,0,,3000,2000,0,20,10,15000,21508,6,1,1,9,1,,,,,,,,,,,,,,,,
21508017,21508018,s==18|Trương Liêu 12 sao,12,128,118,310,0,,3000,2000,0,20,10,20000,21508,6,1,1,10,1,,,,,,,,,,1048,20,,,,,
21508018,21508019,s==18|Trương Liêu 13 sao,13,148,138,350,0,,3000,2000,0,20,10,25000,21508,6,1,2,9,1,1,10,1,,,,,,,1048,40,,,,,
21508019,,s==18|Trương Liêu 14 sao,14,200,138,390,0,,3000,2000,0,20,10,30000,21508,9,1,2,10,1,1,11,1,,,,,,,1048,60,6685,5,13,6,
21508021,21508022,s==17|Trương Liêu 6 sao,6,1,1,145,5,215080222|215080232|215080242|215080252,5000,4000,0,20,10,0,21508,5,1,21403,5,1,2,5,3,,,,,,,,,,,,,
21508022,21508023,s==17|Trương Liêu 7 sao,7,1,1,165,1,215080223,5000,4000,0,20,10,1000,2,5,4,,,,,,,,,,,,,,,,,,,
21508023,21508024,s==17|Trương Liêu 8 sao,8,1,1,185,2,215080233,5000,4000,0,20,10,2000,2,5,3,2,6,1,,,,,,,,,,,,,,,,
21508024,21508025,s==17|Trương Liêu 9 sao,9,1,1,205,3,215080243,5000,4000,0,20,10,5000,21508,5,1,2,5,2,2,6,1,,,,,,,,,,,,,
21508025,21508026,s==18|Trương Liêu 10 sao,10,1,1,255,4,215080253,3000,2000,0,20,10,10000,21508,5,2,2,6,1,1,9,1,,,,,,,,,,,,,
21508026,21508027,s==18|Trương Liêu 11 sao,11,105,95,285,0,,3000,2000,0,20,10,15000,21508,6,1,1,9,1,,,,,,,,,,,,,,,,
21508027,21508028,s==18|Trương Liêu 12 sao,12,128,118,310,0,,3000,2000,0,20,10,20000,21508,6,1,1,10,1,,,,,,,,,,1048,20,,,,,
21508028,21508029,s==18|Trương Liêu 13 sao,13,148,138,350,0,,3000,2000,0,20,10,25000,21508,6,1,2,9,1,1,10,1,,,,,,,1048,40,,,,,
21508029,,s==18|Trương Liêu 14 sao,14,200,138,390,0,,3000,2000,0,20,10,30000,21508,9,1,2,10,1,1,11,1,,,,,,,1048,60,6685,5,13,6,
501011,501012,s==14|Bỉ Mi Hô 6 sao,6,1,1,145,0,,5000,4000,0,20,10,0,25505,5,1,25403,5,1,2,5,3,,,,,,,,,,,,,
501012,501013,s==14|Bỉ Mi Hô 7 sao,7,1,1,165,0,,5000,4000,0,20,10,1000,2,5,4,,,,,,,,,,,,,,,,,,,
501013,501014,s==14|Bỉ Mi Hô 8 sao,8,1,1,185,0,,5000,4000,0,20,10,2000,2,5,3,2,6,1,,,,,,,,,,,,,,,,
501014,501015,s==14|Bỉ Mi Hô 9 sao,9,1,1,205,0,,5000,4000,0,20,10,5000,25505,5,1,2,5,2,2,6,1,,,,,,,,,,,,,
501015,501016,s==15|Bỉ Mi Hô 10 sao,10,1,1,255,0,,3000,2000,0,20,10,10000,25505,5,2,2,6,1,1,9,1,,,,,,,,,,,,,
501016,501017,s==15|Bỉ Mi Hô 11 sao,11,105,95,285,0,,3000,2000,0,20,10,15000,25505,6,1,1,9,1,,,,,,,,,,,,,,,,
501017,501018,s==15|Bỉ Mi Hô 12 sao,12,128,118,310,0,,3000,2000,0,20,10,20000,25505,6,1,1,10,1,,,,,,,,,,1048,20,,,,,
501018,501019,s==15|Bỉ Mi Hô 13 sao,13,148,138,350,0,,3000,2000,0,20,10,25000,25505,6,1,2,9,1,1,10,1,,,,,,,1048,40,,,,,
501019,,s==15|Bỉ Mi Hô 14 sao,14,200,138,390,0,,3000,2000,0,20,10,30000,25505,9,1,2,10,1,1,11,1,,,,,,,1048,60,6685,5,13,6,
269021,269022,s==20|Ma Kiếm Mị Ảnh 6 sao,6,1,1,1,0,,0,0,0,0,0,0,26902,5,1,25403,5,1,2,5,3,,,,,,,,,,,,,
269022,269023,s==20|Ma Kiếm Mị Ảnh 7 sao,7,1,1,1,0,,0,0,0,0,0,1000,2,5,4,,,,,,,,,,,,,,,,,,,
269023,269024,s==20|Ma Kiếm Mị Ảnh 8 sao,8,1,1,1,0,,0,0,0,0,0,2000,2,5,3,2,6,1,,,,,,,,,,,,,,,,
269024,269025,s==20|Ma Kiếm Mị Ảnh 9 sao,9,1,1,1,0,,0,0,0,0,0,5000,26902,5,1,2,5,2,2,6,1,,,,,,,,,,,,,
269025,269026,s==21|Ma Kiếm Mị Ảnh 10 sao,10,1,1,1,0,,0,0,0,0,0,10000,26902,5,2,2,6,1,1,9,1,,,,,,,,,,,,,
269026,269027,s==21|Ma Kiếm Mị Ảnh 11 sao,11,105,95,1,0,,0,0,0,0,0,15000,26902,6,1,1,9,1,,,,,,,,,,,,,,,,
269027,269028,s==21|Ma Kiếm Mị Ảnh 12 sao,12,128,118,1,0,,0,0,0,0,0,20000,26902,6,1,1,10,1,,,,,,,,,,1048,20,,,,,
269028,269029,s==21|Ma Kiếm Mị Ảnh 13 sao,13,148,138,1,0,,0,0,0,0,0,25000,26902,6,1,2,9,1,1,10,1,,,,,,,1048,40,,,,,
269029,,s==21|Ma Kiếm Mị Ảnh 14 sao,14,200,138,1,0,,0,0,0,0,0,30000,26902,9,1,2,10,1,1,11,1,,,,,,,1048,60,6685,5,13,6,
24504021,24504022,s==35|Thần Trương Giác Thường Phong 6 sao,6,1,1,145,5,245040222|245040232|245040242|245040252,5000,4000,0,20,10,0,24504,5,1,24403,5,1,2,5,3,,,,,,,,,,,,,
24504022,24504023,s==35|Thần Trương Giác Thường Phong 7 sao,7,1,1,165,1,245040223,5000,4000,0,20,10,1000,2,5,4,,,,,,,,,,,,,,,,,,,
24504023,24504024,s==35|Thần Trương Giác Thường Phong 8 sao,8,1,1,185,2,245040233,5000,4000,0,20,10,2000,2,5,3,2,6,1,,,,,,,,,,,,,,,,
24504024,24504025,s==35|Thần Trương Giác Thường Phong 9 sao,9,1,1,205,3,245040243,5000,4000,0,20,10,5000,24504,5,1,2,5,2,2,6,1,,,,,,,,,,,,,
24504025,24504026,s==36|Thần Trương Giác Thường Phong 10 sao,10,1,1,255,4,245040253,3000,2000,0,20,10,10000,24504,5,2,2,6,1,1,9,1,,,,,,,,,,,,,
24504026,24504027,s==36|Thần Trương Giác Thường Phong 11 sao,11,105,95,285,0,,3000,2000,0,20,10,15000,24504,6,1,1,9,1,,,,,,,,,,,,,,,,
24504027,24504028,s==36|Thần Trương Giác Thường Phong 12 sao,12,128,118,310,0,,3000,2000,0,20,10,20000,24504,6,1,1,10,1,,,,,,,,,,1048,20,,,,,
24504028,24504029,s==36|Thần Trương Giác Thường Phong 13 sao,13,148,138,350,0,,3000,2000,0,20,10,25000,24504,6,1,2,9,1,1,10,1,,,,,,,1048,40,,,,,
24504029,,s==36|Thần Trương Giác Thường Phong 14 sao,14,200,138,390,0,,3000,2000,0,20,10,30000,24504,9,1,2,10,1,1,11,1,,,,,,,1048,60,6685,5,13,6,
265011,265012,s==15|Hồn·Tả Từ 6 sao,6,1,1,145,5,2650122|2650132|2650142|2650152,5000,4000,0,20,10,0,26501,5,1,3,5,4,,,,,,,,,,,,,,,,
265012,265013,s==15|Hồn·Tả Từ 7 sao,7,1,1,165,1,2650123,5000,4000,0,20,10,1000,3,5,4,,,,,,,,,,,,,,,,,,,
265013,265014,s==15|Hồn·Tả Từ 8 sao,8,1,1,185,2,2650133,5000,4000,0,20,10,2000,3,5,3,3,6,1,,,,,,,,,,,,,,,,
265014,265015,s==15|Hồn·Tả Từ 9 sao,9,1,1,205,3,2650143,5000,4000,0,20,10,5000,26501,5,1,3,5,2,3,6,1,,,,,,,,,,,,,
265015,265016,s==16|Hồn·Tả Từ 10 sao,10,1,1,255,4,2650153,3000,2000,0,20,10,10000,26501,5,2,3,6,1,1,9,1,,,,,,,,,,,,,
265016,265017,s==16|Hồn·Tả Từ 11 sao,11,105,95,285,0,,3000,2000,0,20,10,15000,26501,6,1,1,9,1,,,,,,,,,,,,,,,,
265017,265018,s==16|Hồn·Tả Từ 12 sao,12,128,118,310,0,,3000,2000,0,20,10,20000,26501,6,1,1,10,1,,,,,,,,,,1048,20,,,,,
265018,265019,s==16|Hồn·Tả Từ 13 sao,13,148,138,350,0,,3000,2000,0,20,10,25000,26501,6,1,3,9,1,1,10,1,,,,,,,1048,40,,,,,
265019,,s==16|Hồn·Tả Từ 14 sao,14,200,138,390,0,,3000,2000,0,20,10,30000,26501,9,1,3,10,1,1,11,1,,,,,,,1048,60,6685,5,13,6,
26501011,26501012,s==15|Hồn·Tả Từ 6 sao,6,1,1,145,5,26501022|26501032|26501042|26501052,5000,4000,0,20,10,0,26501,5,1,3,5,4,,,,,,,,,,,,,,,,
26501012,26501013,s==15|Hồn·Tả Từ 7 sao,7,1,1,165,1,26501023,5000,4000,0,20,10,1000,3,5,4,,,,,,,,,,,,,,,,,,,
26501013,26501014,s==15|Hồn·Tả Từ 8 sao,8,1,1,185,2,26501033,5000,4000,0,20,10,2000,3,5,3,3,6,1,,,,,,,,,,,,,,,,
26501014,26501015,s==15|Hồn·Tả Từ 9 sao,9,1,1,205,3,26501043,5000,4000,0,20,10,5000,26501,5,1,3,5,2,3,6,1,,,,,,,,,,,,,
26501015,26501016,s==16|Hồn·Tả Từ 10 sao,10,1,1,255,4,26501053,3000,2000,0,20,10,10000,26501,5,2,3,6,1,1,9,1,,,,,,,,,,,,,
26501016,26501017,s==16|Hồn·Tả Từ 11 sao,11,105,95,285,0,,3000,2000,0,20,10,15000,26501,6,1,1,9,1,,,,,,,,,,,,,,,,
26501017,26501018,s==16|Hồn·Tả Từ 12 sao,12,128,118,310,0,,3000,2000,0,20,10,20000,26501,6,1,1,10,1,,,,,,,,,,1048,20,,,,,
26501018,26501019,s==16|Hồn·Tả Từ 13 sao,13,148,138,350,0,,3000,2000,0,20,10,25000,26501,6,1,3,9,1,1,10,1,,,,,,,1048,40,,,,,
26501019,,s==16|Hồn·Tả Từ 14 sao,14,200,138,390,0,,3000,2000,0,20,10,30000,26501,9,1,3,10,1,1,11,1,,,,,,,1048,60,6685,5,13,6,
265010111,265010112,s==15|Hồn·Tả Từ 6 sao,6,1,1,145,5,265010122|265010132|265010142|265010152,5000,4000,0,20,10,0,26501,5,1,3,5,4,,,,,,,,,,,,,,,,
265010112,265010113,s==15|Hồn·Tả Từ 7 sao,7,1,1,165,1,265010123,5000,4000,0,20,10,1000,3,5,4,,,,,,,,,,,,,,,,,,,
265010113,265010114,s==15|Hồn·Tả Từ 8 sao,8,1,1,185,2,265010133,5000,4000,0,20,10,2000,3,5,3,3,6,1,,,,,,,,,,,,,,,,
265010114,265010115,s==15|Hồn·Tả Từ 9 sao,9,1,1,205,3,265010143,5000,4000,0,20,10,5000,26501,5,1,3,5,2,3,6,1,,,,,,,,,,,,,
265010115,265010116,s==16|Hồn·Tả Từ 10 sao,10,1,1,255,4,265010153,3000,2000,0,20,10,10000,26501,5,2,3,6,1,1,9,1,,,,,,,,,,,,,
265010116,265010117,s==16|Hồn·Tả Từ 11 sao,11,105,95,285,0,,3000,2000,0,20,10,15000,26501,6,1,1,9,1,,,,,,,,,,,,,,,,
265010117,265010118,s==16|Hồn·Tả Từ 12 sao,12,128,118,310,0,,3000,2000,0,20,10,20000,26501,6,1,1,10,1,,,,,,,,,,1048,20,,,,,
265010118,265010119,s==16|Hồn·Tả Từ 13 sao,13,148,138,350,0,,3000,2000,0,20,10,25000,26501,6,1,3,9,1,1,10,1,,,,,,,1048,40,,,,,
265010119,,s==16|Hồn·Tả Từ 14 sao,14,200,138,390,0,,3000,2000,0,20,10,30000,26501,9,1,3,10,1,1,11,1,,,,,,,1048,60,6685,5,13,6,
215161,215162,s==22|Ngụy·Thái Văn Cơ 6 sao,6,1,1,145,5,2151622|2151632|2151642|2151652,5000,4000,0,20,10,0,21516,5,1,21402,5,1,2,5,3,,,,,,,,,,,,,
215162,215163,s==22|Ngụy·Thái Văn Cơ 7 sao,7,1,1,165,1,2151623,5000,4000,0,20,10,1000,2,5,4,,,,,,,,,,,,,,,,,,,
215163,215164,s==22|Ngụy·Thái Văn Cơ 8 sao,8,1,1,185,2,2151633,5000,4000,0,20,10,2000,2,5,3,2,6,1,,,,,,,,,,,,,,,,
215164,215165,s==22|Ngụy·Thái Văn Cơ 9 sao,9,1,1,205,3,2151643,5000,4000,0,20,10,5000,21516,5,1,2,5,2,2,6,1,,,,,,,,,,,,,
215165,215166,s==23|Ngụy·Thái Văn Cơ 10 sao,10,1,1,255,4,2151653,3000,2000,0,20,10,10000,21516,5,2,2,6,1,1,9,1,,,,,,,,,,,,,
215166,215167,s==23|Ngụy·Thái Văn Cơ 11 sao,11,105,95,285,0,,3000,2000,0,20,10,15000,21516,6,1,1,9,1,,,,,,,,,,,,,,,,
215167,215168,s==23|Ngụy·Thái Văn Cơ 12 sao,12,128,118,310,0,,3000,2000,0,20,10,20000,21516,6,1,1,10,1,,,,,,,,,,1048,20,,,,,
215168,215169,s==23|Ngụy·Thái Văn Cơ 13 sao,13,148,138,350,0,,3000,2000,0,20,10,25000,21516,6,1,2,9,1,1,10,1,,,,,,,1048,40,,,,,
215169,,s==23|Ngụy·Thái Văn Cơ 14 sao,14,200,138,390,0,,3000,2000,0,20,10,30000,21516,9,1,2,10,1,1,11,1,,,,,,,1048,60,6685,5,13,6,
21516011,21516012,s==22|Ngụy·Thái Văn Cơ 6 sao,6,1,1,145,5,215160122|215160132|215160142|215160152,5000,4000,0,20,10,0,21516,5,1,21402,5,1,2,5,3,,,,,,,,,,,,,
21516012,21516013,s==22|Ngụy·Thái Văn Cơ 7 sao,7,1,1,165,1,215160123,5000,4000,0,20,10,1000,2,5,4,,,,,,,,,,,,,,,,,,,
21516013,21516014,s==22|Ngụy·Thái Văn Cơ 8 sao,8,1,1,185,2,215160133,5000,4000,0,20,10,2000,2,5,3,2,6,1,,,,,,,,,,,,,,,,
21516014,21516015,s==22|Ngụy·Thái Văn Cơ 9 sao,9,1,1,205,3,215160143,5000,4000,0,20,10,5000,21516,5,1,2,5,2,2,6,1,,,,,,,,,,,,,
21516015,21516016,s==23|Ngụy·Thái Văn Cơ 10 sao,10,1,1,255,4,215160153,3000,2000,0,20,10,10000,21516,5,2,2,6,1,1,9,1,,,,,,,,,,,,,
21516016,21516017,s==23|Ngụy·Thái Văn Cơ 11 sao,11,105,95,285,0,,3000,2000,0,20,10,15000,21516,6,1,1,9,1,,,,,,,,,,,,,,,,
21516017,21516018,s==23|Ngụy·Thái Văn Cơ 12 sao,12,128,118,310,0,,3000,2000,0,20,10,20000,21516,6,1,1,10,1,,,,,,,,,,1048,20,,,,,
21516018,21516019,s==23|Ngụy·Thái Văn Cơ 13 sao,13,148,138,350,0,,3000,2000,0,20,10,25000,21516,6,1,2,9,1,1,10,1,,,,,,,1048,40,,,,,
21516019,,s==23|Ngụy·Thái Văn Cơ 14 sao,14,200,138,390,0,,3000,2000,0,20,10,30000,21516,9,1,2,10,1,1,11,1,,,,,,,1048,60,6685,5,13,6,
24518021,24518022,s==17|Thần·Lưu Bị 6 Sao,6,1,1,145,5,245180222|245180232|245180242|245180252,5000,4000,0,20,10,0,24518,5,1,24401,5,1,2,5,3,,,,,,,,,,,,,
24518022,24518023,s==17|Thần·Lưu Bị 7 Sao,7,1,1,165,1,245180223,5000,4000,0,20,10,1000,2,5,4,,,,,,,,,,,,,,,,,,,
24518023,24518024,s==17|Thần·Lưu Bị 8 Sao,8,1,1,185,2,245180233,5000,4000,0,20,10,2000,2,5,3,2,6,1,,,,,,,,,,,,,,,,
24518024,24518025,s==17|Thần·Lưu Bị 9 Sao,9,1,1,205,3,245180243,5000,4000,0,20,10,5000,24518,5,1,2,5,2,2,6,1,,,,,,,,,,,,,
24518025,24518026,s==18|Thần·Lưu Bị 10 Sao,10,1,1,255,4,245180253,3000,2000,0,20,10,10000,24518,5,2,2,6,1,1,9,1,,,,,,,,,,,,,
24518026,24518027,s==18|Thần·Lưu Bị 11 Sao,11,105,95,285,0,,3000,2000,0,20,10,15000,24518,6,1,1,9,1,,,,,,,,,,,,,,,,
24518027,24518028,s==18|Thần·Lưu Bị 12 Sao,12,128,118,310,0,,3000,2000,0,20,10,20000,24518,6,1,1,10,1,,,,,,,,,,1048,20,,,,,
24518028,24518029,s==18|Thần·Lưu Bị 13 Sao,13,148,138,350,0,,3000,2000,0,20,10,25000,24518,6,1,2,9,1,1,10,1,,,,,,,1048,40,,,,,
24518029,,s==18|Thần·Lưu Bị 14 Sao,14,200,138,390,0,,3000,2000,0,20,10,30000,24518,9,1,2,10,1,1,11,1,,,,,,,1048,60,6685,5,13,6,
25510021,25510022,s==28|Ma·Tào Tháo 6 sao (Tào Tháo),6,1,1,145,5,255100222|255100232|255100242|255100252,5000,4000,0,20,10,0,25510,5,1,25403,5,1,2,5,3,,,,,,,,,,,,,
25510022,25510023,s==17|Ma·Tào Tháo 7 sao,7,1,1,165,1,255100223,5000,4000,0,20,10,1000,2,5,4,,,,,,,,,,,,,,,,,,,
25510023,25510024,s==17|Ma·Tào Tháo 8 sao,8,1,1,185,2,255100233,5000,4000,0,20,10,2000,2,5,3,2,6,1,,,,,,,,,,,,,,,,
25510024,25510025,s==17|Ma·Tào Tháo 9 sao,9,1,1,205,3,255100243,5000,4000,0,20,10,5000,25510,5,1,2,5,2,2,6,1,,,,,,,,,,,,,
25510025,25510026,s==18|Ma·Tào Tháo 10 sao,10,1,1,255,4,255100253,3000,2000,0,20,10,10000,25510,5,2,2,6,1,1,9,1,,,,,,,,,,,,,
25510026,25510027,s==18|Ma·Tào Tháo 11 sao,11,105,95,285,0,,3000,2000,0,20,10,15000,25510,6,1,1,9,1,,,,,,,,,,,,,,,,
25510027,25510028,s==18|Ma·Tào Tháo 12 sao,12,128,118,310,0,,3000,2000,0,20,10,20000,25510,6,1,1,10,1,,,,,,,,,,1048,20,,,,,
25510028,25510029,s==18|Ma·Tào Tháo 13 sao,13,148,138,350,0,,3000,2000,0,20,10,25000,25510,6,1,2,9,1,1,10,1,,,,,,,1048,40,,,,,
25510029,,s==18|Ma·Tào Tháo 14 sao,14,200,138,390,0,,3000,2000,0,20,10,30000,25510,9,1,2,10,1,1,11,1,,,,,,,1048,60,6685,5,13,6,
265021,265022,s==19|Hồn·Triệu Vân 6 sao,6,1,1,145,5,2650222|2650232|2650242|2650252,5000,4000,0,20,10,0,26502,5,1,3,5,4,,,,,,,,,,,,,,,,
265022,265023,s==19|Hồn·Triệu Vân 7 sao,7,1,1,165,1,2650223,5000,4000,0,20,10,1000,3,5,4,,,,,,,,,,,,,,,,,,,
265023,265024,s==19|Hồn·Triệu Vân 8 sao,8,1,1,185,2,2650233,5000,4000,0,20,10,2000,3,5,3,3,6,1,,,,,,,,,,,,,,,,
265024,265025,s==19|Hồn·Triệu Vân 9 sao,9,1,1,205,3,2650243,5000,4000,0,20,10,5000,26502,5,1,3,5,2,3,6,1,,,,,,,,,,,,,
265025,265026,s==20|Hồn·Triệu Vân 10 sao,10,1,1,255,4,2650253,3000,2000,0,20,10,10000,26502,5,2,3,6,1,1,9,1,,,,,,,,,,,,,
265026,265027,s==20|Hồn·Triệu Vân 11 sao,11,105,95,285,0,,3000,2000,0,20,10,15000,26502,6,1,1,9,1,,,,,,,,,,,,,,,,
265027,265028,s==20|Hồn·Triệu Vân 12 sao,12,128,118,310,0,,3000,2000,0,20,10,20000,26502,6,1,1,10,1,,,,,,,,,,1048,20,,,,,
265028,265029,s==20|Hồn·Triệu Vân 13 sao,13,148,138,350,0,,3000,2000,0,20,10,25000,26502,6,1,3,9,1,1,10,1,,,,,,,1048,40,,,,,
265029,,s==20|Hồn·Triệu Vân 14 sao,14,200,138,390,0,,3000,2000,0,20,10,30000,26502,9,1,3,10,1,1,11,1,,,,,,,1048,60,6685,5,13,6,
255191,255192,s==14|Ma·Lữ Bố 6 sao,6,1,1,145,5,2551922|2551932|2551942|2551952,5000,4000,0,20,10,0,25519,5,1,25519,5,1,2,5,3,,,,,,,,,,,,,
255192,255193,s==14|Ma·Lữ Bố 7 sao,7,1,1,165,1,2551923,5000,4000,0,20,10,1000,2,5,4,,,,,,,,,,,,,,,,,,,
255193,255194,s==14|Ma·Lữ Bố 8 sao,8,1,1,185,2,2551933,5000,4000,0,20,10,2000,2,5,3,2,6,1,,,,,,,,,,,,,,,,
255194,255195,s==14|Ma·Lữ Bố 9 sao,9,1,1,205,3,2551943,5000,4000,0,20,10,5000,25519,5,1,2,5,2,2,6,1,,,,,,,,,,,,,
255195,255196,s==15|Ma·Lữ Bố 10 sao,10,1,1,255,4,2551953,3000,2000,0,20,10,10000,25519,5,2,2,6,1,1,9,1,,,,,,,,,,,,,
255196,255197,s==15|Ma·Lữ Bố 11 sao,11,105,95,285,0,,3000,2000,0,20,10,15000,25519,6,1,1,9,1,,,,,,,,,,,,,,,,
255197,255198,s==15|Ma·Lữ Bố 12 sao,12,128,118,310,0,,3000,2000,0,20,10,20000,25519,6,1,1,10,1,,,,,,,,,,1048,20,,,,,
255198,255199,s==15|Ma·Lữ Bố 13 sao,13,148,138,350,0,,3000,2000,0,20,10,25000,25519,6,1,2,9,1,1,10,1,,,,,,,1048,40,,,,,
255199,,s==15|Ma·Lữ Bố 14 sao,14,200,138,390,0,,3000,2000,0,20,10,30000,25519,9,1,2,10,1,1,11,1,,,,,,,1048,60,6685,5,13,6,
245191,245192,s==22|Thần·Trương Giác 6 sao,6,1,1,145,5,2451922|2451932|2451942|2451952,5000,4000,0,20,10,0,24519,5,1,24519,5,1,2,5,3,,,,,,,,,,,,,
245192,245193,s==22|Thần·Trương Giác 7 sao,7,1,1,165,1,2451923,5000,4000,0,20,10,1000,2,5,4,,,,,,,,,,,,,,,,,,,
245193,245194,s==22|Thần·Trương Giác 8 sao,8,1,1,185,2,2451933,5000,4000,0,20,10,2000,2,5,3,2,6,1,,,,,,,,,,,,,,,,
245194,245195,s==22|Thần·Trương Giác 9 sao,9,1,1,205,3,2451943,5000,4000,0,20,10,5000,24519,5,1,2,5,2,2,6,1,,,,,,,,,,,,,
245195,245196,s==23|Thần·Trương Giác 10 sao,10,1,1,255,4,2451953,3000,2000,0,20,10,10000,24519,5,2,2,6,1,1,9,1,,,,,,,,,,,,,
245196,245197,s==23|Thần·Trương Giác 11 sao,11,105,95,285,0,,3000,2000,0,20,10,15000,24519,6,1,1,9,1,,,,,,,,,,,,,,,,
245197,245198,s==23|Thần·Trương Giác 12 sao,12,128,118,310,0,,3000,2000,0,20,10,20000,24519,6,1,1,10,1,,,,,,,,,,1048,20,,,,,
245198,245199,s==23|Thần·Trương Giác 13 sao,13,148,138,350,0,,3000,2000,0,20,10,25000,24519,6,1,2,9,1,1,10,1,,,,,,,1048,40,,,,,
245199,,s==23|Thần·Trương Giác 14 sao,14,200,138,390,0,,3000,2000,0,20,10,30000,24519,9,1,2,10,1,1,11,1,,,,,,,1048,60,6685,5,13,6,
21515021,21515022,s==14|Tào Tháo 6 sao,6,1,1,145,5,215150222|215150232|215150242|215150252,5000,4000,0,20,10,0,21515,5,1,21402,5,1,2,5,3,,,,,,,,,,,,,
21515022,21515023,s==14|Tào Tháo 7 sao,7,1,1,165,1,215150223,5000,4000,0,20,10,1000,2,5,4,,,,,,,,,,,,,,,,,,,
21515023,21515024,s==14|Tào Tháo 8 sao,8,1,1,185,2,215150233,5000,4000,0,20,10,2000,2,5,3,2,6,1,,,,,,,,,,,,,,,,
21515024,21515025,s==14|Tào Tháo 9 sao,9,1,1,205,3,215150243,5000,4000,0,20,10,5000,21515,5,1,2,5,2,2,6,1,,,,,,,,,,,,,
21515025,21515026,s==15|Tào Tháo 10 sao,10,1,1,255,4,215150253,3000,2000,0,20,10,10000,21515,5,2,2,6,1,1,9,1,,,,,,,,,,,,,
21515026,21515027,s==15|Tào Tháo 11 sao,11,105,95,285,0,,3000,2000,0,20,10,15000,21515,6,1,1,9,1,,,,,,,,,,,,,,,,
21515027,21515028,s==15|Tào Tháo 12 sao,12,128,118,310,0,,3000,2000,0,20,10,20000,21515,6,1,1,10,1,,,,,,,,,,1048,20,,,,,
21515028,21515029,s==15|Tào Tháo 13 sao,13,148,138,350,0,,3000,2000,0,20,10,25000,21515,6,1,2,9,1,1,10,1,,,,,,,1048,40,,,,,
21515029,,s==15|Tào Tháo 14 sao,14,200,138,390,0,,3000,2000,0,20,10,30000,21515,9,1,2,10,1,1,11,1,,,,,,,1048,60,6685,5,13,6,
265031,265032,s==19|Hồn Tiểu Kiều 6 sao,6,1,1,145,5,2650322|2650332|2650342|2650352,5000,4000,0,20,10,0,26503,5,1,3,5,4,,,,,,,,,,,,,,,,
265032,265033,s==19|Hồn Tiểu Kiều 7 sao,7,1,1,165,1,2650323,5000,4000,0,20,10,1000,3,5,4,,,,,,,,,,,,,,,,,,,
265033,265034,s==19|Hồn Tiểu Kiều 8 sao,8,1,1,185,2,2650333,5000,4000,0,20,10,2000,3,5,3,3,6,1,,,,,,,,,,,,,,,,
265034,265035,s==19|Hồn Tiểu Kiều 9 sao,9,1,1,205,3,2650343,5000,4000,0,20,10,5000,26503,5,1,3,5,2,3,6,1,,,,,,,,,,,,,
265035,265036,s==20|Hồn Tiểu Kiều 10 sao,10,1,1,255,4,2650353,3000,2000,0,20,10,10000,26503,5,2,3,6,1,1,9,1,,,,,,,,,,,,,
265036,265037,s==20|Hồn Tiểu Kiều 11 sao,11,105,95,285,0,,3000,2000,0,20,10,15000,26503,6,1,1,9,1,,,,,,,,,,,,,,,,
265037,265038,s==20|Hồn Tiểu Kiều 12 sao,12,128,118,310,0,,3000,2000,0,20,10,20000,26503,6,1,1,10,1,,,,,,,,,,1048,20,,,,,
265038,265039,s==20|Hồn Tiểu Kiều 13 sao,13,148,138,350,0,,3000,2000,0,20,10,25000,26503,6,1,3,9,1,1,10,1,,,,,,,1048,40,,,,,
265039,,s==20|Hồn Tiểu Kiều 14 sao,14,200,138,390,0,,3000,2000,0,20,10,30000,26503,9,1,3,10,1,1,11,1,,,,,,,1048,60,6685,5,13,6,
23511021,23511022,s==15|Tôn Quyền 6 sao,6,1,1,145,5,235110222|235110232|235110242|235110252,5000,4000,0,20,10,0,23511,5,1,23401,5,1,2,5,3,,,,,,,,,,,,,
23511022,23511023,s==15|Tôn Quyền 7 sao,7,1,1,165,1,235110223,5000,4000,0,20,10,1000,2,5,4,,,,,,,,,,,,,,,,,,,
23511023,23511024,s==15|Tôn Quyền 8 sao,8,1,1,185,2,235110233,5000,4000,0,20,10,2000,2,5,3,2,6,1,,,,,,,,,,,,,,,,
23511024,23511025,s==15|Tôn Quyền 9 sao,9,1,1,205,3,235110243,5000,4000,0,20,10,5000,23511,5,1,2,5,2,2,6,1,,,,,,,,,,,,,
23511025,23511026,s==16|Tôn Quyền 10 sao,10,1,1,255,4,235110253,3000,2000,0,20,10,10000,23511,5,2,2,6,1,1,9,1,,,,,,,,,,,,,
23511026,23511027,s==16|Tôn Quyền 11 sao,11,105,95,285,0,,3000,2000,0,20,10,15000,23511,6,1,1,9,1,,,,,,,,,,,,,,,,
23511027,23511028,s==16|Tôn Quyền 12 sao,12,128,118,310,0,,3000,2000,0,20,10,20000,23511,6,1,1,10,1,,,,,,,,,,1048,20,,,,,
23511028,23511029,s==16|Tôn Quyền 13 sao,13,148,138,350,0,,3000,2000,0,20,10,25000,23511,6,1,2,9,1,1,10,1,,,,,,,1048,40,,,,,
23511029,,s==16|Tôn Quyền 14 sao,14,200,138,390,0,,3000,2000,0,20,10,30000,23511,9,1,2,10,1,1,11,1,,,,,,,1048,60,6685,5,13,6,
23510031,23510032,s==12|Chu Du 6 sao,6,1,1,145,5,235100322|235100332|235100342|235100352,5000,4000,0,20,10,0,23510,5,1,23403,5,1,2,5,3,,,,,,,,,,,,,
23510032,23510033,s==12|Chu Du 7 sao,7,1,1,165,1,235100323,5000,4000,0,20,10,1000,2,5,4,,,,,,,,,,,,,,,,,,,
23510033,23510034,s==12|Chu Du 8 sao,8,1,1,185,2,235100333,5000,4000,0,20,10,2000,2,5,3,2,6,1,,,,,,,,,,,,,,,,
23510034,23510035,s==12|Chu Du 9 sao,9,1,1,205,3,235100343,5000,4000,0,20,10,5000,23510,5,1,2,5,2,2,6,1,,,,,,,,,,,,,
23510035,23510036,s==13|Chu Du 10 sao,10,1,1,255,4,235100353,3000,2000,0,20,10,10000,23510,5,2,2,6,1,1,9,1,,,,,,,,,,,,,
23510036,23510037,s==13|Chu Du 11 sao,11,105,95,285,0,,3000,2000,0,20,10,15000,23510,6,1,1,9,1,,,,,,,,,,,,,,,,
23510037,23510038,s==13|Chu Du 12 sao,12,128,118,310,0,,3000,2000,0,20,10,20000,23510,6,1,1,10,1,,,,,,,,,,1048,20,,,,,
23510038,23510039,s==13|Chu Du 13 sao,13,148,138,350,0,,3000,2000,0,20,10,25000,23510,6,1,2,9,1,1,10,1,,,,,,,1048,40,,,,,
23510039,,s==13|Chu Du 14 sao,14,200,138,390,0,,3000,2000,0,20,10,30000,23510,9,1,2,10,1,1,11,1,,,,,,,1048,60,6685,5,13,6,
23503021,23503022,s==15|Tiểu Kiều 6 sao,6,1,1,145,5,235030222|235030232|235030242|235030252,5000,4000,0,20,10,0,23503,5,1,23402,5,1,2,5,3,,,,,,,,,,,,,
23503022,23503023,s==15|Tiểu Kiều 7 sao,7,1,1,165,1,235030223,5000,4000,0,20,10,1000,2,5,4,,,,,,,,,,,,,,,,,,,
23503023,23503024,s==15|Tiểu Kiều 8 sao,8,1,1,185,2,235030233,5000,4000,0,20,10,2000,2,5,3,2,6,1,,,,,,,,,,,,,,,,
23503024,23503025,s==15|Tiểu Kiều 9 sao,9,1,1,205,3,235030243,5000,4000,0,20,10,5000,23503,5,1,2,5,2,2,6,1,,,,,,,,,,,,,
23503025,23503026,s==16|Tiểu Kiều 10 sao,10,1,1,255,4,235030253,3000,2000,0,20,10,10000,23503,5,2,2,6,1,1,9,1,,,,,,,,,,,,,
23503026,23503027,s==16|Tiểu Kiều 11 sao,11,105,95,285,0,,3000,2000,0,20,10,15000,23503,6,1,1,9,1,,,,,,,,,,,,,,,,
23503027,23503028,s==16|Tiểu Kiều 12 sao,12,128,118,310,0,,3000,2000,0,20,10,20000,23503,6,1,1,10,1,,,,,,,,,,1048,20,,,,,
23503028,23503029,s==16|Tiểu Kiều 13 sao,13,148,138,350,0,,3000,2000,0,20,10,25000,23503,6,1,2,9,1,1,10,1,,,,,,,1048,40,,,,,
23503029,,s==16|Tiểu Kiều 14 sao,14,200,138,390,0,,3000,2000,0,20,10,30000,23503,9,1,2,10,1,1,11,1,,,,,,,1048,60,6685,5,13,6,
25515031,25515032,s==18|Ma·Triệu Vân 6 sao,6,1,1,145,5,255150322|255150332|255150342|255150352,5000,4000,0,20,10,0,25515,5,1,25403,5,1,2,5,3,,,,,,,,,,,,,
25515032,25515033,s==18|Ma·Triệu Vân 7 sao,7,1,1,165,1,255150323,5000,4000,0,20,10,1000,2,5,4,,,,,,,,,,,,,,,,,,,
25515033,25515034,s==18|Ma·Triệu Vân 8 sao,8,1,1,185,2,255150333,5000,4000,0,20,10,2000,2,5,3,2,6,1,,,,,,,,,,,,,,,,
25515034,25515035,s==18|Ma·Triệu Vân 9 sao,9,1,1,205,3,255150343,5000,4000,0,20,10,5000,25515,5,1,2,5,2,2,6,1,,,,,,,,,,,,,
25515035,25515036,s==19|Ma·Triệu Vân 10 sao,10,1,1,255,4,255150353,3000,2000,0,20,10,10000,25515,5,2,2,6,1,1,9,1,,,,,,,,,,,,,
25515036,25515037,s==19|Ma·Triệu Vân 11 sao,11,105,95,285,0,,3000,2000,0,20,10,15000,25515,6,1,1,9,1,,,,,,,,,,,,,,,,
25515037,25515038,s==19|Ma·Triệu Vân 12 sao,12,128,118,310,0,,3000,2000,0,20,10,20000,25515,6,1,1,10,1,,,,,,,,,,1048,20,,,,,
25515038,25515039,s==19|Ma·Triệu Vân 13 sao,13,148,138,350,0,,3000,2000,0,20,10,25000,25515,6,1,2,9,1,1,10,1,,,,,,,1048,40,,,,,
25515039,,s==19|Ma·Triệu Vân 14 sao,14,200,138,390,0,,3000,2000,0,20,10,30000,25515,9,1,2,10,1,1,11,1,,,,,,,1048,60,6685,5,13,6,
22512021,22512022,s==12|Lưu Bị 6 sao,6,1,1,145,5,225120222|225120232|225120242|225120252,5000,4000,0,20,10,0,22512,5,1,22403,5,1,2,5,3,,,,,,,,,,,,,
22512022,22512023,s==12|Lưu Bị 7 sao,7,1,1,165,1,225120223,5000,4000,0,20,10,1000,2,5,4,,,,,,,,,,,,,,,,,,,
22512023,22512024,s==12|Lưu Bị 8 sao,8,1,1,185,2,225120233,5000,4000,0,20,10,2000,2,5,3,2,6,1,,,,,,,,,,,,,,,,
22512024,22512025,s==12|Lưu Bị 9 sao,9,1,1,205,3,225120243,5000,4000,0,20,10,5000,22512,5,1,2,5,2,2,6,1,,,,,,,,,,,,,
22512025,22512026,s==13|Lưu Bị 10 sao,10,1,1,255,4,225120253,3000,2000,0,20,10,10000,22512,5,2,2,6,1,1,9,1,,,,,,,,,,,,,
22512026,22512027,s==13|Lưu Bị 11 sao,11,105,95,285,0,,3000,2000,0,20,10,15000,22512,6,1,1,9,1,,,,,,,,,,,,,,,,
22512027,22512028,s==13|Lưu Bị 12 sao,12,128,118,310,0,,3000,2000,0,20,10,20000,22512,6,1,1,10,1,,,,,,,,,,1048,20,,,,,
22512028,22512029,s==13|Lưu Bị 13 sao,13,148,138,350,0,,3000,2000,0,20,10,25000,22512,6,1,2,9,1,1,10,1,,,,,,,1048,40,,,,,
22512029,,s==13|Lưu Bị 14 sao,14,200,138,390,0,,3000,2000,0,20,10,30000,22512,9,1,2,10,1,1,11,1,,,,,,,1048,60,6685,5,13,6,
265041,265042,s==21|Hồn Trương Liêu 6 sao,6,1,1,145,5,2650422|2650432|2650442|2650452,5000,4000,0,20,10,0,26504,5,1,3,5,4,,,,,,,,,,,,,,,,
265042,265043,s==21|Hồn Trương Liêu 7 sao,7,1,1,165,1,2650423,5000,4000,0,20,10,1000,3,5,4,,,,,,,,,,,,,,,,,,,
265043,265044,s==21|Hồn Trương Liêu 8 sao,8,1,1,185,2,2650433,5000,4000,0,20,10,2000,3,5,3,3,6,1,,,,,,,,,,,,,,,,
265044,265045,s==21|Hồn Trương Liêu 9 sao,9,1,1,205,3,2650443,5000,4000,0,20,10,5000,26504,5,1,3,5,2,3,6,1,,,,,,,,,,,,,
265045,265046,s==22|Hồn Trương Liêu 10 sao,10,1,1,255,4,2650453,3000,2000,0,20,10,10000,26504,5,2,3,6,1,1,9,1,,,,,,,,,,,,,
265046,265047,s==22|Hồn Trương Liêu 11 sao,11,105,95,285,0,,3000,2000,0,20,10,15000,26504,6,1,1,9,1,,,,,,,,,,,,,,,,
265047,265048,s==22|Hồn Trương Liêu 12 sao,12,128,118,310,0,,3000,2000,0,20,10,20000,26504,6,1,1,10,1,,,,,,,,,,1048,20,,,,,
265048,265049,s==22|Hồn Trương Liêu 13 sao,13,148,138,350,0,,3000,2000,0,20,10,25000,26504,6,1,3,9,1,1,10,1,,,,,,,1048,40,,,,,
265049,,s==22|Hồn Trương Liêu 14 sao,14,200,138,390,0,,3000,2000,0,20,10,30000,26504,9,1,3,10,1,1,11,1,,,,,,,1048,60,6685,5,13,6,
26502011,26502012,s==19|Hồn·Triệu Vân 6 sao,6,1,1,145,5,26502022|26502032|26502042|26502052,5000,4000,0,20,10,0,26502,5,1,3,5,4,,,,,,,,,,,,,,,,
26502012,26502013,s==19|Hồn·Triệu Vân 7 sao,7,1,1,165,1,26502023,5000,4000,0,20,10,1000,3,5,4,,,,,,,,,,,,,,,,,,,
26502013,26502014,s==19|Hồn·Triệu Vân 8 sao,8,1,1,185,2,26502033,5000,4000,0,20,10,2000,3,5,3,3,6,1,,,,,,,,,,,,,,,,
26502014,26502015,s==19|Hồn·Triệu Vân 9 sao,9,1,1,205,3,26502043,5000,4000,0,20,10,5000,26502,5,1,3,5,2,3,6,1,,,,,,,,,,,,,
26502015,26502016,s==20|Hồn·Triệu Vân 10 sao,10,1,1,255,4,26502053,3000,2000,0,20,10,10000,26502,5,2,3,6,1,1,9,1,,,,,,,,,,,,,
26502016,26502017,s==20|Hồn·Triệu Vân 11 sao,11,105,95,285,0,,3000,2000,0,20,10,15000,26502,6,1,1,9,1,,,,,,,,,,,,,,,,
26502017,26502018,s==20|Hồn·Triệu Vân 12 sao,12,128,118,310,0,,3000,2000,0,20,10,20000,26502,6,1,1,10,1,,,,,,,,,,1048,20,,,,,
26502018,26502019,s==20|Hồn·Triệu Vân 13 sao,13,148,138,350,0,,3000,2000,0,20,10,25000,26502,6,1,3,9,1,1,10,1,,,,,,,1048,40,,,,,
26502019,,s==20|Hồn·Triệu Vân 14 sao,14,200,138,390,0,,3000,2000,0,20,10,30000,26502,9,1,3,10,1,1,11,1,,,,,,,1048,60,6685,5,13,6,
265020111,265020112,s==19|Hồn·Triệu Vân 6 sao,6,1,1,145,5,265020122|265020132|265020142|265020152,5000,4000,0,20,10,0,26502,5,1,3,5,4,,,,,,,,,,,,,,,,
265020112,265020113,s==19|Hồn·Triệu Vân 7 sao,7,1,1,165,1,265020123,5000,4000,0,20,10,1000,3,5,4,,,,,,,,,,,,,,,,,,,
265020113,265020114,s==19|Hồn·Triệu Vân 8 sao,8,1,1,185,2,265020133,5000,4000,0,20,10,2000,3,5,3,3,6,1,,,,,,,,,,,,,,,,
265020114,265020115,s==19|Hồn·Triệu Vân 9 sao,9,1,1,205,3,265020143,5000,4000,0,20,10,5000,26502,5,1,3,5,2,3,6,1,,,,,,,,,,,,,
265020115,265020116,s==20|Hồn·Triệu Vân 10 sao,10,1,1,255,4,265020153,3000,2000,0,20,10,10000,26502,5,2,3,6,1,1,9,1,,,,,,,,,,,,,
265020116,265020117,s==20|Hồn·Triệu Vân 11 sao,11,105,95,285,0,,3000,2000,0,20,10,15000,26502,6,1,1,9,1,,,,,,,,,,,,,,,,
265020117,265020118,s==20|Hồn·Triệu Vân 12 sao,12,128,118,310,0,,3000,2000,0,20,10,20000,26502,6,1,1,10,1,,,,,,,,,,1048,20,,,,,
265020118,265020119,s==20|Hồn·Triệu Vân 13 sao,13,148,138,350,0,,3000,2000,0,20,10,25000,26502,6,1,3,9,1,1,10,1,,,,,,,1048,40,,,,,
265020119,,s==20|Hồn·Triệu Vân 14 sao,14,200,138,390,0,,3000,2000,0,20,10,30000,26502,9,1,3,10,1,1,11,1,,,,,,,1048,60,6685,5,13,6,
26503011,26503012,s==19|Hồn Tiểu Kiều 6 sao,6,1,1,145,5,26503022|26503032|26503042|26503052,5000,4000,0,20,10,0,26503,5,1,3,5,4,,,,,,,,,,,,,,,,
26503012,26503013,s==19|Hồn Tiểu Kiều 7 sao,7,1,1,165,1,26503023,5000,4000,0,20,10,1000,3,5,4,,,,,,,,,,,,,,,,,,,
26503013,26503014,s==19|Hồn Tiểu Kiều 8 sao,8,1,1,185,2,26503033,5000,4000,0,20,10,2000,3,5,3,3,6,1,,,,,,,,,,,,,,,,
26503014,26503015,s==19|Hồn Tiểu Kiều 9 sao,9,1,1,205,3,26503043,5000,4000,0,20,10,5000,26503,5,1,3,5,2,3,6,1,,,,,,,,,,,,,
26503015,26503016,s==20|Hồn Tiểu Kiều 10 sao,10,1,1,255,4,26503053,3000,2000,0,20,10,10000,26503,5,2,3,6,1,1,9,1,,,,,,,,,,,,,
26503016,26503017,s==20|Hồn Tiểu Kiều 11 sao,11,105,95,285,0,,3000,2000,0,20,10,15000,26503,6,1,1,9,1,,,,,,,,,,,,,,,,
26503017,26503018,s==20|Hồn Tiểu Kiều 12 sao,12,128,118,310,0,,3000,2000,0,20,10,20000,26503,6,1,1,10,1,,,,,,,,,,1048,20,,,,,
26503018,26503019,s==20|Hồn Tiểu Kiều 13 sao,13,148,138,350,0,,3000,2000,0,20,10,25000,26503,6,1,3,9,1,1,10,1,,,,,,,1048,40,,,,,
26503019,,s==20|Hồn Tiểu Kiều 14 sao,14,200,138,390,0,,3000,2000,0,20,10,30000,26503,9,1,3,10,1,1,11,1,,,,,,,1048,60,6685,5,13,6,
265030111,265030112,s==19|Hồn Tiểu Kiều 6 sao,6,1,1,145,5,265030122|265030132|265030142|265030152,5000,4000,0,20,10,0,26503,5,1,3,5,4,,,,,,,,,,,,,,,,
265030112,265030113,s==19|Hồn Tiểu Kiều 7 sao,7,1,1,165,1,265030123,5000,4000,0,20,10,1000,3,5,4,,,,,,,,,,,,,,,,,,,
265030113,265030114,s==19|Hồn Tiểu Kiều 8 sao,8,1,1,185,2,265030133,5000,4000,0,20,10,2000,3,5,3,3,6,1,,,,,,,,,,,,,,,,
265030114,265030115,s==19|Hồn Tiểu Kiều 9 sao,9,1,1,205,3,265030143,5000,4000,0,20,10,5000,26503,5,1,3,5,2,3,6,1,,,,,,,,,,,,,
265030115,265030116,s==20|Hồn Tiểu Kiều 10 sao,10,1,1,255,4,265030153,3000,2000,0,20,10,10000,26503,5,2,3,6,1,1,9,1,,,,,,,,,,,,,
265030116,265030117,s==20|Hồn Tiểu Kiều 11 sao,11,105,95,285,0,,3000,2000,0,20,10,15000,26503,6,1,1,9,1,,,,,,,,,,,,,,,,
265030117,265030118,s==20|Hồn Tiểu Kiều 12 sao,12,128,118,310,0,,3000,2000,0,20,10,20000,26503,6,1,1,10,1,,,,,,,,,,1048,20,,,,,
265030118,265030119,s==20|Hồn Tiểu Kiều 13 sao,13,148,138,350,0,,3000,2000,0,20,10,25000,26503,6,1,3,9,1,1,10,1,,,,,,,1048,40,,,,,
265030119,,s==20|Hồn Tiểu Kiều 14 sao,14,200,138,390,0,,3000,2000,0,20,10,30000,26503,9,1,3,10,1,1,11,1,,,,,,,1048,60,6685,5,13,6,
265051,265052,s==16|Hồn Chu Du 6 sao,6,1,1,145,5,2650522|2650532|2650542|2650552,5000,4000,0,20,10,0,26505,5,1,3,5,4,,,,,,,,,,,,,,,,
265052,265053,s==16|Hồn Chu Du 7 sao,7,1,1,165,1,2650523,5000,4000,0,20,10,1000,3,5,4,,,,,,,,,,,,,,,,,,,
265053,265054,s==16|Hồn Chu Du 8 sao,8,1,1,185,2,2650533,5000,4000,0,20,10,2000,3,5,3,3,6,1,,,,,,,,,,,,,,,,
265054,265055,s==16|Hồn Chu Du 9 sao,9,1,1,205,3,2650543,5000,4000,0,20,10,5000,26505,5,1,3,5,2,3,6,1,,,,,,,,,,,,,
265055,265056,s==17|Hồn Chu Du 10 sao,10,1,1,255,4,2650553,3000,2000,0,20,10,10000,26505,5,2,3,6,1,1,9,1,,,,,,,,,,,,,
265056,265057,s==17|Hồn Chu Du 11 sao,11,105,95,285,0,,3000,2000,0,20,10,15000,26505,6,1,1,9,1,,,,,,,,,,,,,,,,
265057,265058,s==17|Hồn Chu Du 12 sao,12,128,118,310,0,,3000,2000,0,20,10,20000,26505,6,1,1,10,1,,,,,,,,,,1048,20,,,,,
265058,265059,s==17|Hồn Chu Du 13 sao,13,148,138,350,0,,3000,2000,0,20,10,25000,26505,6,1,3,9,1,1,10,1,,,,,,,1048,40,,,,,
265059,,s==17|Hồn Chu Du 14 sao,14,200,138,390,0,,3000,2000,0,20,10,30000,26505,9,1,3,10,1,1,11,1,,,,,,,1048,60,6685,5,13,6,
26505011,26505012,s==16|Hồn·Chu Du 6 sao,6,1,1,145,5,26505022|26505032|26505042|26505052,5000,4000,0,20,10,0,26505,5,1,3,5,4,,,,,,,,,,,,,,,,
26505012,26505013,s==16|Hồn·Chu Du 7 sao,7,1,1,165,1,26505023,5000,4000,0,20,10,1000,3,5,4,,,,,,,,,,,,,,,,,,,
26505013,26505014,s==16|Hồn·Chu Du 8 sao,8,1,1,185,2,26505033,5000,4000,0,20,10,2000,3,5,3,3,6,1,,,,,,,,,,,,,,,,
26505014,26505015,s==16|Hồn·Chu Du 9 sao,9,1,1,205,3,26505043,5000,4000,0,20,10,5000,26505,5,1,3,5,2,3,6,1,,,,,,,,,,,,,
26505015,26505016,s==17|Hồn·Chu Du 10 sao,10,1,1,255,4,26505053,3000,2000,0,20,10,10000,26505,5,2,3,6,1,1,9,1,,,,,,,,,,,,,
26505016,26505017,s==17|Hồn·Chu Du 11 sao,11,105,95,285,0,,3000,2000,0,20,10,15000,26505,6,1,1,9,1,,,,,,,,,,,,,,,,
26505017,26505018,s==17|Hồn·Chu Du 12 sao,12,128,118,310,0,,3000,2000,0,20,10,20000,26505,6,1,1,10,1,,,,,,,,,,1048,20,,,,,
26505018,26505019,s==17|Hồn·Chu Du 13 sao,13,148,138,350,0,,3000,2000,0,20,10,25000,26505,6,1,3,9,1,1,10,1,,,,,,,1048,40,,,,,
26505019,,s==17|Hồn·Chu Du 14 sao,14,200,138,390,0,,3000,2000,0,20,10,30000,26505,9,1,3,10,1,1,11,1,,,,,,,1048,60,6685,5,13,6,
265050111,265050112,s==16|Hồn·Chu Du 6 sao,6,1,1,145,5,265050122|265050132|265050142|265050152,5000,4000,0,20,10,0,26505,5,1,3,5,4,,,,,,,,,,,,,,,,
265050112,265050113,s==16|Hồn·Chu Du 7 sao,7,1,1,165,1,265050123,5000,4000,0,20,10,1000,3,5,4,,,,,,,,,,,,,,,,,,,
265050113,265050114,s==16|Hồn·Chu Du 8 sao,8,1,1,185,2,265050133,5000,4000,0,20,10,2000,3,5,3,3,6,1,,,,,,,,,,,,,,,,
265050114,265050115,s==16|Hồn·Chu Du 9 sao,9,1,1,205,3,265050143,5000,4000,0,20,10,5000,26505,5,1,3,5,2,3,6,1,,,,,,,,,,,,,
265050115,265050116,s==17|Hồn·Chu Du 10 sao,10,1,1,255,4,265050153,3000,2000,0,20,10,10000,26505,5,2,3,6,1,1,9,1,,,,,,,,,,,,,
265050116,265050117,s==17|Hồn·Chu Du 11 sao,11,105,95,285,0,,3000,2000,0,20,10,15000,26505,6,1,1,9,1,,,,,,,,,,,,,,,,
265050117,265050118,s==17|Hồn·Chu Du 12 sao,12,128,118,310,0,,3000,2000,0,20,10,20000,26505,6,1,1,10,1,,,,,,,,,,1048,20,,,,,
265050118,265050119,s==17|Hồn·Chu Du 13 sao,13,148,138,350,0,,3000,2000,0,20,10,25000,26505,6,1,3,9,1,1,10,1,,,,,,,1048,40,,,,,
265050119,,s==17|Hồn·Chu Du 14 sao,14,200,138,390,0,,3000,2000,0,20,10,30000,26505,9,1,3,10,1,1,11,1,,,,,,,1048,60,6685,5,13,6,
26504011,26504012,s==21|Hồn Trương Liêu 6 sao,6,1,1,145,5,26504022|26504032|26504042|26504052,5000,4000,0,20,10,0,26504,5,1,3,5,4,,,,,,,,,,,,,,,,
26504012,26504013,s==21|Hồn Trương Liêu 7 sao,7,1,1,165,1,26504023,5000,4000,0,20,10,1000,3,5,4,,,,,,,,,,,,,,,,,,,
26504013,26504014,s==21|Hồn Trương Liêu 8 sao,8,1,1,185,2,26504033,5000,4000,0,20,10,2000,3,5,3,3,6,1,,,,,,,,,,,,,,,,
26504014,26504015,s==21|Hồn Trương Liêu 9 sao,9,1,1,205,3,26504043,5000,4000,0,20,10,5000,26504,5,1,3,5,2,3,6,1,,,,,,,,,,,,,
26504015,26504016,s==22|Hồn Trương Liêu 10 sao,10,1,1,255,4,26504053,3000,2000,0,20,10,10000,26504,5,2,3,6,1,1,9,1,,,,,,,,,,,,,
26504016,26504017,s==22|Hồn Trương Liêu 11 sao,11,105,95,285,0,,3000,2000,0,20,10,15000,26504,6,1,1,9,1,,,,,,,,,,,,,,,,
26504017,26504018,s==22|Hồn Trương Liêu 12 sao,12,128,118,310,0,,3000,2000,0,20,10,20000,26504,6,1,1,10,1,,,,,,,,,,1048,20,,,,,
26504018,26504019,s==22|Hồn Trương Liêu 13 sao,13,148,138,350,0,,3000,2000,0,20,10,25000,26504,6,1,3,9,1,1,10,1,,,,,,,1048,40,,,,,
26504019,,s==22|Hồn Trương Liêu 14 sao,14,200,138,390,0,,3000,2000,0,20,10,30000,26504,9,1,3,10,1,1,11,1,,,,,,,1048,60,6685,5,13,6,
265040311,265040312,s==21|Hồn Trương Liêu 6 sao,6,1,1,145,5,265040322|265040332|265040342|265040352,5000,4000,0,20,10,0,26504,5,1,3,5,4,,,,,,,,,,,,,,,,
265040312,265040313,s==21|Hồn Trương Liêu 7 sao,7,1,1,165,1,265040323,5000,4000,0,20,10,1000,3,5,4,,,,,,,,,,,,,,,,,,,
265040313,265040314,s==21|Hồn Trương Liêu 8 sao,8,1,1,185,2,265040333,5000,4000,0,20,10,2000,3,5,3,3,6,1,,,,,,,,,,,,,,,,
265040314,265040315,s==21|Hồn Trương Liêu 9 sao,9,1,1,205,3,265040343,5000,4000,0,20,10,5000,26504,5,1,3,5,2,3,6,1,,,,,,,,,,,,,
265040315,265040316,s==22|Hồn Trương Liêu 10 sao,10,1,1,255,4,265040353,3000,2000,0,20,10,10000,26504,5,2,3,6,1,1,9,1,,,,,,,,,,,,,
265040316,265040317,s==22|Hồn Trương Liêu 11 sao,11,105,95,285,0,,3000,2000,0,20,10,15000,26504,6,1,1,9,1,,,,,,,,,,,,,,,,
265040317,265040318,s==22|Hồn Trương Liêu 12 sao,12,128,118,310,0,,3000,2000,0,20,10,20000,26504,6,1,1,10,1,,,,,,,,,,1048,20,,,,,
265040318,265040319,s==22|Hồn Trương Liêu 13 sao,13,148,138,350,0,,3000,2000,0,20,10,25000,26504,6,1,3,9,1,1,10,1,,,,,,,1048,40,,,,,
265040319,,s==22|Hồn Trương Liêu 14 sao,14,200,138,390,0,,3000,2000,0,20,10,30000,26504,9,1,3,10,1,1,11,1,,,,,,,1048,60,6685,5,13,6,
23503031,23503032,s==15|Tiểu Kiều 6 sao,6,1,1,145,5,235030322|235030332|235030342|235030352,5000,4000,0,20,10,0,23503,5,1,23402,5,1,2,5,3,,,,,,,,,,,,,
23503032,23503033,s==15|Tiểu Kiều 7 sao,7,1,1,165,1,235030323,5000,4000,0,20,10,1000,2,5,4,,,,,,,,,,,,,,,,,,,
23503033,23503034,s==15|Tiểu Kiều 8 sao,8,1,1,185,2,235030333,5000,4000,0,20,10,2000,2,5,3,2,6,1,,,,,,,,,,,,,,,,
23503034,23503035,s==15|Tiểu Kiều 9 sao,9,1,1,205,3,235030343,5000,4000,0,20,10,5000,23503,5,1,2,5,2,2,6,1,,,,,,,,,,,,,
23503035,23503036,s==16|Tiểu Kiều 10 sao,10,1,1,255,4,235030353,3000,2000,0,20,10,10000,23503,5,2,2,6,1,1,9,1,,,,,,,,,,,,,
23503036,23503037,s==16|Tiểu Kiều 11 sao,11,105,95,285,0,,3000,2000,0,20,10,15000,23503,6,1,1,9,1,,,,,,,,,,,,,,,,
23503037,23503038,s==16|Tiểu Kiều 12 sao,12,128,118,310,0,,3000,2000,0,20,10,20000,23503,6,1,1,10,1,,,,,,,,,,1048,20,,,,,
23503038,23503039,s==16|Tiểu Kiều 13 sao,13,148,138,350,0,,3000,2000,0,20,10,25000,23503,6,1,2,9,1,1,10,1,,,,,,,1048,40,,,,,
23503039,,s==16|Tiểu Kiều 14 sao,14,200,138,390,0,,3000,2000,0,20,10,30000,23503,9,1,2,10,1,1,11,1,,,,,,,1048,60,6685,5,13,6,
25507021,25507022,s==20|Ma·Điêu Thuyền 6 sao,6,1,1,145,5,255070222|255070232|255070242|255070252,5000,4000,0,20,10,0,25507,5,1,25402,5,1,2,5,3,,,,,,,,,,,,,
25507022,25507023,s==20|Ma·Điêu Thuyền 7 sao,7,1,1,165,1,255070223,5000,4000,0,20,10,1000,2,5,4,,,,,,,,,,,,,,,,,,,
25507023,25507024,s==20|Ma·Điêu Thuyền 8 sao,8,1,1,185,2,255070233,5000,4000,0,20,10,2000,2,5,3,2,6,1,,,,,,,,,,,,,,,,
25507024,25507025,s==20|Ma·Điêu Thuyền 9 sao,9,1,1,205,3,255070243,5000,4000,0,20,10,5000,25507,5,1,2,5,2,2,6,1,,,,,,,,,,,,,
25507025,25507026,s==21|Ma·Điêu Thuyền 10 sao,10,1,1,255,4,255070253,3000,2000,0,20,10,10000,25507,5,2,2,6,1,1,9,1,,,,,,,,,,,,,
25507026,25507027,s==21|Ma·Điêu Thuyền 11 sao,11,105,95,285,0,,3000,2000,0,20,10,15000,25507,6,1,1,9,1,,,,,,,,,,,,,,,,
25507027,25507028,s==21|Ma·Điêu Thuyền 12 sao,12,128,118,310,0,,3000,2000,0,20,10,20000,25507,6,1,1,10,1,,,,,,,,,,1048,20,,,,,
25507028,25507029,s==21|Ma·Điêu Thuyền 13 sao,13,148,138,350,0,,3000,2000,0,20,10,25000,25507,6,1,2,9,1,1,10,1,,,,,,,1048,40,,,,,
25507029,,s==21|Ma·Điêu Thuyền 14 sao,14,200,138,390,0,,3000,2000,0,20,10,30000,25507,9,1,2,10,1,1,11,1,,,,,,,1048,60,6685,5,13,6,
265061,265062,s==21|Hồn Điêu Thuyền 6 sao,6,1,1,145,5,2650622|2650632|2650642|2650652,5000,4000,0,20,10,0,26506,5,1,3,5,4,,,,,,,,,,,,,,,,
265062,265063,s==21|Hồn Điêu Thuyền 7 sao,7,1,1,165,1,2650623,5000,4000,0,20,10,1000,3,5,4,,,,,,,,,,,,,,,,,,,
265063,265064,s==21|Hồn Điêu Thuyền 8 sao,8,1,1,185,2,2650633,5000,4000,0,20,10,2000,3,5,3,3,6,1,,,,,,,,,,,,,,,,
265064,265065,s==21|Hồn Điêu Thuyền 9 sao,9,1,1,205,3,2650643,5000,4000,0,20,10,5000,26506,5,1,3,5,2,3,6,1,,,,,,,,,,,,,
265065,265066,s==22|Hồn Điêu Thuyền 10 sao,10,1,1,255,4,2650653,3000,2000,0,20,10,10000,26506,5,2,3,6,1,1,9,1,,,,,,,,,,,,,
265066,265067,s==22|Hồn Điêu Thuyền 11 sao,11,105,95,285,0,,3000,2000,0,20,10,15000,26506,6,1,1,9,1,,,,,,,,,,,,,,,,
265067,265068,s==22|Hồn Điêu Thuyền 12 sao,12,128,118,310,0,,3000,2000,0,20,10,20000,26506,6,1,1,10,1,,,,,,,,,,1048,20,,,,,
265068,265069,s==22|Hồn Điêu Thuyền 13 sao,13,148,138,350,0,,3000,2000,0,20,10,25000,26506,6,1,3,9,1,1,10,1,,,,,,,1048,40,,,,,
265069,,s==22|Hồn Điêu Thuyền 14 sao,14,200,138,390,0,,3000,2000,0,20,10,30000,26506,9,1,3,10,1,1,11,1,,,,,,,1048,60,6685,5,13,6,
26506011,26506012,s==21|Hồn·Điêu Thuyền 6 sao,6,1,1,145,5,26506022|26506032|26506042|26506052,5000,4000,0,20,10,0,26506,5,1,3,5,4,,,,,,,,,,,,,,,,
26506012,26506013,s==21|Hồn·Điêu Thuyền 7 sao,7,1,1,165,1,26506023,5000,4000,0,20,10,1000,3,5,4,,,,,,,,,,,,,,,,,,,
26506013,26506014,s==21|Hồn·Điêu Thuyền 8 sao,8,1,1,185,2,26506033,5000,4000,0,20,10,2000,3,5,3,3,6,1,,,,,,,,,,,,,,,,
26506014,26506015,s==21|Hồn·Điêu Thuyền 9 sao,9,1,1,205,3,26506043,5000,4000,0,20,10,5000,26506,5,1,3,5,2,3,6,1,,,,,,,,,,,,,
26506015,26506016,s==22|Hồn·Điêu Thuyền 10 sao,10,1,1,255,4,26506053,3000,2000,0,20,10,10000,26506,5,2,3,6,1,1,9,1,,,,,,,,,,,,,
26506016,26506017,s==22|Hồn·Điêu Thuyền 11 sao,11,105,95,285,0,,3000,2000,0,20,10,15000,26506,6,1,1,9,1,,,,,,,,,,,,,,,,
26506017,26506018,s==22|Hồn·Điêu Thuyền 12 sao,12,128,118,310,0,,3000,2000,0,20,10,20000,26506,6,1,1,10,1,,,,,,,,,,1048,20,,,,,
26506018,26506019,s==22|Hồn·Điêu Thuyền 13 sao,13,148,138,350,0,,3000,2000,0,20,10,25000,26506,6,1,3,9,1,1,10,1,,,,,,,1048,40,,,,,
26506019,,s==22|Hồn·Điêu Thuyền 14 sao,14,200,138,390,0,,3000,2000,0,20,10,30000,26506,9,1,3,10,1,1,11,1,,,,,,,1048,60,6685,5,13,6,
265060111,265060112,s==21|Hồn·Điêu Thuyền 6 sao,6,1,1,145,5,265060122|265060132|265060142|265060152,5000,4000,0,20,10,0,26506,5,1,3,5,4,,,,,,,,,,,,,,,,
265060112,265060113,s==21|Hồn·Điêu Thuyền 7 sao,7,1,1,165,1,265060123,5000,4000,0,20,10,1000,3,5,4,,,,,,,,,,,,,,,,,,,
265060113,265060114,s==21|Hồn·Điêu Thuyền 8 sao,8,1,1,185,2,265060133,5000,4000,0,20,10,2000,3,5,3,3,6,1,,,,,,,,,,,,,,,,
265060114,265060115,s==21|Hồn·Điêu Thuyền 9 sao,9,1,1,205,3,265060143,5000,4000,0,20,10,5000,26506,5,1,3,5,2,3,6,1,,,,,,,,,,,,,
265060115,265060116,s==22|Hồn·Điêu Thuyền 10 sao,10,1,1,255,4,265060153,3000,2000,0,20,10,10000,26506,5,2,3,6,1,1,9,1,,,,,,,,,,,,,
265060116,265060117,s==22|Hồn·Điêu Thuyền 11 sao,11,105,95,285,0,,3000,2000,0,20,10,15000,26506,6,1,1,9,1,,,,,,,,,,,,,,,,
265060117,265060118,s==22|Hồn·Điêu Thuyền 12 sao,12,128,118,310,0,,3000,2000,0,20,10,20000,26506,6,1,1,10,1,,,,,,,,,,1048,20,,,,,
265060118,265060119,s==22|Hồn·Điêu Thuyền 13 sao,13,148,138,350,0,,3000,2000,0,20,10,25000,26506,6,1,3,9,1,1,10,1,,,,,,,1048,40,,,,,
265060119,,s==22|Hồn·Điêu Thuyền 14 sao,14,200,138,390,0,,3000,2000,0,20,10,30000,26506,9,1,3,10,1,1,11,1,,,,,,,1048,60,6685,5,13,6,
265081,265082,s==17|Hồn Quan Vũ 6 sao,6,1,1,145,5,2650822|2650832|2650842|2650852,5000,4000,0,20,10,0,26508,5,1,3,5,4,,,,,,,,,,,,,,,,
265082,265083,s==17|Hồn Quan Vũ 7 sao,7,1,1,165,1,2650823,5000,4000,0,20,10,1000,3,5,4,,,,,,,,,,,,,,,,,,,
265083,265084,s==17|Hồn Quan Vũ 8 sao,8,1,1,185,2,2650833,5000,4000,0,20,10,2000,3,5,3,3,6,1,,,,,,,,,,,,,,,,
265084,265085,s==17|Hồn Quan Vũ 9 sao,9,1,1,205,3,2650843,5000,4000,0,20,10,5000,26508,5,1,3,5,2,3,6,1,,,,,,,,,,,,,
265085,265086,s==18|Hồn Quan Vũ 10 sao,10,1,1,255,4,2650853,3000,2000,0,20,10,10000,26508,5,2,3,6,1,1,9,1,,,,,,,,,,,,,
265086,265087,s==18|Hồn Quan Vũ 11 sao,11,105,95,285,0,,3000,2000,0,20,10,15000,26508,6,1,1,9,1,,,,,,,,,,,,,,,,
265087,265088,s==18|Hồn Quan Vũ 12 sao,12,128,118,310,0,,3000,2000,0,20,10,20000,26508,6,1,1,10,1,,,,,,,,,,1048,20,,,,,
265088,265089,s==18|Hồn Quan Vũ 13 sao,13,148,138,350,0,,3000,2000,0,20,10,25000,26508,6,1,3,9,1,1,10,1,,,,,,,1048,40,,,,,
265089,,s==18|Hồn Quan Vũ 14 sao,14,200,138,390,0,,3000,2000,0,20,10,30000,26508,9,1,3,10,1,1,11,1,,,,,,,1048,60,6685,5,13,6,
26508011,26508012,s==17|Hồn·Quan Vũ 6 sao,6,1,1,145,5,26508022|26508032|26508042|26508052,5000,4000,0,20,10,0,26508,5,1,3,5,4,,,,,,,,,,,,,,,,
26508012,26508013,s==17|Hồn·Quan Vũ 7 sao,7,1,1,165,1,26508023,5000,4000,0,20,10,1000,3,5,4,,,,,,,,,,,,,,,,,,,
26508013,26508014,s==17|Hồn·Quan Vũ 8 sao,8,1,1,185,2,26508033,5000,4000,0,20,10,2000,3,5,3,3,6,1,,,,,,,,,,,,,,,,
26508014,26508015,s==17|Hồn·Quan Vũ 9 sao,9,1,1,205,3,26508043,5000,4000,0,20,10,5000,26508,5,1,3,5,2,3,6,1,,,,,,,,,,,,,
26508015,26508016,s==18|Hồn·Quan Vũ 10 sao,10,1,1,255,4,26508053,3000,2000,0,20,10,10000,26508,5,2,3,6,1,1,9,1,,,,,,,,,,,,,
26508016,26508017,s==18|Hồn·Quan Vũ 11 sao,11,105,95,285,0,,3000,2000,0,20,10,15000,26508,6,1,1,9,1,,,,,,,,,,,,,,,,
26508017,26508018,s==18|Hồn·Quan Vũ 12 sao,12,128,118,310,0,,3000,2000,0,20,10,20000,26508,6,1,1,10,1,,,,,,,,,,1048,20,,,,,
26508018,26508019,s==18|Hồn·Quan Vũ 13 sao,13,148,138,350,0,,3000,2000,0,20,10,25000,26508,6,1,3,9,1,1,10,1,,,,,,,1048,40,,,,,
26508019,,s==18|Hồn·Quan Vũ 14 sao,14,200,138,390,0,,3000,2000,0,20,10,30000,26508,9,1,3,10,1,1,11,1,,,,,,,1048,60,6685,5,13,6,
265091,265092,s==17|Hồn Gia Cát 6 sao,6,1,1,145,5,2650922|2650932|2650942|2650952,9999,8888,0,20,10,0,26509,5,1,3,5,4,,,,,,,,,,,,,,,,
265092,265093,s==17|Hồn Gia Cát 7 sao,7,1,1,165,1,2650923,9999,8888,0,20,10,1000,3,5,4,,,,,,,,,,,,,,,,,,,
265093,265094,s==17|Hồn Gia Cát 8 sao,8,1,1,185,2,2650933,9999,8888,0,20,10,2000,3,5,3,3,6,1,,,,,,,,,,,,,,,,
265094,265095,s==17|Hồn Gia Cát 9 sao,9,1,1,205,3,2650943,9999,8888,0,20,10,5000,26509,5,1,3,5,2,3,6,1,,,,,,,,,,,,,
265095,265096,s==18|Hồn Gia Cát 10 sao,10,1,1,255,4,2650953,9999,8888,0,20,10,10000,26509,5,2,3,6,1,1,9,1,,,,,,,,,,,,,
265096,265097,s==18|Hồn Gia Cát 11 sao,11,105,95,285,0,,9999,8888,0,20,10,15000,26509,6,1,1,9,1,,,,,,,,,,,,,,,,
265097,265098,s==18|Hồn Gia Cát 12 sao,12,128,118,310,0,,9999,8888,0,20,10,20000,26509,6,1,1,10,1,,,,,,,,,,1048,20,,,,,
265098,265099,s==18|Hồn Gia Cát 13 sao,13,148,138,350,0,,9999,8888,0,20,10,25000,26509,6,1,3,9,1,1,10,1,,,,,,,1048,40,,,,,
265099,,s==18|Hồn Gia Cát 14 sao,14,200,138,390,0,,9999,8888,0,20,10,30000,26509,9,1,3,10,1,1,11,1,,,,,,,1048,60,6685,5,13,6,
26509011,26509012,s==17|Hồn·Gia Cát 6 sao,6,1,1,145,5,26509022|26509032|26509042|26509052,5000,4000,0,20,10,0,26509,5,1,3,5,4,,,,,,,,,,,,,,,,
26509012,26509013,s==17|Hồn·Gia Cát 7 sao,7,1,1,165,1,26509023,5000,4000,0,20,10,1000,3,5,4,,,,,,,,,,,,,,,,,,,
26509013,26509014,s==17|Hồn·Gia Cát 8 sao,8,1,1,185,2,26509033,5000,4000,0,20,10,2000,3,5,3,3,6,1,,,,,,,,,,,,,,,,
26509014,26509015,s==17|Hồn·Gia Cát 9 sao,9,1,1,205,3,26509043,5000,4000,0,20,10,5000,26509,5,1,3,5,2,3,6,1,,,,,,,,,,,,,
26509015,26509016,s==18|Hồn·Gia Cát 10 sao,10,1,1,255,4,26509053,3000,2000,0,20,10,10000,26509,5,2,3,6,1,1,9,1,,,,,,,,,,,,,
26509016,26509017,s==18|Hồn·Gia Cát 11 sao,11,105,95,285,0,,3000,2000,0,20,10,15000,26509,6,1,1,9,1,,,,,,,,,,,,,,,,
26509017,26509018,s==18|Hồn·Gia Cát 12 sao,12,128,118,310,0,,3000,2000,0,20,10,20000,26509,6,1,1,10,1,,,,,,,,,,1048,20,,,,,
26509018,26509019,s==18|Hồn·Gia Cát 13 sao,13,148,138,350,0,,3000,2000,0,20,10,25000,26509,6,1,3,9,1,1,10,1,,,,,,,1048,40,,,,,
26509019,,s==18|Hồn·Gia Cát 14 sao,14,200,138,390,0,,3000,2000,0,20,10,30000,26509,9,1,3,10,1,1,11,1,,,,,,,1048,60,6685,5,13,6,
265101,265102,s==20|Hồn Tôn Thượng 6 sao,6,1,1,145,5,2651022|2651032|2651042|2651052,9999,8888,0,20,10,0,26510,5,1,3,5,4,,,,,,,,,,,,,,,,
265102,265103,s==20|Hồn Tôn Thượng 7 sao,7,1,1,165,1,2651023,9999,8888,0,20,10,1000,3,5,4,,,,,,,,,,,,,,,,,,,
265103,265104,s==20|Hồn Tôn Thượng 8 sao,8,1,1,185,2,2651033,9999,8888,0,20,10,2000,3,5,3,3,6,1,,,,,,,,,,,,,,,,
265104,265105,s==20|Hồn Tôn Thượng 9 sao,9,1,1,205,3,2651043,9999,8888,0,20,10,5000,26510,5,1,3,5,2,3,6,1,,,,,,,,,,,,,
265105,265106,s==21|Hồn Tôn Thượng 10 sao,10,1,1,255,4,2651053,9999,8888,0,20,10,10000,26510,5,2,3,6,1,1,9,1,,,,,,,,,,,,,
265106,265107,s==21|Hồn Tôn Thượng 11 sao,11,105,95,285,0,,9999,8888,0,20,10,15000,26510,6,1,1,9,1,,,,,,,,,,,,,,,,
265107,265108,s==21|Hồn Tôn Thượng 12 sao,12,128,118,310,0,,9999,8888,0,20,10,20000,26510,6,1,1,10,1,,,,,,,,,,1048,20,,,,,
265108,265109,s==21|Hồn Tôn Thượng 13 sao,13,148,138,350,0,,9999,8888,0,20,10,25000,26510,6,1,3,9,1,1,10,1,,,,,,,1048,40,,,,,
265109,,s==21|Hồn Tôn Thượng 14 sao,14,200,138,390,0,,9999,8888,0,20,10,30000,26510,9,1,3,10,1,1,11,1,,,,,,,1048,60,6685,5,13,6,
26510011,26510012,s==20|Hồn·Tôn Thượng 6 sao,6,1,1,145,5,26510022|26510032|26510042|26510052,5000,4000,0,20,10,0,26510,5,1,3,5,4,,,,,,,,,,,,,,,,
26510012,26510013,s==20|Hồn·Tôn Thượng 7 sao,7,1,1,165,1,26510023,5000,4000,0,20,10,1000,3,5,4,,,,,,,,,,,,,,,,,,,
26510013,26510014,s==20|Hồn·Tôn Thượng 8 sao,8,1,1,185,2,26510033,5000,4000,0,20,10,2000,3,5,3,3,6,1,,,,,,,,,,,,,,,,
26510014,26510015,s==20|Hồn·Tôn Thượng 9 sao,9,1,1,205,3,26510043,5000,4000,0,20,10,5000,26510,5,1,3,5,2,3,6,1,,,,,,,,,,,,,
26510015,26510016,s==21|Hồn·Tôn Thượng 10 sao,10,1,1,255,4,26510053,3000,2000,0,20,10,10000,26510,5,2,3,6,1,1,9,1,,,,,,,,,,,,,
26510016,26510017,s==21|Hồn·Tôn Thượng 11 sao,11,105,95,285,0,,3000,2000,0,20,10,15000,26510,6,1,1,9,1,,,,,,,,,,,,,,,,
26510017,26510018,s==21|Hồn·Tôn Thượng 12 sao,12,128,118,310,0,,3000,2000,0,20,10,20000,26510,6,1,1,10,1,,,,,,,,,,1048,20,,,,,
26510018,26510019,s==21|Hồn·Tôn Thượng 13 sao,13,148,138,350,0,,3000,2000,0,20,10,25000,26510,6,1,3,9,1,1,10,1,,,,,,,1048,40,,,,,
26510019,,s==21|Hồn·Tôn Thượng 14 sao,14,200,138,390,0,,3000,2000,0,20,10,30000,26510,9,1,3,10,1,1,11,1,,,,,,,1048,60,6685,5,13,6,
265111,265112,s==15|Hồn Lữ Bố 6 sao,6,1,1,145,5,2651122|2651132|2651142|2651152,9999,8888,0,20,10,0,26511,5,1,3,5,4,,,,,,,,,,,,,,,,
265112,265113,s==15|Hồn Lữ Bố 7 sao,7,1,1,165,1,2651123,9999,8888,0,20,10,1000,3,5,4,,,,,,,,,,,,,,,,,,,
265113,265114,s==15|Hồn Lữ Bố 8 sao,8,1,1,185,2,2651133,9999,8888,0,20,10,2000,3,5,3,3,6,1,,,,,,,,,,,,,,,,
265114,265115,s==15|Hồn Lữ Bố 9 sao,9,1,1,205,3,2651143,9999,8888,0,20,10,5000,26511,5,1,3,5,2,3,6,1,,,,,,,,,,,,,
265115,265116,s==16|Hồn Lữ Bố 10 sao,10,1,1,255,4,2651153,9999,8888,0,20,10,10000,26511,5,2,3,6,1,1,9,1,,,,,,,,,,,,,
265116,265117,s==16|Hồn Lữ Bố 11 sao,11,105,95,285,0,,9999,8888,0,20,10,15000,26511,6,1,1,9,1,,,,,,,,,,,,,,,,
265117,265118,s==16|Hồn Lữ Bố 12 sao,12,128,118,310,0,,9999,8888,0,20,10,20000,26511,6,1,1,10,1,,,,,,,,,,1048,20,,,,,
265118,265119,s==16|Hồn Lữ Bố 13 sao,13,148,138,350,0,,9999,8888,0,20,10,25000,26511,6,1,3,9,1,1,10,1,,,,,,,1048,40,,,,,
265119,,s==16|Hồn Lữ Bố 14 sao,14,200,138,390,0,,9999,8888,0,20,10,30000,26511,9,1,3,10,1,1,11,1,,,,,,,1048,60,6685,5,13,6,
265071,265072,s==18|Hồn Đại Kiều 6 sao,6,1,1,145,5,2650722|2650732|2650742|2650752,9999,8888,0,20,10,0,26507,5,1,3,5,4,,,,,,,,,,,,,,,,
265072,265073,s==18|Hồn Đại Kiều 7 sao,7,1,1,165,1,2650723,9999,8888,0,20,10,1000,3,5,4,,,,,,,,,,,,,,,,,,,
265073,265074,s==18|Hồn Đại Kiều 8 sao,8,1,1,185,2,2650733,9999,8888,0,20,10,2000,3,5,3,3,6,1,,,,,,,,,,,,,,,,
265074,265075,s==18|Hồn Đại Kiều 9 sao,9,1,1,205,3,2650743,9999,8888,0,20,10,5000,26507,5,1,3,5,2,3,6,1,,,,,,,,,,,,,
265075,265076,s==19|Hồn Đại Kiều 10 sao,10,1,1,255,4,2650753,9999,8888,0,20,10,10000,26507,5,2,3,6,1,1,9,1,,,,,,,,,,,,,
265076,265077,s==19|Hồn Đại Kiều 11 sao,11,105,95,285,0,,9999,8888,0,20,10,15000,26507,6,1,1,9,1,,,,,,,,,,,,,,,,
265077,265078,s==19|Hồn Đại Kiều 12 sao,12,128,118,310,0,,9999,8888,0,20,10,20000,26507,6,1,1,10,1,,,,,,,,,,1048,20,,,,,
265078,265079,s==19|Hồn Đại Kiều 13 sao,13,148,138,350,0,,9999,8888,0,20,10,25000,26507,6,1,3,9,1,1,10,1,,,,,,,1048,40,,,,,
265079,,s==19|Hồn Đại Kiều 14 sao,14,200,138,390,0,,9999,8888,0,20,10,30000,26507,9,1,3,10,1,1,11,1,,,,,,,1048,60,6685,5,13,6,
2650701,2650702,s==18|Hồn Đại Kiều 6 sao,6,1,1,145,5,26507022|26507032|26507042|26507052,9999,8888,0,20,10,0,265070,5,1,3,5,4,,,,,,,,,,,,,,,,
2650702,2650703,s==18|Hồn Đại Kiều 7 sao,7,1,1,165,1,26507023,9999,8888,0,20,10,1000,3,5,4,,,,,,,,,,,,,,,,,,,
2650703,2650704,s==18|Hồn Đại Kiều 8 sao,8,1,1,185,2,26507033,9999,8888,0,20,10,2000,3,5,3,3,6,1,,,,,,,,,,,,,,,,
2650704,2650705,s==18|Hồn Đại Kiều 9 sao,9,1,1,205,3,26507043,9999,8888,0,20,10,5000,265070,5,1,3,5,2,3,6,1,,,,,,,,,,,,,
2650705,2650706,s==19|Hồn Đại Kiều 10 sao,10,1,1,255,4,26507053,9999,8888,0,20,10,10000,265070,5,2,3,6,1,1,9,1,,,,,,,,,,,,,
2650706,2650707,s==19|Hồn Đại Kiều 11 sao,11,105,95,285,0,,9999,8888,0,20,10,15000,265070,6,1,1,9,1,,,,,,,,,,,,,,,,
2650707,2650708,s==19|Hồn Đại Kiều 12 sao,12,128,118,310,0,,9999,8888,0,20,10,20000,265070,6,1,1,10,1,,,,,,,,,,1048,20,,,,,
2650708,2650709,s==19|Hồn Đại Kiều 13 sao,13,148,138,350,0,,9999,8888,0,20,10,25000,265070,6,1,3,9,1,1,10,1,,,,,,,1048,40,,,,,
2650709,,s==19|Hồn Đại Kiều 14 sao,14,200,138,390,0,,9999,8888,0,20,10,30000,26507,9,1,3,10,1,1,11,1,,,,,,,1048,60,6685,5,13,6,
26507011,26507012,s==18|Hồn Đại Kiều 6 sao,6,1,1,145,5,265070122|265070132|265070142|265070152,9999,8888,0,20,10,0,2650701,5,1,3,5,4,,,,,,,,,,,,,,,,
26507012,26507013,s==18|Hồn Đại Kiều 7 sao,7,1,1,165,1,265070123,9999,8888,0,20,10,1000,3,5,4,,,,,,,,,,,,,,,,,,,
26507013,26507014,s==18|Hồn Đại Kiều 8 sao,8,1,1,185,2,265070133,9999,8888,0,20,10,2000,3,5,3,3,6,1,,,,,,,,,,,,,,,,
26507014,26507015,s==18|Hồn Đại Kiều 9 sao,9,1,1,205,3,265070143,9999,8888,0,20,10,5000,2650701,5,1,3,5,2,3,6,1,,,,,,,,,,,,,
26507015,26507016,s==19|Hồn Đại Kiều 10 sao,10,1,1,255,4,265070153,9999,8888,0,20,10,10000,2650701,5,2,3,6,1,1,9,1,,,,,,,,,,,,,
26507016,26507017,s==19|Hồn Đại Kiều 11 sao,11,105,95,285,0,,9999,8888,0,20,10,15000,2650701,6,1,1,9,1,,,,,,,,,,,,,,,,
26507017,26507018,s==19|Hồn Đại Kiều 12 sao,12,128,118,310,0,,9999,8888,0,20,10,20000,2650701,6,1,1,10,1,,,,,,,,,,1048,20,,,,,
26507018,26507019,s==19|Hồn Đại Kiều 13 sao,13,148,138,350,0,,9999,8888,0,20,10,25000,2650701,6,1,3,9,1,1,10,1,,,,,,,1048,40,,,,,
26507019,,s==19|Hồn Đại Kiều 14 sao,14,200,138,390,0,,9999,8888,0,20,10,30000,26507,9,1,3,10,1,1,11,1,,,,,,,1048,60,6685,5,13,6,