id,name,group,showType,rewards-type-1,rewards-id-1,rewards-value-1,worldlvLimit,lvLimit,lvLimitEx,star,clearRepeat,dateStart,dateEnd,
1001,s==17|Gói Quà Tự Chọn 1,1,s==8|Tinh Túy,1,9,130,,,,,,,,
1002,s==17|Gói Quà Tự Chọn 2,1,s==8|Tinh Túy,1,8,20010,,,,,,,,
2001,s==17|Gói Quà Tự Chọn 3,1,s==8|Tinh Túy,2,1001,10,,,,,,,,
2002,s==17|Gói Quà Tự Chọn 4,1,s==7|Mảnh vỡ,2,1002,30,,,,,,,,
2003,s==17|Gói Quà Tự Chọn 5,1,s==7|Mảnh vỡ,2,1002,50,,,,,,,,
2004,s==17|Gói Quà Tự Chọn 6,2,s==7|Mảnh vỡ,2,1002,70,,,,,,,,
2005,s==17|Gói Quà Tự Chọn 7,2,s==7|Mảnh vỡ,2,1002,90,,,,,,,,
3001,s==33|Siêu Trị Thủ Nạp Tự Chọn Võ Tướng,3,s==21|Gói Quà Mảnh Vật Phẩm,2,21508,50,,,,,,,,
3002,s==33|Siêu Trị Thủ Nạp Tự Chọn Võ Tướng,3,s==21|Gói Quà Mảnh Vật Phẩm,2,21503,50,,,,,,,,
3003,s==33|Siêu Trị Thủ Nạp Tự Chọn Võ Tướng,3,s==21|Gói Quà Mảnh Vật Phẩm,2,22508,50,,,,,,,,
3004,s==33|Siêu Trị Thủ Nạp Tự Chọn Võ Tướng,3,s==21|Gói Quà Mảnh Vật Phẩm,2,22502,50,,,,,,,,
3005,s==33|Siêu Trị Thủ Nạp Tự Chọn Võ Tướng,3,s==21|Gói Quà Mảnh Vật Phẩm,2,23503,50,,,,,,,,
3006,s==33|Siêu Trị Thủ Nạp Tự Chọn Võ Tướng,3,s==21|Gói Quà Mảnh Vật Phẩm,2,23506,50,,,,,,,,
4001,s==29|Gói Quà Tự Chọn Sao Thạch Cam,4,s==10|Tinh thạch,2,1450100,1,,,,,,,,
4002,s==29|Gói Quà Tự Chọn Sao Thạch Cam,4,s==10|Tinh thạch,2,1450200,1,,,,,,,,
4003,s==29|Gói Quà Tự Chọn Sao Thạch Cam,4,s==10|Tinh thạch,2,1450300,1,,,,,,,,
4004,s==29|Gói Quà Tự Chọn Sao Thạch Cam,4,s==10|Tinh thạch,2,1450400,1,,,,,,,,
5001,s==34|Lựa Chọn Phụ Kiện Tối Thượng 1 Sao,5,s==20|Phụ Kiện Phản Thương,2,531110,1,,,,,,,,
5002,s==34|Lựa Chọn Phụ Kiện Tối Thượng 1 Sao,5,s==20|Phụ Kiện Phản Thương,2,531210,1,,,,,,,,
5003,s==34|Lựa Chọn Phụ Kiện Tối Thượng 1 Sao,5,s==20|Phụ Kiện Phản Thương,2,531310,1,,,,,,,,
5004,s==34|Lựa Chọn Phụ Kiện Tối Thượng 1 Sao,5,s==20|Phụ Kiện Phản Thương,2,531410,1,,,,,,,,
5005,s==34|Lựa Chọn Phụ Kiện Tối Thượng 1 Sao,5,s==20|Phụ Kiện Huyết Chiến,2,531111,1,,,,,,,,
5006,s==34|Lựa Chọn Phụ Kiện Tối Thượng 1 Sao,5,s==20|Phụ Kiện Huyết Chiến,2,531211,1,,,,,,,,
5007,s==34|Lựa Chọn Phụ Kiện Tối Thượng 1 Sao,5,s==20|Phụ Kiện Huyết Chiến,2,531311,1,,,,,,,,
5008,s==34|Lựa Chọn Phụ Kiện Tối Thượng 1 Sao,5,s==20|Phụ Kiện Huyết Chiến,2,531411,1,,,,,,,,
5009,s==34|Lựa Chọn Phụ Kiện Tối Thượng 1 Sao,5,s==19|Phụ Kiện Cường Kích,2,531112,1,,,,,,,,
5010,s==34|Lựa Chọn Phụ Kiện Tối Thượng 1 Sao,5,s==19|Phụ Kiện Cường Kích,2,531212,1,,,,,,,,
5011,s==34|Lựa Chọn Phụ Kiện Tối Thượng 1 Sao,5,s==19|Phụ Kiện Cường Kích,2,531312,1,,,,,,,,
5012,s==34|Lựa Chọn Phụ Kiện Tối Thượng 1 Sao,5,s==19|Phụ Kiện Cường Kích,2,531412,1,,,,,,,,
5013,s==34|Lựa Chọn Phụ Kiện Tối Thượng 1 Sao,5,s==14|Phụ Kiện Tự Hộ,2,531109,1,,,,,,,,
5014,s==34|Lựa Chọn Phụ Kiện Tối Thượng 1 Sao,5,s==14|Phụ Kiện Tự Hộ,2,531209,1,,,,,,,,
5015,s==34|Lựa Chọn Phụ Kiện Tối Thượng 1 Sao,5,s==14|Phụ Kiện Tự Hộ,2,531309,1,,,,,,,,
5016,s==34|Lựa Chọn Phụ Kiện Tối Thượng 1 Sao,5,s==14|Phụ Kiện Tự Hộ,2,531409,1,,,,,,,,
5017,s==34|Lựa Chọn Phụ Kiện Tối Thượng 1 Sao,5,s==17|Phụ Kiện Thiên Dự,2,531105,1,,,,,,,,
5018,s==34|Lựa Chọn Phụ Kiện Tối Thượng 1 Sao,5,s==17|Phụ Kiện Thiên Dự,2,531205,1,,,,,,,,
5019,s==34|Lựa Chọn Phụ Kiện Tối Thượng 1 Sao,5,s==17|Phụ Kiện Thiên Dự,2,531305,1,,,,,,,,
5020,s==34|Lựa Chọn Phụ Kiện Tối Thượng 1 Sao,5,s==17|Phụ Kiện Thiên Dự,2,531405,1,,,,,,,,
5021,s==34|Lựa Chọn Phụ Kiện Tối Thượng 1 Sao,5,s==18|Phụ Kiện Thủ Khiên,2,531106,1,,,,,,,,
5022,s==34|Lựa Chọn Phụ Kiện Tối Thượng 1 Sao,5,s==18|Phụ Kiện Thủ Khiên,2,531206,1,,,,,,,,
5023,s==34|Lựa Chọn Phụ Kiện Tối Thượng 1 Sao,5,s==18|Phụ Kiện Thủ Khiên,2,531306,1,,,,,,,,
5024,s==34|Lựa Chọn Phụ Kiện Tối Thượng 1 Sao,5,s==18|Phụ Kiện Thủ Khiên,2,531406,1,,,,,,,,
5025,s==34|Lựa Chọn Phụ Kiện Tối Thượng 1 Sao,5,s==15|Phụ Kiện Ly Hỏa,2,531107,1,,,,,,,,
5026,s==34|Lựa Chọn Phụ Kiện Tối Thượng 1 Sao,5,s==15|Phụ Kiện Ly Hỏa,2,531207,1,,,,,,,,
5027,s==34|Lựa Chọn Phụ Kiện Tối Thượng 1 Sao,5,s==15|Phụ Kiện Ly Hỏa,2,531307,1,,,,,,,,
5028,s==34|Lựa Chọn Phụ Kiện Tối Thượng 1 Sao,5,s==15|Phụ Kiện Ly Hỏa,2,531407,1,,,,,,,,
5029,s==34|Lựa Chọn Phụ Kiện Tối Thượng 1 Sao,5,s==17|Phụ Kiện Hãm Trận,2,531108,1,,,,,,,,
5030,s==34|Lựa Chọn Phụ Kiện Tối Thượng 1 Sao,5,s==17|Phụ Kiện Hãm Trận,2,531208,1,,,,,,,,
5031,s==34|Lựa Chọn Phụ Kiện Tối Thượng 1 Sao,5,s==17|Phụ Kiện Hãm Trận,2,531308,1,,,,,,,,
5032,s==34|Lựa Chọn Phụ Kiện Tối Thượng 1 Sao,5,s==17|Phụ Kiện Hãm Trận,2,531408,1,,,,,,,,
6060,s==34|Hộp Quà Tự Chọn Nguyên Liệu Hiếm ④,8,s==16|Nguyên Liệu Hiếm,2,1029,25,,1,,,,,,
6080,s==34|Hộp Quà Tự Chọn Nguyên Liệu Hiếm ④,8,s==16|Nguyên Liệu Hiếm,2,1020,25,,1,,,,,,
6090,s==34|Hộp Quà Tự Chọn Nguyên Liệu Hiếm ④,8,s==16|Nguyên Liệu Hiếm,2,1082,25,,40,,,,,,
6100,s==34|Hộp Quà Tự Chọn Nguyên Liệu Hiếm ④,8,s==16|Nguyên Liệu Hiếm,2,1043,50,,60,,,,,,
6110,s==34|Hộp Quà Tự Chọn Nguyên Liệu Hiếm ④,8,s==16|Nguyên Liệu Hiếm,2,1103,25,,82,,,,,,
6120,s==34|Hộp Quà Tự Chọn Nguyên Liệu Hiếm ④,8,s==16|Nguyên Liệu Hiếm,2,1036,25,,82,,,,,,
6121,s==34|Hộp Quà Tự Chọn Nguyên Liệu Hiếm ④,8,s==16|Nguyên Liệu Hiếm,2,1011,25,,85,,,,,,
6122,s==34|Hộp Quà Tự Chọn Nguyên Liệu Hiếm ④,8,s==16|Nguyên Liệu Hiếm,2,1010,25,,85,,,,,,
6130,s==34|Hộp Quà Tự Chọn Nguyên Liệu Hiếm ④,8,s==16|Nguyên Liệu Hiếm,2,1017,25,,125,,,,,,
6140,s==34|Hộp Quà Tự Chọn Nguyên Liệu Hiếm ④,8,s==16|Nguyên Liệu Hiếm,2,1033,25,,135,,,,,,
6150,s==34|Hộp Quà Tự Chọn Nguyên Liệu Hiếm ④,8,s==16|Nguyên Liệu Hiếm,2,1046,25,,70,,,,,,
7000,s==39|Hộp Quà Lựa Chọn Nguyên Liệu Quý Hiếm ④,9,s==20|Nguyên Liệu Quý Hiếm,2,1030,10,,1,,,,,,
7010,s==39|Hộp Quà Lựa Chọn Nguyên Liệu Quý Hiếm ④,9,s==20|Nguyên Liệu Quý Hiếm,2,1021,10,,1,,,,,,
7020,s==39|Hộp Quà Lựa Chọn Nguyên Liệu Quý Hiếm ④,9,s==20|Nguyên Liệu Quý Hiếm,2,1081,10,,40,,,,,,
7030,s==39|Hộp Quà Lựa Chọn Nguyên Liệu Quý Hiếm ④,9,s==20|Nguyên Liệu Quý Hiếm,2,1044,20,,60,,,,,,
7031,s==39|Hộp Quà Lựa Chọn Nguyên Liệu Quý Hiếm ④,9,s==20|Nguyên Liệu Quý Hiếm,2,1104,10,,82,,,,,,
7032,s==39|Hộp Quà Lựa Chọn Nguyên Liệu Quý Hiếm ④,9,s==20|Nguyên Liệu Quý Hiếm,2,1037,10,,82,,,,,,
7040,s==39|Hộp Quà Lựa Chọn Nguyên Liệu Quý Hiếm ④,9,s==20|Nguyên Liệu Quý Hiếm,2,1009,10,,85,,,,,,
7050,s==39|Hộp Quà Lựa Chọn Nguyên Liệu Quý Hiếm ④,9,s==20|Nguyên Liệu Quý Hiếm,2,1018,10,,125,,,,,,
7070,s==39|Hộp Quà Lựa Chọn Nguyên Liệu Quý Hiếm ④,9,s==20|Nguyên Liệu Quý Hiếm,2,1032,10,,135,,,,,,
8000,s==24|Thần Ma Tự Chọn Võ Tướng,12,s==12|Thần·Mảnh Vỡ,2,24503,50,,,,,,,,
8010,s==24|Thần Ma Tự Chọn Võ Tướng,12,s==12|Thần·Mảnh Vỡ,2,24506,50,,,,,,,,
8020,s==24|Thần Ma Tự Chọn Võ Tướng,12,s==12|Thần·Mảnh Vỡ,2,24508,50,,,,,,,,
8030,s==24|Thần Ma Tự Chọn Võ Tướng,12,s==12|Thần·Mảnh Vỡ,2,24510,50,,,,,,,,
8040,s==24|Thần Ma Tự Chọn Võ Tướng,12,s==10|Ma·Mảnh Vỡ,2,25504,50,,,,,,,,
8050,s==24|Thần Ma Tự Chọn Võ Tướng,12,s==10|Ma·Mảnh Vỡ,2,25509,50,,,,,,,,
8060,s==24|Thần Ma Tự Chọn Võ Tướng,12,s==10|Ma·Mảnh Vỡ,2,25506,50,,,,,,,,
8070,s==24|Thần Ma Tự Chọn Võ Tướng,12,s==10|Ma·Mảnh Vỡ,2,25507,50,,,,,,,,
9000,s==35|Tướng Lên Sao Tự Chọn Ngụy Thục Ngô,13,s==14|Tướng Ngô Quốc,3,23401,1,,,,5,,,,
9010,s==35|Tướng Lên Sao Tự Chọn Ngụy Thục Ngô,13,s==14|Tướng Ngô Quốc,3,23402,1,,,,5,,,,
9020,s==35|Tướng Lên Sao Tự Chọn Ngụy Thục Ngô,13,s==14|Tướng Ngô Quốc,3,23403,1,,,,5,,,,
9030,s==35|Tướng Lên Sao Tự Chọn Ngụy Thục Ngô,13,s==14|Tướng Ngô Quốc,3,23404,1,,,,5,,,,
9050,s==35|Tướng Lên Sao Tự Chọn Ngụy Thục Ngô,13,s==20|Tướng quân nước Ngụy,3,21401,1,,,,5,,,,
9060,s==35|Tướng Lên Sao Tự Chọn Ngụy Thục Ngô,13,s==20|Tướng quân nước Ngụy,3,21402,1,,,,5,,,,
9070,s==35|Tướng Lên Sao Tự Chọn Ngụy Thục Ngô,13,s==20|Tướng quân nước Ngụy,3,21403,1,,,,5,,,,
9080,s==35|Tướng Lên Sao Tự Chọn Ngụy Thục Ngô,13,s==20|Tướng quân nước Ngụy,3,21404,1,,,,5,,,,
9110,s==35|Tướng Lên Sao Tự Chọn Ngụy Thục Ngô,13,s==20|Tướng quân nước Thục,3,22402,1,,,,5,,,,
9120,s==35|Tướng Lên Sao Tự Chọn Ngụy Thục Ngô,13,s==20|Tướng quân nước Thục,3,22403,1,,,,5,,,,
9130,s==35|Tướng Lên Sao Tự Chọn Ngụy Thục Ngô,13,s==20|Tướng quân nước Thục,3,22404,1,,,,5,,,,
9140,s==35|Tướng Lên Sao Tự Chọn Ngụy Thục Ngô,13,s==20|Tướng quân nước Thục,3,22405,1,,,,5,,,,
9500,s==35|Thần Ma Tự Chọn Thăng Tinh Võ Tướng,14,s==15|Thần·Tướng quân,3,24401,1,,,,5,,,,
9520,s==35|Thần Ma Tự Chọn Thăng Tinh Võ Tướng,14,s==15|Thần·Tướng quân,3,24403,1,,,,5,,,,
9530,s==35|Thần Ma Tự Chọn Thăng Tinh Võ Tướng,14,s==15|Thần·Tướng quân,3,24404,1,,,,5,,,,
9550,s==35|Thần Ma Tự Chọn Thăng Tinh Võ Tướng,14,s==13|Ma·Tướng quân,3,25402,1,,,,5,,,,
9560,s==35|Thần Ma Tự Chọn Thăng Tinh Võ Tướng,14,s==13|Ma·Tướng quân,3,25403,1,,,,5,,,,
9570,s==35|Thần Ma Tự Chọn Thăng Tinh Võ Tướng,14,s==13|Ma·Tướng quân,3,25404,1,,,,5,,,,
9800,s==31|Hộp quà chọn nguyên liệu hiếm ①,15,s==16|Nguyên Liệu Hiếm,2,1043,2,,,,,,,,
9810,s==31|Hộp quà chọn nguyên liệu hiếm ①,15,s==16|Nguyên Liệu Hiếm,2,1029,1,,,,,,,,
9850,s==38|Hộp quà nguyên liệu quý hiếm tự chọn ①,16,s==20|Nguyên Liệu Quý Hiếm,2,1044,2,,,,,,,,
9860,s==38|Hộp quà nguyên liệu quý hiếm tự chọn ①,16,s==20|Nguyên Liệu Quý Hiếm,2,1030,1,,,,,,,,
10001,s==23|Gói chọn 4 sao Tam Quốc,17,s==14|Mảnh Ngụy Quốc,2,21401,30,,,,,,,,
10002,s==23|Gói chọn 4 sao Tam Quốc,17,s==14|Mảnh Ngụy Quốc,2,21402,30,,,,,,,,
10003,s==23|Gói chọn 4 sao Tam Quốc,17,s==14|Mảnh Ngụy Quốc,2,21403,30,,,,,,,,
10004,s==23|Gói chọn 4 sao Tam Quốc,17,s==14|Mảnh Ngụy Quốc,2,21404,30,,,,,,,,
10005,s==23|Gói chọn 4 sao Tam Quốc,17,s==14|Mảnh Thục Quốc,2,22402,30,,,,,,,,
10006,s==23|Gói chọn 4 sao Tam Quốc,17,s==14|Mảnh Thục Quốc,2,22403,30,,,,,,,,
10007,s==23|Gói chọn 4 sao Tam Quốc,17,s==14|Mảnh Thục Quốc,2,22404,30,,,,,,,,
10008,s==23|Gói chọn 4 sao Tam Quốc,17,s==14|Mảnh Thục Quốc,2,22405,30,,,,,,,,
10009,s==23|Gói chọn 4 sao Tam Quốc,17,s==13|Mảnh Ngô Quốc,2,23401,30,,,,,,,,
10010,s==23|Gói chọn 4 sao Tam Quốc,17,s==13|Mảnh Ngô Quốc,2,23402,30,,,,,,,,
10011,s==23|Gói chọn 4 sao Tam Quốc,17,s==13|Mảnh Ngô Quốc,2,23403,30,,,,,,,,
10012,s==23|Gói chọn 4 sao Tam Quốc,17,s==13|Mảnh Ngô Quốc,2,23404,30,,,,,,,,
11000,s==30|Gói chọn lựa trang bị đỏ 3 sao,18,s==16|Gói quà trang bị,2,2631,1,,,,,,,,
11001,s==30|Gói chọn lựa trang bị đỏ 3 sao,18,s==16|Gói quà trang bị,2,2632,1,,,,,,,,
11002,s==30|Gói chọn lựa trang bị đỏ 3 sao,18,s==16|Gói quà trang bị,2,2633,1,,,,,,,,
11003,s==30|Gói chọn lựa trang bị đỏ 3 sao,18,s==16|Gói quà trang bị,2,2634,1,,,,,,,,
12000,s==23|Chọn mảnh Thần Ma 5 sao,19,s==13|Mảnh Thần hóa,2,3012,50,,,,,,,,
12001,s==29|5 Tinh Thần Ma Tế Bản Tự Chọn,19,s==11|Mảnh Ma hóa,2,3013,50,,,,,,,,
13000,s==16|Tinh Túy Tự Chọn,20,s==21|Nguyên liệu thăng cấp,2,1038,1,,,,,,,,
13001,s==16|Tinh Túy Tự Chọn,20,s==21|Nguyên liệu thăng cấp,2,1039,1,,,,,,,,
13002,s==16|Tinh Túy Tự Chọn,20,s==21|Nguyên liệu thăng cấp,2,1040,1,,,,,,,,
13003,s==16|Tinh Túy Tự Chọn,20,s==21|Nguyên liệu thăng cấp,2,1041,1,,,,,,,,
13004,s==16|Tinh Túy Tự Chọn,20,s==21|Nguyên liệu thăng cấp,2,1042,1,,,,,,,,
21001,s==31|Hộp quà chọn nguyên liệu hiếm ③,21,s==16|Nguyên Liệu Hiếm,2,1006,600,,,,,,,,
21002,s==31|Hộp quà chọn nguyên liệu hiếm ③,21,s==16|Nguyên Liệu Hiếm,2,1029,6,,,,,,,,
21003,s==31|Hộp quà chọn nguyên liệu hiếm ③,21,s==16|Nguyên Liệu Hiếm,2,1043,12,,,,,,,,
21004,s==31|Hộp quà chọn nguyên liệu hiếm ③,21,s==16|Nguyên Liệu Hiếm,2,1020,6,,,,,,,,
21005,s==31|Hộp quà chọn nguyên liệu hiếm ③,21,s==16|Nguyên Liệu Hiếm,2,1011,6,,,,,,,,
21006,s==31|Hộp quà chọn nguyên liệu hiếm ③,21,s==16|Nguyên Liệu Hiếm,2,1017,6,,,,,,,,
21007,s==31|Hộp quà chọn nguyên liệu hiếm ③,21,s==16|Nguyên Liệu Hiếm,2,1082,6,,,,,,,,
21008,s==31|Hộp quà chọn nguyên liệu hiếm ③,21,s==16|Nguyên Liệu Hiếm,2,1033,6,,,,,,,,
22001,s==38|Hộp quà nguyên liệu quý hiếm tự chọn ③,22,s==20|Nguyên Liệu Quý Hiếm,2,1006,1000,,,,,,,,
22002,s==38|Hộp quà nguyên liệu quý hiếm tự chọn ③,22,s==20|Nguyên Liệu Quý Hiếm,2,1030,5,,,,,,,,
22003,s==38|Hộp quà nguyên liệu quý hiếm tự chọn ③,22,s==20|Nguyên Liệu Quý Hiếm,2,1044,10,,,,,,,,
22004,s==38|Hộp quà nguyên liệu quý hiếm tự chọn ③,22,s==20|Nguyên Liệu Quý Hiếm,2,1021,5,,,,,,,,
22005,s==38|Hộp quà nguyên liệu quý hiếm tự chọn ③,22,s==20|Nguyên Liệu Quý Hiếm,2,1009,5,,,,,,,,
22006,s==38|Hộp quà nguyên liệu quý hiếm tự chọn ③,22,s==20|Nguyên Liệu Quý Hiếm,2,1018,5,,,,,,,,
30000,s==27|Mảnh chọn lựa hỗ trợ tam hệ,23,s==21|Gói Quà Mảnh Vật Phẩm,2,21507,50,,,,,,,,
30001,s==27|Mảnh chọn lựa hỗ trợ tam hệ,23,s==21|Gói Quà Mảnh Vật Phẩm,2,22507,50,,,,,,,,
30002,s==27|Mảnh chọn lựa hỗ trợ tam hệ,23,s==21|Gói Quà Mảnh Vật Phẩm,2,23503,50,,,,,,,,
31000,s==29|Mảnh chọn lựa tấn công ngũ hệ,24,s==21|Gói Quà Mảnh Vật Phẩm,2,21508,50,,,,,,,,
31003,s==29|Mảnh chọn lựa tấn công ngũ hệ,24,s==21|Gói Quà Mảnh Vật Phẩm,2,22504,50,,,,,,,,
31004,s==29|Mảnh chọn lựa tấn công ngũ hệ,24,s==21|Gói Quà Mảnh Vật Phẩm,2,23507,50,,,,,,,,
31006,s==29|Mảnh chọn lựa tấn công ngũ hệ,24,s==21|Gói Quà Mảnh Vật Phẩm,2,24504,50,,,,,,,,
31007,s==29|Mảnh chọn lựa tấn công ngũ hệ,24,s==21|Gói Quà Mảnh Vật Phẩm,2,25506,50,,,,,,,,
32000,s==30|Mảnh chọn lựa tấn công Thần Ma,25,s==21|Gói Quà Mảnh Vật Phẩm,2,24508,50,,,,,,,,
32001,s==30|Mảnh chọn lựa tấn công Thần Ma,25,s==21|Gói Quà Mảnh Vật Phẩm,2,25504,50,,,,,,,,
35000,s==51|Mảnh trang sức、 Tinh hoa、 Tinh hoa Long Hồn tự chọn,26,s==11|Nguyên liệu,2,1008,10,,,,,,,,
35001,s==51|Mảnh trang sức、 Tinh hoa、 Tinh hoa Long Hồn tự chọn,26,s==11|Nguyên liệu,2,1086,10,,120,,,,,,
35002,s==51|Mảnh trang sức、 Tinh hoa、 Tinh hoa Long Hồn tự chọn,26,s==8|Tinh Túy,2,1038,20,,,,,,,,
35003,s==51|Mảnh trang sức、 Tinh hoa、 Tinh hoa Long Hồn tự chọn,26,s==8|Tinh Túy,2,1039,20,,,,,,,,
35004,s==51|Mảnh trang sức、 Tinh hoa、 Tinh hoa Long Hồn tự chọn,26,s==8|Tinh Túy,2,1040,20,,,,,,,,
35005,s==51|Mảnh trang sức、 Tinh hoa、 Tinh hoa Long Hồn tự chọn,26,s==8|Tinh Túy,2,1041,20,,,,,,,,
35006,s==51|Mảnh trang sức、 Tinh hoa、 Tinh hoa Long Hồn tự chọn,26,s==8|Tinh Túy,2,1042,20,,,,,,,,
37000,s==37|Vật liệu hiếm、 Gói tự chọn Chương Tàn,27,s==11|Nguyên liệu,2,1043,20,,60,,,,,,
37001,s==37|Vật liệu hiếm、 Gói tự chọn Chương Tàn,27,s==11|Nguyên liệu,2,1029,10,,1,,,,,,
37002,s==37|Vật liệu hiếm、 Gói tự chọn Chương Tàn,27,s==11|Nguyên liệu,2,1020,10,,1,,,,,,
37003,s==37|Vật liệu hiếm、 Gói tự chọn Chương Tàn,27,s==11|Nguyên liệu,2,1103,10,,82,,,,,,
37004,s==37|Vật liệu hiếm、 Gói tự chọn Chương Tàn,27,s==11|Nguyên liệu,2,1036,10,,82,,,,,,
37005,s==37|Vật liệu hiếm、 Gói tự chọn Chương Tàn,27,s==11|Nguyên liệu,2,1011,10,,85,,,,,,
37006,s==37|Vật liệu hiếm、 Gói tự chọn Chương Tàn,27,s==11|Nguyên liệu,2,1017,10,,125,,,,,,
37007,s==37|Vật liệu hiếm、 Gói tự chọn Chương Tàn,27,s==10|Tàn Chương,2,1075,2,,110,,,,,,
38000,s==39|Hiếm vật liệu、Tàn Chương Tự Chọn Lễ Bao,28,s==11|Nguyên liệu,2,1044,16,,60,,,,,,
38001,s==39|Hiếm vật liệu、Tàn Chương Tự Chọn Lễ Bao,28,s==11|Nguyên liệu,2,1030,8,,1,,,,,,
38002,s==39|Hiếm vật liệu、Tàn Chương Tự Chọn Lễ Bao,28,s==11|Nguyên liệu,2,1021,10,,1,,,,,,
38003,s==39|Hiếm vật liệu、Tàn Chương Tự Chọn Lễ Bao,28,s==11|Nguyên liệu,2,1104,10,,82,,,,,,
38004,s==39|Hiếm vật liệu、Tàn Chương Tự Chọn Lễ Bao,28,s==11|Nguyên liệu,2,1037,10,,82,,,,,,
38005,s==39|Hiếm vật liệu、Tàn Chương Tự Chọn Lễ Bao,28,s==11|Nguyên liệu,2,1009,8,,85,,,,,,
38006,s==39|Hiếm vật liệu、Tàn Chương Tự Chọn Lễ Bao,28,s==11|Nguyên liệu,2,1018,8,,125,,,,,,
38007,s==39|Hiếm vật liệu、Tàn Chương Tự Chọn Lễ Bao,28,s==10|Tàn Chương,2,1076,1,,110,,,,,,
39000,s==45|Lựa chọn trang sức phẩm chất 2 sao tuyệt phẩm,29,s==20|Phụ Kiện Phản Thương,2,532110,1,,,,,,,,
39001,s==45|Lựa chọn trang sức phẩm chất 2 sao tuyệt phẩm,29,s==20|Phụ Kiện Phản Thương,2,532210,1,,,,,,,,
39002,s==45|Lựa chọn trang sức phẩm chất 2 sao tuyệt phẩm,29,s==20|Phụ Kiện Phản Thương,2,532310,1,,,,,,,,
39003,s==45|Lựa chọn trang sức phẩm chất 2 sao tuyệt phẩm,29,s==20|Phụ Kiện Phản Thương,2,532410,1,,,,,,,,
39004,s==45|Lựa chọn trang sức phẩm chất 2 sao tuyệt phẩm,29,s==20|Phụ Kiện Huyết Chiến,2,532111,1,,,,,,,,
39005,s==45|Lựa chọn trang sức phẩm chất 2 sao tuyệt phẩm,29,s==20|Phụ Kiện Huyết Chiến,2,532211,1,,,,,,,,
39006,s==45|Lựa chọn trang sức phẩm chất 2 sao tuyệt phẩm,29,s==20|Phụ Kiện Huyết Chiến,2,532311,1,,,,,,,,
39007,s==45|Lựa chọn trang sức phẩm chất 2 sao tuyệt phẩm,29,s==20|Phụ Kiện Huyết Chiến,2,532411,1,,,,,,,,
39008,s==45|Lựa chọn trang sức phẩm chất 2 sao tuyệt phẩm,29,s==19|Phụ Kiện Cường Kích,2,532112,1,,,,,,,,
39009,s==45|Lựa chọn trang sức phẩm chất 2 sao tuyệt phẩm,29,s==19|Phụ Kiện Cường Kích,2,532212,1,,,,,,,,
39010,s==45|Lựa chọn trang sức phẩm chất 2 sao tuyệt phẩm,29,s==19|Phụ Kiện Cường Kích,2,532312,1,,,,,,,,
39011,s==45|Lựa chọn trang sức phẩm chất 2 sao tuyệt phẩm,29,s==19|Phụ Kiện Cường Kích,2,532412,1,,,,,,,,
39012,s==45|Lựa chọn trang sức phẩm chất 2 sao tuyệt phẩm,29,s==14|Phụ Kiện Tự Hộ,2,532109,1,,,,,,,,
39013,s==45|Lựa chọn trang sức phẩm chất 2 sao tuyệt phẩm,29,s==14|Phụ Kiện Tự Hộ,2,532209,1,,,,,,,,
39014,s==45|Lựa chọn trang sức phẩm chất 2 sao tuyệt phẩm,29,s==14|Phụ Kiện Tự Hộ,2,532309,1,,,,,,,,
39015,s==45|Lựa chọn trang sức phẩm chất 2 sao tuyệt phẩm,29,s==14|Phụ Kiện Tự Hộ,2,532409,1,,,,,,,,
39016,s==45|Lựa chọn trang sức phẩm chất 2 sao tuyệt phẩm,29,s==17|Phụ Kiện Thiên Dự,2,532105,1,,,,,,,,
39017,s==45|Lựa chọn trang sức phẩm chất 2 sao tuyệt phẩm,29,s==17|Phụ Kiện Thiên Dự,2,532205,1,,,,,,,,
39018,s==45|Lựa chọn trang sức phẩm chất 2 sao tuyệt phẩm,29,s==17|Phụ Kiện Thiên Dự,2,532305,1,,,,,,,,
39019,s==45|Lựa chọn trang sức phẩm chất 2 sao tuyệt phẩm,29,s==17|Phụ Kiện Thiên Dự,2,532405,1,,,,,,,,
39020,s==45|Lựa chọn trang sức phẩm chất 2 sao tuyệt phẩm,29,s==18|Phụ Kiện Thủ Khiên,2,532106,1,,,,,,,,
39021,s==45|Lựa chọn trang sức phẩm chất 2 sao tuyệt phẩm,29,s==18|Phụ Kiện Thủ Khiên,2,532206,1,,,,,,,,
39022,s==45|Lựa chọn trang sức phẩm chất 2 sao tuyệt phẩm,29,s==18|Phụ Kiện Thủ Khiên,2,532306,1,,,,,,,,
39023,s==45|Lựa chọn trang sức phẩm chất 2 sao tuyệt phẩm,29,s==18|Phụ Kiện Thủ Khiên,2,532406,1,,,,,,,,
39024,s==45|Lựa chọn trang sức phẩm chất 2 sao tuyệt phẩm,29,s==15|Phụ Kiện Ly Hỏa,2,532107,1,,,,,,,,
39025,s==45|Lựa chọn trang sức phẩm chất 2 sao tuyệt phẩm,29,s==15|Phụ Kiện Ly Hỏa,2,532207,1,,,,,,,,
39026,s==45|Lựa chọn trang sức phẩm chất 2 sao tuyệt phẩm,29,s==15|Phụ Kiện Ly Hỏa,2,532307,1,,,,,,,,
39027,s==45|Lựa chọn trang sức phẩm chất 2 sao tuyệt phẩm,29,s==15|Phụ Kiện Ly Hỏa,2,532407,1,,,,,,,,
39028,s==45|Lựa chọn trang sức phẩm chất 2 sao tuyệt phẩm,29,s==17|Phụ Kiện Hãm Trận,2,532108,1,,,,,,,,
39029,s==45|Lựa chọn trang sức phẩm chất 2 sao tuyệt phẩm,29,s==17|Phụ Kiện Hãm Trận,2,532208,1,,,,,,,,
39030,s==45|Lựa chọn trang sức phẩm chất 2 sao tuyệt phẩm,29,s==17|Phụ Kiện Hãm Trận,2,532308,1,,,,,,,,
39031,s==45|Lựa chọn trang sức phẩm chất 2 sao tuyệt phẩm,29,s==17|Phụ Kiện Hãm Trận,2,532408,1,,,,,,,,
40000,s==33|Tự chọn trang sức phẩm chất 3 sao,30,s==20|Phụ Kiện Phản Thương,2,533110,1,,,,,,,,
40001,s==33|Tự chọn trang sức phẩm chất 3 sao,30,s==20|Phụ Kiện Phản Thương,2,533210,1,,,,,,,,
40002,s==33|Tự chọn trang sức phẩm chất 3 sao,30,s==20|Phụ Kiện Phản Thương,2,533310,1,,,,,,,,
40003,s==33|Tự chọn trang sức phẩm chất 3 sao,30,s==20|Phụ Kiện Phản Thương,2,533410,1,,,,,,,,
40004,s==33|Tự chọn trang sức phẩm chất 3 sao,30,s==20|Phụ Kiện Huyết Chiến,2,533111,1,,,,,,,,
40005,s==33|Tự chọn trang sức phẩm chất 3 sao,30,s==20|Phụ Kiện Huyết Chiến,2,533211,1,,,,,,,,
40006,s==33|Tự chọn trang sức phẩm chất 3 sao,30,s==20|Phụ Kiện Huyết Chiến,2,533311,1,,,,,,,,
40007,s==33|Tự chọn trang sức phẩm chất 3 sao,30,s==20|Phụ Kiện Huyết Chiến,2,533411,1,,,,,,,,
40008,s==33|Tự chọn trang sức phẩm chất 3 sao,30,s==19|Phụ Kiện Cường Kích,2,533112,1,,,,,,,,
40009,s==33|Tự chọn trang sức phẩm chất 3 sao,30,s==19|Phụ Kiện Cường Kích,2,533212,1,,,,,,,,
40010,s==33|Tự chọn trang sức phẩm chất 3 sao,30,s==19|Phụ Kiện Cường Kích,2,533312,1,,,,,,,,
40011,s==33|Tự chọn trang sức phẩm chất 3 sao,30,s==19|Phụ Kiện Cường Kích,2,533412,1,,,,,,,,
40012,s==33|Tự chọn trang sức phẩm chất 3 sao,30,s==14|Phụ Kiện Tự Hộ,2,533109,1,,,,,,,,
40013,s==33|Tự chọn trang sức phẩm chất 3 sao,30,s==14|Phụ Kiện Tự Hộ,2,533209,1,,,,,,,,
40014,s==33|Tự chọn trang sức phẩm chất 3 sao,30,s==14|Phụ Kiện Tự Hộ,2,533309,1,,,,,,,,
40015,s==33|Tự chọn trang sức phẩm chất 3 sao,30,s==14|Phụ Kiện Tự Hộ,2,533409,1,,,,,,,,
40016,s==33|Tự chọn trang sức phẩm chất 3 sao,30,s==17|Phụ Kiện Thiên Dự,2,533105,1,,,,,,,,
40017,s==33|Tự chọn trang sức phẩm chất 3 sao,30,s==17|Phụ Kiện Thiên Dự,2,533205,1,,,,,,,,
40018,s==33|Tự chọn trang sức phẩm chất 3 sao,30,s==17|Phụ Kiện Thiên Dự,2,533305,1,,,,,,,,
40019,s==33|Tự chọn trang sức phẩm chất 3 sao,30,s==17|Phụ Kiện Thiên Dự,2,533405,1,,,,,,,,
40020,s==33|Tự chọn trang sức phẩm chất 3 sao,30,s==18|Phụ Kiện Thủ Khiên,2,533106,1,,,,,,,,
40021,s==33|Tự chọn trang sức phẩm chất 3 sao,30,s==18|Phụ Kiện Thủ Khiên,2,533206,1,,,,,,,,
40022,s==33|Tự chọn trang sức phẩm chất 3 sao,30,s==18|Phụ Kiện Thủ Khiên,2,533306,1,,,,,,,,
40023,s==33|Tự chọn trang sức phẩm chất 3 sao,30,s==18|Phụ Kiện Thủ Khiên,2,533406,1,,,,,,,,
40024,s==33|Tự chọn trang sức phẩm chất 3 sao,30,s==15|Phụ Kiện Ly Hỏa,2,533107,1,,,,,,,,
40025,s==33|Tự chọn trang sức phẩm chất 3 sao,30,s==15|Phụ Kiện Ly Hỏa,2,533207,1,,,,,,,,
40026,s==33|Tự chọn trang sức phẩm chất 3 sao,30,s==15|Phụ Kiện Ly Hỏa,2,533307,1,,,,,,,,
40027,s==33|Tự chọn trang sức phẩm chất 3 sao,30,s==15|Phụ Kiện Ly Hỏa,2,533407,1,,,,,,,,
40028,s==33|Tự chọn trang sức phẩm chất 3 sao,30,s==17|Phụ Kiện Hãm Trận,2,533108,1,,,,,,,,
40029,s==33|Tự chọn trang sức phẩm chất 3 sao,30,s==17|Phụ Kiện Hãm Trận,2,533208,1,,,,,,,,
40030,s==33|Tự chọn trang sức phẩm chất 3 sao,30,s==17|Phụ Kiện Hãm Trận,2,533308,1,,,,,,,,
40031,s==33|Tự chọn trang sức phẩm chất 3 sao,30,s==17|Phụ Kiện Hãm Trận,2,533408,1,,,,,,,,
41004,s==56|Võ tướng siêu cường、Thần Ma Võ Tướng、Hiếm đạo cụ tự chọn,31,s==12|Thần·Mảnh Vỡ,2,24508,50,,,,,,,,
41005,s==56|Võ tướng siêu cường、Thần Ma Võ Tướng、Hiếm đạo cụ tự chọn,31,s==12|Thần·Mảnh Vỡ,2,24506,50,,,,,,,,
41006,s==56|Võ tướng siêu cường、Thần Ma Võ Tướng、Hiếm đạo cụ tự chọn,31,s==12|Thần·Mảnh Vỡ,2,24504,50,,,,,,,,
41007,s==56|Võ tướng siêu cường、Thần Ma Võ Tướng、Hiếm đạo cụ tự chọn,31,s==12|Thần·Mảnh Vỡ,2,24503,50,,,,,,,,
41008,s==56|Võ tướng siêu cường、Thần Ma Võ Tướng、Hiếm đạo cụ tự chọn,31,s==10|Ma·Mảnh Vỡ,2,25504,50,,,,,,,,
41009,s==56|Võ tướng siêu cường、Thần Ma Võ Tướng、Hiếm đạo cụ tự chọn,31,s==10|Ma·Mảnh Vỡ,2,25513,50,,,,,,,,
41010,s==56|Võ tướng siêu cường、Thần Ma Võ Tướng、Hiếm đạo cụ tự chọn,31,s==10|Ma·Mảnh Vỡ,2,25510,50,,,,,,,,
41011,s==56|Võ tướng siêu cường、Thần Ma Võ Tướng、Hiếm đạo cụ tự chọn,31,s==10|Ma·Mảnh Vỡ,2,25507,50,,,,,,,,
41012,s==56|Võ tướng siêu cường、Thần Ma Võ Tướng、Hiếm đạo cụ tự chọn,31,s==16|Bảo vật hiếm quý,2,1056,400,,,,,,,,
41013,s==56|Võ tướng siêu cường、Thần Ma Võ Tướng、Hiếm đạo cụ tự chọn,31,s==16|Bảo vật hiếm quý,2,1475,1,,,,,,,,
42000,s==28|Mảnh chọn lựa hỗ trợ Thần Ma,32,s==21|Gói Quà Mảnh Vật Phẩm,2,24506,50,,,,,,,,
42001,s==28|Mảnh chọn lựa hỗ trợ Thần Ma,32,s==21|Gói Quà Mảnh Vật Phẩm,2,25507,50,,,,,,,,
42002,s==29|Mảnh chọn lựa Thần Ma cốt lõi,33,s==21|Gói Quà Mảnh Vật Phẩm,2,24508,50,,,,,,,,
42003,s==28|Mảnh chọn lựa hỗ trợ Thần Ma,33,s==21|Gói Quà Mảnh Vật Phẩm,2,25510,50,,,,,,,,
43000,s==28|Gói chọn lựa mưu lược sử thi,34,s==6|Kỳ mưu,2,80101,1,,,,,,,,
43001,s==28|Gói chọn lựa mưu lược sử thi,34,s==6|Kỳ mưu,2,80201,1,,,,,,,,
43002,s==28|Gói chọn lựa mưu lược sử thi,34,s==6|Kỳ mưu,2,80301,1,,,,,,,,
43003,s==28|Gói chọn lựa mưu lược sử thi,34,s==6|Kỳ mưu,2,80401,1,,,,,,,,
43004,s==28|Gói chọn lựa mưu lược sử thi,34,s==6|Kỳ mưu,2,80501,1,,,,,,,,
43005,s==28|Gói chọn lựa mưu lược sử thi,34,s==6|Kỳ mưu,2,81501,1,,,,,,,,
44001,s==24|Tinh hoa Địa Sát tự chọn,35,s==31|Địa·Huyền Viên Linh Ngọc (Ngụy),2,1095,1,,,,,,,,
44002,s==24|Tinh hoa Địa Sát tự chọn,35,s==28|Địa·Phục Hy Linh Ngọc (Thục),2,1096,1,,,,,,,,
44003,s==24|Tinh hoa Địa Sát tự chọn,35,s==25|Địa·Nữ Oa Linh Ngọc (Ngô),2,1097,1,,,,,,,,
44004,s==24|Tinh hoa Địa Sát tự chọn,35,s==31|Địa·Đông Hoàng Linh Ngọc (Thần),2,1098,1,,,,,,,,
44005,s==24|Tinh hoa Địa Sát tự chọn,35,s==29|Địa·Hình Thiên Linh Ngọc (Ma),2,1099,1,,,,,,,,
45001,s==27|Tự chọn mảnh tướng phụ xanh,36,s==18|Phó tướng Tam Quốc,2,9130,1,,,,,,,,
45002,s==27|Tự chọn mảnh tướng phụ xanh,36,s==18|Phó tướng Tam Quốc,2,9131,1,,,,,,,,
45003,s==27|Tự chọn mảnh tướng phụ xanh,36,s==18|Phó tướng Tam Quốc,2,9230,1,,,,,,,,
45004,s==27|Tự chọn mảnh tướng phụ xanh,36,s==18|Phó tướng Tam Quốc,2,9231,1,,,,,,,,
45005,s==27|Tự chọn mảnh tướng phụ xanh,36,s==18|Phó tướng Tam Quốc,2,9330,1,,,,,,,,
45006,s==27|Tự chọn mảnh tướng phụ xanh,36,s==18|Phó tướng Tam Quốc,2,9331,1,,,,,,,,
45007,s==27|Tự chọn mảnh tướng phụ xanh,36,s==17|Phó tướng Thần Ma,2,9430,1,,,,,,,,
45008,s==27|Tự chọn mảnh tướng phụ xanh,36,s==17|Phó tướng Thần Ma,2,9431,1,,,,,,,,
45009,s==27|Tự chọn mảnh tướng phụ xanh,36,s==17|Phó tướng Thần Ma,2,9530,1,,,,,,,,
45010,s==27|Tự chọn mảnh tướng phụ xanh,36,s==17|Phó tướng Thần Ma,2,9531,1,,,,,,,,
46001,s==26|Tự chọn mảnh tướng phụ tím,37,s==18|Phó tướng Tam Quốc,2,9140,1,,,,,,,,
46002,s==26|Tự chọn mảnh tướng phụ tím,37,s==18|Phó tướng Tam Quốc,2,9141,1,,,,,,,,
46003,s==26|Tự chọn mảnh tướng phụ tím,37,s==18|Phó tướng Tam Quốc,2,9240,1,,,,,,,,
46004,s==26|Tự chọn mảnh tướng phụ tím,37,s==18|Phó tướng Tam Quốc,2,9241,1,,,,,,,,
46005,s==26|Tự chọn mảnh tướng phụ tím,37,s==18|Phó tướng Tam Quốc,2,9340,1,,,,,,,,
46006,s==26|Tự chọn mảnh tướng phụ tím,37,s==18|Phó tướng Tam Quốc,2,9341,1,,,,,,,,
46007,s==26|Tự chọn mảnh tướng phụ tím,37,s==17|Phó tướng Thần Ma,2,9440,1,,,,,,,,
46008,s==26|Tự chọn mảnh tướng phụ tím,37,s==17|Phó tướng Thần Ma,2,9441,1,,,,,,,,
46009,s==26|Tự chọn mảnh tướng phụ tím,37,s==17|Phó tướng Thần Ma,2,9540,1,,,,,,,,
46010,s==26|Tự chọn mảnh tướng phụ tím,37,s==17|Phó tướng Thần Ma,2,9541,1,,,,,,,,
47001,s==26|Tự chọn mảnh tướng phụ cam,38,s==18|Phó tướng Tam Quốc,2,9150,1,,,,,,,,
47002,s==26|Tự chọn mảnh tướng phụ cam,38,s==18|Phó tướng Tam Quốc,2,9151,1,,,,,,,,
47003,s==26|Tự chọn mảnh tướng phụ cam,38,s==18|Phó tướng Tam Quốc,2,9250,1,,,,,,,,
47004,s==26|Tự chọn mảnh tướng phụ cam,38,s==18|Phó tướng Tam Quốc,2,9251,1,,,,,,,,
47005,s==26|Tự chọn mảnh tướng phụ cam,38,s==18|Phó tướng Tam Quốc,2,9350,1,,,,,,,,
47006,s==26|Tự chọn mảnh tướng phụ cam,38,s==18|Phó tướng Tam Quốc,2,9351,1,,,,,,,,
47007,s==26|Tự chọn mảnh tướng phụ cam,38,s==17|Phó tướng Thần Ma,2,9450,1,,,,,,,,
47008,s==26|Tự chọn mảnh tướng phụ cam,38,s==17|Phó tướng Thần Ma,2,9451,1,,,,,,,,
47009,s==26|Tự chọn mảnh tướng phụ cam,38,s==17|Phó tướng Thần Ma,2,9550,1,,,,,,,,
47010,s==26|Tự chọn mảnh tướng phụ cam,38,s==17|Phó tướng Thần Ma,2,9551,1,,,,,,,,
48001,s==30|Hộp quà tự chọn đạo cụ quý giá,39,s==30|Hộp quà tự chọn đạo cụ quý giá,2,1031,1,,,,,,,,
48002,s==30|Hộp quà tự chọn đạo cụ quý giá,39,s==30|Hộp quà tự chọn đạo cụ quý giá,2,1079,1,,,,,,,,
48500,s==24|Hồng sắc chiến kỳ tự hộp,40,s==17|Hồng sắc chiến kỳ,2,6005,1,,,,,,,,
48501,s==24|Hồng sắc chiến kỳ tự hộp,40,s==17|Hồng sắc chiến kỳ,2,6006,1,,,,,,,,
48502,s==24|Hồng sắc chiến kỳ tự hộp,40,s==17|Hồng sắc chiến kỳ,2,6007,1,,,,,,,,
48503,s==24|Hồng sắc chiến kỳ tự hộp,40,s==17|Hồng sắc chiến kỳ,2,6008,1,,,,,,,,
48504,s==24|Hồng sắc chiến kỳ tự hộp,40,s==17|Hồng sắc chiến kỳ,2,6009,1,,,,,,,,
48505,s==31|Hồng Sắc Chiến Kỳ Tự Chọn Tương,40,s==17|Hồng sắc chiến kỳ,2,6010,1,,,,,,,,
49101,s==27|Túi tự chọn bảo thạch cấp 2,41,s==8|Tam giác,2,62005,1,,,,,,,,
49102,s==27|Túi tự chọn bảo thạch cấp 2,41,s==8|Tam giác,2,62001,1,,,,,,,,
49103,s==27|Túi tự chọn bảo thạch cấp 2,41,s==8|Tam giác,2,62002,1,,,,,,,,
49104,s==27|Túi tự chọn bảo thạch cấp 2,41,s==8|Tam giác,2,62003,1,,,,,,,,
49105,s==27|Túi tự chọn bảo thạch cấp 2,41,s==8|Tam giác,2,62004,1,,,,,,,,
49106,s==27|Túi tự chọn bảo thạch cấp 2,41,s==10|Hình vuông,2,62010,1,,,,,,,,
49107,s==27|Túi tự chọn bảo thạch cấp 2,41,s==10|Hình vuông,2,62009,1,,,,,,,,
49108,s==27|Túi tự chọn bảo thạch cấp 2,41,s==10|Hình vuông,2,62006,1,,,,,,,,
49109,s==27|Túi tự chọn bảo thạch cấp 2,41,s==10|Hình vuông,2,62007,1,,,,,,,,
49110,s==27|Túi tự chọn bảo thạch cấp 2,41,s==10|Hình vuông,2,62008,1,,,,,,,,
49111,s==27|Túi tự chọn bảo thạch cấp 2,41,s==9|Hình tròn,2,62015,1,,,,,,,,
49112,s==27|Túi tự chọn bảo thạch cấp 2,41,s==9|Hình tròn,2,62011,1,,,,,,,,
49113,s==27|Túi tự chọn bảo thạch cấp 2,41,s==9|Hình tròn,2,62012,1,,,,,,,,
49114,s==27|Túi tự chọn bảo thạch cấp 2,41,s==9|Hình tròn,2,62013,1,,,,,,,,
49115,s==27|Túi tự chọn bảo thạch cấp 2,41,s==9|Hình tròn,2,62014,1,,,,,,,,
49116,s==27|Túi tự chọn bảo thạch cấp 3,42,s==8|Tam giác,2,63005,1,,,,,,,,
49117,s==27|Túi tự chọn bảo thạch cấp 3,42,s==8|Tam giác,2,63001,1,,,,,,,,
49118,s==27|Túi tự chọn bảo thạch cấp 3,42,s==8|Tam giác,2,63002,1,,,,,,,,
49119,s==27|Túi tự chọn bảo thạch cấp 3,42,s==8|Tam giác,2,63003,1,,,,,,,,
49120,s==27|Túi tự chọn bảo thạch cấp 3,42,s==8|Tam giác,2,63004,1,,,,,,,,
49121,s==27|Túi tự chọn bảo thạch cấp 3,42,s==10|Hình vuông,2,63010,1,,,,,,,,
49122,s==27|Túi tự chọn bảo thạch cấp 3,42,s==10|Hình vuông,2,63009,1,,,,,,,,
49123,s==27|Túi tự chọn bảo thạch cấp 3,42,s==10|Hình vuông,2,63006,1,,,,,,,,
49124,s==27|Túi tự chọn bảo thạch cấp 3,42,s==10|Hình vuông,2,63007,1,,,,,,,,
49125,s==27|Túi tự chọn bảo thạch cấp 3,42,s==10|Hình vuông,2,63008,1,,,,,,,,
49126,s==27|Túi tự chọn bảo thạch cấp 3,42,s==9|Hình tròn,2,63015,1,,,,,,,,
49127,s==27|Túi tự chọn bảo thạch cấp 3,42,s==9|Hình tròn,2,63011,1,,,,,,,,
49128,s==27|Túi tự chọn bảo thạch cấp 3,42,s==9|Hình tròn,2,63012,1,,,,,,,,
49129,s==27|Túi tự chọn bảo thạch cấp 3,42,s==9|Hình tròn,2,63013,1,,,,,,,,
49130,s==27|Túi tự chọn bảo thạch cấp 3,42,s==9|Hình tròn,2,63014,1,,,,,,,,
49131,s==21|Túi Chọn Đá Quý Cấp 4,54,s==8|Tam giác,2,64005,1,,,,,,,,
49132,s==21|Túi Chọn Đá Quý Cấp 4,54,s==8|Tam giác,2,64001,1,,,,,,,,
49133,s==21|Túi Chọn Đá Quý Cấp 4,54,s==8|Tam giác,2,64002,1,,,,,,,,
49134,s==21|Túi Chọn Đá Quý Cấp 4,54,s==8|Tam giác,2,64003,1,,,,,,,,
49135,s==21|Túi Chọn Đá Quý Cấp 4,54,s==8|Tam giác,2,64004,1,,,,,,,,
49136,s==21|Túi Chọn Đá Quý Cấp 4,54,s==10|Hình vuông,2,64010,1,,,,,,,,
49137,s==21|Túi Chọn Đá Quý Cấp 4,54,s==10|Hình vuông,2,64009,1,,,,,,,,
49138,s==21|Túi Chọn Đá Quý Cấp 4,54,s==10|Hình vuông,2,64006,1,,,,,,,,
49139,s==21|Túi Chọn Đá Quý Cấp 4,54,s==10|Hình vuông,2,64007,1,,,,,,,,
49140,s==21|Túi Chọn Đá Quý Cấp 4,54,s==10|Hình vuông,2,64008,1,,,,,,,,
49141,s==21|Túi Chọn Đá Quý Cấp 4,54,s==9|Hình tròn,2,64015,1,,,,,,,,
49142,s==21|Túi Chọn Đá Quý Cấp 4,54,s==9|Hình tròn,2,64011,1,,,,,,,,
49143,s==21|Túi Chọn Đá Quý Cấp 4,54,s==9|Hình tròn,2,64012,1,,,,,,,,
49144,s==21|Túi Chọn Đá Quý Cấp 4,54,s==9|Hình tròn,2,64013,1,,,,,,,,
49145,s==21|Túi Chọn Đá Quý Cấp 4,54,s==9|Hình tròn,2,64014,1,,,,,,,,
50101,s==33|Tướng Thăng Sao Tự Chọn Quốc Ngụy,43,s==20|Tướng quân nước Ngụy,3,21401,1,,,,5,,,,
50102,s==33|Tướng Thăng Sao Tự Chọn Quốc Ngụy,43,s==20|Tướng quân nước Ngụy,3,21402,1,,,,5,,,,
50103,s==33|Tướng Thăng Sao Tự Chọn Quốc Ngụy,43,s==20|Tướng quân nước Ngụy,3,21403,1,,,,5,,,,
50104,s==33|Tướng Thăng Sao Tự Chọn Quốc Ngụy,43,s==20|Tướng quân nước Ngụy,3,21404,1,,,,5,,,,
50202,s==33|Tướng Thăng Sao Tự Chọn Thục Quốc,44,s==20|Tướng quân nước Thục,3,22402,1,,,,5,,,,
50203,s==33|Tướng Thăng Sao Tự Chọn Thục Quốc,44,s==20|Tướng quân nước Thục,3,22403,1,,,,5,,,,
50204,s==33|Tướng Thăng Sao Tự Chọn Thục Quốc,44,s==20|Tướng quân nước Thục,3,22404,1,,,,5,,,,
50205,s==33|Tướng Thăng Sao Tự Chọn Thục Quốc,44,s==20|Tướng quân nước Thục,3,22405,1,,,,5,,,,
50301,s==32|Tướng Thăng Sao Tự Chọn Ngô Quốc,45,s==14|Tướng Ngô Quốc,3,23401,1,,,,5,,,,
50302,s==32|Tướng Thăng Sao Tự Chọn Ngô Quốc,45,s==14|Tướng Ngô Quốc,3,23402,1,,,,5,,,,
50303,s==32|Tướng Thăng Sao Tự Chọn Ngô Quốc,45,s==14|Tướng Ngô Quốc,3,23403,1,,,,5,,,,
50304,s==32|Tướng Thăng Sao Tự Chọn Ngô Quốc,45,s==14|Tướng Ngô Quốc,3,23404,1,,,,5,,,,
50401,s==28|Thần Tướng Thăng Sao Tự Chọn,46,s==15|Thần·Tướng quân,3,24401,1,,,,5,,,,
50403,s==28|Thần Tướng Thăng Sao Tự Chọn,46,s==15|Thần·Tướng quân,3,24403,1,,,,5,,,,
50404,s==28|Thần Tướng Thăng Sao Tự Chọn,46,s==15|Thần·Tướng quân,3,24404,1,,,,5,,,,
50502,s==26|Ma Tướng Thăng Sao Tự Chọn,47,s==13|Ma·Tướng quân,3,25402,1,,,,5,,,,
50503,s==26|Ma Tướng Thăng Sao Tự Chọn,47,s==13|Ma·Tướng quân,3,25403,1,,,,5,,,,
50504,s==26|Ma Tướng Thăng Sao Tự Chọn,47,s==13|Ma·Tướng quân,3,25404,1,,,,5,,,,
60101,s==24|Hộp Đá Quý Cấp 1 Tự Chọn,48,s==8|Tam giác,2,61005,1,,,,,,,,
60102,s==24|Hộp Đá Quý Cấp 1 Tự Chọn,48,s==8|Tam giác,2,61001,1,,,,,,,,
60103,s==24|Hộp Đá Quý Cấp 1 Tự Chọn,48,s==8|Tam giác,2,61002,1,,,,,,,,
60104,s==24|Hộp Đá Quý Cấp 1 Tự Chọn,48,s==8|Tam giác,2,61003,1,,,,,,,,
60105,s==24|Hộp Đá Quý Cấp 1 Tự Chọn,48,s==8|Tam giác,2,61004,1,,,,,,,,
60106,s==24|Hộp Đá Quý Cấp 1 Tự Chọn,48,s==10|Hình vuông,2,61010,1,,,,,,,,
60107,s==24|Hộp Đá Quý Cấp 1 Tự Chọn,48,s==10|Hình vuông,2,61009,1,,,,,,,,
60108,s==24|Hộp Đá Quý Cấp 1 Tự Chọn,48,s==10|Hình vuông,2,61006,1,,,,,,,,
60109,s==24|Hộp Đá Quý Cấp 1 Tự Chọn,48,s==10|Hình vuông,2,61007,1,,,,,,,,
60110,s==24|Hộp Đá Quý Cấp 1 Tự Chọn,48,s==10|Hình vuông,2,61008,1,,,,,,,,
60111,s==24|Hộp Đá Quý Cấp 1 Tự Chọn,48,s==9|Hình tròn,2,61015,1,,,,,,,,
60112,s==24|Hộp Đá Quý Cấp 1 Tự Chọn,48,s==9|Hình tròn,2,61011,1,,,,,,,,
60113,s==24|Hộp Đá Quý Cấp 1 Tự Chọn,48,s==9|Hình tròn,2,61012,1,,,,,,,,
60114,s==24|Hộp Đá Quý Cấp 1 Tự Chọn,48,s==9|Hình tròn,2,61013,1,,,,,,,,
60115,s==24|Hộp Đá Quý Cấp 1 Tự Chọn,48,s==9|Hình tròn,2,61014,1,,,,,,,,
60116,s==30|Lễ Bao Vật Liệu Hiếm Tự Chọn ②,49,s==16|Nguyên Liệu Hiếm,2,1029,1,,,,,,,,
60117,s==30|Lễ Bao Vật Liệu Hiếm Tự Chọn ②,49,s==16|Nguyên Liệu Hiếm,2,1020,1,,,,,,,,
60118,s==30|Lễ Bao Vật Liệu Hiếm Tự Chọn ②,49,s==16|Nguyên Liệu Hiếm,2,1082,1,,,,,,,,
60119,s==30|Lễ Bao Vật Liệu Hiếm Tự Chọn ②,49,s==16|Nguyên Liệu Hiếm,2,1043,2,,,,,,,,
60120,s==30|Lễ Bao Vật Liệu Hiếm Tự Chọn ②,49,s==16|Nguyên Liệu Hiếm,2,1103,1,,,,,,,,
60121,s==30|Lễ Bao Vật Liệu Hiếm Tự Chọn ②,49,s==16|Nguyên Liệu Hiếm,2,1036,1,,,,,,,,
60122,s==30|Lễ Bao Vật Liệu Hiếm Tự Chọn ②,49,s==16|Nguyên Liệu Hiếm,2,1011,1,,,,,,,,
60123,s==30|Lễ Bao Vật Liệu Hiếm Tự Chọn ②,49,s==16|Nguyên Liệu Hiếm,2,1010,1,,,,,,,,
60124,s==30|Lễ Bao Vật Liệu Hiếm Tự Chọn ②,49,s==16|Nguyên Liệu Hiếm,2,1017,1,,,,,,,,
60125,s==30|Lễ Bao Vật Liệu Hiếm Tự Chọn ②,49,s==16|Nguyên Liệu Hiếm,2,1033,1,,,,,,,,
60126,s==30|Lễ Bao Vật Liệu Hiếm Tự Chọn ②,49,s==16|Nguyên Liệu Hiếm,2,1046,1,,,,,,,,
60127,s==33|Hộp Quà Tự Chọn Nguyên Liệu Hiếm②,50,s==20|Nguyên Liệu Quý Hiếm,2,1030,1,,,,,,,,
60128,s==33|Hộp Quà Tự Chọn Nguyên Liệu Hiếm②,50,s==20|Nguyên Liệu Quý Hiếm,2,1021,1,,,,,,,,
60129,s==33|Hộp Quà Tự Chọn Nguyên Liệu Hiếm②,50,s==20|Nguyên Liệu Quý Hiếm,2,1081,1,,,,,,,,
60130,s==33|Hộp Quà Tự Chọn Nguyên Liệu Hiếm②,50,s==20|Nguyên Liệu Quý Hiếm,2,1044,2,,,,,,,,
60131,s==33|Hộp Quà Tự Chọn Nguyên Liệu Hiếm②,50,s==20|Nguyên Liệu Quý Hiếm,2,1104,1,,,,,,,,
60132,s==33|Hộp Quà Tự Chọn Nguyên Liệu Hiếm②,50,s==20|Nguyên Liệu Quý Hiếm,2,1037,1,,,,,,,,
60133,s==33|Hộp Quà Tự Chọn Nguyên Liệu Hiếm②,50,s==20|Nguyên Liệu Quý Hiếm,2,1009,1,,,,,,,,
60134,s==33|Hộp Quà Tự Chọn Nguyên Liệu Hiếm②,50,s==20|Nguyên Liệu Quý Hiếm,2,1018,1,,,,,,,,
60135,s==33|Hộp Quà Tự Chọn Nguyên Liệu Hiếm②,50,s==20|Nguyên Liệu Quý Hiếm,2,1032,1,,,,,,,,
60136,s==38|Hộp quà nguyên liệu quý hiếm tự chọn ⑤,51,s==20|Nguyên Liệu Quý Hiếm,2,1030,15,,,,,,,,
60138,s==38|Hộp quà nguyên liệu quý hiếm tự chọn ⑤,51,s==20|Nguyên Liệu Quý Hiếm,2,1081,15,,,,,,,,
60139,s==38|Hộp quà nguyên liệu quý hiếm tự chọn ⑤,51,s==20|Nguyên Liệu Quý Hiếm,2,1044,30,,,,,,,,
60140,s==38|Hộp quà nguyên liệu quý hiếm tự chọn ⑤,51,s==20|Nguyên Liệu Quý Hiếm,2,1104,15,,,,,,,,
60141,s==38|Hộp quà nguyên liệu quý hiếm tự chọn ⑤,51,s==20|Nguyên Liệu Quý Hiếm,2,1037,15,,,,,,,,
60142,s==38|Hộp quà nguyên liệu quý hiếm tự chọn ⑤,51,s==20|Nguyên Liệu Quý Hiếm,2,1009,15,,,,,,,,
60143,s==38|Hộp quà nguyên liệu quý hiếm tự chọn ⑤,51,s==20|Nguyên Liệu Quý Hiếm,2,1018,15,,,,,,,,
60144,s==26|Gói Quà Tự Chọn Thần Thạch,52,s==10|Thần Thạch,2,1059,1,,,,,,,,
60145,s==26|Gói Quà Tự Chọn Thần Thạch,52,s==10|Thần Thạch,2,1060,1,,,,,,,,
60146,s==26|Gói Quà Tự Chọn Thần Thạch,52,s==10|Thần Thạch,2,1061,1,,,,,,,,
60147,s==26|Gói Quà Tự Chọn Thần Thạch,52,s==10|Thần Thạch,2,1062,1,,,,,,,,
70000,s==33|Tự chọn trang sức phẩm chất 3 sao,53,s==20|Phụ Kiện Phản Thương,2,534110,1,,,,,,,,
70001,s==33|Tự chọn trang sức phẩm chất 3 sao,53,s==20|Phụ Kiện Phản Thương,2,534210,1,,,,,,,,
70002,s==33|Tự chọn trang sức phẩm chất 3 sao,53,s==20|Phụ Kiện Phản Thương,2,534310,1,,,,,,,,
70003,s==33|Tự chọn trang sức phẩm chất 3 sao,53,s==20|Phụ Kiện Phản Thương,2,534410,1,,,,,,,,
70004,s==33|Tự chọn trang sức phẩm chất 3 sao,53,s==20|Phụ Kiện Huyết Chiến,2,534111,1,,,,,,,,
70005,s==33|Tự chọn trang sức phẩm chất 3 sao,53,s==20|Phụ Kiện Huyết Chiến,2,534211,1,,,,,,,,
70006,s==33|Tự chọn trang sức phẩm chất 3 sao,53,s==20|Phụ Kiện Huyết Chiến,2,534311,1,,,,,,,,
70007,s==33|Tự chọn trang sức phẩm chất 3 sao,53,s==20|Phụ Kiện Huyết Chiến,2,534411,1,,,,,,,,
70008,s==33|Tự chọn trang sức phẩm chất 3 sao,53,s==19|Phụ Kiện Cường Kích,2,534112,1,,,,,,,,
70009,s==33|Tự chọn trang sức phẩm chất 3 sao,53,s==19|Phụ Kiện Cường Kích,2,534212,1,,,,,,,,
70010,s==33|Tự chọn trang sức phẩm chất 3 sao,53,s==19|Phụ Kiện Cường Kích,2,534312,1,,,,,,,,
70011,s==33|Tự chọn trang sức phẩm chất 3 sao,53,s==19|Phụ Kiện Cường Kích,2,534412,1,,,,,,,,
70012,s==33|Tự chọn trang sức phẩm chất 3 sao,53,s==14|Phụ Kiện Tự Hộ,2,534109,1,,,,,,,,
70013,s==33|Tự chọn trang sức phẩm chất 3 sao,53,s==14|Phụ Kiện Tự Hộ,2,534209,1,,,,,,,,
70014,s==33|Tự chọn trang sức phẩm chất 3 sao,53,s==14|Phụ Kiện Tự Hộ,2,534309,1,,,,,,,,
70015,s==33|Tự chọn trang sức phẩm chất 3 sao,53,s==14|Phụ Kiện Tự Hộ,2,534409,1,,,,,,,,
70016,s==33|Tự chọn trang sức phẩm chất 3 sao,53,s==17|Phụ Kiện Thiên Dự,2,534105,1,,,,,,,,
70017,s==33|Tự chọn trang sức phẩm chất 3 sao,53,s==17|Phụ Kiện Thiên Dự,2,534205,1,,,,,,,,
70018,s==33|Tự chọn trang sức phẩm chất 3 sao,53,s==17|Phụ Kiện Thiên Dự,2,534305,1,,,,,,,,
70019,s==33|Tự chọn trang sức phẩm chất 3 sao,53,s==17|Phụ Kiện Thiên Dự,2,534405,1,,,,,,,,
70020,s==33|Tự chọn trang sức phẩm chất 3 sao,53,s==18|Phụ Kiện Thủ Khiên,2,534106,1,,,,,,,,
70021,s==33|Tự chọn trang sức phẩm chất 3 sao,53,s==18|Phụ Kiện Thủ Khiên,2,534206,1,,,,,,,,
70022,s==33|Tự chọn trang sức phẩm chất 3 sao,53,s==18|Phụ Kiện Thủ Khiên,2,534306,1,,,,,,,,
70023,s==33|Tự chọn trang sức phẩm chất 3 sao,53,s==18|Phụ Kiện Thủ Khiên,2,534406,1,,,,,,,,
70024,s==33|Tự chọn trang sức phẩm chất 3 sao,53,s==15|Phụ Kiện Ly Hỏa,2,534107,1,,,,,,,,
70025,s==33|Tự chọn trang sức phẩm chất 3 sao,53,s==15|Phụ Kiện Ly Hỏa,2,534207,1,,,,,,,,
70026,s==33|Tự chọn trang sức phẩm chất 3 sao,53,s==15|Phụ Kiện Ly Hỏa,2,534307,1,,,,,,,,
70027,s==33|Tự chọn trang sức phẩm chất 3 sao,53,s==15|Phụ Kiện Ly Hỏa,2,534407,1,,,,,,,,
70028,s==33|Tự chọn trang sức phẩm chất 3 sao,53,s==17|Phụ Kiện Hãm Trận,2,534108,1,,,,,,,,
70029,s==33|Tự chọn trang sức phẩm chất 3 sao,53,s==17|Phụ Kiện Hãm Trận,2,534208,1,,,,,,,,
70030,s==33|Tự chọn trang sức phẩm chất 3 sao,53,s==17|Phụ Kiện Hãm Trận,2,534308,1,,,,,,,,
70031,s==33|Tự chọn trang sức phẩm chất 3 sao,53,s==17|Phụ Kiện Hãm Trận,2,534408,1,,,,,,,,
70032,s==24|Rương Lựa Chọn Phó Tướng,55,s==9|Ngụy Quốc,2,915001,1,,,,,,,,
70033,s==24|Rương Lựa Chọn Phó Tướng,55,s==9|Ngụy Quốc,2,915002,1,,,,,,,,
70034,s==24|Rương Lựa Chọn Phó Tướng,55,s==9|Thục Quốc,2,925001,1,,,,,,,,
70035,s==24|Rương Lựa Chọn Phó Tướng,55,s==9|Thục Quốc,2,925002,1,,,,,,,,
70036,s==24|Rương Lựa Chọn Phó Tướng,55,s==8|Ngô Quốc,2,935001,1,,,,,,,,
70037,s==24|Rương Lựa Chọn Phó Tướng,55,s==8|Ngô Quốc,2,935002,1,,,,,,,,
70038,s==24|Rương Lựa Chọn Phó Tướng,55,s==4|Thần,2,945001,1,,,,,,,,
70039,s==24|Rương Lựa Chọn Phó Tướng,55,s==4|Thần,2,945002,1,,,,,,,,
70040,s==24|Rương Lựa Chọn Phó Tướng,55,s==2|Ma,2,955001,1,,,,,,,,
70041,s==24|Rương Lựa Chọn Phó Tướng,55,s==2|Ma,2,955002,1,,,,,,,,
70042,s==32|Rương Lựa Chọn Trang Bị Đỏ 4 Sao,56,s==16|Gói quà trang bị,2,2641,1,,,,,,,,
70043,s==32|Rương Lựa Chọn Trang Bị Đỏ 4 Sao,56,s==16|Gói quà trang bị,2,2642,1,,,,,,,,
70044,s==32|Rương Lựa Chọn Trang Bị Đỏ 4 Sao,56,s==16|Gói quà trang bị,2,2643,1,,,,,,,,
70045,s==32|Rương Lựa Chọn Trang Bị Đỏ 4 Sao,56,s==16|Gói quà trang bị,2,2644,1,,,,,,,,
70046,s==32|Rương Lựa Chọn Trang Bị Đỏ 1 Sao,57,s==16|Gói quà trang bị,2,2611,1,,,,,,,,
70047,s==32|Rương Lựa Chọn Trang Bị Đỏ 1 Sao,57,s==16|Gói quà trang bị,2,2612,1,,,,,,,,
70048,s==32|Rương Lựa Chọn Trang Bị Đỏ 1 Sao,57,s==16|Gói quà trang bị,2,2613,1,,,,,,,,
70049,s==32|Rương Lựa Chọn Trang Bị Đỏ 1 Sao,57,s==16|Gói quà trang bị,2,2614,1,,,,,,,,
70050,s==32|Rương Lựa Chọn Trang Bị Đỏ 5 Sao,58,s==16|Gói quà trang bị,2,2651,1,,,,,,,,
70051,s==32|Rương Lựa Chọn Trang Bị Đỏ 5 Sao,58,s==16|Gói quà trang bị,2,2652,1,,,,,,,,
70052,s==32|Rương Lựa Chọn Trang Bị Đỏ 5 Sao,58,s==16|Gói quà trang bị,2,2653,1,,,,,,,,
70053,s==32|Rương Lựa Chọn Trang Bị Đỏ 5 Sao,58,s==16|Gói quà trang bị,2,2654,1,,,,,,,,
70054,s==32|Rương Lựa Chọn Trang Bị Đỏ 2 Sao,59,s==16|Gói quà trang bị,2,2621,1,,,,,,,,
70055,s==32|Rương Lựa Chọn Trang Bị Đỏ 2 Sao,59,s==16|Gói quà trang bị,2,2622,1,,,,,,,,
70056,s==32|Rương Lựa Chọn Trang Bị Đỏ 2 Sao,59,s==16|Gói quà trang bị,2,2623,1,,,,,,,,
70057,s==32|Rương Lựa Chọn Trang Bị Đỏ 2 Sao,59,s==16|Gói quà trang bị,2,2624,1,,,,,,,,
70058,s==35|Rương Lựa Chọn Tinh Thạch Hoàn Mỹ ①,61,s==18|Gói Quà Tinh Thạch,2,14611,1,,,,,,,,
70059,s==35|Rương Lựa Chọn Tinh Thạch Hoàn Mỹ ①,61,s==18|Gói Quà Tinh Thạch,2,14612,1,,,,,,,,
70060,s==35|Rương Lựa Chọn Tinh Thạch Hoàn Mỹ ①,61,s==18|Gói Quà Tinh Thạch,2,14613,1,,,,,,,,
70061,s==35|Rương Lựa Chọn Tinh Thạch Hoàn Mỹ ①,61,s==18|Gói Quà Tinh Thạch,2,14614,1,,,,,,,,
70062,s==35|Rương Lựa Chọn Tinh Thạch Hoàn Mỹ ②,62,s==18|Gói Quà Tinh Thạch,2,14621,1,,,,,,,,
70063,s==35|Rương Lựa Chọn Tinh Thạch Hoàn Mỹ ②,62,s==18|Gói Quà Tinh Thạch,2,14622,1,,,,,,,,
70064,s==35|Rương Lựa Chọn Tinh Thạch Hoàn Mỹ ②,62,s==18|Gói Quà Tinh Thạch,2,14623,1,,,,,,,,
70065,s==35|Rương Lựa Chọn Tinh Thạch Hoàn Mỹ ②,62,s==18|Gói Quà Tinh Thạch,2,14624,1,,,,,,,,
70066,s==35|Rương Lựa Chọn Tinh Thạch Hoàn Mỹ ③,63,s==18|Gói Quà Tinh Thạch,2,14631,1,,,,,,,,
70067,s==35|Rương Lựa Chọn Tinh Thạch Hoàn Mỹ ③,63,s==18|Gói Quà Tinh Thạch,2,14632,1,,,,,,,,
70068,s==35|Rương Lựa Chọn Tinh Thạch Hoàn Mỹ ③,63,s==18|Gói Quà Tinh Thạch,2,14633,1,,,,,,,,
70069,s==35|Rương Lựa Chọn Tinh Thạch Hoàn Mỹ ③,63,s==18|Gói Quà Tinh Thạch,2,14634,1,,,,,,,,
70070,s==35|Rương Lựa Chọn Tinh Thạch Hoàn Mỹ ④,64,s==18|Gói Quà Tinh Thạch,2,14641,1,,,,,,,,
70071,s==35|Rương Lựa Chọn Tinh Thạch Hoàn Mỹ ④,64,s==18|Gói Quà Tinh Thạch,2,14642,1,,,,,,,,
70072,s==35|Rương Lựa Chọn Tinh Thạch Hoàn Mỹ ④,64,s==18|Gói Quà Tinh Thạch,2,14643,1,,,,,,,,
70073,s==35|Rương Lựa Chọn Tinh Thạch Hoàn Mỹ ④,64,s==18|Gói Quà Tinh Thạch,2,14644,1,,,,,,,,
70090,s==37|Hộp Lựa Chọn Tối Thượng Ngụy Thục Ngô,70,s==9|Ngụy Quốc,3,21508,1,,,,5,,,,
70091,s==37|Hộp Lựa Chọn Tối Thượng Ngụy Thục Ngô,70,s==9|Ngụy Quốc,3,21510,1,,,,5,,,,
70092,s==37|Hộp Lựa Chọn Tối Thượng Ngụy Thục Ngô,70,s==9|Ngụy Quốc,3,21503,1,,,,5,,,,
70093,s==37|Hộp Lựa Chọn Tối Thượng Ngụy Thục Ngô,70,s==9|Thục Quốc,3,22504,1,,,,5,,,,
70094,s==37|Hộp Lựa Chọn Tối Thượng Ngụy Thục Ngô,70,s==9|Thục Quốc,3,22502,1,,,,5,,,,
70095,s==37|Hộp Lựa Chọn Tối Thượng Ngụy Thục Ngô,70,s==9|Thục Quốc,3,22507,1,,,,5,,,,
70096,s==37|Hộp Lựa Chọn Tối Thượng Ngụy Thục Ngô,70,s==8|Ngô Quốc,3,23510,1,,,,5,,,,
70097,s==37|Hộp Lựa Chọn Tối Thượng Ngụy Thục Ngô,70,s==8|Ngô Quốc,3,23506,1,,,,5,,,,
70098,s==37|Hộp Lựa Chọn Tối Thượng Ngụy Thục Ngô,70,s==8|Ngô Quốc,3,23508,1,,,,5,,,,
72000,s==26|Hộp Đồ Tâm Phúc Tối Thượng,72,s==22|Đồ Tâm Phúc Tối Thượng,2,1960,1,,,,,,,,
72001,s==26|Hộp Đồ Tâm Phúc Tối Thượng,72,s==22|Đồ Tâm Phúc Tối Thượng,2,2149,1,,,,,,,,
72002,s==26|Hộp Đồ Tâm Phúc Tối Thượng,72,s==22|Đồ Tâm Phúc Tối Thượng,2,14704,3,,,,,,,,
72003,s==26|Hộp Đồ Tâm Phúc Tối Thượng,72,s==22|Đồ Tâm Phúc Tối Thượng,2,5137,1,,,,,,,,
72004,s==23|Ngọc Tinh 5 Sao Tự Chọn,73,s==8|Tam giác,2,65005,1,,,,,,,,
72005,s==23|Ngọc Tinh 5 Sao Tự Chọn,73,s==8|Tam giác,2,65001,1,,,,,,,,
72006,s==23|Ngọc Tinh 5 Sao Tự Chọn,73,s==8|Tam giác,2,65002,1,,,,,,,,
72007,s==23|Ngọc Tinh 5 Sao Tự Chọn,73,s==8|Tam giác,2,65003,1,,,,,,,,
72008,s==23|Ngọc Tinh 5 Sao Tự Chọn,73,s==8|Tam giác,2,65004,1,,,,,,,,
72009,s==23|Ngọc Tinh 5 Sao Tự Chọn,73,s==10|Hình vuông,2,65010,1,,,,,,,,
72010,s==23|Ngọc Tinh 5 Sao Tự Chọn,73,s==10|Hình vuông,2,65009,1,,,,,,,,
72011,s==23|Ngọc Tinh 5 Sao Tự Chọn,73,s==10|Hình vuông,2,65006,1,,,,,,,,
72012,s==23|Ngọc Tinh 5 Sao Tự Chọn,73,s==10|Hình vuông,2,65007,1,,,,,,,,
72013,s==23|Ngọc Tinh 5 Sao Tự Chọn,73,s==10|Hình vuông,2,65008,1,,,,,,,,
72014,s==23|Ngọc Tinh 5 Sao Tự Chọn,73,s==9|Hình tròn,2,65015,1,,,,,,,,
72015,s==23|Ngọc Tinh 5 Sao Tự Chọn,73,s==9|Hình tròn,2,65011,1,,,,,,,,
72016,s==23|Ngọc Tinh 5 Sao Tự Chọn,73,s==9|Hình tròn,2,65012,1,,,,,,,,
72017,s==23|Ngọc Tinh 5 Sao Tự Chọn,73,s==9|Hình tròn,2,65013,1,,,,,,,,
72018,s==23|Ngọc Tinh 5 Sao Tự Chọn,73,s==9|Hình tròn,2,65014,1,,,,,,,,
72019,s==24|Túi Kỳ Mưu Cấp 1 Tự Chọn,74,s==6|Kỳ mưu,2,81601,1,,,,,,,,
72020,s==24|Túi Kỳ Mưu Cấp 1 Tự Chọn,74,s==6|Kỳ mưu,2,81701,1,,,,,,,,
72021,s==24|Túi Kỳ Mưu Cấp 1 Tự Chọn,74,s==6|Kỳ mưu,2,81801,1,,,,,,,,
72022,s==24|Túi Kỳ Mưu Cấp 1 Tự Chọn,74,s==6|Kỳ mưu,2,81901,1,,,,,,,,
72023,s==33|Lễ Bao Hộp Bảo Rương Hiếm Tự Chọn,75,s==22|Đồ Tâm Phúc Tối Thượng,2,14701,2,,,,,,,,
72024,s==33|Lễ Bao Hộp Bảo Rương Hiếm Tự Chọn,75,s==22|Đồ Tâm Phúc Tối Thượng,2,1475,2,,,,,,,,
72025,s==33|Lễ Bao Hộp Bảo Rương Hiếm Tự Chọn,75,s==22|Đồ Tâm Phúc Tối Thượng,2,1509,3,,,,,,,,
72026,s==33|Lễ Bao Hộp Bảo Rương Hiếm Tự Chọn,75,s==22|Đồ Tâm Phúc Tối Thượng,2,2097,3,,,,,,,,
72027,s==33|Lễ Bao Hộp Bảo Rương Hiếm Tự Chọn,75,s==22|Đồ Tâm Phúc Tối Thượng,2,1453,2,,,,,,,,
72028,s==31|Lễ Bao Kim Ấn Hiên Viên Tự Chọn,76,s==22|Đồ Tâm Phúc Tối Thượng,2,4060,1,,,,,,,,
72029,s==31|Lễ Bao Kim Ấn Hiên Viên Tự Chọn,76,s==22|Đồ Tâm Phúc Tối Thượng,2,1178,1,,,,,,,,
72030,s==32|Hoa Hỏa Thiên Thụ Tự Chọn Lễ Bao,77,s==18|Vật Phẩm Trân Hiếm,2,13710,1,,,,,,,,
72031,s==32|Hoa Hỏa Thiên Thụ Tự Chọn Lễ Bao,77,s==18|Vật Phẩm Trân Hiếm,2,13002,1,,,,,,,,
72032,s==32|Hoa Hỏa Thiên Thụ Tự Chọn Lễ Bao,77,s==18|Vật Phẩm Trân Hiếm,2,23511,50,,,,,,,,
72033,s==32|Hoa Hỏa Thiên Thụ Tự Chọn Lễ Bao,77,s==18|Vật Phẩm Trân Hiếm,2,4050,1,,,,,,,,
72034,s==27|Trang Bị Hồng 6 Sao Tự Chọn,78,s==16|Gói quà trang bị,2,2737,1,,,,,,,,
72035,s==27|Trang Bị Hồng 6 Sao Tự Chọn,78,s==16|Gói quà trang bị,2,2738,1,,,,,,,,
72036,s==27|Trang Bị Hồng 6 Sao Tự Chọn,78,s==16|Gói quà trang bị,2,2739,1,,,,,,,,
72037,s==27|Trang Bị Hồng 6 Sao Tự Chọn,78,s==16|Gói quà trang bị,2,2740,1,,,,,,,,
72038,s==23|Ngọc Tinh Cấp 6 Tự Chọn,79,s==8|Tam giác,2,66001,1,,,,,,,,
72039,s==23|Ngọc Tinh Cấp 6 Tự Chọn,79,s==8|Tam giác,2,66002,1,,,,,,,,
72040,s==23|Ngọc Tinh Cấp 6 Tự Chọn,79,s==8|Tam giác,2,66003,1,,,,,,,,
72041,s==23|Ngọc Tinh Cấp 6 Tự Chọn,79,s==8|Tam giác,2,66004,1,,,,,,,,
72042,s==23|Ngọc Tinh Cấp 6 Tự Chọn,79,s==8|Tam giác,2,66005,1,,,,,,,,
72043,s==23|Ngọc Tinh Cấp 6 Tự Chọn,79,s==10|Hình vuông,2,66006,1,,,,,,,,
72044,s==23|Ngọc Tinh Cấp 6 Tự Chọn,79,s==10|Hình vuông,2,66007,1,,,,,,,,
72045,s==23|Ngọc Tinh Cấp 6 Tự Chọn,79,s==10|Hình vuông,2,66008,1,,,,,,,,
72046,s==23|Ngọc Tinh Cấp 6 Tự Chọn,79,s==10|Hình vuông,2,66009,1,,,,,,,,
72047,s==23|Ngọc Tinh Cấp 6 Tự Chọn,79,s==10|Hình vuông,2,66010,1,,,,,,,,
72048,s==23|Ngọc Tinh Cấp 6 Tự Chọn,79,s==9|Hình tròn,2,66011,1,,,,,,,,
72049,s==23|Ngọc Tinh Cấp 6 Tự Chọn,79,s==9|Hình tròn,2,66012,1,,,,,,,,
72050,s==23|Ngọc Tinh Cấp 6 Tự Chọn,79,s==9|Hình tròn,2,66013,1,,,,,,,,
72051,s==23|Ngọc Tinh Cấp 6 Tự Chọn,79,s==9|Hình tròn,2,66014,1,,,,,,,,
72052,s==23|Ngọc Tinh Cấp 6 Tự Chọn,79,s==9|Hình tròn,2,66015,1,,,,,,,,
72053,s==28|Thần Ma Bì Cân Tự Chọn Tương,80,s==2|Ma,2,13715,1,,,,,,25,-1,
72054,s==28|Thần Ma Bì Cân Tự Chọn Tương,80,s==2|Ma,2,13716,1,,,,,,47,-1,
72055,s==28|Thần Ma Bì Cân Tự Chọn Tương,80,s==4|Thần,2,13717,1,,,,,,168,-1,
72056,s==28|Thần Ma Bì Cân Tự Chọn Tương,80,s==4|Thần,2,13003,1,,,,,,,,
72057,s==28|Thần Ma Bì Cân Tự Chọn Tương,80,s==4|Thần,2,13713,1,,,,,,36,-1,
72058,s==28|Thần Ma Bì Cân Tự Chọn Tương,80,s==2|Ma,2,13721,1,,,,,,135,-1,
72059,s==28|Thần Ma Bì Cân Tự Chọn Tương,80,s==4|Thần,2,13727,1,,,,,,80,-1,
71000,s==28|Thần Ma Bì Cân Tự Chọn Tương,80,s==2|Ma,2,13734,1,,,,,,113,-1,
71001,s==28|Thần Ma Bì Cân Tự Chọn Tương,80,s==4|Thần,2,13733,1,,,,,,102,-1,
71002,s==28|Thần Ma Bì Cân Tự Chọn Tương,80,s==2|Ma,2,13736,1,,,,,,69,-1,
71003,s==28|Thần Ma Bì Cân Tự Chọn Tương,80,s==4|Thần,2,13738,1,,,,,,124,-1,
71004,s==28|Thần Ma Bì Cân Tự Chọn Tương,80,s==4|Thần,2,13749,1,,,,,,146,-1,
71005,s==28|Thần Ma Bì Cân Tự Chọn Tương,80,s==2|Ma,2,13756,1,,,,,,157,-1,
71006,s==28|Thần Ma Bì Cân Tự Chọn Tương,80,s==4|Thần,2,13755,1,,,,,,58,-1,
71007,s==28|Thần Ma Bì Cân Tự Chọn Tương,80,s==2|Ma,2,13754,1,,,,,,91,-1,
71008,s==28|Thần Ma Bì Cân Tự Chọn Tương,80,s==2|Ma,2,13760,1,,,,,,179,-1,
71009,s==28|Thần Ma Bì Cân Tự Chọn Tương,80,s==4|Thần,2,13757,1,,,,,,190,-1,
71010,s==28|Thần Ma Bì Cân Tự Chọn Tương,80,s==3|Hồn,2,13777,1,,,,,,124,-1,
72060,s==33|Tam Quốc Phong Cách Tự Chọn Tương,81,s==9|Thục Quốc,2,13002,1,,,,,,102,-1,
72061,s==33|Tam Quốc Phong Cách Tự Chọn Tương,81,s==9|Thục Quốc,2,13710,1,,,,,,36,-1,
72062,s==33|Tam Quốc Phong Cách Tự Chọn Tương,81,s==9|Ngụy Quốc,2,13718,1,,,,,,25,-1,
72063,s==33|Tam Quốc Phong Cách Tự Chọn Tương,81,s==9|Ngụy Quốc,2,13711,1,,,,,,157,-1,
72064,s==33|Tam Quốc Phong Cách Tự Chọn Tương,81,s==9|Ngụy Quốc,2,13726,1,,,,,,91,-1,
72065,s==33|Tam Quốc Phong Cách Tự Chọn Tương,81,s==8|Ngô Quốc,2,13712,1,,,,,,,,
72066,s==33|Tam Quốc Phong Cách Tự Chọn Tương,81,s==8|Ngô Quốc,2,13714,1,,,,,,80,-1,
72067,s==33|Tam Quốc Phong Cách Tự Chọn Tương,81,s==8|Ngô Quốc,2,13720,1,,,,,,47,-1,
72068,s==33|Tam Quốc Phong Cách Tự Chọn Tương,81,s==9|Thục Quốc,2,13719,1,,,,,,69,-1,
71500,s==33|Tam Quốc Phong Cách Tự Chọn Tương,81,s==9|Thục Quốc,2,13728,1,,,,,,,,
71501,s==33|Tam Quốc Phong Cách Tự Chọn Tương,81,s==8|Ngô Quốc,2,13730,1,,,,,,146,-1,
71502,s==33|Tam Quốc Phong Cách Tự Chọn Tương,81,s==9|Ngụy Quốc,2,13732,1,,,,,,58,-1,
71503,s==33|Tam Quốc Phong Cách Tự Chọn Tương,81,s==9|Thục Quốc,2,13735,1,,,,,,135,-1,
71504,s==33|Tam Quốc Phong Cách Tự Chọn Tương,81,s==8|Ngô Quốc,2,13741,1,,,,,,113,-1,
71505,s==33|Tam Quốc Phong Cách Tự Chọn Tương,81,s==9|Ngụy Quốc,2,13737,1,,,,,,190,-1,
71506,s==33|Tam Quốc Phong Cách Tự Chọn Tương,81,s==9|Thục Quốc,2,13743,1,,,,,,168,-1,
71507,s==33|Tam Quốc Phong Cách Tự Chọn Tương,81,s==8|Ngô Quốc,2,13746,1,,,,,,179,-1,
71508,s==33|Tam Quốc Phong Cách Tự Chọn Tương,81,s==9|Ngụy Quốc,2,13747,1,,,,,,124,-1,
71509,s==33|Tam Quốc Phong Cách Tự Chọn Tương,81,s==9|Thục Quốc,2,13770,1,,,,,,190,-1,
72080,s==33|Lễ Bao Hộp Bảo Rương Hiếm Tự Chọn,82,s==16|Nguyên Liệu Hiếm,2,1029,25,,1,,,,,,
72081,s==33|Lễ Bao Hộp Bảo Rương Hiếm Tự Chọn,82,s==16|Nguyên Liệu Hiếm,2,1020,25,,1,,,,,,
72082,s==33|Lễ Bao Hộp Bảo Rương Hiếm Tự Chọn,82,s==16|Nguyên Liệu Hiếm,2,1082,25,,40,,,,,,
72083,s==33|Lễ Bao Hộp Bảo Rương Hiếm Tự Chọn,82,s==16|Nguyên Liệu Hiếm,2,1043,50,,60,,,,,,
72084,s==33|Lễ Bao Hộp Bảo Rương Hiếm Tự Chọn,82,s==16|Nguyên Liệu Hiếm,2,1103,25,,82,,,,,,
72085,s==33|Lễ Bao Hộp Bảo Rương Hiếm Tự Chọn,82,s==16|Nguyên Liệu Hiếm,2,1036,25,,82,,,,,,
72086,s==33|Lễ Bao Hộp Bảo Rương Hiếm Tự Chọn,82,s==16|Nguyên Liệu Hiếm,2,1011,25,,85,,,,,,
72087,s==33|Lễ Bao Hộp Bảo Rương Hiếm Tự Chọn,82,s==16|Nguyên Liệu Hiếm,2,1010,25,,85,,,,,,
72088,s==33|Lễ Bao Hộp Bảo Rương Hiếm Tự Chọn,82,s==16|Nguyên Liệu Hiếm,2,1017,25,,125,,,,,,
72089,s==33|Lễ Bao Hộp Bảo Rương Hiếm Tự Chọn,82,s==16|Nguyên Liệu Hiếm,2,1046,25,,70,,,,,,
72090,s==21|Hộp Chọn Bảo Vật Hiếm,83,s==20|Nguyên Liệu Quý Hiếm,2,1030,10,,1,,,,,,
72091,s==21|Hộp Chọn Bảo Vật Hiếm,83,s==20|Nguyên Liệu Quý Hiếm,2,1021,10,,1,,,,,,
72092,s==21|Hộp Chọn Bảo Vật Hiếm,83,s==20|Nguyên Liệu Quý Hiếm,2,1081,10,,40,,,,,,
72093,s==21|Hộp Chọn Bảo Vật Hiếm,83,s==20|Nguyên Liệu Quý Hiếm,2,1044,20,,60,,,,,,
72094,s==21|Hộp Chọn Bảo Vật Hiếm,83,s==20|Nguyên Liệu Quý Hiếm,2,1104,10,,82,,,,,,
72095,s==21|Hộp Chọn Bảo Vật Hiếm,83,s==20|Nguyên Liệu Quý Hiếm,2,1037,10,,82,,,,,,
72096,s==21|Hộp Chọn Bảo Vật Hiếm,83,s==20|Nguyên Liệu Quý Hiếm,2,1009,10,,85,,,,,,
72097,s==21|Hộp Chọn Bảo Vật Hiếm,83,s==20|Nguyên Liệu Quý Hiếm,2,1018,10,,125,,,,,,
73010,s==22|Hộp Chọn Mã Chiến Hồng,84,s==13|Mã Chiến Hồng,2,14104,60,,,,,,,,
73011,s==22|Hộp Chọn Mã Chiến Hồng,84,s==13|Mã Chiến Hồng,2,14105,60,,,,,,,,
73012,s==22|Hộp Chọn Mã Chiến Hồng,84,s==13|Mã Chiến Hồng,2,14106,60,,,,,,,,
73013,s==22|Hộp Chọn Mã Chiến Hồng,84,s==13|Mã Chiến Hồng,2,14107,60,,,,,,,,
73014,s==22|Gói Quà Chọn Tinh Tinh,85,s==16|Bảo vật hiếm quý,2,1468,2,,,,,,,,
73015,s==22|Gói Quà Chọn Tinh Tinh,85,s==16|Bảo vật hiếm quý,2,1960,1,,,,,,,,
73016,s==22|Gói Quà Chọn Tinh Tinh,85,s==16|Bảo vật hiếm quý,2,23511,50,,,,,,,,
73017,s==22|Gói Quà Chọn Tinh Tinh,85,s==16|Bảo vật hiếm quý,2,2088,1,,,,,,,,
73018,s==22|Gói Quà Chọn Tinh Tinh,85,s==16|Bảo vật hiếm quý,2,1453,1,,120,,,,,,
73052,s==31|Hộp Chọn Nguyên Liệu Tinh Tuyệt,86,s==16|Bảo vật hiếm quý,2,1223,1,,,,,,,,
73053,s==31|Hộp Chọn Nguyên Liệu Tinh Tuyệt,86,s==16|Bảo vật hiếm quý,2,1070,1,,145,,,,,,
73054,s==31|Hộp Chọn Nguyên Liệu Tinh Tuyệt,86,s==16|Bảo vật hiếm quý,2,1211,1,,,,,,,,
73055,s==31|Hộp Chọn Nguyên Liệu Tinh Tuyệt,86,s==16|Bảo vật hiếm quý,2,5137,1,,,,,,,,
73056,s==31|Hộp Chọn Nguyên Liệu Tinh Tuyệt,86,s==16|Bảo vật hiếm quý,2,2149,1,,,,,,,,
73080,s==17|Gói Quà Chọn Hiếm,87,s==16|Nguyên Liệu Hồng,2,14121,1,,150,,,,,,
73081,s==17|Gói Quà Chọn Hiếm,87,s==16|Nguyên Liệu Hồng,2,2157,1,,,,,,,,
73082,s==17|Gói Quà Chọn Hiếm,87,s==16|Nguyên Liệu Hồng,2,2158,1,,,,,,,,
73083,s==17|Gói Quà Chọn Hiếm,87,s==16|Nguyên Liệu Hồng,2,4060,1,,,,,,,,
73084,s==17|Gói Quà Chọn Hiếm,87,s==16|Nguyên Liệu Hồng,2,1178,1,,,,,,,,
73100,s==24|Hộp Chọn Tướng Tinh Tinh,88,s==10|Mảnh Tướng,2,23511,25,,,,,,,,
73101,s==24|Hộp Chọn Tướng Tinh Tinh,88,s==10|Mảnh Tướng,2,24516,50,,,,,,,,
73102,s==24|Hộp Chọn Tướng Tinh Tinh,88,s==10|Mảnh Tướng,2,25516,50,,,,,,,,
73150,s==21|Gói Quà Chọn Hiếm Quý,89,s==15|Đạo Cụ Hiếm Quý,2,1199,1,,,,,,,,
73151,s==21|Gói Quà Chọn Hiếm Quý,89,s==15|Đạo Cụ Hiếm Quý,2,1222,1,,130,,,,,,
73152,s==21|Gói Quà Chọn Hiếm Quý,89,s==15|Đạo Cụ Hiếm Quý,2,2128,1,,,,,,,,
73153,s==21|Gói Quà Chọn Hiếm Quý,89,s==15|Đạo Cụ Hiếm Quý,2,1960,1,,,,,,,,
73154,s==21|Gói Quà Chọn Hiếm Quý,89,s==15|Đạo Cụ Hiếm Quý,2,2088,1,,,,,,,,
73156,s==21|Gói Quà Chọn Hiếm Quý,89,s==15|Đạo Cụ Hiếm Quý,2,71004,1,,150,,,,,,
73170,s==21|Gói Quà Chọn Hiếm Quý,89,s==15|Đạo Cụ Hiếm Quý,2,1291,1,,140,,,,,,
73171,s==21|Gói Quà Chọn Hiếm Quý,89,s==15|Đạo Cụ Hiếm Quý,2,800214,1,,135,,,,,,
73200,s==27|Chiến Hồn Tự Chọn Bảo Rương,90,s==16|Bảo vật hiếm quý,2,7012,1,,,,,1,,,
73201,s==27|Chiến Hồn Tự Chọn Bảo Rương,90,s==16|Bảo vật hiếm quý,2,7013,1,,,,,1,,,
73202,s==27|Chiến Hồn Tự Chọn Bảo Rương,90,s==16|Bảo vật hiếm quý,2,7014,1,,,,,1,,,
73203,s==27|Chiến Hồn Tự Chọn Bảo Rương,90,s==16|Bảo vật hiếm quý,2,7015,1,,,,,1,,,
73204,s==27|Chiến Hồn Tự Chọn Bảo Rương,90,s==16|Bảo vật hiếm quý,2,7016,1,,,,,1,,,
73250,s==32|Thần Binh Phù Hiệu Tự Chọn Tương,91,s==20|Trang Phục Thần Binh,2,900009,1,,,,,,,,
73251,s==32|Thần Binh Phù Hiệu Tự Chọn Tương,91,s==20|Trang Phục Thần Binh,2,900013,1,,,,,,,,
73252,s==32|Thần Binh Phù Hiệu Tự Chọn Tương,91,s==20|Trang Phục Thần Binh,2,900014,1,,,,,,,,
73280,s==18|Hộp Bảo Lôi Cá Koi,92,s==15|Đạo Cụ Hiếm Quý,2,1003,40,,,,,,,,
73281,s==18|Hộp Bảo Lôi Cá Koi,92,s==15|Đạo Cụ Hiếm Quý,2,1004,10,,,,,,,,
73300,s==20|Hộp Bảo Lôi Cá Koi 2,93,s==15|Đạo Cụ Hiếm Quý,2,1003,40,,,,,,,,
73301,s==20|Hộp Bảo Lôi Cá Koi 2,93,s==15|Đạo Cụ Hiếm Quý,2,1004,10,,,,,,,,
73302,s==20|Hộp Bảo Lôi Cá Koi 2,93,s==15|Đạo Cụ Hiếm Quý,2,1761,1,,,,,,,,
73350,s==20|Hộp Bảo Lôi Cá Koi 3,94,s==15|Đạo Cụ Hiếm Quý,2,1003,40,,,,,,,,
73351,s==20|Hộp Bảo Lôi Cá Koi 3,94,s==15|Đạo Cụ Hiếm Quý,2,1004,10,,,,,,,,
73352,s==20|Hộp Bảo Lôi Cá Koi 3,94,s==15|Đạo Cụ Hiếm Quý,2,1761,1,,,,,,,,
73353,s==20|Hộp Bảo Lôi Cá Koi 3,94,s==15|Đạo Cụ Hiếm Quý,2,4040,1,,,,,,,,
73380,s==18|Bảo Tương Cẩm Lý 4,95,s==15|Đạo Cụ Hiếm Quý,2,1003,40,,,,,,,,
73381,s==18|Bảo Tương Cẩm Lý 4,95,s==15|Đạo Cụ Hiếm Quý,2,1004,10,,,,,,,,
73382,s==18|Bảo Tương Cẩm Lý 4,95,s==15|Đạo Cụ Hiếm Quý,2,1761,1,,,,,,,,
73383,s==18|Bảo Tương Cẩm Lý 4,95,s==15|Đạo Cụ Hiếm Quý,2,4040,1,,,,,,,,
73384,s==18|Bảo Tương Cẩm Lý 4,95,s==15|Đạo Cụ Hiếm Quý,2,14701,1,,,,,,,,
73400,s==41|Thần Binh Bì Cáng Tủy Phiến Tự Chọn Tương,96,s==15|Mảnh Trang Phục,2,7500,1,,,,,,,,
73401,s==41|Thần Binh Bì Cáng Tủy Phiến Tự Chọn Tương,96,s==15|Mảnh Trang Phục,2,7501,1,,,,,,60,-1,
73402,s==41|Thần Binh Bì Cáng Tủy Phiến Tự Chọn Tương,96,s==15|Mảnh Trang Phục,2,7502,1,,,,,,120,-1,
73403,s==41|Thần Binh Bì Cáng Tủy Phiến Tự Chọn Tương,96,s==15|Mảnh Trang Phục,2,6763,1,,,,,,180,-1,
73404,s==41|Thần Binh Bì Cáng Tủy Phiến Tự Chọn Tương,96,s==15|Mảnh Trang Phục,2,6764,1,,,,,,240,-1,
73405,s==41|Thần Binh Bì Cáng Tủy Phiến Tự Chọn Tương,96,s==15|Mảnh Trang Phục,2,6854,1,,,,,,300,-1,
73406,s==41|Thần Binh Bì Cáng Tủy Phiến Tự Chọn Tương,96,s==15|Mảnh Trang Phục,2,7505,1,,,,,,360,-1,
73407,s==41|Thần Binh Bì Cáng Tủy Phiến Tự Chọn Tương,96,s==15|Mảnh Trang Phục,2,7506,1,,,,,,420,-1,
73408,s==41|Thần Binh Bì Cáng Tủy Phiến Tự Chọn Tương,96,s==15|Mảnh Trang Phục,2,7507,1,,,,,,,,
73409,s==41|Thần Binh Bì Cáng Tủy Phiến Tự Chọn Tương,96,s==15|Mảnh Trang Phục,2,7508,1,,,,,,,,
73800,s==18|Lễ Bao Kỹ Năng Thư,97,s==11|Hệ Tấn Công,2,1348,1,,,,,,,,
73801,s==18|Lễ Bao Kỹ Năng Thư,97,s==11|Hệ Tấn Công,2,1349,1,,,,,,,,
73802,s==18|Lễ Bao Kỹ Năng Thư,97,s==11|Hệ Tấn Công,2,1350,1,,,,,,,,
73803,s==18|Lễ Bao Kỹ Năng Thư,97,s==11|Hệ Tấn Công,2,1351,1,,,,,,,,
73804,s==18|Lễ Bao Kỹ Năng Thư,97,s==11|Hệ Tấn Công,2,1352,1,,,,,,,,
73805,s==18|Lễ Bao Kỹ Năng Thư,97,s==11|Hệ Thống Dự,2,1353,1,,,,,,,,
73806,s==18|Lễ Bao Kỹ Năng Thư,97,s==11|Hệ Thống Dự,2,1354,1,,,,,,,,
73807,s==18|Lễ Bao Kỹ Năng Thư,97,s==11|Hệ Thống Dự,2,1355,1,,,,,,,,
73808,s==18|Lễ Bao Kỹ Năng Thư,97,s==11|Hệ Thống Dự,2,1356,1,,,,,,,,
73809,s==18|Lễ Bao Kỹ Năng Thư,97,s==11|Hệ Thống Dự,2,1357,1,,,,,,,,
73810,s==18|Lễ Bao Kỹ Năng Thư,97,s==11|Hệ Sinh Tồn,2,1358,1,,,,,,,,
73811,s==18|Lễ Bao Kỹ Năng Thư,97,s==11|Hệ Sinh Tồn,2,1359,1,,,,,,,,
73812,s==18|Lễ Bao Kỹ Năng Thư,97,s==11|Hệ Sinh Tồn,2,1360,1,,,,,,,,
73813,s==18|Lễ Bao Kỹ Năng Thư,97,s==11|Hệ Sinh Tồn,2,1361,1,,,,,,,,
73814,s==18|Lễ Bao Kỹ Năng Thư,97,s==11|Hệ Sinh Tồn,2,1362,1,,,,,,,,
73900,s==31|Mỹ Nhân Tủy Phiến Tự Chọn Tương,98,s==12|Mảnh Mỹ Nhân,2,6758,1,,,,,,,,
73901,s==31|Mỹ Nhân Tủy Phiến Tự Chọn Tương,98,s==12|Mảnh Mỹ Nhân,2,6759,1,,,,,,134,-1,
73903,s==31|Mỹ Nhân Tủy Phiến Tự Chọn Tương,98,s==12|Mảnh Mỹ Nhân,2,6760,1,,,,,,190,-1,
73904,s==31|Mỹ Nhân Tủy Phiến Tự Chọn Tương,98,s==12|Mảnh Mỹ Nhân,2,6761,1,,,,,,246,-1,
73905,s==31|Mỹ Nhân Tủy Phiến Tự Chọn Tương,98,s==12|Mảnh Mỹ Nhân,2,6762,1,,,,,,302,-1,
73906,s==31|Mỹ Nhân Tủy Phiến Tự Chọn Tương,98,s==12|Mảnh Mỹ Nhân,2,6876,1,,,,,,358,-1,
73907,s==31|Mỹ Nhân Tủy Phiến Tự Chọn Tương,98,s==12|Mảnh Mỹ Nhân,2,6977,1,,,,,,414,-1,
73908,s==31|Mỹ Nhân Tủy Phiến Tự Chọn Tương,98,s==12|Mảnh Mỹ Nhân,2,6986,1,,,,,,,,
73950,s==34|Hộp Lựa Chọn Tướng Thần Ma Trân Kỳ,99,s==4|Thần,2,24516,50,,,,,,,,
73951,s==34|Hộp Lựa Chọn Tướng Thần Ma Trân Kỳ,99,s==4|Thần,2,24505,50,,,,,,,,
73952,s==34|Hộp Lựa Chọn Tướng Thần Ma Trân Kỳ,99,s==2|Ma,2,25514,50,,,,,,,,
73953,s==34|Hộp Lựa Chọn Tướng Thần Ma Trân Kỳ,99,s==2|Ma,2,25516,50,,,,,,31,-1,
73954,s==34|Hộp Lựa Chọn Tướng Thần Ma Trân Kỳ,99,s==4|Thần,2,24517,50,,,,,,61,-1,
73955,s==34|Hộp Lựa Chọn Tướng Thần Ma Trân Kỳ,99,s==2|Ma,2,25517,50,,,,,,91,-1,
74000,s==34|Lễ Bao Tướng Quân Quân Chủ Tự Chọn,100,s==8|Ngô Quốc,2,23511,50,,,,,,,,
74001,s==34|Lễ Bao Tướng Quân Quân Chủ Tự Chọn,100,s==9|Thục Quốc,2,22512,50,,,,,,30,-1,
74002,s==34|Lễ Bao Tướng Quân Quân Chủ Tự Chọn,100,s==9|Ngụy Quốc,2,21515,50,,,,,,30,-1,
74003,s==34|Lễ Bao Tướng Quân Quân Chủ Tự Chọn,100,s==2|Ma,2,25518,50,,,,,,60,-1,
74004,s==34|Lễ Bao Tướng Quân Quân Chủ Tự Chọn,100,s==4|Thần,2,24518,50,,,,,,60,-1,
74050,s==19|Lễ Bao Lựa Chọn 520,101,s==16|Bảo vật hiếm quý,2,14701,2,,,,,,,,
74051,s==19|Lễ Bao Lựa Chọn 520,101,s==16|Bảo vật hiếm quý,2,1509,6,,,,,,,,
74052,s==19|Lễ Bao Lựa Chọn 520,101,s==16|Bảo vật hiếm quý,2,2097,4,,,,,,,,
74053,s==19|Lễ Bao Lựa Chọn 520,101,s==16|Bảo vật hiếm quý,2,1475,1,,,,,,,,
74054,s==19|Lễ Bao Lựa Chọn 520,101,s==16|Bảo vật hiếm quý,2,1530,1,,,,,,,,
74055,s==19|Lễ Bao Lựa Chọn 520,101,s==16|Bảo vật hiếm quý,2,1761,1,,,,,,,,
74100,s==32|Lễ Bao Lựa Chọn Ngũ Hổ Kim Tướng,102,s==10|Mảnh Tướng,2,22504,50,,,,,,,,
74101,s==32|Lễ Bao Lựa Chọn Ngũ Hổ Kim Tướng,102,s==10|Mảnh Tướng,2,22502,50,,,,,,,,
74102,s==32|Lễ Bao Lựa Chọn Ngũ Hổ Kim Tướng,102,s==10|Mảnh Tướng,2,22508,50,,,,,,,,
74103,s==32|Lễ Bao Lựa Chọn Ngũ Hổ Kim Tướng,102,s==10|Mảnh Tướng,2,22509,50,,,,,,,,
74104,s==32|Lễ Bao Lựa Chọn Ngũ Hổ Kim Tướng,102,s==10|Mảnh Tướng,2,22501,50,,,,,,,,
74105,s==21|Lễ Bao Đồng Quách Đài,103,s==10|Mảnh Tướng,2,23508,50,,,,,,,,
74106,s==21|Lễ Bao Đồng Quách Đài,103,s==10|Mảnh Tướng,2,23503,50,,,,,,,,
74107,s==29|Lễ Bao Lựa Chọn Tướng Ngũ Sao,104,s==14|Tướng Ngô Quốc,3,23401,1,,,,5,,,,
74108,s==29|Lễ Bao Lựa Chọn Tướng Ngũ Sao,104,s==14|Tướng Ngô Quốc,3,23402,1,,,,5,,,,
74109,s==29|Lễ Bao Lựa Chọn Tướng Ngũ Sao,104,s==14|Tướng Ngô Quốc,3,23403,1,,,,5,,,,
74110,s==29|Lễ Bao Lựa Chọn Tướng Ngũ Sao,104,s==14|Tướng Ngô Quốc,3,23404,1,,,,5,,,,
74111,s==29|Lễ Bao Lựa Chọn Tướng Ngũ Sao,104,s==20|Tướng quân nước Ngụy,3,21401,1,,,,5,,,,
74112,s==29|Lễ Bao Lựa Chọn Tướng Ngũ Sao,104,s==20|Tướng quân nước Ngụy,3,21402,1,,,,5,,,,
74113,s==29|Lễ Bao Lựa Chọn Tướng Ngũ Sao,104,s==20|Tướng quân nước Ngụy,3,21403,1,,,,5,,,,
74114,s==29|Lễ Bao Lựa Chọn Tướng Ngũ Sao,104,s==20|Tướng quân nước Ngụy,3,21404,1,,,,5,,,,
74115,s==29|Lễ Bao Lựa Chọn Tướng Ngũ Sao,104,s==20|Tướng quân nước Thục,3,22402,1,,,,5,,,,
74116,s==29|Lễ Bao Lựa Chọn Tướng Ngũ Sao,104,s==20|Tướng quân nước Thục,3,22403,1,,,,5,,,,
74117,s==29|Lễ Bao Lựa Chọn Tướng Ngũ Sao,104,s==20|Tướng quân nước Thục,3,22404,1,,,,5,,,,
74118,s==29|Lễ Bao Lựa Chọn Tướng Ngũ Sao,104,s==20|Tướng quân nước Thục,3,22405,1,,,,5,,,,
74119,s==29|Lễ Bao Lựa Chọn Tướng Ngũ Sao,104,s==15|Thần·Tướng quân,3,24401,1,,,,5,,,,
74120,s==29|Lễ Bao Lựa Chọn Tướng Ngũ Sao,104,s==15|Thần·Tướng quân,3,24403,1,,,,5,,,,
74121,s==29|Lễ Bao Lựa Chọn Tướng Ngũ Sao,104,s==15|Thần·Tướng quân,3,24404,1,,,,5,,,,
74122,s==29|Lễ Bao Lựa Chọn Tướng Ngũ Sao,104,s==13|Ma·Tướng quân,3,25402,1,,,,5,,,,
74123,s==29|Lễ Bao Lựa Chọn Tướng Ngũ Sao,104,s==13|Ma·Tướng quân,3,25403,1,,,,5,,,,
74124,s==29|Lễ Bao Lựa Chọn Tướng Ngũ Sao,104,s==13|Ma·Tướng quân,3,25404,1,,,,5,,,,
74125,s==34|Hộp Lựa Chọn Hoàn Trả Trong Ngày 1,105,s==16|Gói quà hoàn trả,2,6726,1,,,,,,,,
74126,s==34|Hộp Lựa Chọn Hoàn Trả Trong Ngày 1,105,s==16|Gói quà hoàn trả,2,6727,1,,,,,,,,
74127,s==34|Hộp Lựa Chọn Hoàn Trả Trong Ngày 1,105,s==16|Gói quà hoàn trả,2,6728,1,,,,,,,,
74128,s==34|Hộp Lựa Chọn Hoàn Trả Trong Ngày 1,105,s==16|Gói quà hoàn trả,2,6729,1,,,,,,,,
74129,s==34|Hộp Lựa Chọn Hoàn Trả Trong Ngày 2,106,s==16|Gói quà hoàn trả,2,6700,1,,,,,,,,
74130,s==34|Hộp Lựa Chọn Hoàn Trả Trong Ngày 2,106,s==16|Gói quà hoàn trả,2,6701,1,,,,,,,,
74131,s==34|Hộp Lựa Chọn Hoàn Trả Trong Ngày 2,106,s==16|Gói quà hoàn trả,2,6702,1,,,,,,,,
74132,s==34|Hộp Lựa Chọn Hoàn Trả Trong Ngày 2,106,s==16|Gói quà hoàn trả,2,6703,1,,,,,,,,
74133,s==34|Hộp Lựa Chọn Hoàn Trả Trong Ngày 3,107,s==16|Gói quà hoàn trả,2,6704,1,,,,,,,,
74134,s==34|Hộp Lựa Chọn Hoàn Trả Trong Ngày 3,107,s==16|Gói quà hoàn trả,2,6705,1,,,,,,,,
74135,s==34|Hộp Lựa Chọn Hoàn Trả Trong Ngày 3,107,s==16|Gói quà hoàn trả,2,6706,1,,,,,,,,
74136,s==34|Hộp Lựa Chọn Hoàn Trả Trong Ngày 3,107,s==16|Gói quà hoàn trả,2,6707,1,,,,,,,,
74137,s==34|Hộp Lựa Chọn Hoàn Trả Trong Ngày 4,108,s==16|Gói quà hoàn trả,2,6708,1,,,,,,,,
74138,s==34|Hộp Lựa Chọn Hoàn Trả Trong Ngày 4,108,s==16|Gói quà hoàn trả,2,6709,1,,,,,,,,
74139,s==34|Hộp Lựa Chọn Hoàn Trả Trong Ngày 4,108,s==16|Gói quà hoàn trả,2,6710,1,,,,,,,,
74140,s==34|Hộp Lựa Chọn Hoàn Trả Trong Ngày 4,108,s==16|Gói quà hoàn trả,2,6711,1,,,,,,,,
74141,s==34|Hộp Lựa Chọn Hoàn Trả Trong Ngày 4,108,s==16|Gói quà hoàn trả,2,6730,1,,,,,,,,
74180,s==34|Hộp Lựa Chọn Hoàn Trả Trong Ngày 4,108,s==16|Gói quà hoàn trả,2,6733,1,,,,,,,,
74142,s==34|Hộp Lựa Chọn Hoàn Trả Trong Ngày 5,109,s==16|Gói quà hoàn trả,2,6712,1,,,,,,,,
74143,s==34|Hộp Lựa Chọn Hoàn Trả Trong Ngày 5,109,s==16|Gói quà hoàn trả,2,6713,1,,,,,,,,
74144,s==34|Hộp Lựa Chọn Hoàn Trả Trong Ngày 5,109,s==16|Gói quà hoàn trả,2,6714,1,,,,,,,,
74145,s==34|Hộp Lựa Chọn Hoàn Trả Trong Ngày 5,109,s==16|Gói quà hoàn trả,2,6715,1,,,,,,,,
74146,s==34|Hộp Lựa Chọn Hoàn Trả Trong Ngày 5,109,s==16|Gói quà hoàn trả,2,6716,1,,,,,,,,
74147,s==34|Hộp Lựa Chọn Hoàn Trả Trong Ngày 5,109,s==16|Gói quà hoàn trả,2,6731,1,,,,,,,,
74181,s==34|Hộp Lựa Chọn Hoàn Trả Trong Ngày 5,109,s==16|Gói quà hoàn trả,2,6734,1,,,,,,,,
74148,s==34|Hộp Lựa Chọn Hoàn Trả Trong Ngày 6,110,s==16|Gói quà hoàn trả,2,6717,1,,,,,,,,
74149,s==34|Hộp Lựa Chọn Hoàn Trả Trong Ngày 6,110,s==16|Gói quà hoàn trả,2,6718,1,,,,,,,,
74150,s==34|Hộp Lựa Chọn Hoàn Trả Trong Ngày 6,110,s==16|Gói quà hoàn trả,2,6719,1,,,,,,,,
74151,s==34|Hộp Lựa Chọn Hoàn Trả Trong Ngày 6,110,s==16|Gói quà hoàn trả,2,6720,1,,,,,,,,
74152,s==34|Hộp Lựa Chọn Hoàn Trả Trong Ngày 6,110,s==16|Gói quà hoàn trả,2,6721,1,,,,,,,,
74153,s==34|Hộp Lựa Chọn Hoàn Trả Trong Ngày 6,110,s==16|Gói quà hoàn trả,2,6732,1,,,,,,,,
74182,s==34|Hộp Lựa Chọn Hoàn Trả Trong Ngày 6,110,s==16|Gói quà hoàn trả,2,6735,1,,,,,,,,
74154,s==35|Hộp Quà Lựa Chọn Nguyên Liệu Hiếm ⑤,111,s==16|Nguyên Liệu Hiếm,2,1029,1,,,,,,,,
74155,s==35|Hộp Quà Lựa Chọn Nguyên Liệu Hiếm ⑤,111,s==16|Nguyên Liệu Hiếm,2,1043,2,,,,,,,,
74156,s==35|Hộp Quà Lựa Chọn Nguyên Liệu Hiếm ⑤,111,s==16|Nguyên Liệu Hiếm,2,1082,1,,,,,,,,
74157,s==35|Hộp Quà Lựa Chọn Nguyên Liệu Hiếm ⑤,111,s==16|Nguyên Liệu Hiếm,2,1020,1,,,,,,,,
74158,s==35|Hộp Quà Lựa Chọn Nguyên Liệu Hiếm ⑤,111,s==16|Nguyên Liệu Hiếm,2,1036,1,,,,,,,,
74159,s==35|Hộp Quà Lựa Chọn Nguyên Liệu Hiếm ⑤,111,s==16|Nguyên Liệu Hiếm,2,1103,1,,,,,,,,
74160,s==35|Hộp Quà Lựa Chọn Nguyên Liệu Hiếm ⑤,111,s==16|Nguyên Liệu Hiếm,2,1010,1,,,,,,,,
74161,s==35|Hộp Quà Lựa Chọn Nguyên Liệu Hiếm ⑤,111,s==16|Nguyên Liệu Hiếm,2,1011,1,,,,,,,,
74162,s==35|Hộp Quà Lựa Chọn Nguyên Liệu Hiếm ⑤,111,s==16|Nguyên Liệu Hiếm,2,1017,1,,,,,,,,
74163,s==35|Hộp Quà Lựa Chọn Nguyên Liệu Hiếm ⑤,111,s==16|Nguyên Liệu Hiếm,2,1049,1,,,,,,,,
74164,s==35|Hộp Quà Lựa Chọn Nguyên Liệu Hiếm ⑤,111,s==16|Nguyên Liệu Hiếm,2,1230,1,,,,,,,,
74165,s==35|Hộp Quà Lựa Chọn Nguyên Liệu Hiếm ⑤,111,s==16|Nguyên Liệu Hiếm,2,1055,1,,,,,,,,
74166,s==39|Hộp Quà Lựa Chọn Nguyên Liệu Quý Hiếm ⑥,112,s==20|Nguyên Liệu Quý Hiếm,2,1030,1,,,,,,,,
74167,s==39|Hộp Quà Lựa Chọn Nguyên Liệu Quý Hiếm ⑥,112,s==20|Nguyên Liệu Quý Hiếm,2,1044,2,,,,,,,,
74168,s==39|Hộp Quà Lựa Chọn Nguyên Liệu Quý Hiếm ⑥,112,s==20|Nguyên Liệu Quý Hiếm,2,1081,1,,,,,,,,
74169,s==39|Hộp Quà Lựa Chọn Nguyên Liệu Quý Hiếm ⑥,112,s==20|Nguyên Liệu Quý Hiếm,2,1021,1,,,,,,,,
74170,s==39|Hộp Quà Lựa Chọn Nguyên Liệu Quý Hiếm ⑥,112,s==20|Nguyên Liệu Quý Hiếm,2,1037,1,,,,,,,,
74171,s==39|Hộp Quà Lựa Chọn Nguyên Liệu Quý Hiếm ⑥,112,s==20|Nguyên Liệu Quý Hiếm,2,1009,1,,,,,,,,
74172,s==39|Hộp Quà Lựa Chọn Nguyên Liệu Quý Hiếm ⑥,112,s==20|Nguyên Liệu Quý Hiếm,2,1018,1,,,,,,,,
74173,s==39|Hộp Quà Lựa Chọn Nguyên Liệu Quý Hiếm ⑥,112,s==20|Nguyên Liệu Quý Hiếm,2,1050,1,,,,,,,,
74174,s==39|Hộp Quà Lựa Chọn Nguyên Liệu Quý Hiếm ⑥,112,s==20|Nguyên Liệu Quý Hiếm,2,1012,10,,,,,,,,
74175,s==39|Hộp Quà Lựa Chọn Nguyên Liệu Quý Hiếm ⑥,112,s==20|Nguyên Liệu Quý Hiếm,2,1056,5,,,,,,,,
74200,s==41|Hộp Bảo Vật Tùy Chỉnh Tướng Ấn Sang Trọng,113,s==18|Vật Phẩm Trân Hiếm,2,4050,1,,,,,,,,
74201,s==41|Hộp Bảo Vật Tùy Chỉnh Tướng Ấn Sang Trọng,113,s==18|Vật Phẩm Trân Hiếm,2,1277,1,,,,,,,,
74220,s==38|Lựa Chọn Trang Phục Thức Tỉnh Tam Quốc,114,s==9|Thục Quốc,2,13002,1,,,,,,,,
74221,s==38|Lựa Chọn Trang Phục Thức Tỉnh Tam Quốc,114,s==9|Thục Quốc,2,13710,1,,,,,,,,
74222,s==38|Lựa Chọn Trang Phục Thức Tỉnh Tam Quốc,114,s==9|Thục Quốc,2,13719,1,,,,,,,,
74223,s==38|Lựa Chọn Trang Phục Thức Tỉnh Tam Quốc,114,s==9|Thục Quốc,2,13728,1,,,,,,,,
74224,s==38|Lựa Chọn Trang Phục Thức Tỉnh Tam Quốc,114,s==9|Thục Quốc,2,13735,1,,,,,,,,
74225,s==38|Lựa Chọn Trang Phục Thức Tỉnh Tam Quốc,114,s==9|Ngụy Quốc,2,13718,1,,,,,,,,
74226,s==38|Lựa Chọn Trang Phục Thức Tỉnh Tam Quốc,114,s==9|Ngụy Quốc,2,13711,1,,,,,,,,
74227,s==38|Lựa Chọn Trang Phục Thức Tỉnh Tam Quốc,114,s==9|Ngụy Quốc,2,13726,1,,,,,,,,
74228,s==38|Lựa Chọn Trang Phục Thức Tỉnh Tam Quốc,114,s==9|Ngụy Quốc,2,13732,1,,,,,,,,
74229,s==38|Lựa Chọn Trang Phục Thức Tỉnh Tam Quốc,114,s==9|Ngụy Quốc,2,13737,1,,,,,,,,
74230,s==38|Lựa Chọn Trang Phục Thức Tỉnh Tam Quốc,114,s==8|Ngô Quốc,2,13712,1,,,,,,,,
74231,s==38|Lựa Chọn Trang Phục Thức Tỉnh Tam Quốc,114,s==8|Ngô Quốc,2,13714,1,,,,,,,,
74232,s==38|Lựa Chọn Trang Phục Thức Tỉnh Tam Quốc,114,s==8|Ngô Quốc,2,13720,1,,,,,,,,
74233,s==38|Lựa Chọn Trang Phục Thức Tỉnh Tam Quốc,114,s==8|Ngô Quốc,2,13730,1,,,,,,,,
74234,s==38|Lựa Chọn Trang Phục Thức Tỉnh Tam Quốc,114,s==8|Ngô Quốc,2,13741,1,,,,,,,,
74240,s==17|Bảo Bối Long Mạch,115,s==16|Nguyên Liệu Hiếm,2,1222,1,,,,,,,,
74241,s==17|Bảo Bối Long Mạch,115,s==16|Nguyên Liệu Hiếm,2,1199,1,,,,,,,,
74242,s==17|Bảo Bối Long Mạch,115,s==16|Nguyên Liệu Hiếm,2,1211,1,,,,,,,,
74243,s==17|Bảo Bối Long Mạch,115,s==16|Nguyên Liệu Hiếm,2,14120,1,,,,,,,,
74244,s==17|Bảo Bối Long Mạch,115,s==16|Nguyên Liệu Hiếm,2,2128,1,,,,,,,,
74245,s==31|Túi Lựa Chọn Hồn Thạch Môn Phái,116,s==18|Hồn Thạch Môn Phái,2,1280,1,,,,,,,,
74246,s==31|Túi Lựa Chọn Hồn Thạch Môn Phái,116,s==18|Hồn Thạch Môn Phái,2,1281,1,,,,,,,,
74247,s==31|Túi Lựa Chọn Hồn Thạch Môn Phái,116,s==18|Hồn Thạch Môn Phái,2,1282,1,,,,,,,,
74248,s==31|Túi Lựa Chọn Hồn Thạch Môn Phái,116,s==18|Hồn Thạch Môn Phái,2,1283,1,,,,,,,,
74249,s==31|Túi Lựa Chọn Hồn Thạch Môn Phái,116,s==18|Hồn Thạch Môn Phái,2,1284,1,,,,,,,,
74250,s==21|Hồn Thạch Tự Chọn Đái,117,s==9|Hồn Thạch,2,1279,1,,,,,,,,
74251,s==21|Hồn Thạch Tự Chọn Đái,117,s==9|Hồn Thạch,2,1280,1,,,,,,,,
74252,s==21|Hồn Thạch Tự Chọn Đái,117,s==9|Hồn Thạch,2,1281,1,,,,,,,,
74253,s==21|Hồn Thạch Tự Chọn Đái,117,s==9|Hồn Thạch,2,1282,1,,,,,,,,
74254,s==21|Hồn Thạch Tự Chọn Đái,117,s==9|Hồn Thạch,2,1283,1,,,,,,,,
74255,s==21|Hồn Thạch Tự Chọn Đái,117,s==9|Hồn Thạch,2,1284,1,,,,,,,,
74256,s==33|Ảnh Đại Diện Lễ Tình Nhân Tự Chọn,118,s==12|Ảnh Đại Diện,2,46011,1,,,,,,,,
74257,s==33|Ảnh Đại Diện Lễ Tình Nhân Tự Chọn,118,s==12|Ảnh Đại Diện,2,46012,1,,,,,,,,
74258,s==33|Ảnh Đại Diện Lễ Tình Nhân Tự Chọn,118,s==12|Ảnh Đại Diện,2,46013,1,,,,,,,,
74259,s==33|Ảnh Đại Diện Lễ Tình Nhân Tự Chọn,118,s==12|Ảnh Đại Diện,2,46014,1,,,,,,,,
74260,s==33|Ảnh Đại Diện Lễ Tình Nhân Tự Chọn,118,s==12|Ảnh Đại Diện,2,46015,1,,,,,,,,
74261,s==33|Ảnh Đại Diện Lễ Tình Nhân Tự Chọn,118,s==12|Ảnh Đại Diện,2,46016,1,,,,,,,,
74262,s==18|Lễ Bao Tích Nạp 7K,119,s==9|Rương báu,2,7215,1,,,,,,,,
74263,s==18|Lễ Bao Tích Nạp 7K,119,s==9|Rương báu,2,7216,1,,,,,,,,
74264,s==18|Lễ Bao Tích Nạp 7K,119,s==9|Rương báu,2,7217,1,,,,,,,,
74265,s==18|Lễ Bao Tích Nạp 7K,119,s==9|Rương báu,2,7218,1,,,,,,,,
74266,s==20|Lễ Bao Tích Nạp 1Vạn,120,s==9|Rương báu,2,7219,1,,,,,,,,
74267,s==20|Lễ Bao Tích Nạp 1Vạn,120,s==9|Rương báu,2,7220,1,,,,,,,,
74268,s==20|Lễ Bao Tích Nạp 1Vạn,120,s==9|Rương báu,2,7221,1,,,,,,,,
74269,s==20|Lễ Bao Tích Nạp 1Vạn,120,s==9|Rương báu,2,7222,1,,,,,,,,
74270,s==20|Lễ Bao Tích Nạp 2Vạn,121,s==9|Rương báu,2,7223,1,,,,,,,,
74271,s==20|Lễ Bao Tích Nạp 2Vạn,121,s==9|Rương báu,2,7224,1,,,,,,,,
74272,s==20|Lễ Bao Tích Nạp 2Vạn,121,s==9|Rương báu,2,7225,1,,,,,,,,
74273,s==20|Lễ Bao Tích Nạp 2Vạn,121,s==9|Rương báu,2,7226,1,,,,,,,,
74274,s==20|Lễ Bao Tích Nạp 2Vạn,121,s==9|Rương báu,2,7227,1,,,,,,,,
74275,s==20|Lễ Bao Tích Nạp 5Vạn,122,s==9|Rương báu,2,7228,1,,,,,,,,
74276,s==20|Lễ Bao Tích Nạp 5Vạn,122,s==9|Rương báu,2,7229,1,,,,,,,,
74277,s==20|Lễ Bao Tích Nạp 5Vạn,122,s==9|Rương báu,2,7230,1,,,,,,,,
74278,s==20|Lễ Bao Tích Nạp 5Vạn,122,s==9|Rương báu,2,7231,1,,,,,,,,
74279,s==20|Lễ Bao Tích Nạp 5Vạn,122,s==9|Rương báu,2,7232,1,,,,,,,,
74280,s==20|Lễ Bao Tích Nạp 5Vạn,122,s==9|Rương báu,2,7233,1,,,,,,,,
74281,s==20|Lễ Bao Tích Nạp 8Vạn,123,s==9|Rương báu,2,7234,1,,,,,,,,
74282,s==20|Lễ Bao Tích Nạp 8Vạn,123,s==9|Rương báu,2,7235,1,,,,,,,,
74283,s==20|Lễ Bao Tích Nạp 8Vạn,123,s==9|Rương báu,2,7236,1,,,,,,,,
74284,s==20|Lễ Bao Tích Nạp 8Vạn,123,s==9|Rương báu,2,7237,1,,,,,,,,
74285,s==20|Lễ Bao Tích Nạp 8Vạn,123,s==9|Rương báu,2,7238,1,,,,,,,,
74286,s==20|Lễ Bao Tích Nạp 8Vạn,123,s==9|Rương báu,2,7239,1,,,,,,,,
74290,s==23|Linh Thú Hồn Kỹ Tự Chọn,124,s==15|Hồn Kỹ Linh Thú,2,50101,1,,,,,,,,
74291,s==23|Linh Thú Hồn Kỹ Tự Chọn,124,s==15|Hồn Kỹ Linh Thú,2,50102,1,,,,,,,,
74292,s==23|Linh Thú Hồn Kỹ Tự Chọn,124,s==15|Hồn Kỹ Linh Thú,2,50103,1,,,,,,,,
74293,s==23|Linh Thú Hồn Kỹ Tự Chọn,124,s==15|Hồn Kỹ Linh Thú,2,50104,1,,,,,,,,
74294,s==23|Linh Thú Hồn Kỹ Tự Chọn,124,s==15|Hồn Kỹ Linh Thú,2,50105,1,,,,,,,,
74295,s==23|Linh Thú Hồn Kỹ Tự Chọn,124,s==15|Hồn Kỹ Linh Thú,2,50106,1,,,,,,,,
74296,s==23|Linh Thú Hồn Kỹ Tự Chọn,124,s==15|Hồn Kỹ Linh Thú,2,50107,1,,,,,,,,
74300,s==23|Linh Thú Hồn Kỹ Tự Chọn,124,s==15|Hồn Kỹ Linh Thú,2,50108,1,,,,,,,,
74301,s==23|Linh Thú Hồn Kỹ Tự Chọn,124,s==15|Hồn Kỹ Linh Thú,2,50109,1,,,,,,,,
74302,s==23|Linh Thú Hồn Kỹ Tự Chọn,124,s==15|Hồn Kỹ Linh Thú,2,50110,1,,,,,,,,
74303,s==23|Linh Thú Hồn Kỹ Tự Chọn,124,s==15|Hồn Kỹ Linh Thú,2,50111,1,,,,,,,,
74304,s==23|Linh Thú Hồn Kỹ Tự Chọn,124,s==15|Hồn Kỹ Linh Thú,2,50112,1,,,,,,,,
74310,s==24|Kỹ Năng Linh Thú Tự Chọn,125,s==16|Kỹ Năng Linh Thú,2,50151,1,,,,,,,,
74311,s==24|Kỹ Năng Linh Thú Tự Chọn,125,s==16|Kỹ Năng Linh Thú,2,50152,1,,,,,,,,
74312,s==24|Kỹ Năng Linh Thú Tự Chọn,125,s==16|Kỹ Năng Linh Thú,2,50153,1,,,,,,,,
74313,s==24|Kỹ Năng Linh Thú Tự Chọn,125,s==16|Kỹ Năng Linh Thú,2,50154,1,,,,,,,,
74314,s==24|Kỹ Năng Linh Thú Tự Chọn,125,s==16|Kỹ Năng Linh Thú,2,50155,1,,,,,,,,
74315,s==24|Kỹ Năng Linh Thú Tự Chọn,125,s==16|Kỹ Năng Linh Thú,2,50156,1,,,,,,,,
74316,s==24|Kỹ Năng Linh Thú Tự Chọn,125,s==16|Kỹ Năng Linh Thú,2,50157,1,,,,,,,,
74317,s==24|Kỹ Năng Linh Thú Tự Chọn,125,s==16|Kỹ Năng Linh Thú,2,50161,1,,,,,,,,
74318,s==24|Kỹ Năng Linh Thú Tự Chọn,125,s==16|Kỹ Năng Linh Thú,2,50162,1,,,,,,,,
74319,s==24|Kỹ Năng Linh Thú Tự Chọn,125,s==16|Kỹ Năng Linh Thú,2,50163,1,,,,,,,,
74320,s==24|Kỹ Năng Linh Thú Tự Chọn,125,s==16|Kỹ Năng Linh Thú,2,50164,1,,,,,,,,
74321,s==24|Kỹ Năng Linh Thú Tự Chọn,125,s==16|Kỹ Năng Linh Thú,2,50165,1,,,,,,,,
74322,s==24|Kỹ Năng Linh Thú Tự Chọn,125,s==16|Kỹ Năng Linh Thú,2,50166,1,,,,,,,,
74323,s==24|Kỹ Năng Linh Thú Tự Chọn,125,s==16|Kỹ Năng Linh Thú,2,50167,1,,,,,,,,
74324,s==24|Kỹ Năng Linh Thú Tự Chọn,125,s==16|Kỹ Năng Linh Thú,2,50168,1,,,,,,,,
74325,s==24|Kỹ Năng Linh Thú Tự Chọn,125,s==16|Kỹ Năng Linh Thú,2,50169,1,,,,,,,,
74326,s==24|Kỹ Năng Linh Thú Tự Chọn,125,s==16|Kỹ Năng Linh Thú,2,50171,1,,,,,,,,
74327,s==24|Kỹ Năng Linh Thú Tự Chọn,125,s==16|Kỹ Năng Linh Thú,2,50172,1,,,,,,,,
74328,s==24|Kỹ Năng Linh Thú Tự Chọn,125,s==16|Kỹ Năng Linh Thú,2,50173,1,,,,,,,,
74329,s==24|Kỹ Năng Linh Thú Tự Chọn,125,s==16|Kỹ Năng Linh Thú,2,50174,1,,,,,,,,
74330,s==24|Kỹ Năng Linh Thú Tự Chọn,125,s==16|Kỹ Năng Linh Thú,2,50175,1,,,,,,,,
74331,s==24|Kỹ Năng Linh Thú Tự Chọn,125,s==16|Kỹ Năng Linh Thú,2,50176,1,,,,,,,,
74340,s==18|Bảo Tương Phúc Vận,126,s==9|Rương báu,1,8,200000,,,,,,,,
74341,s==18|Bảo Tương Phúc Vận,126,s==9|Rương báu,1,10,200000,,,,,,,,
74342,s==18|Bảo Tương Phúc Vận,126,s==9|Rương báu,2,1001,20,,,,,,,,
74343,s==18|Bảo Tương Phúc Vận,126,s==9|Rương báu,2,1006,20,,,,,,,,
74344,s==18|Bảo Tương Phúc Vận,126,s==9|Rương báu,2,1078,200,,,,,,,,
74345,s==18|Bảo Tương Phúc Vận,126,s==9|Rương báu,2,1027,6,,,,,,,,
74346,s==27|Hộp Bảo Tùy Chọn Tối Thượng,127,s==9|Rương báu,2,1516,3,,,,,,,,
74347,s==27|Hộp Bảo Tùy Chọn Tối Thượng,127,s==9|Rương báu,2,14701,1,,,,,,,,
74348,s==27|Hộp Bảo Tùy Chọn Tối Thượng,127,s==9|Rương báu,2,1453,1,,,,,,,,
74349,s==27|Hộp Bảo Tùy Chọn Tối Thượng,127,s==9|Rương báu,2,1509,2,,,,,,,,
74350,s==27|Hộp Bảo Tùy Chọn Tối Thượng,127,s==9|Rương báu,2,2097,3,,,,,,,,
74332,s==11|Hộp Hậu Cần,128,s==18|Nguyên Liệu Cơ Bản,1,8,200000,,,,,,,,
74333,s==11|Hộp Hậu Cần,128,s==18|Nguyên Liệu Cơ Bản,1,10,200000,,,,,,,,
74334,s==11|Hộp Hậu Cần,128,s==18|Nguyên Liệu Cơ Bản,2,1001,20,,,,,,,,
74335,s==11|Hộp Hậu Cần,128,s==18|Nguyên Liệu Cơ Bản,2,1006,20,,,,,,,,
74336,s==11|Hộp Hậu Cần,128,s==18|Nguyên Liệu Cơ Bản,2,1078,200,,,,,,,,
74337,s==11|Hộp Hậu Cần,128,s==18|Nguyên Liệu Cơ Bản,2,1027,6,,,,,,,,
74351,s==24|Thần Ma Tự Chọn Võ Tướng,129,s==12|Thần·Mảnh Vỡ,2,24505,50,,,,,,,,
74352,s==24|Thần Ma Tự Chọn Võ Tướng,129,s==12|Thần·Mảnh Vỡ,2,24504,50,,,,,,,,
74353,s==24|Thần Ma Tự Chọn Võ Tướng,129,s==12|Thần·Mảnh Vỡ,2,24508,50,,,,,,,,
74354,s==24|Thần Ma Tự Chọn Võ Tướng,129,s==12|Thần·Mảnh Vỡ,2,24506,50,,,,,,,,
74355,s==24|Thần Ma Tự Chọn Võ Tướng,129,s==12|Thần·Mảnh Vỡ,2,24510,50,,,,,,,,
74356,s==24|Thần Ma Tự Chọn Võ Tướng,129,s==12|Thần·Mảnh Vỡ,2,24503,50,,,,,,,,
74357,s==24|Thần Ma Tự Chọn Võ Tướng,129,s==12|Thần·Mảnh Vỡ,2,24501,50,,,,,,,,
74358,s==24|Thần Ma Tự Chọn Võ Tướng,129,s==12|Thần·Mảnh Vỡ,2,24502,50,,,,,,,,
74359,s==24|Thần Ma Tự Chọn Võ Tướng,129,s==12|Thần·Mảnh Vỡ,2,24513,50,,,,,,,,
74360,s==24|Thần Ma Tự Chọn Võ Tướng,129,s==10|Ma·Mảnh Vỡ,2,25510,50,,,,,,,,
74361,s==24|Thần Ma Tự Chọn Võ Tướng,129,s==10|Ma·Mảnh Vỡ,2,25504,50,,,,,,,,
74362,s==24|Thần Ma Tự Chọn Võ Tướng,129,s==10|Ma·Mảnh Vỡ,2,25515,50,,,,,,,,
74363,s==24|Thần Ma Tự Chọn Võ Tướng,129,s==10|Ma·Mảnh Vỡ,2,25514,50,,,,,,,,
74364,s==24|Thần Ma Tự Chọn Võ Tướng,129,s==10|Ma·Mảnh Vỡ,2,25509,50,,,,,,,,
74365,s==24|Thần Ma Tự Chọn Võ Tướng,129,s==10|Ma·Mảnh Vỡ,2,25507,50,,,,,,,,
74366,s==24|Thần Ma Tự Chọn Võ Tướng,129,s==10|Ma·Mảnh Vỡ,2,25513,50,,,,,,,,
74367,s==24|Thần Ma Tự Chọn Võ Tướng,129,s==10|Ma·Mảnh Vỡ,2,25506,50,,,,,,,,
74368,s==24|Thần Ma Tự Chọn Võ Tướng,129,s==10|Ma·Mảnh Vỡ,2,25503,50,,,,,,,,
74369,s==24|Thần Ma Tự Chọn Võ Tướng,129,s==10|Ma·Mảnh Vỡ,2,25401,50,,,,,,,,
74374,s==26|Hộp Tùy Chọn Ngụy Thục Ngô,130,s==14|Mảnh Ngụy Quốc,2,21508,50,,,,,,,,
74375,s==26|Hộp Tùy Chọn Ngụy Thục Ngô,130,s==14|Mảnh Ngụy Quốc,2,21512,50,,,,,,,,
74376,s==26|Hộp Tùy Chọn Ngụy Thục Ngô,130,s==14|Mảnh Ngụy Quốc,2,21510,50,,,,,,,,
74377,s==26|Hộp Tùy Chọn Ngụy Thục Ngô,130,s==14|Mảnh Ngụy Quốc,2,21503,50,,,,,,,,
74378,s==26|Hộp Tùy Chọn Ngụy Thục Ngô,130,s==14|Mảnh Ngụy Quốc,2,21504,50,,,,,,,,
74379,s==26|Hộp Tùy Chọn Ngụy Thục Ngô,130,s==14|Mảnh Ngụy Quốc,2,21507,50,,,,,,,,
74380,s==26|Hộp Tùy Chọn Ngụy Thục Ngô,130,s==14|Mảnh Ngụy Quốc,2,21505,50,,,,,,,,
74381,s==26|Hộp Tùy Chọn Ngụy Thục Ngô,130,s==14|Mảnh Thục Quốc,2,22504,50,,,,,,,,
74382,s==26|Hộp Tùy Chọn Ngụy Thục Ngô,130,s==14|Mảnh Thục Quốc,2,22502,50,,,,,,,,
74383,s==26|Hộp Tùy Chọn Ngụy Thục Ngô,130,s==14|Mảnh Thục Quốc,2,22501,50,,,,,,,,
74384,s==26|Hộp Tùy Chọn Ngụy Thục Ngô,130,s==14|Mảnh Thục Quốc,2,22507,50,,,,,,,,
74385,s==26|Hộp Tùy Chọn Ngụy Thục Ngô,130,s==14|Mảnh Thục Quốc,2,22511,50,,,,,,,,
74386,s==26|Hộp Tùy Chọn Ngụy Thục Ngô,130,s==14|Mảnh Thục Quốc,2,22508,50,,,,,,,,
74387,s==26|Hộp Tùy Chọn Ngụy Thục Ngô,130,s==14|Mảnh Thục Quốc,2,22509,50,,,,,,,,
74388,s==26|Hộp Tùy Chọn Ngụy Thục Ngô,130,s==14|Mảnh Thục Quốc,2,22505,50,,,,,,,,
74389,s==26|Hộp Tùy Chọn Ngụy Thục Ngô,130,s==13|Mảnh Ngô Quốc,2,23510,50,,,,,,,,
74390,s==26|Hộp Tùy Chọn Ngụy Thục Ngô,130,s==13|Mảnh Ngô Quốc,2,23506,50,,,,,,,,
74391,s==26|Hộp Tùy Chọn Ngụy Thục Ngô,130,s==13|Mảnh Ngô Quốc,2,23508,50,,,,,,,,
74392,s==26|Hộp Tùy Chọn Ngụy Thục Ngô,130,s==13|Mảnh Ngô Quốc,2,23503,50,,,,,,,,
74393,s==26|Hộp Tùy Chọn Ngụy Thục Ngô,130,s==13|Mảnh Ngô Quốc,2,23507,50,,,,,,,,
74394,s==26|Hộp Tùy Chọn Ngụy Thục Ngô,130,s==13|Mảnh Ngô Quốc,2,23502,50,,,,,,,,
74395,s==26|Hộp Tùy Chọn Ngụy Thục Ngô,130,s==13|Mảnh Ngô Quốc,2,23504,50,,,,,,,,
74601,s==21|Gói Quà Chọn Hiếm Quý,131,s==15|Đạo Cụ Hiếm Quý,2,1199,1,,,,,,,,
74602,s==21|Gói Quà Chọn Hiếm Quý,131,s==15|Đạo Cụ Hiếm Quý,2,1222,1,,130,,,,,,
74603,s==21|Gói Quà Chọn Hiếm Quý,131,s==15|Đạo Cụ Hiếm Quý,2,1960,1,,,,,,,,
74604,s==21|Gói Quà Chọn Hiếm Quý,131,s==15|Đạo Cụ Hiếm Quý,2,71004,1,,150,,,,,,
73157,s==26|Tùy Chọn Kỳ Bảo Hồng Vận ①,132,s==10|Trang Phục,2,13729,1,,,,,,,,
73158,s==26|Tùy Chọn Kỳ Bảo Hồng Vận ①,132,s==10|Trang Phục,2,13731,1,,,,,,,,
73159,s==26|Tùy Chọn Kỳ Bảo Hồng Vận ①,132,s==10|Trang Phục,2,13739,1,,,,,,,,
73160,s==26|Tùy Chọn Kỳ Bảo Hồng Vận ①,132,s==10|Trang Phục,2,13740,1,,,,,,,,
73161,s==26|Tùy Chọn Kỳ Bảo Hồng Vận ①,132,s==10|Trang Phục,2,13744,1,,,,,,,,
73162,s==26|Tùy Chọn Kỳ Bảo Hồng Vận ①,132,s==10|Trang Phục,2,13748,1,,,,,,,,
73163,s==26|Tùy Chọn Kỳ Bảo Hồng Vận ①,132,s==10|Trang Phục,2,13753,1,,,,,,,,
74740,s==26|Tùy Chọn Kỳ Bảo Hồng Vận ①,132,s==10|Trang Phục,2,13759,1,,,,,,,,
74741,s==26|Tùy Chọn Kỳ Bảo Hồng Vận ①,132,s==10|Trang Phục,2,13763,1,,,,,,,,
73164,s==26|Tùy Chọn Kỳ Bảo Hồng Vận ②,133,s==9|Rương báu,2,1080,20,,,,,,,,
73165,s==26|Tùy Chọn Kỳ Bảo Hồng Vận ②,133,s==9|Rương báu,2,2097,1,,,,,,,,
73166,s==26|Tùy Chọn Kỳ Bảo Hồng Vận ②,133,s==9|Rương báu,2,1509,1,,,,,,,,
73167,s==26|Tùy Chọn Kỳ Bảo Hồng Vận ②,133,s==9|Rương báu,2,1520,4,,,,,,,,
73168,s==26|Tùy Chọn Kỳ Bảo Hồng Vận ②,133,s==9|Rương báu,2,1076,1,,,,,,,,
73169,s==26|Tùy Chọn Kỳ Bảo Hồng Vận ②,133,s==9|Rương báu,2,4733,4,,,,,,,,
73180,s==21|Tùy Chọn Tướng Ngũ Hệ,135,s==9|Rương báu,2,1761,1,,,,,,,,
73181,s==21|Tùy Chọn Tướng Ngũ Hệ,135,s==9|Rương báu,2,2097,4,,,,,,,,
73182,s==21|Tùy Chọn Tướng Ngũ Hệ,135,s==9|Rương báu,2,1509,4,,,,,,,,
73183,s==21|Tùy Chọn Tướng Ngũ Hệ,135,s==9|Rương báu,2,71007,2,,,,,,,,
73184,s==21|Tùy Chọn Tướng Ngũ Hệ,135,s==9|Rương báu,2,14701,2,,,,,,,,
73190,s==3|Ngô,134,s==21|Tùy Chọn Tướng Ngũ Hệ,2,23502,50,,,,,,,,
73191,s==3|Ngô,134,s==21|Tùy Chọn Tướng Ngũ Hệ,2,23503,50,,,,,,,,
73192,s==3|Ngô,134,s==21|Tùy Chọn Tướng Ngũ Hệ,2,23504,50,,,,,,,,
73193,s==3|Ngô,134,s==21|Tùy Chọn Tướng Ngũ Hệ,2,23507,50,,,,,,,,
73194,s==3|Ngô,134,s==21|Tùy Chọn Tướng Ngũ Hệ,2,23508,50,,,,,,,,
73195,s==3|Ngô,134,s==21|Tùy Chọn Tướng Ngũ Hệ,2,23510,50,,,,,,,,
73196,s==3|Ngô,134,s==21|Tùy Chọn Tướng Ngũ Hệ,2,23506,50,,,,,,,,
73210,s==3|Ngô,134,s==4|Thục,2,22501,50,,,,,,,,
73211,s==3|Ngô,134,s==4|Thục,2,22502,50,,,,,,,,
73212,s==3|Ngô,134,s==4|Thục,2,22504,50,,,,,,,,
73213,s==3|Ngô,134,s==4|Thục,2,22505,50,,,,,,,,
73214,s==3|Ngô,134,s==4|Thục,2,22508,50,,,,,,,,
73215,s==3|Ngô,134,s==4|Thục,2,22509,50,,,,,,,,
73216,s==3|Ngô,134,s==4|Thục,2,22507,50,,,,,,,,
73217,s==3|Ngô,134,s==4|Thục,2,22511,50,,,,,,,,
73230,s==3|Ngô,134,s==4|Ngụy,2,21503,50,,,,,,,,
73231,s==3|Ngô,134,s==4|Ngụy,2,21504,50,,,,,,,,
73232,s==3|Ngô,134,s==4|Ngụy,2,21505,50,,,,,,,,
73233,s==3|Ngô,134,s==4|Ngụy,2,21507,50,,,,,,,,
73234,s==3|Ngô,134,s==4|Ngụy,2,21510,50,,,,,,,,
73235,s==3|Ngô,134,s==4|Ngụy,2,21512,50,,,,,,,,
73236,s==3|Ngô,134,s==4|Ngụy,2,21508,50,,,,,,,,
73501,s==3|Ngô,134,s==4|Thần,2,24504,50,,,,,,,,
73502,s==3|Ngô,134,s==4|Thần,2,24501,50,,,,,,,,
73503,s==3|Ngô,134,s==4|Thần,2,24502,50,,,,,,,,
73253,s==3|Ngô,134,s==4|Thần,2,24503,50,,,,,,,,
73254,s==3|Ngô,134,s==4|Thần,2,24505,50,,,,,,,,
73255,s==3|Ngô,134,s==4|Thần,2,24510,50,,,,,,,,
73256,s==3|Ngô,134,s==4|Thần,2,24508,50,,,,,,,,
73257,s==3|Ngô,134,s==4|Thần,2,24506,50,,,,,,,,
73258,s==3|Ngô,134,s==4|Thần,2,24513,50,,,,,,,,
73270,s==3|Ngô,134,s==2|Ma,2,25507,50,,,,,,,,
73271,s==3|Ngô,134,s==2|Ma,2,25401,50,,,,,,,,
73272,s==3|Ngô,134,s==2|Ma,2,25503,50,,,,,,,,
73273,s==3|Ngô,134,s==2|Ma,2,25506,50,,,,,,,,
73274,s==3|Ngô,134,s==2|Ma,2,25513,50,,,,,,,,
73275,s==3|Ngô,134,s==2|Ma,2,25515,50,,,,,,,,
73276,s==3|Ngô,134,s==2|Ma,2,25510,50,,,,,,,,
73277,s==3|Ngô,134,s==2|Ma,2,25504,50,,,,,,,,
73278,s==3|Ngô,134,s==2|Ma,2,25514,50,,,,,,,,
73279,s==3|Ngô,134,s==2|Ma,2,25509,50,,,,,,,,
73290,s==24|Hồng sắc phù văn tự chọn,136,s==8|Lôi Kích,2,70113,1,,,,,,,,
73291,s==24|Hồng sắc phù văn tự chọn,136,s==8|Lôi Kích,2,70114,1,,,,,,,,
73292,s==24|Hồng sắc phù văn tự chọn,136,s==8|Lôi Kích,2,70115,1,,,,,,,,
73293,s==24|Hồng sắc phù văn tự chọn,136,s==8|Lôi Kích,2,70116,1,,,,,,,,
73294,s==24|Hồng sắc phù văn tự chọn,136,s==10|Phong Liềm,2,70117,1,,,,,,,,
73295,s==24|Hồng sắc phù văn tự chọn,136,s==10|Phong Liềm,2,70118,1,,,,,,,,
73296,s==24|Hồng sắc phù văn tự chọn,136,s==10|Phong Liềm,2,70119,1,,,,,,,,
73297,s==24|Hồng sắc phù văn tự chọn,136,s==10|Phong Liềm,2,70120,1,,,,,,,,
73298,s==24|Hồng sắc phù văn tự chọn,136,s==8|Huyết Ẩm,2,70121,1,,,,,,,,
73299,s==24|Hồng sắc phù văn tự chọn,136,s==8|Huyết Ẩm,2,70122,1,,,,,,,,
73601,s==24|Hồng sắc phù văn tự chọn,136,s==8|Huyết Ẩm,2,70123,1,,,,,,,,
73602,s==24|Hồng sắc phù văn tự chọn,136,s==8|Huyết Ẩm,2,70124,1,,,,,,,,
73603,s==24|Hồng sắc phù văn tự chọn,136,s==7|Gai góc,2,70125,1,,,,,,,,
73303,s==24|Hồng sắc phù văn tự chọn,136,s==7|Gai góc,2,70126,1,,,,,,,,
73304,s==24|Hồng sắc phù văn tự chọn,136,s==7|Gai góc,2,70127,1,,,,,,,,
73305,s==24|Hồng sắc phù văn tự chọn,136,s==7|Gai góc,2,70128,1,,,,,,,,
73306,s==24|Hồng sắc phù văn tự chọn,136,s==7|Thủy Dự,2,70129,1,,,,,,,,
73307,s==24|Hồng sắc phù văn tự chọn,136,s==7|Thủy Dự,2,70130,1,,,,,,,,
73308,s==24|Hồng sắc phù văn tự chọn,136,s==7|Thủy Dự,2,70131,1,,,,,,,,
73309,s==24|Hồng sắc phù văn tự chọn,136,s==7|Thủy Dự,2,70132,1,,,,,,,,
73310,s==24|Hồng sắc phù văn tự chọn,136,s==9|Ngọc Toái,2,70133,1,,,,,,,,
73311,s==24|Hồng sắc phù văn tự chọn,136,s==9|Ngọc Toái,2,70134,1,,,,,,,,
73312,s==24|Hồng sắc phù văn tự chọn,136,s==9|Ngọc Toái,2,70135,1,,,,,,,,
73313,s==24|Hồng sắc phù văn tự chọn,136,s==9|Ngọc Toái,2,70136,1,,,,,,,,
73314,s==24|Hồng sắc phù văn tự chọn,136,s==9|Thần Đồng,2,70137,1,,,,,,,,
73315,s==24|Hồng sắc phù văn tự chọn,136,s==9|Thần Đồng,2,70138,1,,,,,,,,
73316,s==24|Hồng sắc phù văn tự chọn,136,s==9|Thần Đồng,2,70139,1,,,,,,,,
73317,s==24|Hồng sắc phù văn tự chọn,136,s==9|Thần Đồng,2,70140,1,,,,,,,,
73330,s==33|Lễ hộ tự chọn Mảnh Tướng Quân Chủ,137,s==8|Ngô Quốc,2,23511,10,,,,,,,,
73331,s==33|Lễ hộ tự chọn Mảnh Tướng Quân Chủ,137,s==9|Thục Quốc,2,22512,10,,,,,,30,-1,
73332,s==33|Lễ hộ tự chọn Mảnh Tướng Quân Chủ,137,s==9|Ngụy Quốc,2,21515,10,,,,,,60,-1,
74500,s==33|Đại Hộ Chu Lũy Tích Nạp 1K Lễ Bao,138,s==9|Rương báu,2,4800,1,,,,,,,,
74501,s==33|Đại Hộ Chu Lũy Tích Nạp 1K Lễ Bao,138,s==9|Rương báu,2,4801,1,,,,,,,,
74502,s==33|Đại Hộ Chu Lũy Tích Nạp 3K Lễ Bao,139,s==9|Rương báu,2,4802,1,,,,,,,,
74503,s==33|Đại Hộ Chu Lũy Tích Nạp 3K Lễ Bao,139,s==9|Rương báu,2,4803,1,,,,,,,,
74504,s==33|Đại Hộ Chu Lũy Tích Nạp 3K Lễ Bao,139,s==9|Rương báu,2,4804,1,,,,,,,,
74505,s==33|Đại Hộ Chu Lũy Tích Nạp 3K Lễ Bao,139,s==9|Rương báu,2,4805,1,,,,,,,,
74506,s==33|Đại Hộ Chu Lũy Tích Nạp 5K Lễ Bao,140,s==9|Rương báu,2,4806,1,,,,,,,,
74507,s==33|Đại Hộ Chu Lũy Tích Nạp 5K Lễ Bao,140,s==9|Rương báu,2,4807,1,,,,,,,,
74508,s==33|Đại Hộ Chu Lũy Tích Nạp 5K Lễ Bao,140,s==9|Rương báu,2,4808,1,,,,,,,,
74509,s==33|Đại Hộ Chu Lũy Tích Nạp 5K Lễ Bao,140,s==9|Rương báu,2,4809,1,,,,,,,,
74510,s==35|Đại Hộ Chu Lũy Tích Nạp 1Vạn Lễ Bao,141,s==9|Rương báu,2,4810,1,,,,,,,,
74511,s==35|Đại Hộ Chu Lũy Tích Nạp 1Vạn Lễ Bao,141,s==9|Rương báu,2,4811,1,,,,,,,,
74512,s==35|Đại Hộ Chu Lũy Tích Nạp 1Vạn Lễ Bao,141,s==9|Rương báu,2,4812,1,,,,,,,,
74513,s==32|Đại hộ Chu Lũy nạp 3 vạn gói quà,142,s==9|Rương báu,2,4813,1,,,,,,,,
74514,s==32|Đại hộ Chu Lũy nạp 3 vạn gói quà,142,s==9|Rương báu,2,4814,1,,,,,,,,
74515,s==32|Đại hộ Chu Lũy nạp 3 vạn gói quà,142,s==9|Rương báu,2,4815,1,,,,,,,,
74516,s==32|Đại hộ Chu Lũy nạp 3 vạn gói quà,142,s==9|Rương báu,2,4816,1,,,,,,,,
74520,s==24|Thần Ma Tự Chọn Võ Tướng,143,s==12|Thần·Mảnh Vỡ,2,24505,50,,,,,,,,
74521,s==24|Thần Ma Tự Chọn Võ Tướng,143,s==12|Thần·Mảnh Vỡ,2,24506,50,,,,,,,,
74522,s==24|Thần Ma Tự Chọn Võ Tướng,143,s==12|Thần·Mảnh Vỡ,2,24516,50,,,,,,,,
74523,s==24|Thần Ma Tự Chọn Võ Tướng,143,s==12|Thần·Mảnh Vỡ,2,24504,50,,,,,,,,
74524,s==24|Thần Ma Tự Chọn Võ Tướng,143,s==10|Ma·Mảnh Vỡ,2,25504,50,,,,,,,,
74525,s==24|Thần Ma Tự Chọn Võ Tướng,143,s==10|Ma·Mảnh Vỡ,2,25515,50,,,,,,,,
74526,s==24|Thần Ma Tự Chọn Võ Tướng,143,s==10|Ma·Mảnh Vỡ,2,25514,50,,,,,,,,
74527,s==24|Thần Ma Tự Chọn Võ Tướng,143,s==10|Ma·Mảnh Vỡ,2,25509,50,,,,,,,,
74540,s==22|Lễ hộ binh thư tự chọn,145,s==8|Binh thư,2,1301,1,,,,,,,,
74541,s==22|Lễ hộ binh thư tự chọn,145,s==8|Binh thư,2,1302,1,,,,,,,,
74542,s==22|Lễ hộ binh thư tự chọn,145,s==8|Binh thư,2,1303,1,,,,,,,,
74543,s==22|Lễ hộ binh thư tự chọn,145,s==8|Binh thư,2,1304,1,,,,,,,,
74544,s==22|Lễ hộ binh thư tự chọn,145,s==8|Binh thư,2,1305,1,,,,,,,,
74545,s==22|Lễ hộ binh thư tự chọn,145,s==8|Binh thư,2,1306,1,,,,,,,,
74546,s==22|Lễ hộ binh thư tự chọn,145,s==8|Binh thư,2,1307,1,,,,,,,,
74547,s==22|Lễ hộ binh thư tự chọn,145,s==8|Binh thư,2,1308,1,,,,,,,,
74548,s==22|Lễ hộ binh thư tự chọn,145,s==8|Binh thư,2,1309,1,,,,,,,,
74549,s==22|Lễ hộ binh thư tự chọn,145,s==8|Binh thư,2,1310,1,,,,,,,,
74550,s==22|Lễ hộ binh thư tự chọn,145,s==8|Binh thư,2,1311,1,,,,,,,,
74551,s==22|Lễ hộ binh thư tự chọn,145,s==8|Binh thư,2,1312,1,,,,,,,,
74552,s==22|Lễ hộ binh thư tự chọn,145,s==8|Binh thư,2,1313,1,,,,,,,,
74553,s==22|Lễ hộ binh thư tự chọn,145,s==8|Binh thư,2,1314,1,,,,,,,,
74554,s==22|Lễ hộ binh thư tự chọn,145,s==8|Binh thư,2,1315,1,,,,,,,,
74555,s==22|Lễ hộ binh thư tự chọn,145,s==8|Binh thư,2,1316,1,,,,,,,,
74556,s==22|Lễ hộ binh thư tự chọn,145,s==8|Binh thư,2,1317,1,,,,,,,,
74557,s==22|Lễ hộ binh thư tự chọn,145,s==8|Binh thư,2,1318,1,,,,,,,,
74558,s==22|Lễ hộ binh thư tự chọn,145,s==8|Binh thư,2,1319,1,,,,,,,,
74559,s==22|Lễ hộ binh thư tự chọn,145,s==8|Binh thư,2,1320,1,,,,,,,,
74560,s==22|Lễ hộ binh thư tự chọn,145,s==8|Binh thư,2,1321,1,,,,,,,,
74561,s==22|Lễ hộ binh thư tự chọn,145,s==8|Binh thư,2,1322,1,,,,,,,,
74562,s==22|Lễ hộ binh thư tự chọn,145,s==8|Binh thư,2,1323,1,,,,,,,,
74563,s==22|Lễ hộ binh thư tự chọn,145,s==8|Binh thư,2,1324,1,,,,,,,,
74564,s==22|Lễ hộ binh thư tự chọn,145,s==8|Binh thư,2,1325,1,,,,,,,,
74565,s==22|Lễ hộ binh thư tự chọn,145,s==8|Binh thư,2,1326,1,,,,,,,,
74566,s==22|Lễ hộ binh thư tự chọn,145,s==8|Binh thư,2,1327,1,,,,,,,,
74567,s==22|Lễ hộ binh thư tự chọn,145,s==8|Binh thư,2,1328,1,,,,,,,,
74568,s==22|Lễ hộ binh thư tự chọn,145,s==8|Binh thư,2,1329,1,,,,,,,,
74569,s==22|Lễ hộ binh thư tự chọn,145,s==8|Binh thư,2,1330,1,,,,,,,,
74570,s==22|Lễ hộ binh thư tự chọn,145,s==8|Binh thư,2,1331,1,,,,,,,,
74571,s==22|Lễ hộ binh thư tự chọn,145,s==8|Binh thư,2,1332,1,,,,,,,,
74572,s==22|Lễ hộ binh thư tự chọn,145,s==8|Binh thư,2,1333,1,,,,,,,,
74573,s==22|Lễ hộ binh thư tự chọn,145,s==8|Binh thư,2,1334,1,,,,,,,,
74574,s==22|Lễ hộ binh thư tự chọn,145,s==8|Binh thư,2,1335,1,,,,,,,,
74575,s==22|Lễ hộ binh thư tự chọn,145,s==8|Binh thư,2,1336,1,,,,,,,,
74576,s==22|Lễ hộ binh thư tự chọn,145,s==8|Binh thư,2,1337,1,,,,,,,,
74577,s==22|Lễ hộ binh thư tự chọn,145,s==8|Binh thư,2,1338,1,,,,,,,,
74578,s==22|Lễ hộ binh thư tự chọn,145,s==8|Binh thư,2,1339,1,,,,,,,,
74579,s==22|Lễ hộ binh thư tự chọn,145,s==8|Binh thư,2,1340,1,,,,,,,,
74580,s==22|Lễ hộ binh thư tự chọn,145,s==8|Binh thư,2,1341,1,,,,,,,,
74581,s==22|Lễ hộ binh thư tự chọn,145,s==8|Binh thư,2,1342,1,,,,,,,,
74582,s==22|Lễ hộ binh thư tự chọn,145,s==8|Binh thư,2,1343,1,,,,,,,,
74583,s==22|Lễ hộ binh thư tự chọn,145,s==8|Binh thư,2,1345,1,,,,,,,,
74585,s==31|Tam hệ cốt lõi võ tướng tự chọn,146,s==9|Ngụy Quốc,2,21512,50,,,,,,,,
74586,s==31|Tam hệ cốt lõi võ tướng tự chọn,146,s==9|Ngụy Quốc,2,21510,50,,,,,,,,
74587,s==31|Tam hệ cốt lõi võ tướng tự chọn,146,s==9|Thục Quốc,2,22504,50,,,,,,,,
74588,s==31|Tam hệ cốt lõi võ tướng tự chọn,146,s==9|Thục Quốc,2,22502,50,,,,,,,,
74589,s==31|Tam hệ cốt lõi võ tướng tự chọn,146,s==8|Ngô Quốc,2,23510,50,,,,,,,,
74590,s==31|Tam hệ cốt lõi võ tướng tự chọn,146,s==8|Ngô Quốc,2,23506,50,,,,,,,,
74605,s==27|Trân kỳ bảo rương tự chọn 1,147,s==16|Bảo vật hiếm quý,2,1509,1,,,,,,,,
74606,s==27|Trân kỳ bảo rương tự chọn 1,147,s==16|Bảo vật hiếm quý,2,1290,500,,,,,,,,
74607,s==27|Trân kỳ bảo rương tự chọn 1,147,s==16|Bảo vật hiếm quý,2,50051,10,,,,,,,,
74608,s==27|Trân kỳ bảo rương tự chọn 1,147,s==16|Bảo vật hiếm quý,2,1230,5,,,,,,,,
74609,s==27|Trân kỳ bảo rương tự chọn 1,147,s==16|Bảo vật hiếm quý,2,2097,1,,,,,,,,
74610,s==27|Trân kỳ bảo rương tự chọn 1,147,s==16|Bảo vật hiếm quý,2,71003,5,,,,,,,,
74611,s==27|Trân kỳ bảo rương tự chọn 1,147,s==16|Bảo vật hiếm quý,2,6496,1,,,,,,,,
74612,s==27|Trân kỳ bảo rương tự chọn 2,148,s==16|Bảo vật hiếm quý,2,1509,2,,,,,,,,
74613,s==27|Trân kỳ bảo rương tự chọn 2,148,s==16|Bảo vật hiếm quý,2,1290,1000,,,,,,,,
74614,s==27|Trân kỳ bảo rương tự chọn 2,148,s==16|Bảo vật hiếm quý,2,50052,1,,,,,,,,
74615,s==27|Trân kỳ bảo rương tự chọn 2,148,s==16|Bảo vật hiếm quý,2,1230,10,,,,,,,,
74616,s==27|Trân kỳ bảo rương tự chọn 2,148,s==16|Bảo vật hiếm quý,2,2097,2,,,,,,,,
74617,s==27|Trân kỳ bảo rương tự chọn 2,148,s==16|Bảo vật hiếm quý,2,71003,10,,,,,,,,
74618,s==27|Trân kỳ bảo rương tự chọn 2,148,s==16|Bảo vật hiếm quý,2,6496,2,,,,,,,,
74619,s==27|Trân kỳ bảo rương tự chọn 3,149,s==16|Bảo vật hiếm quý,2,1509,4,,,,,,,,
74620,s==27|Trân kỳ bảo rương tự chọn 3,149,s==16|Bảo vật hiếm quý,2,1290,2000,,,,,,,,
74621,s==27|Trân kỳ bảo rương tự chọn 3,149,s==16|Bảo vật hiếm quý,2,50052,5,,,,,,,,
74622,s==27|Trân kỳ bảo rương tự chọn 3,149,s==16|Bảo vật hiếm quý,2,1230,30,,,,,,,,
74623,s==27|Trân kỳ bảo rương tự chọn 3,149,s==16|Bảo vật hiếm quý,2,2097,4,,,,,,,,
74624,s==27|Trân kỳ bảo rương tự chọn 3,149,s==16|Bảo vật hiếm quý,2,71003,30,,,,,,,,
74625,s==27|Trân kỳ bảo rương tự chọn 3,149,s==16|Bảo vật hiếm quý,2,6496,3,,,,,,,,
74626,s==22|Rương Bảo Kỳ Tự Chọn 4,150,s==16|Bảo vật hiếm quý,2,1509,6,,,,,,,,
74627,s==22|Rương Bảo Kỳ Tự Chọn 4,150,s==16|Bảo vật hiếm quý,2,1290,4000,,,,,,,,
74628,s==22|Rương Bảo Kỳ Tự Chọn 4,150,s==16|Bảo vật hiếm quý,2,50052,15,,,,,,,,
74629,s==22|Rương Bảo Kỳ Tự Chọn 4,150,s==16|Bảo vật hiếm quý,2,1230,45,,,,,,,,
74630,s==22|Rương Bảo Kỳ Tự Chọn 4,150,s==16|Bảo vật hiếm quý,2,2097,8,,,,,,,,
74631,s==22|Rương Bảo Kỳ Tự Chọn 4,150,s==16|Bảo vật hiếm quý,2,71003,45,,,,,,,,
74632,s==22|Rương Bảo Kỳ Tự Chọn 4,150,s==16|Bảo vật hiếm quý,2,6496,6,,,,,,,,
74650,s==38|Ngũ Hệ Thường Phong Trang Phục Tự Chọn,151,s==2|Ma,2,13001,1,,,,,,,,
74651,s==38|Ngũ Hệ Thường Phong Trang Phục Tự Chọn,151,s==21|Tùy Chọn Tướng Ngũ Hệ,2,13729,1,,,,,,,,
74652,s==38|Ngũ Hệ Thường Phong Trang Phục Tự Chọn,151,s==4|Thục,2,13731,1,,,,,,,,
74653,s==38|Ngũ Hệ Thường Phong Trang Phục Tự Chọn,151,s==4|Ngụy,2,13739,1,,,,,,,,
74670,s==36|Gói Quà Lựa Chọn Trang Phục Quân Chủ,152,s==19|Quân Chủ Trang Phục,2,13742,1,,,,,,,,
74671,s==36|Gói Quà Lựa Chọn Trang Phục Quân Chủ,152,s==19|Quân Chủ Trang Phục,2,13745,1,,,,,,30,-1,
74672,s==36|Gói Quà Lựa Chọn Trang Phục Quân Chủ,152,s==19|Quân Chủ Trang Phục,2,13750,1,,,,,,30,-1,
74673,s==36|Gói Quà Lựa Chọn Trang Phục Quân Chủ,152,s==19|Quân Chủ Trang Phục,2,13768,1,,,,,,30,-1,
74674,s==36|Gói Quà Lựa Chọn Trang Phục Quân Chủ,152,s==19|Quân Chủ Trang Phục,2,13761,1,,,,,,30,-1,
74690,s==32|Lễ Bao Nguyên Liệu Hồng Tím Hiếm,153,s==16|Nguyên Liệu Hồng,2,1199,1,,,,,,,,
74691,s==32|Lễ Bao Nguyên Liệu Hồng Tím Hiếm,153,s==16|Nguyên Liệu Hồng,2,1222,1,,130,,,,,,
74692,s==32|Lễ Bao Nguyên Liệu Hồng Tím Hiếm,153,s==16|Nguyên Liệu Hồng,2,71004,1,,180,,,,,,
74693,s==32|Lễ Bao Nguyên Liệu Hồng Tím Hiếm,153,s==16|Nguyên Liệu Hồng,2,1291,1,,140,,,,,,
74694,s==32|Lễ Bao Nguyên Liệu Hồng Tím Hiếm,153,s==16|Nguyên Liệu Hồng,2,800214,1,,135,,,,,,
74720,s==39|Hộp Quà Nguyên Liệu Hồng Tím Tối Thượng,154,s==16|Nguyên Liệu Hồng,2,1223,1,,,,,,,,
74721,s==39|Hộp Quà Nguyên Liệu Hồng Tím Tối Thượng,154,s==16|Nguyên Liệu Hồng,2,1070,1,,145,,,,,,
74722,s==39|Hộp Quà Nguyên Liệu Hồng Tím Tối Thượng,154,s==16|Nguyên Liệu Hồng,2,1211,1,,30,,,,,,
74723,s==33|Tam Quốc Cốt Lõi Võ Tướng Tự Chọn,155,s==9|Ngụy Quốc,2,21508,50,,,,,,,,
74724,s==33|Tam Quốc Cốt Lõi Võ Tướng Tự Chọn,155,s==9|Ngụy Quốc,2,21512,50,,,,,,,,
74725,s==33|Tam Quốc Cốt Lõi Võ Tướng Tự Chọn,155,s==9|Ngụy Quốc,2,21510,50,,,,,,,,
74726,s==33|Tam Quốc Cốt Lõi Võ Tướng Tự Chọn,155,s==9|Thục Quốc,2,22504,50,,,,,,,,
74727,s==33|Tam Quốc Cốt Lõi Võ Tướng Tự Chọn,155,s==9|Thục Quốc,2,22502,50,,,,,,,,
74728,s==33|Tam Quốc Cốt Lõi Võ Tướng Tự Chọn,155,s==9|Thục Quốc,2,22507,50,,,,,,,,
74729,s==33|Tam Quốc Cốt Lõi Võ Tướng Tự Chọn,155,s==8|Ngô Quốc,2,23510,50,,,,,,,,
74730,s==33|Tam Quốc Cốt Lõi Võ Tướng Tự Chọn,155,s==8|Ngô Quốc,2,23506,50,,,,,,,,
74731,s==33|Tam Quốc Cốt Lõi Võ Tướng Tự Chọn,155,s==8|Ngô Quốc,2,23508,50,,,,,,,,
74732,s==32|Thần Ma Cốt Lõi Võ Tướng Tự Chọn,156,s==2|Ma,2,25515,50,,,,,,,,
74733,s==32|Thần Ma Cốt Lõi Võ Tướng Tự Chọn,156,s==2|Ma,2,25504,50,,,,,,,,
74734,s==32|Thần Ma Cốt Lõi Võ Tướng Tự Chọn,156,s==2|Ma,2,25509,50,,,,,,,,
74735,s==32|Thần Ma Cốt Lõi Võ Tướng Tự Chọn,156,s==4|Thần,2,24508,50,,,,,,,,
74736,s==32|Thần Ma Cốt Lõi Võ Tướng Tự Chọn,156,s==4|Thần,2,24504,50,,,,,,,,
74737,s==32|Thần Ma Cốt Lõi Võ Tướng Tự Chọn,156,s==4|Thần,2,24503,50,,,,,,,,
74760,s==22|Rương Bảo Kỳ Tự Chọn 5,157,s==16|Bảo vật hiếm quý,2,1004,20,,,,,,,,
74761,s==22|Rương Bảo Kỳ Tự Chọn 5,157,s==16|Bảo vật hiếm quý,2,1761,1,,,,,,,,
74762,s==22|Rương Bảo Kỳ Tự Chọn 5,157,s==16|Bảo vật hiếm quý,2,1475,2,,,,,,,,
74763,s==22|Rương Bảo Kỳ Tự Chọn 5,157,s==16|Bảo vật hiếm quý,2,14701,2,,,,,,,,
74764,s==22|Rương Bảo Kỳ Tự Chọn 5,157,s==16|Bảo vật hiếm quý,2,71007,1,,,,,,,,
74765,s==22|Rương Bảo Kỳ Tự Chọn 5,157,s==16|Bảo vật hiếm quý,2,8834,1,,,,,,,,
74780,s==23|Mã Chiến Hồng Tự Chọn ②,158,s==8|Chiến mã,2,14105,60,,,,,,,,
74781,s==23|Mã Chiến Hồng Tự Chọn ②,158,s==8|Chiến mã,2,14106,60,,,,,,,,
74782,s==23|Mã Chiến Hồng Tự Chọn ②,158,s==8|Chiến mã,2,14107,60,,,,,,,,
74790,s==31|Ngũ Hệ Cốt Lõi Võ Tướng Tự Chọn,159,s==2|Ma,2,25515,50,,,,,,,,
74791,s==31|Ngũ Hệ Cốt Lõi Võ Tướng Tự Chọn,159,s==2|Ma,2,25504,50,,,,,,,,
74792,s==31|Ngũ Hệ Cốt Lõi Võ Tướng Tự Chọn,159,s==2|Ma,2,25509,50,,,,,,,,
74793,s==31|Ngũ Hệ Cốt Lõi Võ Tướng Tự Chọn,159,s==4|Thần,2,24508,50,,,,,,,,
74794,s==31|Ngũ Hệ Cốt Lõi Võ Tướng Tự Chọn,159,s==4|Thần,2,24504,50,,,,,,,,
74795,s==31|Ngũ Hệ Cốt Lõi Võ Tướng Tự Chọn,159,s==4|Thần,2,24503,50,,,,,,,,
74796,s==31|Ngũ Hệ Cốt Lõi Võ Tướng Tự Chọn,159,s==4|Ngụy,2,21508,50,,,,,,,,
74797,s==31|Ngũ Hệ Cốt Lõi Võ Tướng Tự Chọn,159,s==4|Ngụy,2,21512,50,,,,,,,,
74798,s==31|Ngũ Hệ Cốt Lõi Võ Tướng Tự Chọn,159,s==4|Ngụy,2,21510,50,,,,,,,,
74799,s==31|Ngũ Hệ Cốt Lõi Võ Tướng Tự Chọn,159,s==4|Thục,2,22504,50,,,,,,,,
74800,s==31|Ngũ Hệ Cốt Lõi Võ Tướng Tự Chọn,159,s==4|Thục,2,22502,50,,,,,,,,
74801,s==31|Ngũ Hệ Cốt Lõi Võ Tướng Tự Chọn,159,s==4|Thục,2,22507,50,,,,,,,,
74802,s==31|Ngũ Hệ Cốt Lõi Võ Tướng Tự Chọn,159,s==21|Tùy Chọn Tướng Ngũ Hệ,2,23510,50,,,,,,,,
74803,s==31|Ngũ Hệ Cốt Lõi Võ Tướng Tự Chọn,159,s==21|Tùy Chọn Tướng Ngũ Hệ,2,23506,50,,,,,,,,
74804,s==31|Ngũ Hệ Cốt Lõi Võ Tướng Tự Chọn,159,s==21|Tùy Chọn Tướng Ngũ Hệ,2,23508,50,,,,,,,,
74810,s==30|Cực Phẩm Kỳ Mưu Tự Chọn Lễ Bao,160,s==6|Kỳ mưu,2,80601,1,,,,,,,,
74811,s==30|Cực Phẩm Kỳ Mưu Tự Chọn Lễ Bao,160,s==6|Kỳ mưu,2,80701,1,,,,,,,,
74812,s==30|Cực Phẩm Kỳ Mưu Tự Chọn Lễ Bao,160,s==6|Kỳ mưu,2,80801,1,,,,,,,,
74813,s==30|Cực Phẩm Kỳ Mưu Tự Chọn Lễ Bao,160,s==6|Kỳ mưu,2,80901,1,,,,,,,,
74820,s==20|Tự Chọn Huyễn Vũ Cam,161,s==8|Huyễn Vũ,2,800009,1,,,,,,,,
74821,s==20|Tự Chọn Huyễn Vũ Cam,161,s==8|Huyễn Vũ,2,800010,1,,,,,,,,
74822,s==20|Tự Chọn Huyễn Vũ Cam,161,s==8|Huyễn Vũ,2,800011,1,,,,,,,,
74823,s==20|Tự Chọn Huyễn Vũ Cam,161,s==8|Huyễn Vũ,2,800012,1,,,,,,,,
74824,s==20|Tự Chọn Huyễn Vũ Cam,161,s==8|Huyễn Vũ,2,800013,1,,,,,,,,
74825,s==21|Tự Chọn Huyễn Vũ Hồng,162,s==8|Huyễn Vũ,2,800014,1,,,,,,,,
74826,s==21|Tự Chọn Huyễn Vũ Hồng,162,s==8|Huyễn Vũ,2,800015,1,,,,,,,,
74827,s==21|Tự Chọn Huyễn Vũ Hồng,162,s==8|Huyễn Vũ,2,800016,1,,,,,,,,
74828,s==21|Tự Chọn Huyễn Vũ Hồng,162,s==8|Huyễn Vũ,2,800017,1,,,,,,,,
74829,s==21|Tự Chọn Huyễn Vũ Hồng,162,s==8|Huyễn Vũ,2,800018,1,,,,,,,,
74850,s==18|Hào hoa VIP lễ bao,163,s==16|Bảo vật hiếm quý,2,1223,1,,,,,,,,
74851,s==18|Hào hoa VIP lễ bao,163,s==16|Bảo vật hiếm quý,2,1070,1,,145,,,,,,
74852,s==18|Hào hoa VIP lễ bao,163,s==16|Bảo vật hiếm quý,2,1211,1,,30,,,,,,
74853,s==18|Hào hoa VIP lễ bao,163,s==16|Bảo vật hiếm quý,2,4060,1,,,,,,,,
74854,s==18|Hào hoa VIP lễ bao,163,s==16|Bảo vật hiếm quý,2,1178,1,,,,,,,,
74860,s==24|Tự chọn huyền vũ đặc hữu,164,s==8|Huyễn Vũ,2,800019,1,,,,,,,,
74861,s==24|Tự chọn huyền vũ đặc hữu,164,s==8|Huyễn Vũ,2,800020,1,,,,,,,,
74862,s==24|Tự chọn huyền vũ đặc hữu,164,s==8|Huyễn Vũ,2,800021,1,,,,,,,,
74863,s==24|Tự chọn huyền vũ đặc hữu,164,s==8|Huyễn Vũ,2,800022,1,,,,,,,,
74864,s==24|Tự chọn huyền vũ đặc hữu,164,s==8|Huyễn Vũ,2,800023,1,,,,,,,,
74880,s==34|Thần Ma chuyên thuộc ảo vũ tự chọn,165,s==8|Huyễn Vũ,2,800022,1,,,,,,,,
74881,s==34|Thần Ma chuyên thuộc ảo vũ tự chọn,165,s==8|Huyễn Vũ,2,800023,1,,,,,,,,
74882,s==34|Thần Ma chuyên thuộc ảo vũ tự chọn,165,s==8|Huyễn Vũ,2,800027,1,,,,,,70,-1,
74883,s==34|Thần Ma chuyên thuộc ảo vũ tự chọn,165,s==8|Huyễn Vũ,2,800028,1,,,,,,70,-1,
74884,s==34|Thần Ma chuyên thuộc ảo vũ tự chọn,165,s==8|Huyễn Vũ,2,800032,1,,,,,,80,-1,
74885,s==34|Thần Ma chuyên thuộc ảo vũ tự chọn,165,s==8|Huyễn Vũ,2,800033,1,,,,,,80,-1,
74886,s==34|Thần Ma chuyên thuộc ảo vũ tự chọn,165,s==8|Huyễn Vũ,2,800212,2,,,,,,,,
74887,s==34|Thần Ma chuyên thuộc ảo vũ tự chọn,165,s==8|Huyễn Vũ,2,800037,1,,,,,,90,-1,
74888,s==34|Thần Ma chuyên thuộc ảo vũ tự chọn,165,s==8|Huyễn Vũ,2,800038,1,,,,,,90,-1,
74889,s==34|Thần Ma chuyên thuộc ảo vũ tự chọn,165,s==8|Huyễn Vũ,2,800042,1,,,,,,100,-1,
74890,s==34|Thần Ma chuyên thuộc ảo vũ tự chọn,165,s==8|Huyễn Vũ,2,800043,1,,,,,,100,-1,
74891,s==34|Thần Ma chuyên thuộc ảo vũ tự chọn,165,s==8|Huyễn Vũ,2,800048,1,,,,,,110,-1,
74892,s==34|Thần Ma chuyên thuộc ảo vũ tự chọn,165,s==8|Huyễn Vũ,2,800049,1,,,,,,110,-1,
74893,s==34|Thần Ma chuyên thuộc ảo vũ tự chọn,165,s==8|Huyễn Vũ,2,800046,1,,,,,,120,-1,
74894,s==34|Thần Ma chuyên thuộc ảo vũ tự chọn,165,s==8|Huyễn Vũ,2,800047,1,,,,,,120,-1,
74895,s==34|Thần Ma chuyên thuộc ảo vũ tự chọn,165,s==8|Huyễn Vũ,2,800056,1,,,,,,130,-1,
74896,s==34|Thần Ma chuyên thuộc ảo vũ tự chọn,165,s==8|Huyễn Vũ,2,800044,1,,,,,,130,-1,
74897,s==34|Thần Ma chuyên thuộc ảo vũ tự chọn,165,s==8|Huyễn Vũ,2,800050,1,,,,,,130,-1,
74900,s==31|Tam Hệ Chuyên Thủ Ảo Vũ Tự Chọn,166,s==8|Huyễn Vũ,2,800019,1,,,,,,,,
74901,s==31|Tam Hệ Chuyên Thủ Ảo Vũ Tự Chọn,166,s==8|Huyễn Vũ,2,800020,1,,,,,,,,
74902,s==31|Tam Hệ Chuyên Thủ Ảo Vũ Tự Chọn,166,s==8|Huyễn Vũ,2,800021,1,,,,,,,,
74903,s==31|Tam Hệ Chuyên Thủ Ảo Vũ Tự Chọn,166,s==8|Huyễn Vũ,2,800024,1,,,,,,70,-1,
74904,s==31|Tam Hệ Chuyên Thủ Ảo Vũ Tự Chọn,166,s==8|Huyễn Vũ,2,800025,1,,,,,,70,-1,
74905,s==31|Tam Hệ Chuyên Thủ Ảo Vũ Tự Chọn,166,s==8|Huyễn Vũ,2,800026,1,,,,,,70,-1,
74906,s==31|Tam Hệ Chuyên Thủ Ảo Vũ Tự Chọn,166,s==8|Huyễn Vũ,2,800029,1,,,,,,80,-1,
74907,s==31|Tam Hệ Chuyên Thủ Ảo Vũ Tự Chọn,166,s==8|Huyễn Vũ,2,800030,1,,,,,,80,-1,
74908,s==31|Tam Hệ Chuyên Thủ Ảo Vũ Tự Chọn,166,s==8|Huyễn Vũ,2,800031,1,,,,,,80,-1,
74909,s==31|Tam Hệ Chuyên Thủ Ảo Vũ Tự Chọn,166,s==8|Huyễn Vũ,2,800211,4,,,,,,,,
74910,s==31|Tam Hệ Chuyên Thủ Ảo Vũ Tự Chọn,166,s==8|Huyễn Vũ,2,800034,1,,,,,,90,-1,
74911,s==31|Tam Hệ Chuyên Thủ Ảo Vũ Tự Chọn,166,s==8|Huyễn Vũ,2,800035,1,,,,,,90,-1,
74912,s==31|Tam Hệ Chuyên Thủ Ảo Vũ Tự Chọn,166,s==8|Huyễn Vũ,2,800036,1,,,,,,90,-1,
74913,s==31|Tam Hệ Chuyên Thủ Ảo Vũ Tự Chọn,166,s==8|Huyễn Vũ,2,800039,1,,,,,,100,-1,
74914,s==31|Tam Hệ Chuyên Thủ Ảo Vũ Tự Chọn,166,s==8|Huyễn Vũ,2,800040,1,,,,,,100,-1,
74915,s==31|Tam Hệ Chuyên Thủ Ảo Vũ Tự Chọn,166,s==8|Huyễn Vũ,2,800041,1,,,,,,100,-1,
74916,s==31|Tam Hệ Chuyên Thủ Ảo Vũ Tự Chọn,166,s==8|Huyễn Vũ,2,800045,1,,,,,,100,-1,
75000,s==34|Hộp tự chọn hoàn trả Tam Quốc Tệ 1,167,s==16|Gói quà hoàn trả,2,8872,1,,,,,,,,
75001,s==34|Hộp tự chọn hoàn trả Tam Quốc Tệ 1,167,s==16|Gói quà hoàn trả,2,8873,1,,,,,,,,
75002,s==34|Hộp tự chọn hoàn trả Tam Quốc Tệ 1,167,s==16|Gói quà hoàn trả,2,8874,1,,,,,,,,
75003,s==34|Hộp tự chọn hoàn trả Tam Quốc Tệ 1,167,s==16|Gói quà hoàn trả,2,8875,1,,,,,,,,
75004,s==34|Hộp tự chọn hoàn trả Tam Quốc Tệ 2,168,s==16|Gói quà hoàn trả,2,8876,1,,,,,,,,
75005,s==34|Hộp tự chọn hoàn trả Tam Quốc Tệ 2,168,s==16|Gói quà hoàn trả,2,8877,1,,,,,,,,
75006,s==34|Hộp tự chọn hoàn trả Tam Quốc Tệ 2,168,s==16|Gói quà hoàn trả,2,8878,1,,,,,,,,
75007,s==34|Hộp tự chọn hoàn trả Tam Quốc Tệ 2,168,s==16|Gói quà hoàn trả,2,8879,1,,,,,,,,
75008,s==34|Hộp tự chọn hoàn trả Tam Quốc Tệ 3,169,s==16|Gói quà hoàn trả,2,8880,1,,,,,,,,
75009,s==34|Hộp tự chọn hoàn trả Tam Quốc Tệ 3,169,s==16|Gói quà hoàn trả,2,8881,1,,,,,,,,
75010,s==34|Hộp tự chọn hoàn trả Tam Quốc Tệ 3,169,s==16|Gói quà hoàn trả,2,8882,1,,,,,,,,
75011,s==34|Hộp tự chọn hoàn trả Tam Quốc Tệ 3,169,s==16|Gói quà hoàn trả,2,8883,1,,,,,,,,
75012,s==34|Hộp tự chọn hoàn trả Tam Quốc Tệ 4,170,s==16|Gói quà hoàn trả,2,8884,1,,,,,,,,
75013,s==34|Hộp tự chọn hoàn trả Tam Quốc Tệ 4,170,s==16|Gói quà hoàn trả,2,8885,1,,,,,,,,
75014,s==34|Hộp tự chọn hoàn trả Tam Quốc Tệ 4,170,s==16|Gói quà hoàn trả,2,8886,1,,,,,,,,
75015,s==34|Hộp tự chọn hoàn trả Tam Quốc Tệ 4,170,s==16|Gói quà hoàn trả,2,8887,1,,,,,,,,
75016,s==34|Hộp tự chọn hoàn trả Tam Quốc Tệ 4,170,s==16|Gói quà hoàn trả,2,8888,1,,,,,,,,
75017,s==34|Hộp tự chọn hoàn trả Tam Quốc Tệ 5,171,s==16|Gói quà hoàn trả,2,8889,1,,,,,,,,
75018,s==34|Hộp tự chọn hoàn trả Tam Quốc Tệ 5,171,s==16|Gói quà hoàn trả,2,8890,1,,,,,,,,
75019,s==34|Hộp tự chọn hoàn trả Tam Quốc Tệ 5,171,s==16|Gói quà hoàn trả,2,8891,1,,,,,,,,
75020,s==34|Hộp tự chọn hoàn trả Tam Quốc Tệ 5,171,s==16|Gói quà hoàn trả,2,8892,1,,,,,,,,
75021,s==34|Hộp tự chọn hoàn trả Tam Quốc Tệ 5,171,s==16|Gói quà hoàn trả,2,8893,1,,,,,,,,
75022,s==34|Hộp tự chọn hoàn trả Tam Quốc Tệ 5,171,s==16|Gói quà hoàn trả,2,8894,1,,,,,,,,
75023,s==34|Hộp tự chọn hoàn trả Tam Quốc Tệ 6,172,s==16|Gói quà hoàn trả,2,8895,1,,,,,,,,
75024,s==34|Hộp tự chọn hoàn trả Tam Quốc Tệ 6,172,s==16|Gói quà hoàn trả,2,8896,1,,,,,,,,
75025,s==34|Hộp tự chọn hoàn trả Tam Quốc Tệ 6,172,s==16|Gói quà hoàn trả,2,8897,1,,,,,,,,
75026,s==34|Hộp tự chọn hoàn trả Tam Quốc Tệ 6,172,s==16|Gói quà hoàn trả,2,8898,1,,,,,,,,
75027,s==34|Hộp tự chọn hoàn trả Tam Quốc Tệ 6,172,s==16|Gói quà hoàn trả,2,8899,1,,,,,,,,
75028,s==34|Hộp tự chọn hoàn trả Tam Quốc Tệ 6,172,s==16|Gói quà hoàn trả,2,8900,1,,,,,,,,
75100,s==30|Lễ bao tự chọn tướng thăng sao,173,s==7|Thần Ma,2,1533,1,,,,,,,,
75101,s==30|Lễ bao tự chọn tướng thăng sao,173,s==8|Tam Quốc,2,1534,1,,,,,,,,
75102,s==24|Tự chọn cốt lõi Tam Quốc,174,s==4|Ngụy,2,21508,50,,,,,,,,
75103,s==24|Tự chọn cốt lõi Tam Quốc,174,s==4|Ngụy,2,21512,50,,,,,,,,
75104,s==24|Tự chọn cốt lõi Tam Quốc,174,s==4|Ngụy,2,21510,50,,,,,,,,
75105,s==24|Tự chọn cốt lõi Tam Quốc,174,s==4|Ngụy,2,21503,50,,,,,,,,
75106,s==24|Tự chọn cốt lõi Tam Quốc,174,s==4|Ngụy,2,21504,50,,,,,,,,
75107,s==24|Tự chọn cốt lõi Tam Quốc,174,s==4|Thục,2,22504,50,,,,,,,,
75108,s==24|Tự chọn cốt lõi Tam Quốc,174,s==4|Thục,2,22501,50,,,,,,,,
75109,s==24|Tự chọn cốt lõi Tam Quốc,174,s==4|Thục,2,22502,50,,,,,,,,
75110,s==24|Tự chọn cốt lõi Tam Quốc,174,s==4|Thục,2,22507,50,,,,,,,,
75111,s==24|Tự chọn cốt lõi Tam Quốc,174,s==4|Thục,2,22511,50,,,,,,,,
75112,s==24|Tự chọn cốt lõi Tam Quốc,174,s==21|Tùy Chọn Tướng Ngũ Hệ,2,23510,50,,,,,,,,
75113,s==24|Tự chọn cốt lõi Tam Quốc,174,s==21|Tùy Chọn Tướng Ngũ Hệ,2,23507,50,,,,,,,,
75114,s==24|Tự chọn cốt lõi Tam Quốc,174,s==21|Tùy Chọn Tướng Ngũ Hệ,2,23506,50,,,,,,,,
75115,s==24|Tự chọn cốt lõi Tam Quốc,174,s==21|Tùy Chọn Tướng Ngũ Hệ,2,23508,50,,,,,,,,
75116,s==24|Tự chọn cốt lõi Tam Quốc,174,s==21|Tùy Chọn Tướng Ngũ Hệ,2,23503,50,,,,,,,,
75117,s==23|Thần Ma Hồn Tâm Tự Chọn,175,s==4|Thần,2,24504,50,,,,,,,,
75118,s==23|Thần Ma Hồn Tâm Tự Chọn,175,s==4|Thần,2,24505,50,,,,,,,,
75119,s==23|Thần Ma Hồn Tâm Tự Chọn,175,s==4|Thần,2,24503,50,,,,,,,,
75120,s==23|Thần Ma Hồn Tâm Tự Chọn,175,s==4|Thần,2,24508,50,,,,,,,,
75121,s==23|Thần Ma Hồn Tâm Tự Chọn,175,s==4|Thần,2,24510,50,,,,,,,,
75122,s==23|Thần Ma Hồn Tâm Tự Chọn,175,s==4|Thần,2,24501,50,,,,,,,,
75123,s==23|Thần Ma Hồn Tâm Tự Chọn,175,s==2|Ma,2,25510,50,,,,,,,,
75124,s==23|Thần Ma Hồn Tâm Tự Chọn,175,s==2|Ma,2,25504,50,,,,,,,,
75125,s==23|Thần Ma Hồn Tâm Tự Chọn,175,s==2|Ma,2,25515,50,,,,,,,,
75126,s==23|Thần Ma Hồn Tâm Tự Chọn,175,s==2|Ma,2,25509,50,,,,,,,,
75127,s==23|Thần Ma Hồn Tâm Tự Chọn,175,s==2|Ma,2,25507,50,,,,,,,,
75128,s==23|Thần Ma Hồn Tâm Tự Chọn,175,s==2|Ma,2,25514,50,,,,,,,,
75130,s==3|Ngô,176,s==21|Tùy Chọn Tướng Ngũ Hệ,2,23502,50,,,,,,,,
75131,s==3|Ngô,176,s==21|Tùy Chọn Tướng Ngũ Hệ,2,23503,50,,,,,,,,
75132,s==3|Ngô,176,s==21|Tùy Chọn Tướng Ngũ Hệ,2,23504,50,,,,,,,,
75133,s==3|Ngô,176,s==21|Tùy Chọn Tướng Ngũ Hệ,2,23507,50,,,,,,,,
75134,s==3|Ngô,176,s==21|Tùy Chọn Tướng Ngũ Hệ,2,23508,50,,,,,,,,
75135,s==3|Ngô,176,s==21|Tùy Chọn Tướng Ngũ Hệ,2,23510,50,,,,,,,,
75136,s==3|Ngô,176,s==21|Tùy Chọn Tướng Ngũ Hệ,2,23506,50,,,,,,,,
75137,s==3|Ngô,176,s==4|Thục,2,22501,50,,,,,,,,
75138,s==3|Ngô,176,s==4|Thục,2,22502,50,,,,,,,,
75139,s==3|Ngô,176,s==4|Thục,2,22504,50,,,,,,,,
75140,s==3|Ngô,176,s==4|Thục,2,22505,50,,,,,,,,
75141,s==3|Ngô,176,s==4|Thục,2,22508,50,,,,,,,,
75142,s==3|Ngô,176,s==4|Thục,2,22509,50,,,,,,,,
75143,s==3|Ngô,176,s==4|Thục,2,22507,50,,,,,,,,
75144,s==3|Ngô,176,s==4|Thục,2,22511,50,,,,,,,,
75145,s==3|Ngô,176,s==4|Ngụy,2,21503,50,,,,,,,,
75146,s==3|Ngô,176,s==4|Ngụy,2,21504,50,,,,,,,,
75147,s==3|Ngô,176,s==4|Ngụy,2,21505,50,,,,,,,,
75148,s==3|Ngô,176,s==4|Ngụy,2,21507,50,,,,,,,,
75149,s==3|Ngô,176,s==4|Ngụy,2,21510,50,,,,,,,,
75150,s==3|Ngô,176,s==4|Ngụy,2,21512,50,,,,,,,,
75151,s==3|Ngô,176,s==4|Ngụy,2,21508,50,,,,,,,,
75152,s==3|Ngô,176,s==4|Thần,2,24504,50,,,,,,,,
75153,s==3|Ngô,176,s==4|Thần,2,24501,50,,,,,,,,
75154,s==3|Ngô,176,s==4|Thần,2,24502,50,,,,,,,,
75155,s==3|Ngô,176,s==4|Thần,2,24503,50,,,,,,,,
75156,s==3|Ngô,176,s==4|Thần,2,24505,50,,,,,,,,
75157,s==3|Ngô,176,s==4|Thần,2,24510,50,,,,,,,,
75158,s==3|Ngô,176,s==4|Thần,2,24508,50,,,,,,,,
75159,s==3|Ngô,176,s==4|Thần,2,24506,50,,,,,,,,
75160,s==3|Ngô,176,s==4|Thần,2,24513,50,,,,,,,,
75161,s==3|Ngô,176,s==2|Ma,2,25507,50,,,,,,,,
75162,s==3|Ngô,176,s==2|Ma,2,25401,50,,,,,,,,
75163,s==3|Ngô,176,s==2|Ma,2,25503,50,,,,,,,,
75164,s==3|Ngô,176,s==2|Ma,2,25506,50,,,,,,,,
75165,s==3|Ngô,176,s==2|Ma,2,25513,50,,,,,,,,
75166,s==3|Ngô,176,s==2|Ma,2,25515,50,,,,,,,,
75167,s==3|Ngô,176,s==2|Ma,2,25510,50,,,,,,,,
75168,s==3|Ngô,176,s==2|Ma,2,25504,50,,,,,,,,
75169,s==3|Ngô,176,s==2|Ma,2,25514,50,,,,,,,,
75170,s==3|Ngô,176,s==2|Ma,2,25509,50,,,,,,,,
75200,s==34|Điển Tàng Bì Cáng Tự Chọn Bảo Kiện,177,s==18|Điển Tàng Phong Bì,2,13774,1,,,,,,,,
75201,s==34|Điển Tàng Bì Cáng Tự Chọn Bảo Kiện,177,s==18|Điển Tàng Phong Bì,2,13775,1,,,,,,,,
75202,s==34|Điển Tàng Bì Cáng Tự Chọn Bảo Kiện,177,s==18|Điển Tàng Phong Bì,2,13776,1,,,,,,,,
75203,s==34|Điển Tàng Bì Cáng Tự Chọn Bảo Kiện,177,s==18|Điển Tàng Phong Bì,2,13779,1,,,,,,,,
75204,s==34|Điển Tàng Bì Cáng Tự Chọn Bảo Kiện,177,s==18|Điển Tàng Phong Bì,2,13780,1,,,,,,,,
75205,s==34|Điển Tàng Bì Cáng Tự Chọn Bảo Kiện,177,s==18|Điển Tàng Phong Bì,2,13785,1,,,,,,,,
75206,s==34|Điển Tàng Bì Cáng Tự Chọn Bảo Kiện,177,s==18|Điển Tàng Phong Bì,2,13789,1,,,,,,,,
75207,s==34|Điển Tàng Bì Cáng Tự Chọn Bảo Kiện,177,s==18|Điển Tàng Phong Bì,2,13790,1,,,,,,,,
75220,s==30|Truyền Thuyết Chiến Mã Tự Chọn,178,s==22|Truyền Thuyết Chiến Mã,2,14104,60,,,,,,,,
75221,s==30|Truyền Thuyết Chiến Mã Tự Chọn,178,s==22|Truyền Thuyết Chiến Mã,2,14125,60,,,,,,,,
75222,s==23|Tam Hệ Xuất Thủ Tự Chọn,179,s==4|Ngụy,2,21508,50,,,,,,,,
75223,s==23|Tam Hệ Xuất Thủ Tự Chọn,179,s==4|Thục,2,22504,50,,,,,,,,
75224,s==23|Tam Hệ Xuất Thủ Tự Chọn,179,s==21|Tùy Chọn Tướng Ngũ Hệ,2,23510,50,,,,,,,,
75225,s==24|Thần Ma Tự Chọn Tán Phần,180,s==4|Thần,2,24504,50,,,,,,,,
75226,s==24|Thần Ma Tự Chọn Tán Phần,180,s==4|Thần,2,24510,50,,,,,,,,
75227,s==24|Thần Ma Tự Chọn Tán Phần,180,s==4|Thần,2,24508,50,,,,,,,,
75228,s==24|Thần Ma Tự Chọn Tán Phần,180,s==4|Thần,2,24506,50,,,,,,,,
75229,s==24|Thần Ma Tự Chọn Tán Phần,180,s==4|Thần,2,24503,50,,,,,,,,
75230,s==24|Thần Ma Tự Chọn Tán Phần,180,s==2|Ma,2,25504,50,,,,,,,,
75231,s==24|Thần Ma Tự Chọn Tán Phần,180,s==2|Ma,2,25515,50,,,,,,,,
75232,s==24|Thần Ma Tự Chọn Tán Phần,180,s==2|Ma,2,25514,50,,,,,,,,
75233,s==24|Thần Ma Tự Chọn Tán Phần,180,s==2|Ma,2,25507,50,,,,,,,,
75234,s==24|Thần Ma Tự Chọn Tán Phần,180,s==2|Ma,2,25509,50,,,,,,,,
75235,s==33|Quân chủ độc tôn huyễn vũ tự chọn,181,s==8|Huyễn Vũ,2,800051,1,,,,,,60,-1,
75236,s==33|Quân chủ độc tôn huyễn vũ tự chọn,181,s==8|Huyễn Vũ,2,800054,1,,,,,,60,-1,
75237,s==33|Quân chủ độc tôn huyễn vũ tự chọn,181,s==8|Huyễn Vũ,2,800055,1,,,,,,60,-1,