id,taskName,taskDesc,icon,activityId,toSystemFunId,lowLevel,maxLevel,targetType,targetId,targetNum,mustTask,sysfuncationID,time,labelType,rewards-type-1,rewards-id-1,rewards-value-1,rewards-type-2,rewards-id-2,rewards-value-2,rewards-type-3,rewards-id-3,rewards-value-3,rewards-type-4,rewards-id-4,rewards-value-4,
1000,,s==27|Nhanh chóng chiến đấu 1 lần,,1190,2092,,,105,0,1,0,0,,,2,21505,5,2,1002,1,1,10,50000,,,,
1010,,s==27|Nhanh chóng chiến đấu 4 lần,,1190,2092,,,105,0,4,0,0,,,2,21505,5,2,1002,1,1,10,50000,,,,
1020,,s==27|Nhanh chóng chiến đấu 8 lần,,1190,2092,,,105,0,8,0,0,,,2,21505,5,2,1002,1,1,10,50000,,,,
1030,,s==28|Nhanh chóng chiến đấu 14 lần,,1190,2092,,,105,0,14,0,0,,,2,21505,5,2,1002,2,1,10,50000,,,,
1040,,s==28|Nhanh chóng chiến đấu 22 lần,,1190,2092,,,105,0,22,0,0,,,2,21505,5,2,1002,3,1,10,100000,,,,
1050,,s==28|Nhanh chóng chiến đấu 28 lần,,1190,2092,,,105,0,28,0,0,,,2,21505,5,2,1002,4,1,10,100000,,,,
1060,,s==28|Nhanh chóng chiến đấu 36 lần,,1190,2092,,,105,0,36,0,0,,,2,21505,5,2,1002,5,1,10,150000,,,,
1070,,s==28|Nhanh chóng chiến đấu 42 lần,,1190,2092,,,105,0,42,0,0,,,2,21505,5,2,1002,6,1,10,150000,,,,
1080,,s==28|Nhanh chóng chiến đấu 50 lần,,1190,2092,,,105,0,50,0,0,,,2,21505,5,2,1002,7,1,10,150000,,,,
1090,,s==28|Nhanh chóng chiến đấu 56 lần,,1190,2092,,,105,0,56,0,0,,,2,21505,5,2,1002,8,1,10,200000,,,,
1500,,s==33|Tích lũy tiến hành kỳ duyên 1 lần,,1170,2091,,,110,0,1,0,0,,,2,23503,5,2,1002,1,1,10,50000,,,,
1510,,s==33|Tích lũy tiến hành kỳ duyên 5 lần,,1170,2091,,,110,0,5,0,0,,,2,23503,5,2,1002,1,1,10,50000,,,,
1520,,s==34|Tích lũy tiến hành kỳ duyên 10 lần,,1170,2091,,,110,0,10,0,0,,,2,23503,5,2,1002,1,1,10,50000,,,,
1530,,s==34|Tích lũy tiến hành kỳ duyên 20 lần,,1170,2091,,,110,0,20,0,0,,,2,23503,5,2,1002,2,1,10,50000,,,,
1540,,s==34|Tích lũy tiến hành kỳ duyên 30 lần,,1170,2091,,,110,0,30,0,0,,,2,23503,5,2,1002,3,1,10,100000,,,,
1550,,s==34|Tích lũy tiến hành kỳ duyên 40 lần,,1170,2091,,,110,0,40,0,0,,,2,23503,5,2,1002,4,1,10,100000,,,,
1560,,s==34|Tích lũy tiến hành kỳ duyên 50 lần,,1170,2091,,,110,0,50,0,0,,,2,23503,5,2,1002,5,1,10,150000,,,,
1570,,s==34|Tích lũy tiến hành kỳ duyên 60 lần,,1170,2091,,,110,0,60,0,0,,,2,23503,5,2,1002,6,1,10,150000,,,,
1580,,s==34|Tích lũy tiến hành kỳ duyên 70 lần,,1170,2091,,,110,0,70,0,0,,,2,23503,5,2,1002,7,1,10,150000,,,,
1590,,s==34|Tích lũy tiến hành kỳ duyên 80 lần,,1170,2091,,,110,0,80,0,0,,,2,23503,5,2,1002,8,1,10,200000,,,,
2000,,s==39|Tích lũy ngàn dặm đơn kỵ qua quan 1 lần,,1150,1260,,,112,0,1,0,0,,,2,22510,5,2,1002,1,1,10,50000,,,,
2010,,s==39|Tích lũy ngàn dặm đơn kỵ qua quan 5 lần,,1150,1260,,,112,0,5,0,0,,,2,22510,5,2,1002,1,1,10,50000,,,,
2020,,s==40|Tích lũy ngàn dặm đơn kỵ qua quan 10 lần,,1150,1260,,,112,0,10,0,0,,,2,22510,5,2,1002,1,1,10,50000,,,,
2030,,s==40|Tích lũy ngàn dặm đơn kỵ qua quan 20 lần,,1150,1260,,,112,0,20,0,0,,,2,22510,5,2,1002,2,1,10,50000,,,,
2040,,s==40|Tích lũy ngàn dặm đơn kỵ qua quan 30 lần,,1150,1260,,,112,0,30,0,0,,,2,22510,5,2,1002,3,1,10,100000,,,,
2050,,s==40|Tích lũy ngàn dặm đơn kỵ qua quan 40 lần,,1150,1260,,,112,0,40,0,0,,,2,22510,5,2,1002,4,1,10,100000,,,,
2060,,s==40|Tích lũy ngàn dặm đơn kỵ qua quan 50 lần,,1150,1260,,,112,0,50,0,0,,,2,22510,5,2,1002,5,1,10,150000,,,,
2070,,s==40|Tích lũy ngàn dặm đơn kỵ qua quan 60 lần,,1150,1260,,,112,0,60,0,0,,,2,22510,5,2,1002,6,1,10,150000,,,,
2080,,s==40|Tích lũy ngàn dặm đơn kỵ qua quan 70 lần,,1150,1260,,,112,0,70,0,0,,,2,22510,5,2,1002,7,1,10,150000,,,,
2090,,s==40|Tích lũy ngàn dặm đơn kỵ qua quan 80 lần,,1150,1260,,,112,0,80,0,0,,,2,22510,5,2,1002,8,1,10,200000,,,,
2500,,s==23|Tích lũy điểm kim 1 lần,,1210,1012,,,509,0,1,0,0,,,2,23508,5,2,1002,1,1,10,50000,,,,
2510,,s==19|Tích điểm Kim 5 lần,,1210,1012,,,509,0,5,0,0,,,2,23508,5,2,1002,1,1,10,50000,,,,
2520,,s==20|Tích điểm Kim 10 lần,,1210,1012,,,509,0,10,0,0,,,2,23508,5,2,1002,1,1,10,50000,,,,
2530,,s==20|Tích điểm Kim 20 lần,,1210,1012,,,509,0,20,0,0,,,2,23508,5,2,1002,2,1,10,50000,,,,
2540,,s==25|Tích lũy điểm vàng 30 lần,,1210,1012,,,509,0,30,0,0,,,2,23508,5,2,1002,3,1,10,100000,,,,
2550,,s==24|Tích lũy điểm kim 40 lần,,1210,1012,,,509,0,40,0,0,,,2,23508,5,2,1002,4,1,10,100000,,,,
2560,,s==24|Tích lũy điểm kim 50 lần,,1210,1012,,,509,0,50,0,0,,,2,23508,5,2,1002,5,1,10,150000,,,,
2570,,s==24|Tích lũy điểm kim 60 lần,,1210,1012,,,509,0,60,0,0,,,2,23508,5,2,1002,6,1,10,150000,,,,
2580,,s==24|Tích lũy điểm kim 70 lần,,1210,1012,,,509,0,70,0,0,,,2,23508,5,2,1002,7,1,10,150000,,,,
2590,,s==24|Tích lũy điểm kim 80 lần,,1210,1012,,,509,0,80,0,0,,,2,23508,5,2,1002,8,1,10,200000,,,,
3000,,s==43|Tích lũy thông quan Hổ Lao chi chiến tầng 1,,1211,1960,,,607,0,1,0,0,,,2,23502,5,2,1002,1,1,10,50000,,,,
3010,,s==43|Tích lũy thông quan Hổ Lao chi chiến tầng 2,,1211,1960,,,607,0,2,0,0,,,2,23502,5,2,1002,1,1,10,50000,,,,
3020,,s==43|Tích lũy thông quan Hổ Lao chi chiến tầng 3,,1211,1960,,,607,0,3,0,0,,,2,23502,5,2,1002,1,1,10,50000,,,,
3030,,s==43|Tích lũy thông quan Hổ Lao chi chiến tầng 4,,1211,1960,,,607,0,4,0,0,,,2,23502,5,2,1002,1,1,10,50000,,,,
3040,,s==43|Tích lũy thông quan Hổ Lao chi chiến tầng 5,,1211,1960,,,607,0,5,0,0,,,2,23502,5,2,1002,2,1,10,100000,,,,
3050,,s==43|Tích lũy thông quan Hổ Lao chi chiến tầng 7,,1211,1960,,,607,0,7,0,0,,,2,23502,5,2,1002,3,1,10,100000,,,,
3060,,s==43|Tích lũy thông quan Hổ Lao chi chiến tầng 9,,1211,1960,,,607,0,9,0,0,,,2,23502,5,2,1002,4,1,10,150000,,,,
3070,,s==44|Tích lũy thông quan Hổ Lao chi chiến tầng 11,,1211,1960,,,607,0,11,0,0,,,2,23502,5,2,1002,5,1,10,150000,,,,
3080,,s==44|Tích lũy thông quan Hổ Lao chi chiến tầng 13,,1211,1960,,,607,0,13,0,0,,,2,23502,5,2,1002,6,1,10,150000,,,,
3090,,s==44|Tích lũy thông quan Hổ Lao chi chiến tầng 15,,1211,1960,,,607,0,15,0,0,,,2,23502,5,2,1002,7,1,10,200000,,,,
3499,s==17|Lợi ích lĩnh nhận,s==15|Đăng nhập 1 lần,,1131,0,1,999,101,0,1,0,0,1,1,1,9,100,2,1001,200,,,,,,,
3500,s==17|Lợi ích lĩnh nhận,s==26|Khai phu tích nạp 1000 KNB,,1131,1930,1,40,525,0,100,0,0,1,1,1,9,500,2,1001,500,,,,,,,
3530,s==17|Lợi ích lĩnh nhận,s==21|Tích lũy nạp 1000 KNB,,1131,1930,41,999,510,0,100,0,0,1,1,1,9,200,2,1027,100,,,,,,,
3590,s==21|Chiến chinh thu hoạch,s==45|Thông quan chiến chinh phó bản chương tầng 20,,1131,2093,1,40,401,0,20,0,0,1,17,1,8,20000,2,1001,50,,,,,,,
3620,s==21|Chiến chinh thu hoạch,s==45|Thông quan chiến chinh phó bản chương tầng 30,,1131,2093,1,40,401,0,30,0,0,1,17,1,8,30000,2,1001,50,,,,,,,
3650,s==21|Chiến chinh thu hoạch,s==45|Thông quan chiến chinh phó bản chương tầng 40,,1131,2093,1,40,401,0,40,0,0,1,17,1,8,50000,2,1001,50,,,,,,,
3680,s==21|Chiến chinh thu hoạch,s==45|Thông quan chiến chinh phó bản chương tầng 50,,1131,2093,1,40,401,0,50,0,0,1,17,1,8,80000,2,1001,50,,,,,,,
3710,s==21|Chiến chinh thu hoạch,s==45|Thông quan chiến chinh phó bản chương tầng 60,,1131,2093,1,40,401,0,60,0,0,1,17,1,8,100000,2,1001,50,,,,,,,
3740,s==21|Chiến chinh thu hoạch,s==45|Thông quan chiến chinh phó bản chương tầng 70,,1131,2093,1,40,401,0,70,0,0,1,17,1,8,150000,2,1001,100,,,,,,,
3770,s==18|Tác chiến thần tốc,s==27|Nhanh chóng chiến đấu 3 lần,,1131,2092,41,999,105,0,3,0,0,1,8,1,8,20000,1,9,50,,,,,,,
3800,s==18|Tác chiến thần tốc,s==27|Nhanh chóng chiến đấu 6 lần,,1131,2092,41,999,105,0,6,0,0,1,8,1,8,30000,1,9,50,,,,,,,
3830,s==18|Tác chiến thần tốc,s==27|Nhanh chóng chiến đấu 9 lần,,1131,2092,41,999,105,0,9,0,0,1,8,1,8,50000,1,9,50,,,,,,,
3860,s==18|Tác chiến thần tốc,s==28|Nhanh chóng chiến đấu 12 lần,,1131,2092,41,999,105,0,12,0,0,1,8,1,8,80000,1,9,50,,,,,,,
3890,s==18|Tác chiến thần tốc,s==28|Nhanh chóng chiến đấu 15 lần,,1131,2092,41,999,105,0,15,0,0,1,8,1,8,100000,1,9,50,,,,,,,
3920,s==18|Tác chiến thần tốc,s==28|Nhanh chóng chiến đấu 20 lần,,1131,2092,41,999,105,0,20,0,0,1,8,1,8,150000,1,9,50,,,,,,,
3950,s==20|Quân đoàn phát triển,s==25|Quân đoàn quyên góp 1 lần,,1131,1460,1,40,108,0,1,0,0,1,7,1,8,20000,2,3008,3,,,,,,,
3980,s==20|Quân đoàn phát triển,s==25|Hiến tặng quân đoàn 3 lần,,1131,1460,1,40,108,0,3,0,0,1,7,1,8,30000,2,3008,3,,,,,,,
4010,s==20|Quân đoàn phát triển,s==25|Hiến tặng quân đoàn 5 lần,,1131,1460,1,40,108,0,5,0,0,1,7,1,8,50000,2,3008,3,,,,,,,
4040,s==20|Quân đoàn phát triển,s==33|Quân đoàn phó bản thử thách 2 lần,,1131,1470,1,40,107,0,2,0,0,1,7,1,8,80000,2,3008,3,,,,,,,
4070,s==20|Quân đoàn phát triển,s==33|Quân đoàn phó bản thử thách 5 lần,,1131,1470,1,40,107,0,5,0,0,1,7,1,8,100000,2,3008,3,,,,,,,
4100,s==20|Quân đoàn phát triển,s==34|Quân đoàn phó bản thử thách 10 lần,,1131,1470,1,40,107,0,10,0,0,1,7,1,8,150000,2,3008,5,,,,,,,
4130,s==20|Quân đoàn phát triển,s==25|Quân đoàn quyên góp 1 lần,,1131,1460,41,999,108,0,1,0,0,1,7,1,8,20000,2,3008,1,,,,,,,
4160,s==20|Quân đoàn phát triển,s==25|Hiến tặng quân đoàn 3 lần,,1131,1460,41,999,108,0,3,0,0,1,7,1,8,30000,2,3008,1,,,,,,,
4190,s==20|Quân đoàn phát triển,s==25|Hiến tặng quân đoàn 5 lần,,1131,1460,41,999,108,0,5,0,0,1,7,1,8,50000,2,3008,2,,,,,,,
4220,s==20|Quân đoàn phát triển,s==36|Quân đoàn địch tướng thử thách 2 lần,,1131,1470,41,999,107,0,2,0,0,1,7,1,8,80000,2,3008,2,,,,,,,
4250,s==20|Quân đoàn phát triển,s==36|Quân đoàn địch tướng thử thách 5 lần,,1131,1470,41,999,107,0,5,0,0,1,7,1,8,100000,2,3008,2,,,,,,,
4280,s==20|Quân đoàn phát triển,s==37|Quân đoàn địch tướng thử thách 10 lần,,1131,1470,41,999,107,0,10,0,0,1,7,1,8,150000,2,3008,2,,,,,,,
4310,s==16|Gói Quà Phúc Lợi,s==21|Gói Phúc Lợi Toàn Dân,,1131,0,1,40,520,4000,1,0,0,1,4,,,,,,,,,,,,,
4340,s==16|Gói Quà Phúc Lợi,s==16|Gói VIP1 Nửa Giá,,1131,0,1,40,520,4010,1,0,0,1,4,,,,,,,,,,,,,
4370,s==16|Gói Quà Phúc Lợi,s==20|Gói Toàn Dân Nửa Giá,,1131,0,1,40,520,4020,1,0,0,1,4,,,,,,,,,,,,,
4400,s==16|Gói Quà Phúc Lợi,s==21|Gói Phúc Lợi Toàn Dân,,1131,0,41,999,520,4030,1,0,0,1,4,,,,,,,,,,,,,
4430,s==16|Gói Quà Phúc Lợi,s==16|Gói VIP1 Nửa Giá,,1131,0,41,999,520,4040,1,0,0,1,4,,,,,,,,,,,,,
4460,s==16|Gói Quà Phúc Lợi,s==20|Gói Toàn Dân Nửa Giá,,1131,0,41,999,520,4050,1,0,0,1,4,,,,,,,,,,,,,
4489,s==17|Lợi ích lĩnh nhận,s==15|Đăng nhập 1 lần,,1131,0,1,999,101,0,1,0,0,2,1,1,9,150,2,1003,1,,,,,,,
4490,s==17|Lợi ích lĩnh nhận,s==28|Mở máy chủ tích nạp 2000 KNB,,1131,1930,1,40,525,0,200,0,0,2,1,1,9,150,2,1006,1000,,,,,,,
4520,s==17|Lợi ích lĩnh nhận,s==27|Tích nạp tổng cộng 2000 KNB,,1131,1930,41,999,510,0,200,0,0,2,1,1,9,400,2,1027,50,,,,,,,
4580,s==18|Thử Luyện Mạo Hiểm,s==28|Thông Thiên Tháp đạt tầng 10,,1131,1130,1,40,308,0,10,0,0,2,5,1,8,20000,2,1005,2,,,,,,,
4610,s==18|Thử Luyện Mạo Hiểm,s==28|Thông Thiên Tháp đạt tầng 15,,1131,1130,1,40,308,0,15,0,0,2,5,1,8,30000,2,1005,2,,,,,,,
4640,s==18|Thử Luyện Mạo Hiểm,s==28|Thông Thiên Tháp đạt tầng 20,,1131,1130,1,40,308,0,20,0,0,2,5,1,8,50000,2,4010,1,,,,,,,
4670,s==18|Thử Luyện Mạo Hiểm,s==28|Thông Thiên Tháp đạt tầng 30,,1131,1130,1,40,308,0,30,0,0,2,5,1,8,80000,2,1005,2,,,,,,,
4700,s==18|Thử Luyện Mạo Hiểm,s==28|Thông Thiên Tháp đạt tầng 40,,1131,1130,1,40,308,0,40,0,0,2,5,1,8,100000,2,1005,2,,,,,,,
4730,s==18|Thử Luyện Mạo Hiểm,s==28|Thông Thiên Tháp đạt tầng 50,,1131,1130,1,40,308,0,50,0,0,2,5,1,8,150000,2,4020,1,,,,,,,
4760,s==18|Thử Luyện Mạo Hiểm,s==63|Thách đấu hoặc quét sạch 3 lần tầng bất kỳ của Thông Thiên Tháp,,1131,1130,41,999,106,0,3,0,0,2,5,1,8,20000,1,9,50,,,,,,,
4790,s==18|Thử Luyện Mạo Hiểm,s==59|Thách Đấu hoặc Quét Sạch Thông Thiên Tháp bất kỳ tầng 6 lần,,1131,1130,41,999,106,0,6,0,0,2,5,1,8,30000,1,9,50,,,,,,,
4820,s==18|Thử Luyện Mạo Hiểm,s==59|Thách Đấu hoặc Quét Sạch Thông Thiên Tháp bất kỳ tầng 9 lần,,1131,1130,41,999,106,0,9,0,0,2,5,1,8,50000,1,9,50,,,,,,,
4850,s==18|Thử Luyện Mạo Hiểm,s==60|Thách Đấu hoặc Quét Sạch Thông Thiên Tháp bất kỳ tầng 12 lần,,1131,1130,41,999,106,0,12,0,0,2,5,1,8,80000,1,9,50,,,,,,,
4880,s==18|Thử Luyện Mạo Hiểm,s==60|Thách Đấu hoặc Quét Sạch Thông Thiên Tháp bất kỳ tầng 15 lần,,1131,1130,41,999,106,0,15,0,0,2,5,1,8,100000,1,9,50,,,,,,,
4910,s==18|Thử Luyện Mạo Hiểm,s==60|Thách Đấu hoặc Quét Sạch Thông Thiên Tháp bất kỳ tầng 20 lần,,1131,1130,41,999,106,0,20,0,0,2,5,1,8,100000,1,9,50,,,,,,,
4940,s==19|May Mắn Chiêu Tướng,s==24|Thường Thăm Viếng 10 lần,,1131,1640,1,40,403,1,10,0,0,2,6,1,8,20000,2,1001,50,,,,,,,
4970,s==19|May Mắn Chiêu Tướng,s==24|Thường Thăm Viếng 20 lần,,1131,1640,1,40,403,1,20,0,0,2,6,1,8,30000,2,1006,80,,,,,,,
5000,s==19|May Mắn Chiêu Tướng,s==21|Tầm Bảo Cao Cấp 5 lần,,1131,1640,1,40,403,3,5,0,0,2,6,1,8,50000,2,1001,80,,,,,,,
5030,s==19|May Mắn Chiêu Tướng,s==22|Tầm Bảo Cao Cấp 10 lần,,1131,1640,1,40,403,3,10,0,0,2,6,1,8,80000,2,1006,100,,,,,,,
5060,s==19|May Mắn Chiêu Tướng,s==25|Cao Cấp Thăm Viếng 20 lần,,1131,1640,1,40,403,3,20,0,0,2,6,1,8,100000,2,1001,150,,,,,,,
5090,s==19|May Mắn Chiêu Tướng,s==25|Cao Cấp Thăm Viếng 40 lần,,1131,1640,1,40,403,3,40,0,0,2,6,1,8,100000,2,1006,200,,,,,,,
5120,s==19|May Mắn Chiêu Tướng,s==24|Thường Thăm Viếng 10 lần,,1131,1640,41,999,403,1,10,0,0,2,6,1,8,20000,2,3003,5,,,,,,,
5150,s==19|May Mắn Chiêu Tướng,s==24|Thường Thăm Viếng 20 lần,,1131,1640,41,999,403,1,20,0,0,2,6,1,8,30000,2,3003,5,,,,,,,
5180,s==19|May Mắn Chiêu Tướng,s==21|Tầm Bảo Cao Cấp 5 lần,,1131,1640,41,999,403,3,5,0,0,2,6,1,8,50000,2,3003,5,,,,,,,
5210,s==19|May Mắn Chiêu Tướng,s==22|Tầm Bảo Cao Cấp 10 lần,,1131,1640,41,999,403,3,10,0,0,2,6,1,8,80000,2,3003,5,,,,,,,
5240,s==19|May Mắn Chiêu Tướng,s==25|Cao Cấp Thăm Viếng 20 lần,,1131,1640,41,999,403,3,20,0,0,2,6,1,8,100000,2,3003,5,,,,,,,
5270,s==19|May Mắn Chiêu Tướng,s==25|Cao Cấp Thăm Viếng 40 lần,,1131,1640,41,999,403,3,40,0,0,2,6,1,8,100000,2,3003,5,,,,,,,
5300,s==16|Gói Quà Phúc Lợi,s==21|Gói Phúc Lợi Toàn Dân,,1131,0,1,40,520,4060,1,,0,2,4,,,,,,,,,,,,,
5330,s==16|Gói Quà Phúc Lợi,s==20|Gói quà VIP2 nửa giá,,1131,0,1,40,520,4070,1,0,0,2,4,,,,,,,,,,,,,
5360,s==16|Gói Quà Phúc Lợi,s==20|Gói Toàn Dân Nửa Giá,,1131,0,1,40,520,4080,1,0,0,2,4,,,,,,,,,,,,,
5390,s==16|Gói Quà Phúc Lợi,s==21|Gói Phúc Lợi Toàn Dân,,1131,0,41,999,520,4090,1,0,0,2,4,,,,,,,,,,,,,
5420,s==16|Gói Quà Phúc Lợi,s==20|Gói quà VIP2 nửa giá,,1131,0,41,999,520,4100,1,0,0,2,4,,,,,,,,,,,,,
5450,s==16|Gói Quà Phúc Lợi,s==20|Gói Toàn Dân Nửa Giá,,1131,0,41,999,520,4110,1,0,0,2,4,,,,,,,,,,,,,
5479,s==17|Lợi ích lĩnh nhận,s==15|Đăng nhập 1 lần,,1131,0,1,999,101,0,1,0,0,3,1,1,9,200,2,1005,5,,,,,,,
5480,s==17|Lợi ích lĩnh nhận,s==28|Mở máy chủ tích nạp 5000 KNB,,1131,1930,1,40,525,0,500,0,0,3,1,1,9,1500,2,1014,1,,,,,,,
5510,s==17|Lợi ích lĩnh nhận,s==27|Tích nạp tổng cộng 5000 KNB,,1131,1930,41,999,510,0,500,0,0,3,1,1,9,1000,2,1076,3,,,,,,,
5570,s==21|Hiệu Trường Phong Vân,s==22|Trường đấu tỉ võ 5 lần,,1131,1110,1,40,104,0,5,0,0,3,2,1,8,20000,2,1005,2,,,,,,,
5600,s==21|Hiệu Trường Phong Vân,s==24|Hiệu Trường Bỉ Võ 10 lần,,1131,1110,1,40,104,0,10,0,0,3,2,1,8,30000,2,1007,1,,,,,,,
5630,s==21|Hiệu Trường Phong Vân,s==24|Hiệu Trường Bỉ Võ 15 lần,,1131,1110,1,40,104,0,15,0,0,3,2,1,8,50000,2,1005,3,,,,,,,
5660,s==21|Hiệu Trường Phong Vân,s==24|Hiệu Trường Bỉ Võ 20 lần,,1131,1110,1,40,104,0,20,0,0,3,2,1,8,80000,2,1007,2,,,,,,,
5690,s==21|Hiệu Trường Phong Vân,s==24|Hiệu Trường Bỉ Võ 30 lần,,1131,1110,1,40,104,0,30,0,0,3,2,1,8,100000,2,1005,5,,,,,,,
5720,s==21|Hiệu Trường Phong Vân,s==24|Hiệu Trường Bỉ Võ 40 lần,,1131,1110,1,40,104,0,40,0,0,3,2,1,8,100000,2,1007,2,,,,,,,
5750,s==21|Hiệu Trường Phong Vân,s==22|Trường đấu tỉ võ 5 lần,,1131,1110,41,999,104,0,5,0,0,3,2,1,8,20000,1,9,50,,,,,,,
5780,s==21|Hiệu Trường Phong Vân,s==24|Hiệu Trường Bỉ Võ 10 lần,,1131,1110,41,999,104,0,10,0,0,3,2,1,8,30000,1,9,50,,,,,,,
5810,s==21|Hiệu Trường Phong Vân,s==24|Hiệu Trường Bỉ Võ 15 lần,,1131,1110,41,999,104,0,15,0,0,3,2,1,8,50000,1,9,50,,,,,,,
5840,s==21|Hiệu Trường Phong Vân,s==24|Hiệu Trường Bỉ Võ 20 lần,,1131,1110,41,999,104,0,20,0,0,3,2,1,8,80000,1,9,50,,,,,,,
5870,s==21|Hiệu Trường Phong Vân,s==24|Hiệu Trường Bỉ Võ 30 lần,,1131,1110,41,999,104,0,30,0,0,3,2,1,8,100000,1,9,50,,,,,,,
5900,s==21|Hiệu Trường Phong Vân,s==24|Hiệu Trường Bỉ Võ 40 lần,,1131,1110,41,999,104,0,40,0,0,3,2,1,8,100000,1,9,50,,,,,,,
5930,s==17|Hợp Nhất Sinh Huy,s==29|Hợp thành 1 vị võ tướng 5 sao,,1131,1630,1,40,519,5,1,0,0,3,3,1,8,20000,2,1019,2,,,,,,,
5960,s==17|Hợp Nhất Sinh Huy,s==26|Hợp Thành 2 vị Tướng 5 Sao,,1131,1630,1,40,519,5,2,0,0,3,3,1,8,30000,2,1019,3,,,,,,,
5990,s==17|Hợp Nhất Sinh Huy,s==26|Hợp Thành 3 vị Tướng 5 Sao,,1131,1630,1,40,519,5,3,0,0,3,3,1,8,50000,2,1019,4,,,,,,,
6020,s==17|Hợp Nhất Sinh Huy,s==26|Hợp Thành 4 vị Tướng 5 Sao,,1131,1630,1,40,519,5,4,0,0,3,3,1,8,80000,2,1019,5,,,,,,,
6050,s==17|Hợp Nhất Sinh Huy,s==26|Hợp Thành 1 vị Tướng 6 Sao,,1131,1630,1,40,519,6,1,0,0,3,3,1,8,100000,2,1019,6,,,,,,,
6080,s==17|Hợp Nhất Sinh Huy,s==26|Hợp Thành 2 vị Tướng 6 Sao,,1131,1630,1,40,519,6,2,0,0,3,3,1,8,100000,2,1019,8,,,,,,,
6110,s==17|Hợp Nhất Sinh Huy,s==29|Hợp thành 1 vị võ tướng 5 sao,,1131,1630,41,999,519,5,1,0,0,3,3,1,8,20000,2,3008,3,,,,,,,
6140,s==17|Hợp Nhất Sinh Huy,s==26|Hợp Thành 2 vị Tướng 5 Sao,,1131,1630,41,999,519,5,2,0,0,3,3,1,8,30000,2,3008,3,,,,,,,
6170,s==17|Hợp Nhất Sinh Huy,s==26|Hợp Thành 3 vị Tướng 5 Sao,,1131,1630,41,999,519,5,3,0,0,3,3,1,8,50000,2,3008,3,,,,,,,
6200,s==17|Hợp Nhất Sinh Huy,s==26|Hợp Thành 4 vị Tướng 5 Sao,,1131,1630,41,999,519,5,4,0,0,3,3,1,8,80000,2,3008,3,,,,,,,
6230,s==17|Hợp Nhất Sinh Huy,s==26|Hợp Thành 1 vị Tướng 6 Sao,,1131,1630,41,999,519,6,1,0,0,3,3,1,8,100000,2,3008,3,,,,,,,
6260,s==17|Hợp Nhất Sinh Huy,s==26|Hợp Thành 2 vị Tướng 6 Sao,,1131,1630,41,999,519,6,2,0,0,3,3,1,8,100000,2,3008,5,,,,,,,
6290,s==16|Gói Quà Phúc Lợi,s==21|Gói Phúc Lợi Toàn Dân,,1131,0,1,40,520,4120,1,0,0,3,4,,,,,,,,,,,,,
6320,s==16|Gói Quà Phúc Lợi,s==20|Gói quà VIP3 nửa giá,,1131,0,1,40,520,4130,1,0,0,3,4,,,,,,,,,,,,,
6350,s==16|Gói Quà Phúc Lợi,s==20|Gói Toàn Dân Nửa Giá,,1131,0,1,40,520,4140,1,0,0,3,4,,,,,,,,,,,,,
6380,s==16|Gói Quà Phúc Lợi,s==21|Gói Phúc Lợi Toàn Dân,,1131,0,41,999,520,4150,1,0,0,3,4,,,,,,,,,,,,,
6410,s==16|Gói Quà Phúc Lợi,s==20|Gói quà VIP3 nửa giá,,1131,0,41,999,520,4160,1,0,0,3,4,,,,,,,,,,,,,
6440,s==16|Gói Quà Phúc Lợi,s==20|Gói Toàn Dân Nửa Giá,,1131,0,41,999,520,4170,1,0,0,3,4,,,,,,,,,,,,,
6460,s==17|Lợi ích lĩnh nhận,s==15|Đăng nhập 1 lần,,1131,0,1,40,101,0,1,0,0,4,1,1,9,300,2,1019,1,,,,,,,
6465,s==17|Lợi ích lĩnh nhận,s==15|Đăng nhập 1 lần,,1131,0,41,999,101,0,1,0,0,4,1,1,9,300,2,1019,5,,,,,,,
6470,s==17|Lợi ích lĩnh nhận,s==29|Mở máy chủ tích nạp 10000 KNB,,1131,1930,1,40,525,0,1000,0,0,4,1,1,9,2200,2,1004,1,,,,,,,
6500,s==17|Lợi ích lĩnh nhận,s==18|Tích nạp 10000 KNB,,1131,1930,41,999,510,0,1000,0,0,4,1,1,9,2200,2,1474,1,,,,,,,
6590,s==13|Kỳ Ngộ Chi Lộ,s==23|Nhận 10 nhiệm vụ Kỳ Ngộ,,1131,2091,1,40,110,0,10,0,0,4,11,1,8,20000,2,1019,2,,,,,,,
6620,s==13|Kỳ Ngộ Chi Lộ,s==23|Nhận 20 nhiệm vụ Kỳ Ngộ,,1131,2091,1,40,110,0,20,0,0,4,11,1,8,40000,2,1019,2,,,,,,,
6650,s==13|Kỳ Ngộ Chi Lộ,s==23|Nhận 30 nhiệm vụ Kỳ Ngộ,,1131,2091,1,40,110,0,30,0,0,4,11,1,8,60000,2,1019,2,,,,,,,
6680,s==13|Kỳ Ngộ Chi Lộ,s==23|Nhận 40 nhiệm vụ Kỳ Ngộ,,1131,2091,1,40,110,0,40,0,0,4,11,1,8,80000,2,1019,4,,,,,,,
6710,s==13|Kỳ Ngộ Chi Lộ,s==34|Nhận 5 nhiệm vụ Kỳ Ngộ tím trở lên,,1131,2091,1,40,212,4,5,0,0,4,11,1,8,100000,2,1019,4,,,,,,,
6740,s==13|Kỳ Ngộ Chi Lộ,s==35|Nhận 10 nhiệm vụ Kỳ Ngộ tím trở lên,,1131,2091,1,40,212,4,10,0,0,4,11,1,8,120000,2,1019,4,,,,,,,
6770,s==13|Kỳ Ngộ Chi Lộ,s==23|Nhận 10 nhiệm vụ Kỳ Ngộ,,1131,2091,41,999,110,0,10,0,0,4,11,1,8,20000,1,9,60,,,,,,,
6800,s==13|Kỳ Ngộ Chi Lộ,s==23|Nhận 20 nhiệm vụ Kỳ Ngộ,,1131,2091,41,999,110,0,20,0,0,4,11,1,8,40000,1,9,60,,,,,,,
6830,s==13|Kỳ Ngộ Chi Lộ,s==23|Nhận 30 nhiệm vụ Kỳ Ngộ,,1131,2091,41,999,110,0,30,0,0,4,11,1,8,60000,1,9,60,,,,,,,
6860,s==13|Kỳ Ngộ Chi Lộ,s==23|Nhận 40 nhiệm vụ Kỳ Ngộ,,1131,2091,41,999,110,0,40,0,0,4,11,1,8,80000,1,9,60,,,,,,,
6890,s==13|Kỳ Ngộ Chi Lộ,s==34|Nhận 5 nhiệm vụ Kỳ Ngộ tím trở lên,,1131,2091,41,999,212,4,5,0,0,4,11,1,8,100000,1,9,60,,,,,,,
6920,s==13|Kỳ Ngộ Chi Lộ,s==35|Nhận 10 nhiệm vụ Kỳ Ngộ tím trở lên,,1131,2091,41,999,212,4,10,0,0,4,11,1,8,120000,1,9,60,,,,,,,
6950,s==17|Nhiệm vụ kỳ duyên,s==31|Làm mới nhiệm vụ kỳ duyên 5 lần,,1131,2091,1,40,511,0,5,0,0,4,12,1,8,20000,2,1027,5,,,,,,,
6980,s==17|Nhiệm vụ kỳ duyên,s==32|Làm mới nhiệm vụ kỳ duyên 10 lần,,1131,2091,1,40,511,0,10,0,0,4,12,1,8,40000,2,1027,10,,,,,,,
7010,s==17|Nhiệm vụ kỳ duyên,s==32|Làm mới nhiệm vụ kỳ duyên 15 lần,,1131,2091,1,40,511,0,15,0,0,4,12,1,8,60000,2,1027,10,,,,,,,
7040,s==17|Nhiệm vụ kỳ duyên,s==32|Làm mới nhiệm vụ kỳ duyên 20 lần,,1131,2091,1,40,511,0,20,0,0,4,12,1,8,80000,2,1027,10,,,,,,,
7070,s==17|Nhiệm vụ kỳ duyên,s==32|Làm mới nhiệm vụ kỳ duyên 30 lần,,1131,2091,1,40,511,0,30,0,0,4,12,1,8,100000,2,1027,15,,,,,,,
7100,s==17|Nhiệm vụ kỳ duyên,s==32|Làm mới nhiệm vụ kỳ duyên 40 lần,,1131,2091,1,40,511,0,40,0,0,4,12,1,8,120000,2,1027,15,,,,,,,
7130,s==17|Nhiệm vụ kỳ duyên,s==31|Làm mới nhiệm vụ kỳ duyên 5 lần,,1131,2091,41,999,511,0,5,0,0,4,12,1,8,20000,2,3004,5,,,,,,,
7160,s==17|Nhiệm vụ kỳ duyên,s==32|Làm mới nhiệm vụ kỳ duyên 10 lần,,1131,2091,41,999,511,0,10,0,0,4,12,1,8,40000,2,3004,5,,,,,,,
7190,s==17|Nhiệm vụ kỳ duyên,s==32|Làm mới nhiệm vụ kỳ duyên 15 lần,,1131,2091,41,999,511,0,15,0,0,4,12,1,8,60000,2,3004,5,,,,,,,
7220,s==17|Nhiệm vụ kỳ duyên,s==32|Làm mới nhiệm vụ kỳ duyên 20 lần,,1131,2091,41,999,511,0,20,0,0,4,12,1,8,80000,2,3004,5,,,,,,,
7250,s==17|Nhiệm vụ kỳ duyên,s==32|Làm mới nhiệm vụ kỳ duyên 30 lần,,1131,2091,41,999,511,0,30,0,0,4,12,1,8,100000,2,3004,5,,,,,,,
7280,s==17|Nhiệm vụ kỳ duyên,s==32|Làm mới nhiệm vụ kỳ duyên 40 lần,,1131,2091,41,999,511,0,40,0,0,4,12,1,8,120000,2,3004,5,,,,,,,
7310,s==16|Gói Quà Phúc Lợi,s==21|Gói Phúc Lợi Toàn Dân,,1131,0,1,40,520,4180,1,0,0,4,4,,,,,,,,,,,,,
7340,s==16|Gói Quà Phúc Lợi,s==21|Gói Phúc Lợi Toàn Dân,,1131,0,41,999,520,4210,1,0,0,4,4,,,,,,,,,,,,,
7370,s==16|Gói Quà Phúc Lợi,s==20|Gói quà VIP4 nửa giá,,1131,0,1,999,520,4190,1,0,0,4,4,,,,,,,,,,,,,
7400,s==16|Gói Quà Phúc Lợi,s==20|Gói Toàn Dân Nửa Giá,,1131,0,1,999,520,4200,1,0,0,4,4,,,,,,,,,,,,,
7429,s==17|Lợi ích lĩnh nhận,s==15|Đăng nhập 1 lần,,1131,0,1,999,101,0,1,0,0,5,1,1,9,300,2,2511,1,,,,,,,
7430,s==17|Lợi ích lĩnh nhận,s==33|Tích nạp 20000 KNB khi mở máy chủ,,1131,1930,1,40,525,0,2000,0,0,5,1,1,9,3000,2,1006,6000,,,,,,,
7460,s==17|Lợi ích lĩnh nhận,s==18|Tích nạp 20000 KNB,,1131,1930,41,999,510,0,2000,0,0,5,1,1,9,3000,2,1006,6000,,,,,,,
7520,s==18|Thần Binh thất lạc,s==24|Mở khóa 3 kiện Thần Binh,,1131,1890,1,40,528,0,3,0,0,5,13,1,8,20000,2,1027,10,,,,,,,
7550,s==18|Thần Binh thất lạc,s==24|Mở khóa 5 kiện Thần Binh,,1131,1890,1,40,528,0,5,0,0,5,13,1,8,40000,2,1027,10,,,,,,,
7580,s==18|Thần Binh thất lạc,s==19|Thần Binh đạt cấp 1,,1131,1890,1,40,529,0,1,0,0,5,13,1,8,60000,2,1027,15,,,,,,,
7610,s==18|Thần Binh thất lạc,s==19|Thần Binh đạt cấp 2,,1131,1890,1,40,529,0,2,0,0,5,13,1,8,80000,2,1027,15,,,,,,,
7640,s==18|Thần Binh thất lạc,s==19|Thần Binh đạt cấp 3,,1131,1890,1,40,529,0,3,0,0,5,13,1,8,100000,2,1027,20,,,,,,,
7670,s==18|Thần Binh thất lạc,s==19|Thần Binh đạt cấp 4,,1131,1890,     ,40,529,0,4,0,0,5,13,1,8,120000,2,1027,25,,,,,,,
7700,s==18|Thần Binh thất lạc,s==35|Tiến hành 5 lần Thần Binh Thăng Cấp,,1131,1890,41,999,512,0,5,0,0,5,13,1,8,20000,1,9,60,,,,,,,
7730,s==18|Thần Binh thất lạc,s==36|Tiến hành 10 lần thăng cấp thần binh,,1131,1890,41,999,512,0,10,0,0,5,13,1,8,40000,1,9,60,,,,,,,
7760,s==18|Thần Binh thất lạc,s==24|Hợp thành Tướng Ấn 1 lần,,1131,1100,41,999,209,0,1,0,0,5,13,1,8,60000,1,9,60,,,,,,,
7790,s==18|Thần Binh thất lạc,s==24|Hợp thành Tướng Ấn 2 lần,,1131,1100,41,999,209,0,2,0,0,5,13,1,8,80000,1,9,60,,,,,,,
7820,s==18|Thần Binh thất lạc,s==24|Hợp thành Tướng Ấn 3 lần,,1131,1100,41,999,209,0,3,0,0,5,13,1,8,100000,1,9,60,,,,,,,
7850,s==18|Thần Binh thất lạc,s==24|Hợp thành Tướng Ấn 4 lần,,1131,1100,41,999,209,0,4,0,0,5,13,1,8,120000,1,9,60,,,,,,,
7880,s==30|Cấp bậc thăng tiến không ngừng,s==25|Cấp bậc người chơi đạt 10,,1131,1650,1,41,201,0,10,0,0,5,18,1,8,20000,2,3008,3,,,,,,,
7910,s==30|Cấp bậc thăng tiến không ngừng,s==25|Cấp bậc người chơi đạt 20,,1131,1650,1,41,201,0,20,0,0,5,18,1,8,40000,2,3008,3,,,,,,,
7940,s==30|Cấp bậc thăng tiến không ngừng,s==28|Giang hồ đẳng cấp đạt 30 cấp,,1131,1650,1,41,201,0,30,0,0,5,18,1,8,60000,2,3008,3,,,,,,,
7970,s==30|Cấp bậc thăng tiến không ngừng,s==28|Giang hồ đẳng cấp đạt 40 cấp,,1131,1650,1,41,201,0,40,0,0,5,18,1,8,80000,2,3008,3,,,,,,,
8000,s==30|Cấp bậc thăng tiến không ngừng,s==25|Cấp bậc người chơi đạt 45,,1131,1650,1,41,201,0,45,0,0,5,18,1,8,100000,2,3008,3,,,,,,,
8030,s==30|Cấp bậc thăng tiến không ngừng,s==25|Cấp bậc người chơi đạt 55,,1131,1650,1,41,201,0,55,0,0,5,18,1,8,120000,2,3008,5,,,,,,,
8060,s==22|Chiến dịch thường nhật,s==39|Tham gia phó bản thường nhật trên 8 lần,,1131,1240,41,999,111,0,8,0,0,5,14,1,8,20000,2,3005,5,,,,,,,
8090,s==22|Chiến dịch thường nhật,s==40|Tham gia phó bản thường nhật trên 16 lần,,1131,1240,41,999,111,0,16,0,0,5,14,1,8,40000,2,3005,5,,,,,,,
8120,s==22|Chiến dịch thường nhật,s==40|Tham gia phó bản thường nhật trên 24 lần,,1131,1240,41,999,111,0,24,0,0,5,14,1,8,60000,2,3005,5,,,,,,,
8150,s==22|Chiến dịch thường nhật,s==40|Tham gia phó bản thường nhật trên 32 lần,,1131,1240,41,999,111,0,32,0,0,5,14,1,8,80000,2,3005,5,,,,,,,
8180,s==22|Chiến dịch thường nhật,s==40|Tham gia phó bản thường nhật trên 40 lần,,1131,1240,41,999,111,0,40,0,0,5,14,1,8,100000,2,3005,5,,,,,,,
8210,s==22|Chiến dịch thường nhật,s==40|Tham gia phó bản thường nhật trên 48 lần,,1131,1240,41,999,111,0,48,0,0,5,14,1,8,120000,2,3005,5,,,,,,,
8240,s==16|Gói Quà Phúc Lợi,s==21|Gói phúc lợi toàn dân,,1131,0,1,40,520,4250,1,0,0,5,4,,,,,,,,,,,,,
8270,s==16|Gói Quà Phúc Lợi,s==20|Gói quà VIP4 nửa giá,,1131,0,1,40,520,4260,1,0,0,5,4,,,,,,,,,,,,,
8300,s==16|Gói Quà Phúc Lợi,s==20|Gói Toàn Dân Nửa Giá,,1131,0,1,40,520,4270,1,0,0,5,4,,,,,,,,,,,,,
8330,s==16|Gói Quà Phúc Lợi,s==21|Gói phúc lợi toàn dân,,1131,0,41,999,520,4280,1,0,0,5,4,,,,,,,,,,,,,
8360,s==16|Gói Quà Phúc Lợi,s==20|Gói quà VIP4 nửa giá,,1131,0,41,999,520,4290,1,0,0,5,4,,,,,,,,,,,,,
8390,s==16|Gói Quà Phúc Lợi,s==20|Gói Toàn Dân Nửa Giá,,1131,0,41,999,520,4300,1,0,0,5,4,,,,,,,,,,,,,
8415,s==17|Lợi ích lĩnh nhận,s==15|Đăng nhập 1 lần,,1131,0,1,999,101,0,1,0,0,6,1,1,9,350,2,1007,5,,,,,,,
8420,s==17|Lợi ích lĩnh nhận,s==33|Tích nạp 30000 KNB khi mở máy chủ,,1131,1930,1,60,525,0,3000,0,0,6,1,1,9,7000,2,1052,500,,,,,,,
8450,s==17|Lợi ích lĩnh nhận,s==28|Tích nạp tổng cộng 30000 KNB,,1131,1930,61,999,510,0,3000,0,0,6,1,1,9,5000,2,1475,1,,,,,,,
8510,s==20|Thử luyện Thần Tướng,s==34|Thắng 10 ải Huyết Chiến Trường Bản,,1131,1250,1,40,530,0,10,0,0,6,16,1,8,20000,2,1007,2,,,,,,,
8540,s==20|Thử luyện Thần Tướng,s==34|Thắng 20 ải Huyết Chiến Trường Bản,,1131,1250,1,40,530,0,20,0,0,6,16,1,8,40000,2,1007,2,,,,,,,
8570,s==20|Thử luyện Thần Tướng,s==34|Thắng 30 ải Huyết Chiến Trường Bản,,1131,1250,1,40,530,0,30,0,0,6,16,1,8,60000,2,1007,2,,,,,,,
8600,s==20|Thử luyện Thần Tướng,s==34|Thắng 40 ải Huyết Chiến Trường Bản,,1131,1250,1,40,530,0,40,0,0,6,16,1,8,80000,2,1007,3,,,,,,,
8630,s==20|Thử luyện Thần Tướng,s==34|Thắng 50 ải Huyết Chiến Trường Bản,,1131,1250,1,40,530,0,50,0,0,6,16,1,8,100000,2,1007,3,,,,,,,
8660,s==20|Thử luyện Thần Tướng,s==51|Phái xuất võ tướng 1 lần tại Huyết Chiến Trường Bản,,1131,1250,1,40,531,0,1,0,0,6,16,1,8,120000,2,1007,3,,,,,,,
8690,s==11|Tụ Hiền Các,s==26|Tham gia 1 lần Tụ Hiền Các,,1131,1140,41,999,211,0,1,0,0,6,10,1,8,20000,1,9,60,,,,,,,
8720,s==11|Tụ Hiền Các,s==26|Tham gia 2 lần Tụ Hiền Các,,1131,1140,41,999,211,0,2,0,0,6,10,1,8,40000,1,9,60,,,,,,,
8750,s==11|Tụ Hiền Các,s==26|Tham gia 3 lần Tụ Hiền Các,,1131,1140,41,999,211,0,3,0,0,6,10,1,8,60000,1,9,60,,,,,,,
8780,s==11|Tụ Hiền Các,s==26|Tham gia 4 lần Tụ Hiền Các,,1131,1140,41,999,211,0,4,0,0,6,10,1,8,80000,1,9,60,,,,,,,
8810,s==11|Tụ Hiền Các,s==26|Tham gia 5 lần Tụ Hiền Các,,1131,1140,41,999,211,0,5,0,0,6,10,1,8,100000,1,9,60,,,,,,,
8840,s==11|Tụ Hiền Các,s==26|Tham gia 6 lần Tụ Hiền Các,,1131,1140,41,999,211,0,6,0,0,6,10,1,8,120000,1,9,60,,,,,,,
8870,s==16|Đại nhân may mắn,s==15|Đoạt Bảo 10 lần,,1131,1090,1,40,513,0,10,0,0,6,9,1,8,20000,2,1007,1,,,,,,,
8900,s==16|Đại nhân may mắn,s==15|Đoạt bảo 20 lần,,1131,1090,1,40,513,0,20,0,0,6,9,1,8,40000,2,1002,3,,,,,,,
8930,s==16|Đại nhân may mắn,s==15|Đoạt bảo 30 lần,,1131,1090,1,40,513,0,30,0,0,6,9,1,8,60000,2,1007,2,,,,,,,
8960,s==16|Đại nhân may mắn,s==15|Đoạt bảo 40 lần,,1131,1090,1,40,513,0,40,0,0,6,9,1,8,80000,2,1002,3,,,,,,,
8990,s==16|Đại nhân may mắn,s==15|Đoạt bảo 60 lần,,1131,1090,1,40,513,0,60,0,0,6,9,1,8,100000,2,1003,1,,,,,,,
9020,s==16|Đại nhân may mắn,s==15|Đoạt bảo 80 lần,,1131,1090,1,40,513,0,80,0,0,6,9,1,8,120000,2,1003,2,,,,,,,
9050,s==16|Đại nhân may mắn,s==15|Đoạt Bảo 10 lần,,1131,1090,41,999,513,0,10,0,0,6,9,1,8,20000,1,9,60,,,,,,,
9080,s==16|Đại nhân may mắn,s==15|Đoạt bảo 20 lần,,1131,1090,41,999,513,0,20,0,0,6,9,1,8,40000,1,9,60,,,,,,,
9110,s==16|Đại nhân may mắn,s==15|Đoạt bảo 30 lần,,1131,1090,41,999,513,0,30,0,0,6,9,1,8,60000,1,9,60,,,,,,,
9140,s==16|Đại nhân may mắn,s==15|Đoạt bảo 40 lần,,1131,1090,41,999,513,0,40,0,0,6,9,1,8,80000,1,9,60,,,,,,,
9170,s==16|Đại nhân may mắn,s==15|Đoạt bảo 60 lần,,1131,1090,41,999,513,0,60,0,0,6,9,1,8,100000,1,9,60,,,,,,,
9200,s==16|Đại nhân may mắn,s==15|Đoạt bảo 80 lần,,1131,1090,41,999,513,0,80,0,0,6,9,1,8,120000,1,9,120,,,,,,,
9230,s==16|Lộc Bao Phúc Lợi,s==21|Gói phúc lợi toàn dân,,1131,0,1,60,520,4310,1,0,0,6,4,,,,,,,,,,,,,
9260,s==16|Lộc Bao Phúc Lợi,s==20|Gói quà VIP5 nửa giá,,1131,0,1,999,520,4320,1,0,0,6,4,,,,,,,,,,,,,
9290,s==16|Lộc Bao Phúc Lợi,s==20|Gói Toàn Dân Nửa Giá,,1131,0,1,999,520,4330,1,0,0,6,4,,,,,,,,,,,,,
9320,s==16|Lộc Bao Phúc Lợi,s==21|Gói phúc lợi toàn dân,,1131,0,61,999,520,4340,1,0,0,6,4,,,,,,,,,,,,,
9340,s==17|Lợi ích lĩnh nhận,s==15|Đăng nhập 1 lần,,1131,0,1,999,101,0,1,0,0,7,1,1,9,400,2,24401,30,,,,,,,
9350,s==17|Lợi ích lĩnh nhận,s==28|Khai Phục Tích Nạp 50000 KNB,,1131,1930,1,60,525,0,5000,0,0,7,1,1,9,15000,2,24506,50,,,,,,,
9380,s==17|Lợi ích lĩnh nhận,s==23|Tích Nạp Tổng 50000 KNB,,1131,1930,61,999,510,0,5000,0,0,7,1,1,9,15000,2,1476,1,,,,,,,
9440,s==15|Thiên Lý Đơn Kỵ,s==40|Thiết Đoàn Đơn Kỵ Thông Quan Tầng 2 Quan,,1131,1260,1,40,206,0,2,0,0,7,15,1,8,20000,2,1052,10,,,,,,,
9470,s==15|Thiên Lý Đơn Kỵ,s==40|Thiết Đoàn Đơn Kỵ Thông Quan Tầng 4 Quan,,1131,1260,1,40,206,0,4,0,0,7,15,1,8,40000,2,1052,10,,,,,,,
9500,s==15|Thiên Lý Đơn Kỵ,s==40|Thiết Đoàn Đơn Kỵ Thông Quan Tầng 6 Quan,,1131,1260,1,40,206,0,6,0,0,7,15,1,8,60000,2,1052,15,,,,,,,
9530,s==15|Thiên Lý Đơn Kỵ,s==40|Thiết Đoàn Đơn Kỵ Thông Quan Tầng 9 Quan,,1131,1260,1,40,206,0,9,0,0,7,15,1,8,80000,2,1052,15,,,,,,,
9560,s==15|Thiên Lý Đơn Kỵ,s==41|Thiết Đoàn Đơn Kỵ Thông Quan Tầng 12 Quan,,1131,1260,1,40,206,0,12,0,0,7,15,1,8,100000,2,1052,20,,,,,,,
9590,s==15|Thiên Lý Đơn Kỵ,s==41|Thiết Đoàn Đơn Kỵ Thông Quan Tầng 15 Quan,,1131,1260,1,40,206,0,15,0,0,7,15,1,8,120000,2,1052,20,,,,,,,
9620,s==15|Thiên Lý Đơn Kỵ,s==40|Thiết Đoàn Đơn Kỵ Thông Quan Tầng 2 Quan,,1131,1260,41,999,206,0,2,0,0,7,15,1,8,20000,1,9,60,,,,,,,
9650,s==15|Thiên Lý Đơn Kỵ,s==40|Thiết Đoàn Đơn Kỵ Thông Quan Tầng 4 Quan,,1131,1260,41,999,206,0,4,0,0,7,15,1,8,40000,1,9,60,,,,,,,
9680,s==15|Thiên Lý Đơn Kỵ,s==40|Thiết Đoàn Đơn Kỵ Thông Quan Tầng 6 Quan,,1131,1260,41,999,206,0,6,0,0,7,15,1,8,60000,1,9,60,,,,,,,
9710,s==15|Thiên Lý Đơn Kỵ,s==40|Thiết Đoàn Đơn Kỵ Thông Quan Tầng 9 Quan,,1131,1260,41,999,206,0,9,0,0,7,15,1,8,80000,1,9,60,,,,,,,
9740,s==15|Thiên Lý Đơn Kỵ,s==41|Thiết Đoàn Đơn Kỵ Thông Quan Tầng 12 Quan,,1131,1260,41,999,206,0,12,0,0,7,15,1,8,100000,1,9,60,,,,,,,
9770,s==15|Thiên Lý Đơn Kỵ,s==41|Thiết Đoàn Đơn Kỵ Thông Quan Tầng 15 Quan,,1131,1260,41,999,206,0,15,0,0,7,15,1,8,120000,1,9,60,,,,,,,
9800,s==19|Vũ Tướng Vinh Quang,s==35|Sở Hữu 5 Vị Vũ Tướng Cấp 30 Trở Lên,,1131,1530,1,40,204,30,5,0,0,7,19,1,8,20000,2,3008,3,,,,,,,
9830,s==19|Vũ Tướng Vinh Quang,s==36|Sở Hữu 1 Vị Vũ Tướng Cấp 100 Trở Lên,,1131,1530,1,40,204,30,1,0,0,7,19,1,8,40000,2,3008,3,,,,,,,
9860,s==19|Vũ Tướng Vinh Quang,s==36|Sở Hữu 1 Vị Vũ Tướng Cấp 120 Trở Lên,,1131,1530,1,40,204,120,1,0,0,7,19,1,8,60000,2,1052,10,,,,,,,
9890,s==19|Vũ Tướng Vinh Quang,s==26|Sở Hữu 5 Vị Vũ Tướng 5 Sao,,1131,1630,1,40,203,5,5,0,0,7,19,1,8,80000,2,3008,4,,,,,,,
9920,s==19|Vũ Tướng Vinh Quang,s==26|Sở Hữu 1 Vị Vũ Tướng 6 Sao,,1131,1630,1,40,203,6,1,0,0,7,19,1,8,100000,2,1052,20,,,,,,,
9950,s==19|Vũ Tướng Vinh Quang,s==26|Sở Hữu 2 Vị Vũ Tướng 6 Sao,,1131,1630,1,40,203,6,2,0,0,7,19,1,8,120000,2,1052,20,,,,,,,
9980,s==22|Huyết chiến Trường Bản,s==37|Tham gia 1 lần Huyết Chiến Trường Bản,,1131,1250,41,999,109,0,1,0,0,7,16,1,8,20000,2,3008,3,,,,,,,
10010,s==22|Huyết chiến Trường Bản,s==37|Tham Gia 2 Lần Huyết Chiến Trường Bản,,1131,1250,41,999,109,0,2,0,0,7,16,1,8,40000,2,3008,3,,,,,,,
10040,s==22|Huyết chiến Trường Bản,s==37|Tham Gia 3 Lần Huyết Chiến Trường Bản,,1131,1250,41,999,109,0,3,0,0,7,16,1,8,60000,2,3008,3,,,,,,,
10070,s==22|Huyết chiến Trường Bản,s==37|Tham Gia 4 Lần Huyết Chiến Trường Bản,,1131,1250,41,999,109,0,4,0,0,7,16,1,8,80000,2,3008,3,,,,,,,
10100,s==22|Huyết chiến Trường Bản,s==37|Tham Gia 5 Lần Huyết Chiến Trường Bản,,1131,1250,41,999,109,0,5,0,0,7,16,1,8,100000,2,3008,3,,,,,,,
10130,s==22|Huyết chiến Trường Bản,s==37|Tham Gia 6 Lần Huyết Chiến Trường Bản,,1131,1250,41,999,109,0,6,0,0,7,16,1,8,120000,2,3008,5,,,,,,,
10160,s==16|Gói Quà Phúc Lợi,s==21|Gói phúc lợi toàn dân,,1131,,1,40,520,4350,1,0,0,7,4,,,,,,,,,,,,,
10190,s==16|Gói Quà Phúc Lợi,s==20|Gói quà VIP5 nửa giá,,1131,,1,40,520,4360,1,0,0,7,4,,,,,,,,,,,,,
10220,s==16|Gói Quà Phúc Lợi,s==20|Gói Toàn Dân Nửa Giá,,1131,,1,40,520,4370,1,0,0,7,4,,,,,,,,,,,,,
10250,s==16|Gói Quà Phúc Lợi,s==21|Gói phúc lợi toàn dân,,1131,,41,999,520,4380,1,0,0,7,4,,,,,,,,,,,,,
10280,s==16|Gói Quà Phúc Lợi,s==20|Gói quà VIP6 nửa giá,,1131,,41,999,520,4390,1,0,0,7,4,,,,,,,,,,,,,
10310,s==16|Gói Quà Phúc Lợi,s==20|Gói Toàn Dân Nửa Giá,,1131,,41,999,520,4400,1,0,0,7,4,,,,,,,,,,,,,
15000,,s==24|Đăng nhập trò chơi 1 lần,,1110,,1,999,101,0,1,1,0,,,,,,,,,,,,,,,
15020,,s==26|Thách đấu 5 lần trường tập,,1110,1110,1,999,104,0,5,0,0,,,,,,,,,,,,,,,
15040,,s==38|Nhận 1 Lần Nhiệm Vụ Kỳ Ngộ Tím Trở Lên,,1110,2091,1,999,212,4,1,0,0,,,,,,,,,,,,,,,
15060,,s==35|Tiến hành 1 lần hiến tặng quân đoàn,,1110,1460,1,999,108,0,1,0,0,,,,,,,,,,,,,,,
15080,,s==37|Tham gia 1 lần Huyết Chiến Trường Bản,,1110,1250,1,999,109,0,1,0,0,,,,,,,,,,,,,,,
15100,,s==35|Tiến hành 5 lần Thần Binh Thăng Cấp,,1110,1890,1,999,512,0,5,0,0,,,,,,,,,,,,,,,
15120,,s==34|Tham gia 3 lần Phó Bản Thường Ngày,,1110,1240,1,999,111,0,3,0,0,,,,,,,,,,,,,,,
15140,,s==23|Tham gia Điểm Kim 3 lần,,1110,1012,1,50,509,0,3,0,0,,,,,,,,,,,,,,,
15141,,s==23|Tham gia Điểm Kim 5 lần,,1110,1012,51,999,509,0,3,0,0,,,,,,,,,,,,,,,
15160,,s==27|Nhanh chóng chiến đấu 4 lần,,1110,2092,1,999,105,0,4,0,0,,,,,,,,,,,,,,,
15180,,s==24|Thượng Cấp Tầm Vấn 1 Lần,,1110,1640,1,70,403,3,1,0,0,,,,,,,,,,,,,,,
15181,,s==31|Thực hiện 3 lần Tầm Bảo cao cấp,,1110,1640,30,999,403,3,3,0,0,,,,,,,,,,,,,,,
15200,,s==31|Tham gia Tầm Phong Thường 3 lần,,1110,1640,1,999,403,1,3,0,0,,,,,,,,,,,,,,,
15240,,s==35|Thách đấu 4 lần Phó Bản Thường Ngày,,1110,1240,1,999,111,0,4,0,0,,,,,,,,,,,,,,,
15260,,s==30|Tham gia Thiên Lý Đơn Kỵ 3 lần,,1110,1260,30,999,112,0,3,0,0,,,,,,,,,,,,,,,
15280,,s==23|Thi Đấu Thiên Đài 4 Lần,,1110,2000,55,999,514,0,4,0,2000,,,,,,,,,,,,,,,
15300,,s==38|Thách đấu 5 lần Chiến Trường Kinh Châu,,1110,1970,65,999,515,0,5,0,0,,,,,,,,,,,,,,,
15320,,s==28|Hợp thành một Anh Hùng 5 sao,,1110,1630,1,999,519,5,1,0,0,,,,,,,,,,,,,,,
15340,,s==38|Mua 3 Món Hàng Tại Thần Bí Thương Điếm,,1110,1810,1,999,402,2,3,0,0,,,,,,,,,,,,,,,
15360,,s==24|Hợp thành 1 món Trang Bị,,1110,1100,1,51,516,0,1,0,0,,,,,,,,,,,,,,,
15380,,s==24|Hợp thành 1 Ấn Tướng Lam,,1110,1104,1,999,210,2,1,0,0,,,,,,,,,,,,,,,
15420,,s==27|Giao duy cùng mỹ nhân 1 lần,,1110,2300,40,999,518,0,1,0,0,,,,,,,,,,,,,,,
15440,,s==15|Đoạt Bảo 10 lần,,1110,1090,20,999,513,0,10,0,0,,,,,,,,,,,,,,,
15460,,s==31|Thách đấu Tướng Quân Địch 3 lần,,1110,1470,18,999,107,0,3,0,0,,,,,,,,,,,,,,,
15480,,s==25|Thu được 1 vị tướng 5 sao,,1110,1640,1,999,203,5,1,0,0,,,,,,,,,,,,,,,
15500,,s==28|Hợp thành 1 món Trang Bị Cam,,1100,1100,50,999,604,5,1,0,0,,,,,,,,,,,,,,,
15560,,s==50|Hỗ trợ bằng hữu 1 lần trong Huyết Chiến Trường Bản,,1100,1250,1,999,531,0,1,0,0,,,,,,,,,,,,,,,
15580,,s==36|Mua 3 Lần Số Lần Thách Đấu Thiên Đài,,1110,2000,55,999,603,0,3,0,2000,,,,,,,,,,,,,,,
15600,,s==27|Tham gia Võ Thần Điện 1 lần,,1110,1270,30,999,215,0,1,0,0,,,,,,,,,,,,,,,
15620,,s==44|Thách đấu 3 lần bất kỳ tầng Thông Thiên Tháp,,1110,1130,1,999,106,0,3,0,0,,,,,,,,,,,,,,,
15621,,s==32|Vượt 5 ải Huyết Chiến Trường Bản,,1110,1250,1,999,530,0,5,0,0,,,,,,,,,,,,,,,
20000,,s==24|Đăng nhập trò chơi 1 lần,,1130,,1,999,101,0,1,1,0,,,,,,,,,,,,,,,
20020,,s==26|Thách đấu 5 lần trường tập,,1130,1110,1,999,104,0,5,0,0,,,,,,,,,,,,,,,
20040,,s==38|Nhận 1 Lần Nhiệm Vụ Kỳ Ngộ Tím Trở Lên,,1130,2091,1,999,212,4,1,0,0,,,,,,,,,,,,,,,
20060,,s==35|Tiến hành 1 lần hiến tặng quân đoàn,,1130,1460,1,999,108,0,1,0,0,,,,,,,,,,,,,,,
20080,,s==37|Tham gia 1 lần Huyết Chiến Trường Bản,,1130,1250,1,999,109,0,1,0,0,,,,,,,,,,,,,,,
20100,,s==35|Tiến hành 5 lần Thần Binh Thăng Cấp,,1130,1890,1,999,512,0,5,0,0,,,,,,,,,,,,,,,
20120,,s==34|Tham gia 3 lần Phó Bản Thường Ngày,,1130,1240,1,999,111,0,3,0,0,,,,,,,,,,,,,,,
20140,,s==23|Tham gia Điểm Kim 3 lần,,1130,1012,1,50,509,0,3,0,0,,,,,,,,,,,,,,,
20160,,s==23|Tham gia Điểm Kim 5 lần,,1130,1012,51,999,509,0,3,0,0,,,,,,,,,,,,,,,
20180,,s==27|Nhanh chóng chiến đấu 4 lần,,1130,2092,1,999,105,0,4,0,0,,,,,,,,,,,,,,,
20200,,s==24|Thượng Cấp Tầm Vấn 1 Lần,,1130,1640,1,70,403,3,1,0,0,,,,,,,,,,,,,,,
20220,,s==31|Thực hiện 3 lần Tầm Bảo cao cấp,,1130,1640,30,999,403,3,3,0,0,,,,,,,,,,,,,,,
20240,,s==31|Tham gia Tầm Phong Thường 3 lần,,1130,1640,1,999,403,1,3,0,0,,,,,,,,,,,,,,,
20280,,s==35|Thách đấu 4 lần Phó Bản Thường Ngày,,1130,1240,1,999,111,0,4,0,0,,,,,,,,,,,,,,,
20300,,s==30|Tham gia Thiên Lý Đơn Kỵ 3 lần,,1130,1260,30,999,112,0,3,0,0,,,,,,,,,,,,,,,
20320,,s==23|Thi Đấu Thiên Đài 4 Lần,,1130,2000,55,999,514,0,4,0,2000,,,,,,,,,,,,,,,
20340,,s==38|Thách đấu 5 lần Chiến Trường Kinh Châu,,1130,1970,65,999,515,0,5,0,0,,,,,,,,,,,,,,,
20360,,s==28|Hợp thành một Anh Hùng 5 sao,,1130,1630,1,999,519,5,1,0,0,,,,,,,,,,,,,,,
20380,,s==38|Mua 3 Món Hàng Tại Thần Bí Thương Điếm,,1130,1810,1,999,402,2,3,0,0,,,,,,,,,,,,,,,
20400,,s==24|Hợp thành 1 món Trang Bị,,1130,1100,1,51,516,0,1,0,0,,,,,,,,,,,,,,,
20420,,s==24|Hợp thành 1 Ấn Tướng Lam,,1130,1104,1,999,210,2,1,0,0,,,,,,,,,,,,,,,
20440,,s==27|Giao duy cùng mỹ nhân 1 lần,,1130,2300,40,999,518,0,1,0,0,,,,,,,,,,,,,,,
20460,,s==15|Đoạt Bảo 10 lần,,1130,1090,20,999,513,0,10,0,0,,,,,,,,,,,,,,,
20480,,s==31|Thách đấu Tướng Quân Địch 3 lần,,1130,1470,18,999,107,0,3,0,0,,,,,,,,,,,,,,,
20500,,s==25|Thu được 1 vị tướng 5 sao,,1130,1640,1,999,203,5,1,0,0,,,,,,,,,,,,,,,
20520,,s==28|Hợp thành 1 món Trang Bị Cam,,1130,1100,50,999,604,5,1,0,0,,,,,,,,,,,,,,,
20580,,s==50|Hỗ trợ bằng hữu 1 lần trong Huyết Chiến Trường Bản,,1130,1250,1,999,531,0,1,0,0,,,,,,,,,,,,,,,
20600,,s==36|Mua 3 Lần Số Lần Thách Đấu Thiên Đài,,1130,2000,55,999,603,0,3,0,2000,,,,,,,,,,,,,,,
20620,,s==27|Tham gia Võ Thần Điện 1 lần,,1130,1270,30,999,215,0,1,0,0,,,,,,,,,,,,,,,
20640,,s==44|Thách đấu 3 lần bất kỳ tầng Thông Thiên Tháp,,1130,1130,1,999,106,0,3,0,0,,,,,,,,,,,,,,,
20660,,s==32|Vượt 5 ải Huyết Chiến Trường Bản,,1130,1250,1,999,530,0,5,0,0,,,,,,,,,,,,,,,
25000,,s==10|Thông quan,,1700,1650,,,401,0,75,,,,,2,3008,50,,,,,,,,,,
25010,,s==17|Đăng nhập ngày kế,,1700,1820,,,526,8117,1,,,,,2,8117,1,,,,,,,,,,
25020,,s==30|Kích hoạt Vương Giả Nguyệt Thẻ,,1700,1315,,,527,0,1,,,,,2,23507,50,,,,,,,,,,
25500,,s==35|Thách đấu Quần Thể Cạnh Tranh 5 lần,,3000,,,,,,,,,,,,,,,,,,,,,,,
25510,,s==36|Thách đấu Quần Thể Cạnh Tranh 10 lần,,3000,,,,,,,,,,,,,,,,,,,,,,,
25520,,s==38|Chiến thắng Quần Thể Cạnh Tranh 2 trận,,3000,,,,,,,,,,,,,,,,,,,,,,,
25530,,s==38|Chiến thắng Quần Thể Cạnh Tranh 5 trận,,3000,,,,,,,,,,,,,,,,,,,,,,,
25600,,s==24|Mỗi ngày đăng nhập 1 lần,,2500,,,,101,0,1,,,1,,2,1156,50,1,8,50000,1,10,20000,,,,
25601,,s==40|Nhận nhiệm vụ kỳ duyên tím trở lên 1 lần,,2500,2091,,,212,4,1,,,1,,2,1156,50,1,8,50000,1,10,20000,,,,
25602,,s==40|Nhận nhiệm vụ kỳ duyên tím trở lên 3 lần,,2500,2091,,,212,4,3,,,1,,2,1156,50,1,8,50000,1,10,20000,,,,
25603,,s==40|Nhận nhiệm vụ kỳ duyên tím trở lên 5 lần,,2500,2091,,,212,4,5,,,1,,2,1156,50,1,8,50000,1,10,20000,,,,
25604,,s==40|Nhận nhiệm vụ kỳ duyên tím trở lên 7 lần,,2500,2091,,,212,4,7,,,1,,2,1156,50,1,8,50000,1,10,20000,,,,
25605,,s==19|Tích điểm Kim 5 lần,,2500,1012,,,509,0,5,,,1,,2,1156,50,1,8,50000,1,10,20000,,,,
25606,,s==20|Tích điểm Kim 10 lần,,2500,1012,,,509,0,10,,,1,,2,1156,50,1,8,50000,1,10,20000,,,,
25607,,s==20|Tích điểm Kim 20 lần,,2500,1012,,,509,0,20,,,1,,2,1156,50,1,8,50000,1,10,20000,,,,
25608,,s==25|Tích lũy điểm vàng 30 lần,,2500,1012,,,509,0,30,,,1,,2,1156,50,1,8,50000,1,10,20000,,,,
25609,,s==30|Nạp bất kỳ mệnh giá trong ngày,,2500,1930,,,510,0,1,,,1,,2,1156,50,1,8,50000,1,10,20000,,,,
25610,,s==24|Mỗi ngày đăng nhập 1 lần,,2500,,,,101,0,1,,,2,,2,1156,50,1,8,50000,1,10,20000,,,,
25611,,s==30|Tham gia tác chiến nhanh 1 lần,,2500,2092,,,105,0,1,,,2,,2,1156,50,1,8,50000,1,10,20000,,,,
25612,,s==30|Tham gia tác chiến nhanh 3 lần,,2500,2092,,,105,0,3,,,2,,2,1156,50,1,8,50000,1,10,20000,,,,
25613,,s==30|Tham gia tác chiến nhanh 5 lần,,2500,2092,,,105,0,5,,,2,,2,1156,50,1,8,50000,1,10,20000,,,,
25614,,s==29|Giao duyên cùng Mỹ Nhân 5 lần,,2500,2300,,,518,0,5,,,2,,2,1156,50,1,8,50000,1,10,20000,,,,
25615,,s==30|Giao duyên cùng Mỹ Nhân 10 lần,,2500,2300,,,518,0,10,,,2,,2,1156,50,1,8,50000,1,10,20000,,,,
25616,,s==34|Thách đấu Hiệu Trường Võ Đấu 3 lần,,2500,1110,,,104,0,3,,,2,,2,1156,50,1,8,50000,1,10,20000,,,,
25617,,s==34|Thách đấu Hiệu Trường Võ Đấu 6 lần,,2500,1110,,,104,0,6,,,2,,2,1156,50,1,8,50000,1,10,20000,,,,
25618,,s==34|Thách đấu Hiệu Trường Võ Đấu 9 lần,,2500,1110,,,104,0,9,,,2,,2,1156,50,1,8,50000,1,10,20000,,,,
25619,,s==30|Nạp bất kỳ mệnh giá trong ngày,,2500,1930,,,510,0,1,,,2,,2,1156,50,1,8,50000,1,10,20000,,,,
25620,,s==24|Mỗi ngày đăng nhập 1 lần,,2500,,,,101,0,1,,,3,,2,1156,50,1,8,50000,1,10,20000,,,,
25621,,s==30|Tham gia Tầm Bảo thường 10 lần,,2500,1640,,,403,1,10,,,3,,2,1156,50,1,8,50000,1,10,20000,,,,
25622,,s==30|Tham gia Tầm Bảo thường 20 lần,,2500,1640,,,403,1,20,,,3,,2,1156,50,1,8,50000,1,10,20000,,,,
25623,,s==31|Tham gia Tầm Bảo cao cấp 10 lần,,2500,1640,,,403,3,10,,,3,,2,1156,50,1,8,50000,1,10,20000,,,,
25624,,s==31|Tham gia Tầm Bảo cao cấp 15 lần,,2500,1640,,,403,3,15,,,3,,2,1156,50,1,8,50000,1,10,20000,,,,
25625,,s==31|Tham gia Tầm Bảo cao cấp 20 lần,,2500,1640,,,403,3,20,,,3,,2,1156,50,1,8,50000,1,10,20000,,,,
25626,,s==26|Tham gia Tụ Hiền Các 1 lần,,2500,1140,,,211,0,1,,,3,,2,1156,50,1,8,50000,1,10,20000,,,,
25627,,s==26|Tham gia Tụ Hiền Các 2 lần,,2500,1140,,,211,0,2,,,3,,2,1156,50,1,8,50000,1,10,20000,,,,
25628,,s==26|Tham gia Tụ Hiền Các 3 lần,,2500,1140,,,211,0,3,,,3,,2,1156,50,1,8,50000,1,10,20000,,,,
25629,,s==30|Nạp bất kỳ mệnh giá trong ngày,,2500,1930,,,510,0,1,,,3,,2,1156,50,1,8,50000,1,10,20000,,,,
25630,,s==24|Mỗi ngày đăng nhập 1 lần,,2500,,,,101,0,1,,,4,,2,1156,50,1,8,50000,1,10,20000,,,,
25631,,s==31|Đoạt 1 lần võ thần điện thần vị,,2500,1270,,,345,0,1,,,4,,2,1156,50,1,8,50000,1,10,20000,,,,
25632,,s==30|Tham gia đoạt bảo thường 5 lần,,2500,1090,,,344,1,5,,,4,,2,1156,50,1,8,50000,1,10,20000,,,,
25633,,s==31|Tham gia đoạt bảo thường 10 lần,,2500,1090,,,344,1,10,,,4,,2,1156,50,1,8,50000,1,10,20000,,,,
25634,,s==31|Tham gia đoạt bảo thường 15 lần,,2500,1090,,,344,1,15,,,4,,2,1156,50,1,8,50000,1,10,20000,,,,
25635,,s==31|Tham gia đoạt bảo cao cấp 1 lần,,2500,1090,,,344,2,1,,,4,,2,1156,50,1,8,50000,1,10,20000,,,,
25636,,s==37|Tham gia 1 lần Huyết Chiến Trường Bản,,2500,1250,,,109,0,1,,,4,,2,1156,50,1,8,50000,1,10,20000,,,,
25637,,s==29|Tham gia phó bản thường 3 lần,,2500,1240,,,111,0,3,,,4,,2,1156,50,1,8,50000,1,10,20000,,,,
25638,,s==29|Tham gia phó bản thường 5 lần,,2500,1240,,,111,0,5,,,4,,2,1156,50,1,8,50000,1,10,20000,,,,
25639,,s==30|Nạp bất kỳ mệnh giá trong ngày,,2500,1930,,,510,0,1,,,4,,2,1156,50,1,8,50000,1,10,20000,,,,
25640,,s==24|Mỗi ngày đăng nhập 1 lần,,2500,,,,101,0,1,,,5,,2,1156,50,1,8,50000,1,10,20000,,,,
25641,,s==20|Tích điểm Kim 20 lần,,2500,1012,,,509,0,20,,,5,,2,1156,50,1,8,50000,1,10,20000,,,,
25642,,s==35|Mua vật phẩm tại thương thành 2 lần,,2500,1660,,,402,1,2,,,5,,2,1156,50,1,8,50000,1,10,20000,,,,
25643,,s==34|Thách đấu Hiệu Trường Võ Đấu 3 lần,,2500,1110,,,104,0,3,,,5,,2,1156,50,1,8,50000,1,10,20000,,,,
25644,,s==35|Tiến hành 5 lần Thần Binh Thăng Cấp,,2500,1890,,,512,0,5,,,5,,2,1156,50,1,8,50000,1,10,20000,,,,
25645,,s==25|Hợp thành 1 tướng ngũ sao,,2500,1630,,,519,5,1,,,5,,2,1156,50,1,8,50000,1,10,20000,,,,
25646,,s==30|Thách đấu phó bản thường 8 lần,,2500,1240,,,111,0,8,,,5,,2,1156,50,1,8,50000,1,10,20000,,,,
25647,,s==25|Tặng 20 lần điểm hữu nghị,,2500,1020,,,205,0,20,,,5,,2,1156,50,1,8,50000,1,10,20000,,,,
25648,,s==31|Tham gia Tầm Bảo cao cấp 10 lần,,2500,1640,,,403,3,10,,,5,,2,1156,50,1,8,50000,1,10,20000,,,,
25649,,s==30|Nạp bất kỳ mệnh giá trong ngày,,2500,1930,,,510,0,1,,,5,,2,1156,50,1,8,50000,1,10,20000,,,,
25650,,s==24|Mỗi ngày đăng nhập 1 lần,,2500,,,,101,0,1,,,6,,2,1156,50,1,8,50000,1,10,20000,,,,
25651,,s==38|Mua 3 Món Hàng Tại Thần Bí Thương Điếm,,2500,1810,,,402,2,3,,,6,,2,1156,50,1,8,50000,1,10,20000,,,,
25652,,s==38|Mua 6 món hàng tại Thần Bí Thương Điếm,,2500,1810,,,402,2,6,,,6,,2,1156,50,1,8,50000,1,10,20000,,,,
25653,,s==34|Thần bí thương điếm mua 9 vật phẩm,,2500,1810,,,402,2,9,,,6,,2,1156,50,1,8,50000,1,10,20000,,,,
25654,,s==36|Thách đấu 1 lần tướng địch quân đoàn,,2500,1470,,,107,0,1,,,6,,2,1156,50,1,8,50000,1,10,20000,,,,
25655,,s==36|Thách đấu 3 lần tướng địch quân đoàn,,2500,1470,,,107,0,3,,,6,,2,1156,50,1,8,50000,1,10,20000,,,,
25656,,s==36|Thách đấu 5 lần tướng địch quân đoàn,,2500,1470,,,107,0,5,,,6,,2,1156,50,1,8,50000,1,10,20000,,,,
25657,,s==34|Tham gia quân đoàn hiến tặng 1 lần,,2500,1460,,,108,0,1,,,6,,2,1156,50,1,8,50000,1,10,20000,,,,
25658,,s==31|Đoạt 1 lần võ thần điện thần vị,,2500,1270,,,345,0,1,,,6,,2,1156,50,1,8,50000,1,10,20000,,,,
25659,,s==30|Nạp bất kỳ mệnh giá trong ngày,,2500,1930,,,510,0,1,,,6,,2,1156,50,1,8,50000,1,10,20000,,,,
25660,,s==24|Mỗi ngày đăng nhập 1 lần,,2500,,,,101,0,1,,,7,,2,1156,50,1,8,50000,1,10,20000,,,,
25661,,s==42|Thần thiên tháp quét sạch hoặc vượt 3 tầng,,2500,1130,,,106,0,3,,,7,,2,1156,50,1,8,50000,1,10,20000,,,,
25662,,s==42|Thần thiên tháp quét sạch hoặc vượt 6 tầng,,2500,1130,,,106,0,6,,,7,,2,1156,50,1,8,50000,1,10,20000,,,,
25663,,s==30|Tham gia đoạt bảo thường 5 lần,,2500,1090,,,344,1,5,,,7,,2,1156,50,1,8,50000,1,10,20000,,,,
25664,,s==31|Tham gia đoạt bảo thường 10 lần,,2500,1090,,,344,1,10,,,7,,2,1156,50,1,8,50000,1,10,20000,,,,
25665,,s==31|Tham gia đoạt bảo thường 15 lần,,2500,1090,,,344,1,15,,,7,,2,1156,50,1,8,50000,1,10,20000,,,,
25666,,s==31|Tham gia đoạt bảo cao cấp 1 lần,,2500,1090,,,344,2,1,,,7,,2,1156,50,1,8,50000,1,10,20000,,,,
25667,,s==26|Tham gia Tụ Hiền Các 1 lần,,2500,1140,,,211,0,1,,,7,,2,1156,50,1,8,50000,1,10,20000,,,,
25668,,s==14|Hạ dã 20 tướng,,2500,1120,,,213,0,20,,,7,,2,1156,50,1,8,50000,1,10,20000,,,,
25669,,s==30|Nạp bất kỳ mệnh giá trong ngày,,2500,1930,,,510,0,1,,,7,,2,1156,50,1,8,50000,1,10,20000,,,,
28000,,s==31|Tham gia đoạt bảo cao cấp 1 lần,,3006,1090,,,344,2,1,,,1,,2,1137,1,2,1001,200,,,,,,,
28001,,s==33|Nâng cấp quân đoàn khoa học 3 lần,,3006,1490,,,502,0,3,,,1,,2,1137,1,2,1006,50,,,,,,,
28002,,s==40|Nhận 4 lần nhiệm vụ kỳ duyên tím trở lên,,3006,2091,,,212,4,4,,,1,,2,1137,1,2,1077,30,,,,,,,
28003,,s==20|Tích điểm Kim 20 lần,,3006,1012,,,509,0,20,,,1,,2,1137,1,2,1005,5,,,,,,,
28004,,s==35|Mua vật phẩm tại thương thành 2 lần,,3006,1660,,,402,1,2,,,1,,2,1137,1,2,1003,1,,,,,,,
28005,,s==34|Thách đấu Hiệu Trường Võ Đấu 3 lần,,3006,1110,,,104,0,3,,,1,,2,1137,1,2,1002,10,,,,,,,
28006,,s==35|Tiến hành 5 lần Thần Binh Thăng Cấp,,3006,1890,,,512,0,5,,,1,,2,1137,1,2,1007,5,,,,,,,
28007,,s==25|Hợp thành 1 tướng ngũ sao,,3006,1630,,,519,5,1,,,1,,2,1137,1,2,3008,10,,,,,,,
28008,,s==36|Thách đấu 20 lần phó bản thường nhật,,3006,1240,,,111,0,20,,,1,,2,1137,1,2,3002,30,,,,,,,
28009,,s==25|Tặng 40 lần điểm hữu nghị,,3006,1020,,,205,0,40,,1,2,,2,1137,1,2,4010,1,,,,,,,
28010,,s==32|Tham gia cao cấp tuần tra 30 lần,,3006,1640,,,403,3,30,,2,2,,2,1137,1,2,1003,1,,,,,,,
28011,,s==25|Hợp thành 1 tướng lục sao,,3006,1630,,,519,6,1,,3,2,,2,1137,1,1,8,300000,,,,,,,
28012,,s==34|Tham gia quân đoàn cống hiến 2 lần,,3006,1460,,,108,0,2,,4,2,,2,1137,1,1,10,150000,,,,,,,
28013,,s==37|Thách đấu 10 lần tướng địch quân đoàn,,3006,1470,,,107,0,10,,5,2,,2,1137,1,2,1001,200,,,,,,,
28014,,s==34|Thần bí thương điếm mua 6 vật phẩm,,3006,1810,,,402,2,6,,6,2,,2,1137,1,2,1006,50,,,,,,,
28015,,s==30|Tham gia thường phó bảo 20 lần,,3006,1090,,,344,1,20,,7,2,,2,1137,1,2,1077,30,,,,,,,
28016,,s==30|Tham gia cao cấp phó bảo 5 lần,,3006,1090,,,344,2,5,,8,2,,2,1137,1,2,1005,5,,,,,,,
28017,,s==36|Tiến hành 30 lần thần binh thăng cấp,,3006,1890,,,512,0,30,,,2,,2,1137,1,2,1003,1,,,,,,,
28018,,s==45|Thách đấu và quét sạch kinh Châu chiến 20 lần,,3006,1970,,,515,0,20,,,3,,2,1137,1,2,1002,10,,,,,,,
28019,,s==14|Hạ dã 40 tướng,,3006,1120,,,213,0,40,,,3,,2,1137,1,2,1007,5,,,,,,,
28020,,s==23|Giao duy mỹ nhân 30 lần,,3006,2300,,,518,0,30,,,3,,2,1137,1,2,3008,10,,,,,,,
28021,,s==24|Tích lũy điểm kim 50 lần,,3006,1012,,,509,0,50,,,3,,2,1137,1,2,1004,1,,,,,,,
28022,,s==35|Tào vận vận chuyển thành công 2 lần,,3006,1991,,,609,0,2,,,3,,2,1137,1,2,4010,1,,,,,,,
28023,,s==35|Thần bí thương điếm mua 12 vật phẩm,,3006,1810,,,402,2,12,,,3,,2,1137,1,2,1003,1,,,,,,,
28024,,s==24|Hợp thành 3 ấn tướng tím,,3006,1104,,,210,4,3,,,3,,2,1137,1,1,8,300000,,,,,,,
28025,,s==37|Thách đấu 20 lần tướng địch quân đoàn,,3006,1470,,,107,0,20,,,3,,2,1137,1,1,10,150000,,,,,,,
28026,,s==60|Thách Đấu hoặc Quét Sạch Thông Thiên Tháp bất kỳ tầng 15 lần,,3006,1130,,,106,0,15,,,3,,2,1137,1,2,1001,200,,,,,,,
28027,,s==26|Tham gia tụ hiền các 8 lần,,3006,1140,,,211,0,8,,,4,,2,1137,1,2,1006,50,,,,,,,
28028,,s==25|Hợp thành 4 tướng ngũ sao,,3006,1630,,,519,5,4,,,4,,2,1137,1,2,1077,30,,,,,,,
28029,,s==30|Tham gia cao cấp phó bảo 8 lần,,3006,1090,,,344,2,8,,,4,,2,1137,1,2,1005,5,,,,,,,
28030,,s==36|Tiến hành 40 lần thần binh thăng cấp,,3006,1890,,,512,0,40,,,4,,2,1137,1,2,1030,1,,,,,,,
28031,,s==25|Hợp thành 3 tướng lục sao,,3006,1630,,,519,6,3,,,4,,2,1137,1,2,1002,10,,,,,,,
28032,,s==24|Tích lũy điểm kim 80 lần,,3006,1012,,,509,0,80,,,4,,2,1137,1,2,1007,5,,,,,,,
28033,,s==31|Nhận 5 lần nhiệm vụ kỳ duyên đỏ,,3006,2091,,,212,6,5,,,4,,2,1137,1,2,3008,10,,,,,,,
28034,,s==32|Tham gia cao cấp tuần tra 50 lần,,3006,1640,,,403,3,50,,,4,,2,1137,1,2,3002,30,,,,,,,
28035,,s==45|Thách đấu và quét sạch kinh Châu chiến 40 lần,,3006,1970,,,515,0,40,,,4,,2,1137,1,2,4010,1,,,,,,,
28036,,s==35|Mua 10 lần tại đạo cụ thương trường,,3006,1660,,,402,1,10,,,5,,2,1137,1,2,1003,1,,,,,,,
28037,,s==31|Tham gia cao cấp phó bảo 10 lần,,3006,1090,,,344,2,10,,,5,,2,1137,1,1,8,300000,,,,,,,
28038,,s==36|Tiến hành 50 lần thần binh thăng cấp,,3006,1890,,,512,0,50,,,5,,2,1137,1,1,10,150000,,,,,,,
28039,,s==25|Hợp thành 4 tướng lục sao,,3006,1630,,,519,6,4,,,5,,2,1137,1,2,1001,200,,,,,,,
28040,,s==21|Tích điểm kim 100 lần,,3006,1012,,,509,0,100,,,5,,2,1137,1,2,1006,50,,,,,,,
28041,,s==29|Hợp thành 4 trang bị hồng sắc,,3006,1100,,,604,6,4,,,5,,2,1137,1,2,1077,30,,,,,,,
28042,,s==35|Thần bí thương điếm mua 20 vật phẩm,,3006,1810,,,402,2,20,,,5,,2,1137,1,2,3008,10,,,,,,,
28043,,s==37|Thách đấu 25 lần tướng địch quân đoàn,,3006,1470,,,107,0,25,,,5,,2,1137,1,2,1003,1,,,,,,,
28044,,s==39|Tích nạp tổng cộng 60 KNB trong sự kiện,,3006,1930,,,510,0,6,,,5,,2,1137,1,2,1044,2,,,,,,,
28045,,s==27|Tham gia tụ hiền các 12 lần,,3006,1140,,,211,0,12,,,6,,2,1137,1,2,1003,1,,,,,,,
28046,,s==41|Nhận 30 lần nhiệm vụ kỳ duyên tím trở lên,,3006,2091,,,212,4,30,,,6,,2,1137,1,2,1007,6,,,,,,,
28047,,s==35|Thần bí thương điếm mua 24 vật phẩm,,3006,1810,,,402,2,24,,,6,,2,1137,1,2,3008,10,,,,,,,
28048,,s==31|Đoạt 1 lần võ thần điện thần vị,,3006,1270,,,345,0,1,,,6,,2,1137,1,2,4010,2,,,,,,,
28049,,s==23|Giao duy mỹ nhân 60 lần,,3006,2300,,,518,0,60,,,6,,2,1137,1,2,1003,1,,,,,,,
28050,,s==40|Tích nạp tổng cộng 120 KNB trong sự kiện,,3006,1930,,,510,0,12,,,6,,2,1137,1,2,1004,1,,,,,,,
28051,,s==27|Tham gia nhanh chiến 24 lần,,3006,2092,,,105,0,24,,,6,,2,1137,1,2,1001,300,,,,,,,
28052,,s==14|Hạ dã 80 tướng,,3006,1120,,,213,0,80,,,6,,2,1137,1,2,1002,15,,,,,,,
28053,,s==26|Tặng 100 lần điểm hữu nghị,,3006,1020,,,205,0,100,,,6,,2,1137,1,2,1077,45,,,,,,,
28054,,s==32|Tham gia cao cấp tuần tra 70 lần,,3006,1640,,,403,3,70,,,7,,2,1137,1,2,1005,10,,,,,,,
28055,,s==27|Tham gia tụ hiền các 14 lần,,3006,1140,,,211,0,14,,,7,,2,1137,1,2,3002,30,,,,,,,
28056,,s==23|Giao duy mỹ nhân 70 lần,,3006,2300,,,518,0,70,,,7,,2,1137,1,2,1027,50,,,,,,,
28057,,s==28|Tham gia 20 lần lễ tế Kỳ Lân,,3006,1992,,,359,0,20,,,7,,2,1137,1,1,9,200,,,,,,,
28058,,s==40|Tích nạp tổng cộng 180 KNB trong sự kiện,,3006,1930,,,510,0,18,,,7,,2,1137,1,2,1014,1,,,,,,,
28059,,s==31|Tham gia cao cấp phó bảo 14 lần,,3006,1090,,,344,2,14,,,7,,2,1137,1,2,1014,1,,,,,,,
28060,,s==41|Nhận 40 lần nhiệm vụ kỳ duyên tím trở lên,,3006,2091,,,212,4,40,,,7,,2,1137,1,2,1019,15,,,,,,,
28061,,s==27|Tham gia nhanh chiến 30 lần,,3006,2092,,,105,0,30,,,7,,2,1137,1,1,9,200,,,,,,,
28062,,s==26|Hợp thành 10 tướng ngũ sao,,3006,1630,,,519,5,10,,,7,,2,1137,1,2,3008,20,,,,,,,
28064,,s==50|Trong Binh Vô Thường Thế tung bất kỳ xúc xắc 1 lần,,3010,3031,,,610,0,1,,,1,,1,8,100000,,,,,,,,,,
28065,,s==50|Trong Binh Vô Thường Thế tung bất kỳ xúc xắc 2 lần,,3010,3031,,,610,0,2,,,1,,1,8,100000,,,,,,,,,,
28066,,s==50|Trong Binh Vô Thường Thế tung bất kỳ xúc xắc 3 lần,,3010,3031,,,610,0,3,,,1,,1,8,100000,,,,,,,,,,
28068,,s==55|Thách đấu 1 lần cứ điểm bất kỳ trong Binh Vô Thường Thế,,3010,3031,,,611,0,1,,,1,,1,8,100000,,,,,,,,,,
28069,,s==55|Thách đấu 2 lần cứ điểm bất kỳ trong Binh Vô Thường Thế,,3010,3031,,,611,0,2,,,1,,1,8,100000,,,,,,,,,,
28070,,s==24|Mỗi ngày tích nạp 60 KNB,,3010,1930,,,510,0,6,,,1,,1,8,100000,,,,,,,,,,
28072,,s==19|Tích điểm Kim 5 lần,,3010,1012,,,509,0,5,,,1,,1,8,100000,,,,,,,,,,
28073,,s==20|Tích điểm Kim 10 lần,,3010,1012,,,509,0,10,,,1,,1,8,100000,,,,,,,,,,
28075,,s==20|Tích điểm Kim 20 lần,,3010,1012,,,509,0,20,,,1,,1,8,100000,,,,,,,,,,
28076,,s==50|Trong Binh Vô Thường Thế tung bất kỳ xúc xắc 1 lần,,3010,3031,,,610,0,1,,,2,,1,8,100000,,,,,,,,,,
28077,,s==50|Trong Binh Vô Thường Thế tung bất kỳ xúc xắc 2 lần,,3010,3031,,,610,0,2,,,2,,1,8,100000,,,,,,,,,,
28078,,s==50|Trong Binh Vô Thường Thế tung bất kỳ xúc xắc 3 lần,,3010,3031,,,610,0,3,,,2,,1,8,100000,,,,,,,,,,
28079,,s==55|Thách đấu 1 lần cứ điểm bất kỳ trong Binh Vô Thường Thế,,3010,3031,,,611,0,1,,,2,,1,8,100000,,,,,,,,,,
28080,,s==55|Thách đấu 2 lần cứ điểm bất kỳ trong Binh Vô Thường Thế,,3010,3031,,,611,0,2,,,2,,1,8,100000,,,,,,,,,,
28081,,s==30|Nạp bất kỳ mệnh giá trong ngày,,3010,1930,,,510,0,1,,,2,,1,8,100000,,,,,,,,,,
28082,,s==26|Tham gia Tụ Hiền Các 1 lần,,3010,1140,,,211,0,1,,,2,,1,8,100000,,,,,,,,,,
28083,,s==26|Tham gia Tụ Hiền Các 2 lần,,3010,1140,,,211,0,2,,,2,,1,8,100000,,,,,,,,,,
28084,,s==26|Tham gia Tụ Hiền Các 4 lần,,3010,1140,,,211,0,4,,,2,,1,8,100000,,,,,,,,,,
28085,,s==50|Trong Binh Vô Thường Thế tung bất kỳ xúc xắc 1 lần,,3010,3031,,,610,0,1,,,3,,1,8,100000,,,,,,,,,,
28086,,s==50|Trong Binh Vô Thường Thế tung bất kỳ xúc xắc 2 lần,,3010,3031,,,610,0,2,,,3,,1,8,100000,,,,,,,,,,
28087,,s==50|Trong Binh Vô Thường Thế tung bất kỳ xúc xắc 3 lần,,3010,3031,,,610,0,3,,,3,,1,8,100000,,,,,,,,,,
28088,,s==55|Thách đấu 1 lần cứ điểm bất kỳ trong Binh Vô Thường Thế,,3010,3031,,,611,0,1,,,3,,1,8,100000,,,,,,,,,,
28089,,s==55|Thách đấu 2 lần cứ điểm bất kỳ trong Binh Vô Thường Thế,,3010,3031,,,611,0,2,,,3,,1,8,100000,,,,,,,,,,
28090,,s==30|Nạp bất kỳ mệnh giá trong ngày,,3010,1930,,,510,0,1,,,3,,1,8,100000,,,,,,,,,,
28091,,s==38|Tiêu hao 3 lần tại Thương Thành Đạo Cụ,,3010,1660,,,402,1,3,,,3,,1,8,100000,,,,,,,,,,
28092,,s==38|Tiêu hao 8 lần tại Thương Thành Đạo Cụ,,3010,1660,,,402,1,8,,,3,,1,8,100000,,,,,,,,,,
28093,,s==38|Tiêu phí 8 lần tại Thần Bí Thương Điếm,,3010,1810,,,402,2,8,,,3,,1,8,100000,,,,,,,,,,
28094,,s==50|Trong Binh Vô Thường Thế tung bất kỳ xúc xắc 1 lần,,3010,3031,,,610,0,1,,,4,,1,8,100000,,,,,,,,,,
28095,,s==50|Trong Binh Vô Thường Thế tung bất kỳ xúc xắc 2 lần,,3010,3031,,,610,0,2,,,4,,1,8,100000,,,,,,,,,,
28096,,s==50|Trong Binh Vô Thường Thế tung bất kỳ xúc xắc 3 lần,,3010,3031,,,610,0,3,,,4,,1,8,100000,,,,,,,,,,
28097,,s==55|Thách đấu 1 lần cứ điểm bất kỳ trong Binh Vô Thường Thế,,3010,3031,,,611,0,1,,,4,,1,8,100000,,,,,,,,,,
28098,,s==55|Thách đấu 2 lần cứ điểm bất kỳ trong Binh Vô Thường Thế,,3010,3031,,,611,0,2,,,4,,1,8,100000,,,,,,,,,,
28099,,s==30|Nạp bất kỳ mệnh giá trong ngày,,3010,1930,,,510,0,1,,,4,,1,8,100000,,,,,,,,,,
28100,,s==27|Nhanh chóng chiến đấu 3 lần,,3010,2092,,,105,0,3,,,4,,1,8,100000,,,,,,,,,,
28101,,s==27|Nhanh chóng chiến đấu 4 lần,,3010,2092,,,105,0,4,,,4,,1,8,100000,,,,,,,,,,
28102,,s==27|Nhanh chóng chiến đấu 6 lần,,3010,2092,,,105,0,6,,,4,,1,8,100000,,,,,,,,,,
28103,,s==50|Trong Binh Vô Thường Thế tung bất kỳ xúc xắc 1 lần,,3010,3031,,,610,0,1,,,5,,1,8,100000,,,,,,,,,,
28104,,s==50|Trong Binh Vô Thường Thế tung bất kỳ xúc xắc 2 lần,,3010,3031,,,610,0,2,,,5,,1,8,100000,,,,,,,,,,
28105,,s==50|Trong Binh Vô Thường Thế tung bất kỳ xúc xắc 3 lần,,3010,3031,,,610,0,3,,,5,,1,8,100000,,,,,,,,,,
28106,,s==55|Thách đấu 1 lần cứ điểm bất kỳ trong Binh Vô Thường Thế,,3010,3031,,,611,0,1,,,5,,1,8,100000,,,,,,,,,,
28107,,s==55|Thách đấu 2 lần cứ điểm bất kỳ trong Binh Vô Thường Thế,,3010,3031,,,611,0,2,,,5,,1,8,100000,,,,,,,,,,
28108,,s==30|Nạp bất kỳ mệnh giá trong ngày,,3010,1930,,,510,0,1,,,5,,1,8,100000,,,,,,,,,,
28109,,s==31|Đoạt 1 lần võ thần điện thần vị,,3010,1270,,,345,0,1,,,5,,1,8,100000,,,,,,,,,,
28110,,s==34|Tham gia Cao Cấp Tuần Phỏng 10 lần,,3010,1640,,,403,3,10,,,5,,1,8,100000,,,,,,,,,,
28111,,s==34|Tham gia Cao Cấp Tuần Phỏng 20 lần,,3010,1640,,,403,3,20,,,5,,1,8,100000,,,,,,,,,,
28112,,s==50|Trong Binh Vô Thường Thế tung bất kỳ xúc xắc 1 lần,,3010,3031,,,610,0,1,,,6,,1,8,100000,,,,,,,,,,
28113,,s==50|Trong Binh Vô Thường Thế tung bất kỳ xúc xắc 2 lần,,3010,3031,,,610,0,2,,,6,,1,8,100000,,,,,,,,,,
28114,,s==50|Trong Binh Vô Thường Thế tung bất kỳ xúc xắc 3 lần,,3010,3031,,,610,0,3,,,6,,1,8,100000,,,,,,,,,,
28115,,s==55|Thách đấu 1 lần cứ điểm bất kỳ trong Binh Vô Thường Thế,,3010,3031,,,611,0,1,,,6,,1,8,100000,,,,,,,,,,
28116,,s==55|Thách đấu 2 lần cứ điểm bất kỳ trong Binh Vô Thường Thế,,3010,3031,,,611,0,2,,,6,,1,8,100000,,,,,,,,,,
28117,,s==30|Nạp bất kỳ mệnh giá trong ngày,,3010,1930,,,510,0,1,,,6,,1,8,100000,,,,,,,,,,
28118,,s==31|Tham gia đoạt bảo thường 10 lần,,3010,1090,,,344,1,10,,,6,,1,8,100000,,,,,,,,,,
28119,,s==31|Tham gia đoạt bảo cao cấp 1 lần,,3010,1090,,,344,2,1,,,6,,1,8,100000,,,,,,,,,,
28120,,s==31|Tham gia Cao Cấp Đoạt Bảo 3 lần,,3010,1090,,,344,2,3,,,6,,1,8,100000,,,,,,,,,,
28121,,s==50|Trong Binh Vô Thường Thế tung bất kỳ xúc xắc 1 lần,,3010,3031,,,610,0,1,,,7,,1,8,100000,,,,,,,,,,
28122,,s==50|Trong Binh Vô Thường Thế tung bất kỳ xúc xắc 2 lần,,3010,3031,,,610,0,2,,,7,,1,8,100000,,,,,,,,,,
28123,,s==50|Trong Binh Vô Thường Thế tung bất kỳ xúc xắc 3 lần,,3010,3031,,,610,0,3,,,7,,1,8,100000,,,,,,,,,,
28124,,s==55|Thách đấu 1 lần cứ điểm bất kỳ trong Binh Vô Thường Thế,,3010,3031,,,611,0,1,,,7,,1,8,100000,,,,,,,,,,
28125,,s==55|Thách đấu 2 lần cứ điểm bất kỳ trong Binh Vô Thường Thế,,3010,3031,,,611,0,2,,,7,,1,8,100000,,,,,,,,,,
28126,,s==30|Nạp bất kỳ mệnh giá trong ngày,,3010,1930,,,510,0,1,,,7,,1,8,100000,,,,,,,,,,
28127,,s==36|Thách đấu 1 lần tướng địch quân đoàn,,3010,1470,,,107,0,1,,,7,,1,8,100000,,,,,,,,,,
28128,,s==36|Thách đấu 2 lần Tướng Địch Quân Đoàn,,3010,1470,,,107,0,2,,,7,,1,8,100000,,,,,,,,,,
28129,,s==36|Thách đấu 3 lần Tướng Địch Quân Đoàn,,3010,1470,,,107,0,3,,,7,,1,8,100000,,,,,,,,,,
29000,,s==35|Tích lũy thu thập 200 điểm Phong Ma,,3013,3083,,,620,0,200,,,,,2,1142,50,2,1001,50,,,,,,,
29001,,s==35|Tích lũy thu thập 200 điểm Phong Ma,,3013,3083,,,620,0,200,,,,,2,1142,100,2,1006,200,,,,,,,
29002,,s==35|Tích lũy thu thập 450 điểm Phong Ma,,3013,3083,,,620,0,450,,,,,2,1142,150,2,1007,5,,,,,,,
29003,,s==35|Tích lũy thu thập 750 điểm Phong Ma,,3013,3083,,,620,0,750,,,,,2,1142,200,2,1003,1,,,,,,,
29004,,s==36|Tích lũy thu thập 1200 điểm Phong Ma,,3013,3083,,,620,0,1200,,,,,2,1142,250,2,1077,100,,,,,,,
29005,,s==36|Tích lũy thu thập 1800 điểm Phong Ma,,3013,3083,,,620,0,1800,,,,,2,1142,300,2,1003,2,,,,,,,
30000,,s==31|Tham gia đoạt bảo cao cấp 1 lần,,3025,1090,,,344,2,1,,,1,,2,1001,50,1,8,50000,,,,,,,
30001,,s==33|Nâng cấp quân đoàn khoa học 3 lần,,3025,1490,,,502,0,3,,,1,,2,1002,2,1,8,50000,,,,,,,
30002,,s==40|Nhận 4 lần nhiệm vụ kỳ duyên tím trở lên,,3025,2091,,,212,4,4,,,1,,2,1005,1,1,8,50000,,,,,,,
30003,,s==20|Tích điểm Kim 20 lần,,3025,1012,,,509,0,20,,,1,,2,1007,1,1,8,50000,,,,,,,
30004,,s==35|Mua vật phẩm tại thương thành 2 lần,,3025,1660,,,402,1,2,,,1,,2,1171,1,1,8,50000,,,,,,,
30005,,s==34|Thách đấu Hiệu Trường Võ Đấu 3 lần,,3025,1110,,,104,0,3,,,1,,2,1014,1,1,8,50000,,,,,,,
30006,,s==35|Tiến hành 5 lần Thần Binh Thăng Cấp,,3025,1890,,,512,0,5,,,1,,2,1006,50,1,8,50000,,,,,,,
30007,,s==25|Hợp thành 1 tướng ngũ sao,,3025,1630,,,519,5,1,,,1,,2,1003,1,1,8,50000,,,,,,,
30008,,s==36|Thách đấu 20 lần phó bản thường nhật,,3025,1240,,,111,0,20,,,1,,2,1027,10,1,8,50000,,,,,,,
30009,,s==25|Tặng 40 lần điểm hữu nghị,,3025,1020,,,205,0,40,,,2,,2,1171,1,1,8,50000,,,,,,,
30010,,s==32|Tham gia cao cấp tuần tra 30 lần,,3025,1640,,,403,3,30,,,2,,2,1001,50,1,8,50000,,,,,,,
30011,,s==25|Hợp thành 1 tướng lục sao,,3025,1630,,,519,6,1,,,2,,2,1002,2,1,8,50000,,,,,,,
30012,,s==34|Tham gia quân đoàn cống hiến 2 lần,,3025,1460,,,108,0,2,,,2,,2,1005,1,1,8,50000,,,,,,,
30013,,s==37|Thách đấu 10 lần tướng địch quân đoàn,,3025,1470,,,107,0,10,,,2,,2,1007,1,1,8,50000,,,,,,,
30014,,s==34|Thần bí thương điếm mua 6 vật phẩm,,3025,1810,,,402,2,6,,,2,,2,1006,50,1,8,50000,,,,,,,
30015,,s==30|Tham gia thường phó bảo 20 lần,,3025,1090,,,344,1,20,,,2,,2,1014,1,1,8,50000,,,,,,,
30016,,s==30|Tham gia cao cấp phó bảo 5 lần,,3025,1090,,,344,2,5,,,2,,2,1006,50,1,8,50000,,,,,,,
30017,,s==36|Tiến hành 30 lần thần binh thăng cấp,,3025,1890,,,512,0,30,,,2,,2,1003,1,1,8,50000,,,,,,,
30018,,s==45|Thách đấu và quét sạch kinh Châu chiến 20 lần,,3025,1970,,,515,0,20,,,3,,2,1027,10,1,8,50000,,,,,,,
30019,,s==14|Hạ dã 40 tướng,,3025,1120,,,213,0,40,,,3,,2,1171,1,1,8,50000,,,,,,,
30020,,s==23|Giao duy mỹ nhân 30 lần,,3025,2300,,,518,0,30,,,3,,2,1001,50,1,8,50000,,,,,,,
30021,,s==24|Tích lũy điểm kim 50 lần,,3025,1012,,,509,0,50,,,3,,2,1002,2,1,8,50000,,,,,,,
30022,,s==35|Tào vận vận chuyển thành công 2 lần,,3025,1991,,,609,0,2,,,3,,2,1005,1,1,8,50000,,,,,,,
30023,,s==35|Thần bí thương điếm mua 12 vật phẩm,,3025,1810,,,402,2,12,,,3,,2,1007,1,1,8,50000,,,,,,,
30024,,s==24|Hợp thành 3 ấn tướng tím,,3025,1104,,,210,4,3,,,3,,1,9,50,1,8,50000,,,,,,,
30025,,s==37|Thách đấu 20 lần tướng địch quân đoàn,,3025,1470,,,107,0,20,,,3,,2,1014,1,1,8,50000,,,,,,,
30026,,s==60|Thách Đấu hoặc Quét Sạch Thông Thiên Tháp bất kỳ tầng 15 lần,,3025,1130,,,106,0,15,,,3,,2,1006,50,1,8,50000,,,,,,,
30027,,s==26|Tham gia tụ hiền các 8 lần,,3025,1140,,,211,0,8,,,4,,2,1003,1,1,8,50000,,,,,,,
30028,,s==25|Hợp thành 4 tướng ngũ sao,,3025,1630,,,519,5,4,,,4,,2,1027,10,1,8,50000,,,,,,,
30029,,s==30|Tham gia cao cấp phó bảo 8 lần,,3025,1090,,,344,2,8,,,4,,2,1171,1,1,8,50000,,,,,,,
30030,,s==36|Tiến hành 40 lần thần binh thăng cấp,,3025,1890,,,512,0,40,,,4,,2,1001,50,1,8,50000,,,,,,,
30031,,s==25|Hợp thành 3 tướng lục sao,,3025,1630,,,519,6,3,,,4,,2,1002,2,1,8,50000,,,,,,,
30032,,s==24|Tích lũy điểm kim 80 lần,,3025,1012,,,509,0,80,,,4,,2,1005,1,1,8,50000,,,,,,,
30033,,s==31|Nhận 5 lần nhiệm vụ kỳ duyên đỏ,,3025,2091,,,212,6,5,,,4,,2,1007,1,1,8,50000,,,,,,,
30034,,s==32|Tham gia cao cấp tuần tra 50 lần,,3025,1640,,,403,3,50,,,4,,1,9,50,1,8,50000,,,,,,,
30035,,s==45|Thách đấu và quét sạch kinh Châu chiến 40 lần,,3025,1970,,,515,0,40,,,4,,2,1014,1,1,8,50000,,,,,,,
30036,,s==35|Mua 10 lần tại đạo cụ thương trường,,3025,1660,,,402,1,10,,,5,,2,1006,50,1,8,50000,,,,,,,
30037,,s==31|Tham gia cao cấp phó bảo 10 lần,,3025,1090,,,344,2,10,,,5,,2,1003,1,1,8,50000,,,,,,,
30038,,s==36|Tiến hành 50 lần thần binh thăng cấp,,3025,1890,,,512,0,50,,,5,,2,1027,10,1,8,50000,,,,,,,
30039,,s==25|Hợp thành 4 tướng lục sao,,3025,1630,,,519,6,4,,,5,,2,1171,1,1,8,50000,,,,,,,
30040,,s==21|Tích điểm kim 100 lần,,3025,1012,,,509,0,100,,,5,,2,1001,50,1,8,50000,,,,,,,
30041,,s==29|Hợp thành 4 trang bị hồng sắc,,3025,1100,,,604,6,4,,,5,,2,1002,2,1,8,50000,,,,,,,
30042,,s==35|Thần bí thương điếm mua 20 vật phẩm,,3025,1810,,,402,2,20,,,5,,2,1005,1,1,8,50000,,,,,,,
30043,,s==37|Thách đấu 25 lần tướng địch quân đoàn,,3025,1470,,,107,0,25,,,5,,2,1007,1,1,8,50000,,,,,,,
30044,,s==39|Tích nạp tổng cộng 60 KNB trong sự kiện,,3025,1930,,,510,0,6,,,5,,1,9,50,1,8,50000,,,,,,,
30045,,s==27|Tham gia tụ hiền các 12 lần,,3025,1140,,,211,0,12,,,6,,2,1014,1,1,8,50000,,,,,,,
30046,,s==41|Nhận 30 lần nhiệm vụ kỳ duyên tím trở lên,,3025,2091,,,212,4,30,,,6,,2,1006,50,1,8,50000,,,,,,,
30047,,s==35|Thần bí thương điếm mua 24 vật phẩm,,3025,1810,,,402,2,24,,,6,,2,1003,1,1,8,50000,,,,,,,
30048,,s==31|Đoạt 1 lần võ thần điện thần vị,,3025,1270,,,345,0,1,,,6,,2,1027,10,1,8,50000,,,,,,,
30049,,s==23|Giao duy mỹ nhân 60 lần,,3025,2300,,,518,0,60,,,6,,2,1171,1,1,8,50000,,,,,,,
30050,,s==40|Tích nạp tổng cộng 120 KNB trong sự kiện,,3025,1930,,,510,0,12,,,6,,2,1001,50,1,8,50000,,,,,,,
30051,,s==27|Tham gia nhanh chiến 24 lần,,3025,2092,,,105,0,24,,,6,,2,1002,2,1,8,50000,,,,,,,
30052,,s==14|Hạ dã 80 tướng,,3025,1120,,,213,0,80,,,6,,2,1005,1,1,8,50000,,,,,,,
30053,,s==26|Tặng 100 lần điểm hữu nghị,,3025,1020,,,205,0,100,,,6,,2,1007,1,1,8,50000,,,,,,,
30054,,s==32|Tham gia cao cấp tuần tra 70 lần,,3025,1640,,,403,3,70,,,7,,2,1171,1,1,8,50000,,,,,,,
30055,,s==27|Tham gia tụ hiền các 14 lần,,3025,1140,,,211,0,14,,,7,,2,1014,1,1,8,50000,,,,,,,
30056,,s==23|Giao duy mỹ nhân 70 lần,,3025,2300,,,518,0,70,,,7,,2,1006,50,1,8,50000,,,,,,,
30057,,s==28|Tham gia 20 lần lễ tế Kỳ Lân,,3025,1992,,,359,0,20,,,7,,2,1003,1,1,8,50000,,,,,,,
30058,,s==40|Tích nạp tổng cộng 180 KNB trong sự kiện,,3025,1930,,,510,0,18,,,7,,2,1027,10,1,8,50000,,,,,,,
30059,,s==31|Tham gia cao cấp phó bảo 14 lần,,3025,1090,,,344,2,14,,,7,,1,9,50,1,8,50000,,,,,,,
30060,,s==41|Nhận 40 lần nhiệm vụ kỳ duyên tím trở lên,,3025,2091,,,212,4,40,,,7,,2,1001,50,1,8,50000,,,,,,,
30061,,s==27|Tham gia nhanh chiến 30 lần,,3025,2092,,,105,0,30,,,7,,2,1002,2,1,8,50000,,,,,,,
30062,,s==26|Hợp thành 10 tướng ngũ sao,,3025,1630,,,519,5,10,,,7,,2,1005,1,1,8,50000,,,,,,,
30063,,s==27|Tham gia tụ hiền các 16 lần,,3025,1140,,,211,0,16,,,8,,2,1014,1,1,8,50000,,,,,,,
30064,,s==41|Nhận 50 lần nhiệm vụ kỳ duyên tím trở lên,,3025,2091,,,212,4,50,,,8,,2,1006,100,1,8,50000,,,,,,,
30065,,s==39|Mua 26 món hàng tại Thần Bí Thương Điếm,,3025,1810,,,402,2,26,,,8,,2,1002,2,1,8,50000,,,,,,,
30066,,s==27|Giao duy 80 lần với mỹ nhân,,3025,2300,,,518,0,80,,,8,,2,1019,2,1,8,50000,,,,,,,
30067,,s==31|Tham gia tác chiến nhanh 35 lần,,3025,2092,,,105,0,35,,,8,,2,1003,1,1,8,50000,,,,,,,
30068,,s==26|Hợp thành 13 tướng ngũ sao,,3025,1630,,,519,5,13,,,8,,2,1005,2,1,8,50000,,,,,,,
30069,,s==26|Tặng 110 lần điểm hữu nghị,,3025,1020,,,205,0,110,,,8,,2,1007,1,1,8,50000,,,,,,,
30070,,s==40|Tích nạp tổng cộng 300 KNB trong sự kiện,,3025,1930,,,510,0,30,,,8,,1,9,50,1,8,50000,,,,,,,
30071,,s==26|Hợp thành 15 tướng ngũ sao,,3025,1630,,,519,5,15,,,8,,2,1171,1,1,8,50000,,,,,,,
30072,,s==27|Tham gia tụ hiền các 18 lần,,3025,1140,,,211,0,18,,,9,,2,1014,1,1,8,50000,,,,,,,
30073,,s==41|Nhận 60 lần nhiệm vụ kỳ duyên tím trở lên,,3025,2091,,,212,4,60,,,9,,2,1006,100,1,8,50000,,,,,,,
30074,,s==34|Tham gia cao cấp tuần phỏng 80 lần,,3025,1640,,,403,3,80,,,9,,2,1014,1,1,8,50000,,,,,,,
30075,,s==21|Tích điểm kim 120 lần,,3025,1012,,,509,0,120,,,9,,2,1001,50,1,8,50000,,,,,,,
30076,,s==39|Mua 30 món hàng tại Thần Bí Thương Điếm,,3025,1810,,,402,2,30,,,9,,2,1002,2,1,8,50000,,,,,,,
30077,,s==28|Giao duy 100 lần với mỹ nhân,,3025,2300,,,518,0,100,,,9,,2,1019,2,1,8,50000,,,,,,,
30078,,s==31|Tham gia tác chiến nhanh 40 lần,,3025,2092,,,105,0,40,,,9,,2,1003,1,1,8,50000,,,,,,,
30079,,s==40|Tích nạp tổng cộng 500 KNB trong sự kiện,,3025,1930,,,510,0,50,,,9,,1,9,50,1,8,50000,,,,,,,
30080,,s==26|Hợp thành 20 tướng ngũ sao,,3025,1630,,,519,5,20,,,9,,2,1171,1,1,8,50000,,,,,,,
31111,,s==19|Đăng nhập hàng ngày,,,0,,,101,0,1,,,1,,2,1171,1,,,,,,,,,,
31112,,s==33|Hoạt động trong ngày đạt 100 điểm,,,1051,,,377,0,100,,,1,,2,1171,1,,,,,,,,,,
31113,,s==30|Nạp bất kỳ mệnh giá trong ngày,,,1930,,,510,0,1,,,1,,2,1171,1,,,,,,,,,,
31121,,s==19|Đăng nhập hàng ngày,,,0,,,101,0,1,,,2,,2,1171,1,,,,,,,,,,
31122,,s==33|Hoạt động trong ngày đạt 100 điểm,,,1051,,,377,0,100,,,2,,2,1171,1,,,,,,,,,,
31123,,s==30|Nạp bất kỳ mệnh giá trong ngày,,,1930,,,510,0,1,,,2,,2,1171,1,,,,,,,,,,
31131,,s==19|Đăng nhập hàng ngày,,,0,,,101,0,1,,,3,,2,1171,1,,,,,,,,,,
31132,,s==33|Hoạt động trong ngày đạt 100 điểm,,,1051,,,377,0,100,,,3,,2,1171,1,,,,,,,,,,
31133,,s==30|Nạp bất kỳ mệnh giá trong ngày,,,1930,,,510,0,1,,,3,,2,1171,1,,,,,,,,,,
31141,,s==19|Đăng nhập hàng ngày,,,0,,,101,0,1,,,4,,2,1171,1,,,,,,,,,,
31142,,s==33|Hoạt động trong ngày đạt 100 điểm,,,1051,,,377,0,100,,,4,,2,1171,1,,,,,,,,,,
31143,,s==30|Nạp bất kỳ mệnh giá trong ngày,,,1930,,,510,0,1,,,4,,2,1171,1,,,,,,,,,,
31151,,s==19|Đăng nhập hàng ngày,,,0,,,101,0,1,,,5,,2,1171,1,,,,,,,,,,
31152,,s==33|Hoạt động trong ngày đạt 100 điểm,,,1051,,,377,0,100,,,5,,2,1171,1,,,,,,,,,,
31153,,s==30|Nạp bất kỳ mệnh giá trong ngày,,,1930,,,510,0,1,,,5,,2,1171,1,,,,,,,,,,
31161,,s==19|Đăng nhập hàng ngày,,,0,,,101,0,1,,,6,,2,1171,1,,,,,,,,,,
31162,,s==33|Hoạt động trong ngày đạt 100 điểm,,,1051,,,377,0,100,,,6,,2,1171,1,,,,,,,,,,
31163,,s==30|Nạp bất kỳ mệnh giá trong ngày,,,1930,,,510,0,1,,,6,,2,1171,1,,,,,,,,,,
31171,,s==19|Đăng nhập hàng ngày,,,0,,,101,0,1,,,7,,2,1171,1,,,,,,,,,,
31172,,s==33|Hoạt động trong ngày đạt 100 điểm,,,1051,,,377,0,100,,,7,,2,1171,1,,,,,,,,,,
31173,,s==30|Nạp bất kỳ mệnh giá trong ngày,,,1930,,,510,0,1,,,7,,2,1171,1,,,,,,,,,,
31200,,s==33|Thần Bí Thương Điếm tẩy tủy 1 lần,,,1930,,,612,0,1,,,1,1,2,1171,1,,,,,,,,,,
31201,,s==33|Thần Bí Thương Điếm tẩy tủy 2 lần,,,1930,,,612,0,2,,,1,1,2,1171,1,,,,,,,,,,
31202,,s==33|Thần Bí Thương Điếm tẩy tủy 3 lần,,,1930,,,612,0,3,,,1,1,2,1171,1,,,,,,,,,,
31203,,s==33|Thần Bí Thương Điếm tẩy tủy 4 lần,,,1930,,,612,0,4,,,1,1,2,1171,1,,,,,,,,,,
31204,,s==33|Thần Bí Thương Điếm tẩy tủy 5 lần,,,1930,,,612,0,5,,,1,1,2,1171,1,,,,,,,,,,
31205,,s==33|Thần Bí Thương Điếm tẩy tủy 6 lần,,,1930,,,612,0,6,,,1,1,2,1171,1,,,,,,,,,,
31206,,s==33|Thần Bí Thương Điếm tẩy tủy 7 lần,,,1930,,,612,0,7,,,1,1,2,1171,1,,,,,,,,,,
31207,,s==33|Thần Bí Thương Điếm tẩy tủy 8 lần,,,1930,,,612,0,8,,,1,1,2,1171,1,,,,,,,,,,
31208,,s==33|Thần Bí Thương Điếm tẩy tủy 9 lần,,,1930,,,612,0,9,,,1,1,2,1171,1,,,,,,,,,,
31209,,s==34|Thần Bí Thương Điếm tẩy tủy 10 lần,,,1930,,,612,0,10,,,1,1,2,1171,1,,,,,,,,,,
31210,,s==33|Thần Bí Thương Điếm tẩy tủy 1 lần,,,1930,,,612,0,1,,,2,1,2,1171,1,,,,,,,,,,
31211,,s==33|Thần Bí Thương Điếm tẩy tủy 2 lần,,,1930,,,612,0,2,,,2,1,2,1171,1,,,,,,,,,,
31212,,s==33|Thần Bí Thương Điếm tẩy tủy 3 lần,,,1930,,,612,0,3,,,2,1,2,1171,1,,,,,,,,,,
31213,,s==33|Thần Bí Thương Điếm tẩy tủy 4 lần,,,1930,,,612,0,4,,,2,1,2,1171,1,,,,,,,,,,
31214,,s==33|Thần Bí Thương Điếm tẩy tủy 5 lần,,,1930,,,612,0,5,,,2,1,2,1171,1,,,,,,,,,,
31215,,s==33|Thần Bí Thương Điếm tẩy tủy 6 lần,,,1930,,,612,0,6,,,2,1,2,1171,1,,,,,,,,,,
31216,,s==33|Thần Bí Thương Điếm tẩy tủy 7 lần,,,1930,,,612,0,7,,,2,1,2,1171,1,,,,,,,,,,
31217,,s==33|Thần Bí Thương Điếm tẩy tủy 8 lần,,,1930,,,612,0,8,,,2,1,2,1171,1,,,,,,,,,,
31218,,s==33|Thần Bí Thương Điếm tẩy tủy 9 lần,,,1930,,,612,0,9,,,2,1,2,1171,1,,,,,,,,,,
31219,,s==34|Thần Bí Thương Điếm tẩy tủy 10 lần,,,1930,,,612,0,10,,,2,1,2,1171,1,,,,,,,,,,
31220,,s==33|Thần Bí Thương Điếm tẩy tủy 1 lần,,,1930,,,612,0,1,,,3,1,2,1171,1,,,,,,,,,,
31221,,s==33|Thần Bí Thương Điếm tẩy tủy 2 lần,,,1930,,,612,0,2,,,3,1,2,1171,1,,,,,,,,,,
31222,,s==33|Thần Bí Thương Điếm tẩy tủy 3 lần,,,1930,,,612,0,3,,,3,1,2,1171,1,,,,,,,,,,
31223,,s==33|Thần Bí Thương Điếm tẩy tủy 4 lần,,,1930,,,612,0,4,,,3,1,2,1171,1,,,,,,,,,,
31224,,s==33|Thần Bí Thương Điếm tẩy tủy 5 lần,,,1930,,,612,0,5,,,3,1,2,1171,1,,,,,,,,,,
31225,,s==33|Thần Bí Thương Điếm tẩy tủy 6 lần,,,1930,,,612,0,6,,,3,1,2,1171,1,,,,,,,,,,
31226,,s==33|Thần Bí Thương Điếm tẩy tủy 7 lần,,,1930,,,612,0,7,,,3,1,2,1171,1,,,,,,,,,,
31227,,s==33|Thần Bí Thương Điếm tẩy tủy 8 lần,,,1930,,,612,0,8,,,3,1,2,1171,1,,,,,,,,,,
31228,,s==33|Thần Bí Thương Điếm tẩy tủy 9 lần,,,1930,,,612,0,9,,,3,1,2,1171,1,,,,,,,,,,
31229,,s==34|Thần Bí Thương Điếm tẩy tủy 10 lần,,,1930,,,612,0,10,,,3,1,2,1171,1,,,,,,,,,,
31230,,s==33|Thần Bí Thương Điếm tẩy tủy 1 lần,,,1930,,,612,0,1,,,4,1,2,1171,1,,,,,,,,,,
31231,,s==33|Thần Bí Thương Điếm tẩy tủy 2 lần,,,1930,,,612,0,2,,,4,1,2,1171,1,,,,,,,,,,
31232,,s==33|Thần Bí Thương Điếm tẩy tủy 3 lần,,,1930,,,612,0,3,,,4,1,2,1171,1,,,,,,,,,,
31233,,s==33|Thần Bí Thương Điếm tẩy tủy 4 lần,,,1930,,,612,0,4,,,4,1,2,1171,1,,,,,,,,,,
31234,,s==33|Thần Bí Thương Điếm tẩy tủy 5 lần,,,1930,,,612,0,5,,,4,1,2,1171,1,,,,,,,,,,
31235,,s==33|Thần Bí Thương Điếm tẩy tủy 6 lần,,,1930,,,612,0,6,,,4,1,2,1171,1,,,,,,,,,,
31236,,s==33|Thần Bí Thương Điếm tẩy tủy 7 lần,,,1930,,,612,0,7,,,4,1,2,1171,1,,,,,,,,,,
31237,,s==33|Thần Bí Thương Điếm tẩy tủy 8 lần,,,1930,,,612,0,8,,,4,1,2,1171,1,,,,,,,,,,
31238,,s==33|Thần Bí Thương Điếm tẩy tủy 9 lần,,,1930,,,612,0,9,,,4,1,2,1171,1,,,,,,,,,,
31239,,s==34|Thần Bí Thương Điếm tẩy tủy 10 lần,,,1930,,,612,0,10,,,4,1,2,1171,1,,,,,,,,,,
31240,,s==33|Thần Bí Thương Điếm tẩy tủy 1 lần,,,1930,,,612,0,1,,,5,1,2,1171,1,,,,,,,,,,
31241,,s==33|Thần Bí Thương Điếm tẩy tủy 2 lần,,,1930,,,612,0,2,,,5,1,2,1171,1,,,,,,,,,,
31242,,s==33|Thần Bí Thương Điếm tẩy tủy 3 lần,,,1930,,,612,0,3,,,5,1,2,1171,1,,,,,,,,,,
31243,,s==33|Thần Bí Thương Điếm tẩy tủy 4 lần,,,1930,,,612,0,4,,,5,1,2,1171,1,,,,,,,,,,
31244,,s==33|Thần Bí Thương Điếm tẩy tủy 5 lần,,,1930,,,612,0,5,,,5,1,2,1171,1,,,,,,,,,,
31245,,s==33|Thần Bí Thương Điếm tẩy tủy 6 lần,,,1930,,,612,0,6,,,5,1,2,1171,1,,,,,,,,,,
31246,,s==33|Thần Bí Thương Điếm tẩy tủy 7 lần,,,1930,,,612,0,7,,,5,1,2,1171,1,,,,,,,,,,
31247,,s==33|Thần Bí Thương Điếm tẩy tủy 8 lần,,,1930,,,612,0,8,,,5,1,2,1171,1,,,,,,,,,,
31248,,s==33|Thần Bí Thương Điếm tẩy tủy 9 lần,,,1930,,,612,0,9,,,5,1,2,1171,1,,,,,,,,,,
31249,,s==34|Thần Bí Thương Điếm tẩy tủy 10 lần,,,1930,,,612,0,10,,,5,1,2,1171,1,,,,,,,,,,
31250,,s==33|Thần Bí Thương Điếm tẩy tủy 1 lần,,,1930,,,612,0,1,,,6,1,2,1171,1,,,,,,,,,,
31251,,s==33|Thần Bí Thương Điếm tẩy tủy 2 lần,,,1930,,,612,0,2,,,6,1,2,1171,1,,,,,,,,,,
31252,,s==33|Thần Bí Thương Điếm tẩy tủy 3 lần,,,1930,,,612,0,3,,,6,1,2,1171,1,,,,,,,,,,
31253,,s==33|Thần Bí Thương Điếm tẩy tủy 4 lần,,,1930,,,612,0,4,,,6,1,2,1171,1,,,,,,,,,,
31254,,s==33|Thần Bí Thương Điếm tẩy tủy 5 lần,,,1930,,,612,0,5,,,6,1,2,1171,1,,,,,,,,,,
31255,,s==33|Thần Bí Thương Điếm tẩy tủy 6 lần,,,1930,,,612,0,6,,,6,1,2,1171,1,,,,,,,,,,
31256,,s==33|Thần Bí Thương Điếm tẩy tủy 7 lần,,,1930,,,612,0,7,,,6,1,2,1171,1,,,,,,,,,,
31257,,s==33|Thần Bí Thương Điếm tẩy tủy 8 lần,,,1930,,,612,0,8,,,6,1,2,1171,1,,,,,,,,,,
31258,,s==33|Thần Bí Thương Điếm tẩy tủy 9 lần,,,1930,,,612,0,9,,,6,1,2,1171,1,,,,,,,,,,
31259,,s==34|Thần Bí Thương Điếm tẩy tủy 10 lần,,,1930,,,612,0,10,,,6,1,2,1171,1,,,,,,,,,,
31260,,s==33|Thần Bí Thương Điếm tẩy tủy 1 lần,,,1930,,,612,0,1,,,7,1,2,1171,1,,,,,,,,,,
31261,,s==33|Thần Bí Thương Điếm tẩy tủy 2 lần,,,1930,,,612,0,2,,,7,1,2,1171,1,,,,,,,,,,
31262,,s==33|Thần Bí Thương Điếm tẩy tủy 3 lần,,,1930,,,612,0,3,,,7,1,2,1171,1,,,,,,,,,,
31263,,s==33|Thần Bí Thương Điếm tẩy tủy 4 lần,,,1930,,,612,0,4,,,7,1,2,1171,1,,,,,,,,,,
31264,,s==33|Thần Bí Thương Điếm tẩy tủy 5 lần,,,1930,,,612,0,5,,,7,1,2,1171,1,,,,,,,,,,
31265,,s==33|Thần Bí Thương Điếm tẩy tủy 6 lần,,,1930,,,612,0,6,,,7,1,2,1171,1,,,,,,,,,,
31266,,s==33|Thần Bí Thương Điếm tẩy tủy 7 lần,,,1930,,,612,0,7,,,7,1,2,1171,1,,,,,,,,,,
31267,,s==33|Thần Bí Thương Điếm tẩy tủy 8 lần,,,1930,,,612,0,8,,,7,1,2,1171,1,,,,,,,,,,
31268,,s==33|Thần Bí Thương Điếm tẩy tủy 9 lần,,,1930,,,612,0,9,,,7,1,2,1171,1,,,,,,,,,,
31269,,s==34|Thần Bí Thương Điếm tẩy tủy 10 lần,,,1930,,,612,0,10,,,7,1,2,1171,1,,,,,,,,,,
31301,,s==33|Thần Bí Thương Điếm tẩy tủy 1 lần,,,1930,,,612,0,1,,,1,2,2,1171,1,,,,,,,,,,
31302,,s==33|Thần Bí Thương Điếm tẩy tủy 2 lần,,,1930,,,612,0,2,,,1,2,2,1171,1,,,,,,,,,,
31311,,s==33|Thần Bí Thương Điếm tẩy tủy 1 lần,,,1930,,,612,0,1,,,2,2,2,1171,1,,,,,,,,,,
31312,,s==33|Thần Bí Thương Điếm tẩy tủy 2 lần,,,1930,,,612,0,2,,,2,2,2,1171,1,,,,,,,,,,
31321,,s==33|Thần Bí Thương Điếm tẩy tủy 1 lần,,,1930,,,612,0,1,,,3,2,2,1171,1,,,,,,,,,,
31322,,s==33|Thần Bí Thương Điếm tẩy tủy 2 lần,,,1930,,,612,0,2,,,3,2,2,1171,1,,,,,,,,,,
31331,,s==33|Thần Bí Thương Điếm tẩy tủy 1 lần,,,1930,,,612,0,1,,,4,2,2,1171,1,,,,,,,,,,
31332,,s==33|Thần Bí Thương Điếm tẩy tủy 2 lần,,,1930,,,612,0,2,,,4,2,2,1171,1,,,,,,,,,,
31341,,s==33|Thần Bí Thương Điếm tẩy tủy 1 lần,,,1930,,,612,0,1,,,5,2,2,1171,1,,,,,,,,,,
31342,,s==33|Thần Bí Thương Điếm tẩy tủy 2 lần,,,1930,,,612,0,2,,,5,2,2,1171,1,,,,,,,,,,
31351,,s==33|Thần Bí Thương Điếm tẩy tủy 1 lần,,,1930,,,612,0,1,,,6,2,2,1171,1,,,,,,,,,,
31352,,s==33|Thần Bí Thương Điếm tẩy tủy 2 lần,,,1930,,,612,0,2,,,6,2,2,1171,1,,,,,,,,,,
31361,,s==33|Thần Bí Thương Điếm tẩy tủy 1 lần,,,1930,,,612,0,1,,,7,2,2,1171,1,,,,,,,,,,
31362,,s==33|Thần Bí Thương Điếm tẩy tủy 2 lần,,,1930,,,612,0,2,,,7,2,2,1171,1,,,,,,,,,,
32000,,s==50|Trong Binh Vô Thường Thế tung bất kỳ xúc xắc 1 lần,,3090,3031,,,610,0,1,,,1,,1,8,100000,,,,,,,,,,
32001,,s==50|Trong Binh Vô Thường Thế tung bất kỳ xúc xắc 2 lần,,3090,3031,,,610,0,2,,,1,,1,8,100000,,,,,,,,,,
32002,,s==50|Trong Binh Vô Thường Thế tung bất kỳ xúc xắc 3 lần,,3090,3031,,,610,0,3,,,1,,1,8,100000,,,,,,,,,,
32003,,s==55|Thách đấu 1 lần cứ điểm bất kỳ trong Binh Vô Thường Thế,,3090,3031,,,611,0,1,,,1,,1,8,100000,,,,,,,,,,
32004,,s==55|Thách đấu 2 lần cứ điểm bất kỳ trong Binh Vô Thường Thế,,3090,3031,,,611,0,2,,,1,,1,8,100000,,,,,,,,,,
32005,,s==24|Mỗi ngày tích nạp 60 KNB,,3090,1930,,,510,0,6,,,1,,1,8,100000,,,,,,,,,,
32006,,s==19|Tích điểm Kim 5 lần,,3090,1012,,,509,0,5,,,1,,1,8,100000,,,,,,,,,,
32007,,s==20|Tích điểm Kim 10 lần,,3090,1012,,,509,0,10,,,1,,1,8,100000,,,,,,,,,,
32008,,s==20|Tích điểm Kim 20 lần,,3090,1012,,,509,0,20,,,1,,1,8,100000,,,,,,,,,,
32009,,s==50|Trong Binh Vô Thường Thế tung bất kỳ xúc xắc 1 lần,,3090,3031,,,610,0,1,,,2,,1,8,100000,,,,,,,,,,
32010,,s==50|Trong Binh Vô Thường Thế tung bất kỳ xúc xắc 2 lần,,3090,3031,,,610,0,2,,,2,,1,8,100000,,,,,,,,,,
32011,,s==50|Trong Binh Vô Thường Thế tung bất kỳ xúc xắc 3 lần,,3090,3031,,,610,0,3,,,2,,1,8,100000,,,,,,,,,,
32012,,s==55|Thách đấu 1 lần cứ điểm bất kỳ trong Binh Vô Thường Thế,,3090,3031,,,611,0,1,,,2,,1,8,100000,,,,,,,,,,
32013,,s==55|Thách đấu 2 lần cứ điểm bất kỳ trong Binh Vô Thường Thế,,3090,3031,,,611,0,2,,,2,,1,8,100000,,,,,,,,,,
32014,,s==30|Nạp bất kỳ mệnh giá trong ngày,,3090,1930,,,510,0,1,,,2,,1,8,100000,,,,,,,,,,
32015,,s==26|Tham gia Tụ Hiền Các 1 lần,,3090,1140,,,211,0,1,,,2,,1,8,100000,,,,,,,,,,
32016,,s==26|Tham gia Tụ Hiền Các 2 lần,,3090,1140,,,211,0,2,,,2,,1,8,100000,,,,,,,,,,
32017,,s==26|Tham gia Tụ Hiền Các 4 lần,,3090,1140,,,211,0,4,,,2,,1,8,100000,,,,,,,,,,
32018,,s==50|Trong Binh Vô Thường Thế tung bất kỳ xúc xắc 1 lần,,3090,3031,,,610,0,1,,,3,,1,8,100000,,,,,,,,,,
32019,,s==50|Trong Binh Vô Thường Thế tung bất kỳ xúc xắc 2 lần,,3090,3031,,,610,0,2,,,3,,1,8,100000,,,,,,,,,,
32020,,s==50|Trong Binh Vô Thường Thế tung bất kỳ xúc xắc 3 lần,,3090,3031,,,610,0,3,,,3,,1,8,100000,,,,,,,,,,
32021,,s==55|Thách đấu 1 lần cứ điểm bất kỳ trong Binh Vô Thường Thế,,3090,3031,,,611,0,1,,,3,,1,8,100000,,,,,,,,,,
32022,,s==55|Thách đấu 2 lần cứ điểm bất kỳ trong Binh Vô Thường Thế,,3090,3031,,,611,0,2,,,3,,1,8,100000,,,,,,,,,,
32023,,s==30|Nạp bất kỳ mệnh giá trong ngày,,3090,1930,,,510,0,1,,,3,,1,8,100000,,,,,,,,,,
32024,,s==38|Tiêu hao 3 lần tại Thương Thành Đạo Cụ,,3090,1660,,,402,1,3,,,3,,1,8,100000,,,,,,,,,,
32025,,s==38|Tiêu hao 8 lần tại Thương Thành Đạo Cụ,,3090,1660,,,402,1,8,,,3,,1,8,100000,,,,,,,,,,
32026,,s==38|Tiêu phí 8 lần tại Thần Bí Thương Điếm,,3090,1810,,,402,2,8,,,3,,1,8,100000,,,,,,,,,,
32027,,s==50|Trong Binh Vô Thường Thế tung bất kỳ xúc xắc 1 lần,,3090,3031,,,610,0,1,,,4,,1,8,100000,,,,,,,,,,
32028,,s==50|Trong Binh Vô Thường Thế tung bất kỳ xúc xắc 2 lần,,3090,3031,,,610,0,2,,,4,,1,8,100000,,,,,,,,,,
32029,,s==50|Trong Binh Vô Thường Thế tung bất kỳ xúc xắc 3 lần,,3090,3031,,,610,0,3,,,4,,1,8,100000,,,,,,,,,,
32030,,s==55|Thách đấu 1 lần cứ điểm bất kỳ trong Binh Vô Thường Thế,,3090,3031,,,611,0,1,,,4,,1,8,100000,,,,,,,,,,
32031,,s==55|Thách đấu 2 lần cứ điểm bất kỳ trong Binh Vô Thường Thế,,3090,3031,,,611,0,2,,,4,,1,8,100000,,,,,,,,,,
32032,,s==30|Nạp bất kỳ mệnh giá trong ngày,,3090,1930,,,510,0,1,,,4,,1,8,100000,,,,,,,,,,
32033,,s==27|Nhanh chóng chiến đấu 3 lần,,3090,2092,,,105,0,3,,,4,,1,8,100000,,,,,,,,,,
32034,,s==27|Nhanh chóng chiến đấu 4 lần,,3090,2092,,,105,0,4,,,4,,1,8,100000,,,,,,,,,,
32035,,s==27|Nhanh chóng chiến đấu 6 lần,,3090,2092,,,105,0,6,,,4,,1,8,100000,,,,,,,,,,
32036,,s==50|Trong Binh Vô Thường Thế tung bất kỳ xúc xắc 1 lần,,3090,3031,,,610,0,1,,,5,,1,8,100000,,,,,,,,,,
32037,,s==50|Trong Binh Vô Thường Thế tung bất kỳ xúc xắc 2 lần,,3090,3031,,,610,0,2,,,5,,1,8,100000,,,,,,,,,,
32038,,s==50|Trong Binh Vô Thường Thế tung bất kỳ xúc xắc 3 lần,,3090,3031,,,610,0,3,,,5,,1,8,100000,,,,,,,,,,
32039,,s==55|Thách đấu 1 lần cứ điểm bất kỳ trong Binh Vô Thường Thế,,3090,3031,,,611,0,1,,,5,,1,8,100000,,,,,,,,,,
32040,,s==55|Thách đấu 2 lần cứ điểm bất kỳ trong Binh Vô Thường Thế,,3090,3031,,,611,0,2,,,5,,1,8,100000,,,,,,,,,,
32041,,s==30|Nạp bất kỳ mệnh giá trong ngày,,3090,1930,,,510,0,1,,,5,,1,8,100000,,,,,,,,,,
32042,,s==31|Đoạt 1 lần võ thần điện thần vị,,3090,1270,,,345,0,1,,,5,,1,8,100000,,,,,,,,,,
32043,,s==34|Tham gia Cao Cấp Tuần Phỏng 10 lần,,3090,1640,,,403,3,10,,,5,,1,8,100000,,,,,,,,,,
32044,,s==34|Tham gia Cao Cấp Tuần Phỏng 20 lần,,3090,1640,,,403,3,20,,,5,,1,8,100000,,,,,,,,,,
32045,,s==50|Trong Binh Vô Thường Thế tung bất kỳ xúc xắc 1 lần,,3090,3031,,,610,0,1,,,6,,1,8,100000,,,,,,,,,,
32046,,s==50|Trong Binh Vô Thường Thế tung bất kỳ xúc xắc 2 lần,,3090,3031,,,610,0,2,,,6,,1,8,100000,,,,,,,,,,
32047,,s==50|Trong Binh Vô Thường Thế tung bất kỳ xúc xắc 3 lần,,3090,3031,,,610,0,3,,,6,,1,8,100000,,,,,,,,,,
32048,,s==55|Thách đấu 1 lần cứ điểm bất kỳ trong Binh Vô Thường Thế,,3090,3031,,,611,0,1,,,6,,1,8,100000,,,,,,,,,,
32049,,s==55|Thách đấu 2 lần cứ điểm bất kỳ trong Binh Vô Thường Thế,,3090,3031,,,611,0,2,,,6,,1,8,100000,,,,,,,,,,
32050,,s==30|Nạp bất kỳ mệnh giá trong ngày,,3090,1930,,,510,0,1,,,6,,1,8,100000,,,,,,,,,,
32051,,s==31|Tham gia đoạt bảo thường 10 lần,,3090,1090,,,344,1,10,,,6,,1,8,100000,,,,,,,,,,
32052,,s==31|Tham gia đoạt bảo cao cấp 1 lần,,3090,1090,,,344,2,1,,,6,,1,8,100000,,,,,,,,,,
32053,,s==31|Tham gia Cao Cấp Đoạt Bảo 3 lần,,3090,1090,,,344,2,3,,,6,,1,8,100000,,,,,,,,,,
32054,,s==50|Trong Binh Vô Thường Thế tung bất kỳ xúc xắc 1 lần,,3090,3031,,,610,0,1,,,7,,1,8,100000,,,,,,,,,,
32055,,s==50|Trong Binh Vô Thường Thế tung bất kỳ xúc xắc 2 lần,,3090,3031,,,610,0,2,,,7,,1,8,100000,,,,,,,,,,
32056,,s==50|Trong Binh Vô Thường Thế tung bất kỳ xúc xắc 3 lần,,3090,3031,,,610,0,3,,,7,,1,8,100000,,,,,,,,,,
32057,,s==55|Thách đấu 1 lần cứ điểm bất kỳ trong Binh Vô Thường Thế,,3090,3031,,,611,0,1,,,7,,1,8,100000,,,,,,,,,,
32058,,s==55|Thách đấu 2 lần cứ điểm bất kỳ trong Binh Vô Thường Thế,,3090,3031,,,611,0,2,,,7,,1,8,100000,,,,,,,,,,
32059,,s==30|Nạp bất kỳ mệnh giá trong ngày,,3090,1930,,,510,0,1,,,7,,1,8,100000,,,,,,,,,,
32060,,s==36|Thách đấu 1 lần tướng địch quân đoàn,,3090,1470,,,107,0,1,,,7,,1,8,100000,,,,,,,,,,
32061,,s==36|Thách đấu 2 lần Tướng Địch Quân Đoàn,,3090,1470,,,107,0,2,,,7,,1,8,100000,,,,,,,,,,
32062,,s==36|Thách đấu 3 lần Tướng Địch Quân Đoàn,,3090,1470,,,107,0,3,,,7,,1,8,100000,,,,,,,,,,
33000,,s==24|Mỗi ngày đăng nhập 1 lần,,3110,,,,101,0,1,,,1,,2,1156,50,1,8,50000,1,10,20000,,,,
33010,,s==40|Nhận nhiệm vụ kỳ duyên tím trở lên 1 lần,,3110,2091,,,212,4,1,,,1,,2,1156,50,1,8,50000,1,10,20000,,,,
33020,,s==40|Nhận nhiệm vụ kỳ duyên tím trở lên 3 lần,,3110,2091,,,212,4,3,,,1,,2,1156,50,1,8,50000,1,10,20000,,,,
33030,,s==40|Nhận nhiệm vụ kỳ duyên tím trở lên 5 lần,,3110,2091,,,212,4,5,,,1,,2,1156,50,1,8,50000,1,10,20000,,,,
33040,,s==40|Nhận nhiệm vụ kỳ duyên tím trở lên 7 lần,,3110,2091,,,212,4,7,,,1,,2,1156,50,1,8,50000,1,10,20000,,,,
33050,,s==19|Tích điểm Kim 5 lần,,3110,1012,,,509,0,5,,,1,,2,1156,50,1,8,50000,1,10,20000,,,,
33060,,s==20|Tích điểm Kim 10 lần,,3110,1012,,,509,0,10,,,1,,2,1156,50,1,8,50000,1,10,20000,,,,
33070,,s==20|Tích điểm Kim 20 lần,,3110,1012,,,509,0,20,,,1,,2,1156,50,1,8,50000,1,10,20000,,,,
33080,,s==25|Tích lũy điểm vàng 30 lần,,3110,1012,,,509,0,30,,,1,,2,1156,50,1,8,50000,1,10,20000,,,,
33090,,s==30|Nạp bất kỳ mệnh giá trong ngày,,3110,1930,,,510,0,1,,,1,,2,1156,50,1,8,50000,1,10,20000,,,,
33100,,s==24|Mỗi ngày đăng nhập 1 lần,,3110,,,,101,0,1,,,2,,2,1156,50,1,8,50000,1,10,20000,,,,
33110,,s==30|Tham gia tác chiến nhanh 1 lần,,3110,2092,,,105,0,1,,,2,,2,1156,50,1,8,50000,1,10,20000,,,,
33120,,s==30|Tham gia tác chiến nhanh 3 lần,,3110,2092,,,105,0,3,,,2,,2,1156,50,1,8,50000,1,10,20000,,,,
33130,,s==30|Tham gia tác chiến nhanh 5 lần,,3110,2092,,,105,0,5,,,2,,2,1156,50,1,8,50000,1,10,20000,,,,
33140,,s==29|Giao duyên cùng Mỹ Nhân 5 lần,,3110,2300,,,518,0,5,,,2,,2,1156,50,1,8,50000,1,10,20000,,,,
33150,,s==30|Giao duyên cùng Mỹ Nhân 10 lần,,3110,2300,,,518,0,10,,,2,,2,1156,50,1,8,50000,1,10,20000,,,,
33160,,s==34|Thách đấu Hiệu Trường Võ Đấu 3 lần,,3110,1110,,,104,0,3,,,2,,2,1156,50,1,8,50000,1,10,20000,,,,
33170,,s==34|Thách đấu Hiệu Trường Võ Đấu 6 lần,,3110,1110,,,104,0,6,,,2,,2,1156,50,1,8,50000,1,10,20000,,,,
33180,,s==34|Thách đấu Hiệu Trường Võ Đấu 9 lần,,3110,1110,,,104,0,9,,,2,,2,1156,50,1,8,50000,1,10,20000,,,,
33190,,s==30|Nạp bất kỳ mệnh giá trong ngày,,3110,1930,,,510,0,1,,,2,,2,1156,50,1,8,50000,1,10,20000,,,,
33200,,s==24|Mỗi ngày đăng nhập 1 lần,,3110,,,,101,0,1,,,3,,2,1156,50,1,8,50000,1,10,20000,,,,
33210,,s==30|Tham gia Tầm Bảo thường 10 lần,,3110,1640,,,403,1,10,,,3,,2,1156,50,1,8,50000,1,10,20000,,,,
33220,,s==30|Tham gia Tầm Bảo thường 20 lần,,3110,1640,,,403,1,20,,,3,,2,1156,50,1,8,50000,1,10,20000,,,,
33230,,s==31|Tham gia Tầm Bảo cao cấp 10 lần,,3110,1640,,,403,3,10,,,3,,2,1156,50,1,8,50000,1,10,20000,,,,
33240,,s==31|Tham gia Tầm Bảo cao cấp 15 lần,,3110,1640,,,403,3,15,,,3,,2,1156,50,1,8,50000,1,10,20000,,,,
33250,,s==31|Tham gia Tầm Bảo cao cấp 20 lần,,3110,1640,,,403,3,20,,,3,,2,1156,50,1,8,50000,1,10,20000,,,,
33260,,s==26|Tham gia Tụ Hiền Các 1 lần,,3110,1140,,,211,0,1,,,3,,2,1156,50,1,8,50000,1,10,20000,,,,
33270,,s==26|Tham gia Tụ Hiền Các 2 lần,,3110,1140,,,211,0,2,,,3,,2,1156,50,1,8,50000,1,10,20000,,,,
33280,,s==26|Tham gia Tụ Hiền Các 3 lần,,3110,1140,,,211,0,3,,,3,,2,1156,50,1,8,50000,1,10,20000,,,,
33290,,s==30|Nạp bất kỳ mệnh giá trong ngày,,3110,1930,,,510,0,1,,,3,,2,1156,50,1,8,50000,1,10,20000,,,,
33300,,s==24|Mỗi ngày đăng nhập 1 lần,,3110,,,,101,0,1,,,4,,2,1156,50,1,8,50000,1,10,20000,,,,
33310,,s==31|Đoạt 1 lần võ thần điện thần vị,,3110,1270,,,345,0,1,,,4,,2,1156,50,1,8,50000,1,10,20000,,,,
33320,,s==30|Tham gia đoạt bảo thường 5 lần,,3110,1090,,,344,1,5,,,4,,2,1156,50,1,8,50000,1,10,20000,,,,
33330,,s==31|Tham gia đoạt bảo thường 10 lần,,3110,1090,,,344,1,10,,,4,,2,1156,50,1,8,50000,1,10,20000,,,,
33340,,s==31|Tham gia đoạt bảo thường 15 lần,,3110,1090,,,344,1,15,,,4,,2,1156,50,1,8,50000,1,10,20000,,,,
33350,,s==31|Tham gia đoạt bảo cao cấp 1 lần,,3110,1090,,,344,2,1,,,4,,2,1156,50,1,8,50000,1,10,20000,,,,
33360,,s==37|Tham gia 1 lần Huyết Chiến Trường Bản,,3110,1250,,,109,0,1,,,4,,2,1156,50,1,8,50000,1,10,20000,,,,
33370,,s==29|Tham gia phó bản thường 3 lần,,3110,1240,,,111,0,3,,,4,,2,1156,50,1,8,50000,1,10,20000,,,,
33380,,s==29|Tham gia phó bản thường 5 lần,,3110,1240,,,111,0,5,,,4,,2,1156,50,1,8,50000,1,10,20000,,,,
33390,,s==30|Nạp bất kỳ mệnh giá trong ngày,,3110,1930,,,510,0,1,,,4,,2,1156,50,1,8,50000,1,10,20000,,,,
33400,,s==24|Mỗi ngày đăng nhập 1 lần,,3110,,,,101,0,1,,,5,,2,1156,50,1,8,50000,1,10,20000,,,,
33410,,s==20|Tích điểm Kim 20 lần,,3110,1012,,,509,0,20,,,5,,2,1156,50,1,8,50000,1,10,20000,,,,
33420,,s==35|Mua vật phẩm tại thương thành 2 lần,,3110,1660,,,402,1,2,,,5,,2,1156,50,1,8,50000,1,10,20000,,,,
33430,,s==34|Thách đấu Hiệu Trường Võ Đấu 3 lần,,3110,1110,,,104,0,3,,,5,,2,1156,50,1,8,50000,1,10,20000,,,,
33440,,s==35|Tiến hành 5 lần Thần Binh Thăng Cấp,,3110,1890,,,512,0,5,,,5,,2,1156,50,1,8,50000,1,10,20000,,,,
33450,,s==25|Hợp thành 1 tướng ngũ sao,,3110,1630,,,519,5,1,,,5,,2,1156,50,1,8,50000,1,10,20000,,,,
33460,,s==30|Thách đấu phó bản thường 8 lần,,3110,1240,,,111,0,8,,,5,,2,1156,50,1,8,50000,1,10,20000,,,,
33470,,s==25|Tặng 20 lần điểm hữu nghị,,3110,1020,,,205,0,20,,,5,,2,1156,50,1,8,50000,1,10,20000,,,,
33480,,s==31|Tham gia Tầm Bảo cao cấp 10 lần,,3110,1640,,,403,3,10,,,5,,2,1156,50,1,8,50000,1,10,20000,,,,
33490,,s==30|Nạp bất kỳ mệnh giá trong ngày,,3110,1930,,,510,0,1,,,5,,2,1156,50,1,8,50000,1,10,20000,,,,
33500,,s==24|Mỗi ngày đăng nhập 1 lần,,3110,,,,101,0,1,,,6,,2,1156,50,1,8,50000,1,10,20000,,,,
33510,,s==38|Mua 3 Món Hàng Tại Thần Bí Thương Điếm,,3110,1810,,,402,2,3,,,6,,2,1156,50,1,8,50000,1,10,20000,,,,
33520,,s==38|Mua 6 món hàng tại Thần Bí Thương Điếm,,3110,1810,,,402,2,6,,,6,,2,1156,50,1,8,50000,1,10,20000,,,,
33530,,s==34|Thần bí thương điếm mua 9 vật phẩm,,3110,1810,,,402,2,9,,,6,,2,1156,50,1,8,50000,1,10,20000,,,,
33540,,s==36|Thách đấu 1 lần tướng địch quân đoàn,,3110,1470,,,107,0,1,,,6,,2,1156,50,1,8,50000,1,10,20000,,,,
33550,,s==36|Thách đấu 3 lần tướng địch quân đoàn,,3110,1470,,,107,0,3,,,6,,2,1156,50,1,8,50000,1,10,20000,,,,
33560,,s==36|Thách đấu 5 lần tướng địch quân đoàn,,3110,1470,,,107,0,5,,,6,,2,1156,50,1,8,50000,1,10,20000,,,,
33570,,s==34|Tham gia quân đoàn hiến tặng 1 lần,,3110,1460,,,108,0,1,,,6,,2,1156,50,1,8,50000,1,10,20000,,,,
33580,,s==31|Đoạt 1 lần võ thần điện thần vị,,3110,1270,,,345,0,1,,,6,,2,1156,50,1,8,50000,1,10,20000,,,,
33590,,s==30|Nạp bất kỳ mệnh giá trong ngày,,3110,1930,,,510,0,1,,,6,,2,1156,50,1,8,50000,1,10,20000,,,,
33600,,s==24|Mỗi ngày đăng nhập 1 lần,,3110,,,,101,0,1,,,7,,2,1156,50,1,8,50000,1,10,20000,,,,
33610,,s==42|Thần thiên tháp quét sạch hoặc vượt 3 tầng,,3110,1130,,,106,0,3,,,7,,2,1156,50,1,8,50000,1,10,20000,,,,
33620,,s==42|Thần thiên tháp quét sạch hoặc vượt 6 tầng,,3110,1130,,,106,0,6,,,7,,2,1156,50,1,8,50000,1,10,20000,,,,
33630,,s==30|Tham gia đoạt bảo thường 5 lần,,3110,1090,,,344,1,5,,,7,,2,1156,50,1,8,50000,1,10,20000,,,,
33640,,s==31|Tham gia đoạt bảo thường 10 lần,,3110,1090,,,344,1,10,,,7,,2,1156,50,1,8,50000,1,10,20000,,,,
33650,,s==31|Tham gia đoạt bảo thường 15 lần,,3110,1090,,,344,1,15,,,7,,2,1156,50,1,8,50000,1,10,20000,,,,
33660,,s==31|Tham gia đoạt bảo cao cấp 1 lần,,3110,1090,,,344,2,1,,,7,,2,1156,50,1,8,50000,1,10,20000,,,,
33670,,s==26|Tham gia Tụ Hiền Các 1 lần,,3110,1140,,,211,0,1,,,7,,2,1156,50,1,8,50000,1,10,20000,,,,
33680,,s==14|Hạ dã 20 tướng,,3110,1120,,,213,0,20,,,7,,2,1156,50,1,8,50000,1,10,20000,,,,
33690,,s==30|Nạp bất kỳ mệnh giá trong ngày,,3110,1930,,,510,0,1,,,7,,2,1156,50,1,8,50000,1,10,20000,,,,
35000,,s==31|Tham gia đoạt bảo cao cấp 1 lần,,3080,1090,,,344,2,1,,,1,,2,1119,1,2,1001,200,,,,,,,
35010,,s==33|Nâng cấp quân đoàn khoa học 3 lần,,3080,1490,,,502,0,3,,,1,,2,1119,1,2,1006,50,,,,,,,
35020,,s==40|Nhận 4 lần nhiệm vụ kỳ duyên tím trở lên,,3080,2091,,,212,4,4,,,1,,2,1119,1,2,1077,30,,,,,,,
35030,,s==20|Tích điểm Kim 20 lần,,3080,1012,,,509,0,20,,,1,,2,1119,1,2,1005,5,,,,,,,
35040,,s==35|Mua vật phẩm tại thương thành 2 lần,,3080,1660,,,402,1,2,,,1,,2,1119,1,2,1003,1,,,,,,,
35050,,s==34|Thách đấu Hiệu Trường Võ Đấu 3 lần,,3080,1110,,,104,0,3,,,1,,2,1119,1,2,1002,10,,,,,,,
35060,,s==35|Tiến hành 5 lần Thần Binh Thăng Cấp,,3080,1890,,,512,0,5,,,1,,2,1119,1,2,1007,5,,,,,,,
35070,,s==25|Hợp thành 1 tướng ngũ sao,,3080,1630,,,519,5,1,,,1,,2,1119,1,2,3008,10,,,,,,,
35080,,s==36|Thách đấu 20 lần phó bản thường nhật,,3080,1240,,,111,0,20,,,1,,2,1119,1,2,3002,30,,,,,,,
35090,,s==25|Tặng 40 lần điểm hữu nghị,,3080,1020,,,205,0,40,,,2,,2,1119,1,2,4010,1,,,,,,,
35100,,s==32|Tham gia cao cấp tuần tra 30 lần,,3080,1640,,,403,3,30,,,2,,2,1119,1,2,1003,1,,,,,,,
35110,,s==25|Hợp thành 1 tướng lục sao,,3080,1630,,,519,6,1,,,2,,2,1119,1,1,8,300000,,,,,,,
35120,,s==34|Tham gia quân đoàn cống hiến 2 lần,,3080,1460,,,108,0,2,,,2,,2,1119,1,1,10,150000,,,,,,,
35130,,s==37|Thách đấu 10 lần tướng địch quân đoàn,,3080,1470,,,107,0,10,,,2,,2,1119,1,2,1001,200,,,,,,,
35140,,s==34|Thần bí thương điếm mua 6 vật phẩm,,3080,1810,,,402,2,6,,,2,,2,1119,1,2,1006,50,,,,,,,
35150,,s==30|Tham gia thường phó bảo 20 lần,,3080,1090,,,344,1,20,,,2,,2,1119,1,2,1077,30,,,,,,,
35160,,s==30|Tham gia cao cấp phó bảo 5 lần,,3080,1090,,,344,2,5,,,2,,2,1119,1,2,1005,5,,,,,,,
35170,,s==36|Tiến hành 30 lần thần binh thăng cấp,,3080,1890,,,512,0,30,,,2,,2,1119,1,2,1003,1,,,,,,,
35180,,s==45|Thách đấu và quét sạch kinh Châu chiến 20 lần,,3080,1970,,,515,0,20,,,3,,2,1119,1,2,1002,10,,,,,,,
35190,,s==14|Hạ dã 40 tướng,,3080,1120,,,213,0,40,,,3,,2,1119,1,2,1007,5,,,,,,,
35200,,s==23|Giao duy mỹ nhân 30 lần,,3080,2300,,,518,0,30,,,3,,2,1119,1,2,3008,10,,,,,,,
35210,,s==24|Tích lũy điểm kim 50 lần,,3080,1012,,,509,0,50,,,3,,2,1119,1,2,1004,1,,,,,,,
35220,,s==35|Tào vận vận chuyển thành công 2 lần,,3080,1991,,,609,0,2,,,3,,2,1119,1,2,4010,1,,,,,,,
35230,,s==35|Thần bí thương điếm mua 12 vật phẩm,,3080,1810,,,402,2,12,,,3,,2,1119,1,2,1003,1,,,,,,,
35240,,s==24|Hợp thành 3 ấn tướng tím,,3080,1104,,,210,4,3,,,3,,2,1119,1,1,8,300000,,,,,,,
35250,,s==37|Thách đấu 20 lần tướng địch quân đoàn,,3080,1470,,,107,0,20,,,3,,2,1119,1,1,10,150000,,,,,,,
35260,,s==60|Thách Đấu hoặc Quét Sạch Thông Thiên Tháp bất kỳ tầng 15 lần,,3080,1130,,,106,0,15,,,3,,2,1119,1,2,1001,200,,,,,,,
35270,,s==26|Tham gia tụ hiền các 8 lần,,3080,1140,,,211,0,8,,,4,,2,1119,1,2,1006,50,,,,,,,
35280,,s==25|Hợp thành 4 tướng ngũ sao,,3080,1630,,,519,5,4,,,4,,2,1119,1,2,1077,30,,,,,,,
35290,,s==30|Tham gia cao cấp phó bảo 8 lần,,3080,1090,,,344,2,8,,,4,,2,1119,1,2,1005,5,,,,,,,
35300,,s==36|Tiến hành 40 lần thần binh thăng cấp,,3080,1890,,,512,0,40,,,4,,2,1119,1,2,1030,1,,,,,,,
35310,,s==25|Hợp thành 3 tướng lục sao,,3080,1630,,,519,6,3,,,4,,2,1119,1,2,1002,10,,,,,,,
35320,,s==24|Tích lũy điểm kim 80 lần,,3080,1012,,,509,0,80,,,4,,2,1119,1,2,1007,5,,,,,,,
35330,,s==31|Nhận 5 lần nhiệm vụ kỳ duyên đỏ,,3080,2091,,,212,6,5,,,4,,2,1119,1,2,3008,10,,,,,,,
35340,,s==32|Tham gia cao cấp tuần tra 50 lần,,3080,1640,,,403,3,50,,,4,,2,1119,1,2,3002,30,,,,,,,
35350,,s==45|Thách đấu và quét sạch kinh Châu chiến 40 lần,,3080,1970,,,515,0,40,,,4,,2,1119,1,2,4010,1,,,,,,,
35360,,s==35|Mua 10 lần tại đạo cụ thương trường,,3080,1660,,,402,1,10,,,5,,2,1119,1,2,1003,1,,,,,,,
35370,,s==31|Tham gia cao cấp phó bảo 10 lần,,3080,1090,,,344,2,10,,,5,,2,1119,1,1,8,300000,,,,,,,
35380,,s==36|Tiến hành 50 lần thần binh thăng cấp,,3080,1890,,,512,0,50,,,5,,2,1119,1,1,10,150000,,,,,,,
35390,,s==25|Hợp thành 4 tướng lục sao,,3080,1630,,,519,6,4,,,5,,2,1119,1,2,1001,200,,,,,,,
35400,,s==21|Tích điểm kim 100 lần,,3080,1012,,,509,0,100,,,5,,2,1119,1,2,1006,50,,,,,,,
35410,,s==29|Hợp thành 4 trang bị hồng sắc,,3080,1100,,,604,6,4,,,5,,2,1119,1,2,1077,30,,,,,,,
35420,,s==35|Thần bí thương điếm mua 20 vật phẩm,,3080,1810,,,402,2,20,,,5,,2,1119,1,2,3008,10,,,,,,,
35430,,s==37|Thách đấu 25 lần tướng địch quân đoàn,,3080,1470,,,107,0,25,,,5,,2,1119,1,2,1003,1,,,,,,,
35440,,s==39|Tích nạp tổng cộng 60 KNB trong sự kiện,,3080,1930,,,510,0,6,,,5,,2,1119,1,2,1044,2,,,,,,,
35450,,s==27|Tham gia tụ hiền các 12 lần,,3080,1140,,,211,0,12,,,6,,2,1119,1,2,1003,1,,,,,,,
35460,,s==41|Nhận 30 lần nhiệm vụ kỳ duyên tím trở lên,,3080,2091,,,212,4,30,,,6,,2,1119,1,2,1007,6,,,,,,,
35470,,s==35|Thần bí thương điếm mua 24 vật phẩm,,3080,1810,,,402,2,24,,,6,,2,1119,1,2,3008,10,,,,,,,
35480,,s==31|Đoạt 1 lần võ thần điện thần vị,,3080,1270,,,345,0,1,,,6,,2,1119,1,2,4010,2,,,,,,,
35490,,s==23|Giao duy mỹ nhân 60 lần,,3080,2300,,,518,0,60,,,6,,2,1119,1,2,1003,1,,,,,,,
35500,,s==40|Tích nạp tổng cộng 120 KNB trong sự kiện,,3080,1930,,,510,0,12,,,6,,2,1119,1,2,1004,1,,,,,,,
35510,,s==27|Tham gia nhanh chiến 24 lần,,3080,2092,,,105,0,24,,,6,,2,1119,1,2,1001,300,,,,,,,
35520,,s==14|Hạ dã 80 tướng,,3080,1120,,,213,0,80,,,6,,2,1119,1,2,1002,15,,,,,,,
35530,,s==26|Tặng 100 lần điểm hữu nghị,,3080,1020,,,205,0,100,,,6,,2,1119,1,2,1077,45,,,,,,,
35540,,s==32|Tham gia cao cấp tuần tra 70 lần,,3080,1640,,,403,3,70,,,7,,2,1119,1,2,1005,10,,,,,,,
35550,,s==27|Tham gia tụ hiền các 14 lần,,3080,1140,,,211,0,14,,,7,,2,1119,1,2,3002,30,,,,,,,
35560,,s==23|Giao duy mỹ nhân 70 lần,,3080,2300,,,518,0,70,,,7,,2,1119,1,2,1027,50,,,,,,,
35570,,s==28|Tham gia 20 lần lễ tế Kỳ Lân,,3080,1992,,,359,0,20,,,7,,2,1119,1,1,9,200,,,,,,,
35580,,s==40|Tích nạp tổng cộng 180 KNB trong sự kiện,,3080,1930,,,510,0,18,,,7,,2,1119,1,2,1014,1,,,,,,,
35590,,s==31|Tham gia cao cấp phó bảo 14 lần,,3080,1090,,,344,2,14,,,7,,2,1119,1,2,1014,1,,,,,,,
35600,,s==41|Nhận 40 lần nhiệm vụ kỳ duyên tím trở lên,,3080,2091,,,212,4,40,,,7,,2,1119,1,2,1019,15,,,,,,,
35610,,s==27|Tham gia nhanh chiến 30 lần,,3080,2092,,,105,0,30,,,7,,2,1119,1,1,9,200,,,,,,,
35620,,s==26|Hợp thành 10 tướng ngũ sao,,3080,1630,,,519,5,10,,,7,,2,1119,1,2,3008,20,,,,,,,
36000,,s==44|Tích lũy thu thập 100 phong thư Ma Tích điểm,,3100,3083,,,620,0,100,,,,,2,1196,50,2,1001,50,,,,,,,
36010,,s==35|Tích lũy thu thập 200 điểm Phong Ma,,3100,3083,,,620,0,200,,,,,2,1196,100,2,1006,200,,,,,,,
36020,,s==35|Tích lũy thu thập 450 điểm Phong Ma,,3100,3083,,,620,0,450,,,,,2,1196,150,2,1007,5,,,,,,,
36030,,s==35|Tích lũy thu thập 750 điểm Phong Ma,,3100,3083,,,620,0,750,,,,,2,1196,200,2,1003,1,,,,,,,
36040,,s==36|Tích lũy thu thập 1200 điểm Phong Ma,,3100,3083,,,620,0,1200,,,,,2,1196,250,2,1077,100,,,,,,,
36050,,s==36|Tích lũy thu thập 1800 điểm Phong Ma,,3100,3083,,,620,0,1800,,,,,2,1196,300,2,1003,2,,,,,,,
37000,s==17|Lợi ích lĩnh nhận,s==15|Đăng nhập 1 lần,,3150,0,1,999,101,0,1,0,0,1,1,1,9,100,2,1001,200,,,,,,,
37020,s==17|Lợi ích lĩnh nhận,s==26|Khai phu tích nạp 1000 KNB,,3150,1930,1,40,525,0,100,0,0,1,1,1,9,500,2,1001,500,,,,,,,
37040,s==17|Lợi ích lĩnh nhận,s==21|Tích lũy nạp 1000 KNB,,3150,1930,41,999,510,0,100,0,0,1,1,1,9,200,2,1027,100,,,,,,,
37060,s==21|Chiến chinh thu hoạch,s==45|Thông quan chiến chinh phó bản chương tầng 20,,3150,2093,1,40,401,0,20,0,0,1,17,1,8,20000,2,1001,50,,,,,,,
37080,s==21|Chiến chinh thu hoạch,s==45|Thông quan chiến chinh phó bản chương tầng 30,,3150,2093,1,40,401,0,30,0,0,1,17,1,8,30000,2,1001,50,,,,,,,
37100,s==21|Chiến chinh thu hoạch,s==45|Thông quan chiến chinh phó bản chương tầng 40,,3150,2093,1,40,401,0,40,0,0,1,17,1,8,50000,2,1001,50,,,,,,,
37120,s==21|Chiến chinh thu hoạch,s==45|Thông quan chiến chinh phó bản chương tầng 50,,3150,2093,1,40,401,0,50,0,0,1,17,1,8,80000,2,1001,50,,,,,,,
37140,s==21|Chiến chinh thu hoạch,s==45|Thông quan chiến chinh phó bản chương tầng 60,,3150,2093,1,40,401,0,60,0,0,1,17,1,8,100000,2,1001,50,,,,,,,
37160,s==21|Chiến chinh thu hoạch,s==45|Thông quan chiến chinh phó bản chương tầng 70,,3150,2093,1,40,401,0,70,0,0,1,17,1,8,150000,2,1001,100,,,,,,,
37180,s==18|Tác chiến thần tốc,s==27|Nhanh chóng chiến đấu 3 lần,,3150,2092,41,999,105,0,3,0,0,1,8,1,8,20000,1,9,50,,,,,,,
37200,s==18|Tác chiến thần tốc,s==27|Nhanh chóng chiến đấu 6 lần,,3150,2092,41,999,105,0,6,0,0,1,8,1,8,30000,1,9,50,,,,,,,
37220,s==18|Tác chiến thần tốc,s==27|Nhanh chóng chiến đấu 9 lần,,3150,2092,41,999,105,0,9,0,0,1,8,1,8,50000,1,9,50,,,,,,,
37240,s==18|Tác chiến thần tốc,s==28|Nhanh chóng chiến đấu 12 lần,,3150,2092,41,999,105,0,12,0,0,1,8,1,8,80000,1,9,50,,,,,,,
37260,s==18|Tác chiến thần tốc,s==28|Nhanh chóng chiến đấu 15 lần,,3150,2092,41,999,105,0,15,0,0,1,8,1,8,100000,1,9,50,,,,,,,
37280,s==18|Tác chiến thần tốc,s==28|Nhanh chóng chiến đấu 20 lần,,3150,2092,41,999,105,0,20,0,0,1,8,1,8,150000,1,9,50,,,,,,,
37300,s==20|Quân đoàn phát triển,s==25|Quân đoàn quyên góp 1 lần,,3150,1460,1,40,108,0,1,0,0,1,7,1,8,20000,2,3008,3,,,,,,,
37320,s==20|Quân đoàn phát triển,s==25|Hiến tặng quân đoàn 3 lần,,3150,1460,1,40,108,0,3,0,0,1,7,1,8,30000,2,3008,3,,,,,,,
37340,s==20|Quân đoàn phát triển,s==25|Hiến tặng quân đoàn 5 lần,,3150,1460,1,40,108,0,5,0,0,1,7,1,8,50000,2,3008,3,,,,,,,
37360,s==20|Quân đoàn phát triển,s==33|Quân đoàn phó bản thử thách 2 lần,,3150,1470,1,40,107,0,2,0,0,1,7,1,8,80000,2,3008,3,,,,,,,
37380,s==20|Quân đoàn phát triển,s==33|Quân đoàn phó bản thử thách 5 lần,,3150,1470,1,40,107,0,5,0,0,1,7,1,8,100000,2,3008,3,,,,,,,
37400,s==20|Quân đoàn phát triển,s==34|Quân đoàn phó bản thử thách 10 lần,,3150,1470,1,40,107,0,10,0,0,1,7,1,8,150000,2,3008,5,,,,,,,
37420,s==20|Quân đoàn phát triển,s==25|Quân đoàn quyên góp 1 lần,,3150,1460,41,999,108,0,1,0,0,1,7,1,8,20000,2,3008,1,,,,,,,
37440,s==20|Quân đoàn phát triển,s==25|Hiến tặng quân đoàn 3 lần,,3150,1460,41,999,108,0,3,0,0,1,7,1,8,30000,2,3008,1,,,,,,,
37460,s==20|Quân đoàn phát triển,s==25|Hiến tặng quân đoàn 5 lần,,3150,1460,41,999,108,0,5,0,0,1,7,1,8,50000,2,3008,2,,,,,,,
37480,s==20|Quân đoàn phát triển,s==36|Quân đoàn địch tướng thử thách 2 lần,,3150,1470,41,999,107,0,2,0,0,1,7,1,8,80000,2,3008,2,,,,,,,
37500,s==20|Quân đoàn phát triển,s==36|Quân đoàn địch tướng thử thách 5 lần,,3150,1470,41,999,107,0,5,0,0,1,7,1,8,100000,2,3008,2,,,,,,,
37520,s==20|Quân đoàn phát triển,s==37|Quân đoàn địch tướng thử thách 10 lần,,3150,1470,41,999,107,0,10,0,0,1,7,1,8,150000,2,3008,2,,,,,,,
37540,s==16|Gói Quà Phúc Lợi,s==21|Gói Phúc Lợi Toàn Dân,,3150,0,1,40,520,4000,1,0,0,1,4,,,,,,,,,,,,,
37560,s==16|Gói Quà Phúc Lợi,s==16|Gói VIP1 Nửa Giá,,3150,0,1,40,520,4010,1,0,0,1,4,,,,,,,,,,,,,
37580,s==16|Gói Quà Phúc Lợi,s==20|Gói Toàn Dân Nửa Giá,,3150,0,1,40,520,4020,1,0,0,1,4,,,,,,,,,,,,,
37600,s==16|Gói Quà Phúc Lợi,s==21|Gói Phúc Lợi Toàn Dân,,3150,0,41,999,520,4030,1,0,0,1,4,,,,,,,,,,,,,
37620,s==16|Gói Quà Phúc Lợi,s==16|Gói VIP1 Nửa Giá,,3150,0,41,999,520,4040,1,0,0,1,4,,,,,,,,,,,,,
37640,s==16|Gói Quà Phúc Lợi,s==20|Gói Toàn Dân Nửa Giá,,3150,0,41,999,520,4050,1,0,0,1,4,,,,,,,,,,,,,
37660,s==17|Lợi ích lĩnh nhận,s==15|Đăng nhập 1 lần,,3150,0,1,999,101,0,1,0,0,2,1,1,9,150,2,1003,1,,,,,,,
37680,s==17|Lợi ích lĩnh nhận,s==28|Mở máy chủ tích nạp 2000 KNB,,3150,1930,1,40,525,0,200,0,0,2,1,1,9,150,2,1006,1000,,,,,,,
37700,s==17|Lợi ích lĩnh nhận,s==27|Tích nạp tổng cộng 2000 KNB,,3150,1930,41,999,510,0,200,0,0,2,1,1,9,400,2,1027,50,,,,,,,
37720,s==18|Thử Luyện Mạo Hiểm,s==28|Thông Thiên Tháp đạt tầng 10,,3150,1130,1,40,308,0,10,0,0,2,5,1,8,20000,2,1005,2,,,,,,,
37740,s==18|Thử Luyện Mạo Hiểm,s==28|Thông Thiên Tháp đạt tầng 15,,3150,1130,1,40,308,0,15,0,0,2,5,1,8,30000,2,1005,2,,,,,,,
37760,s==18|Thử Luyện Mạo Hiểm,s==28|Thông Thiên Tháp đạt tầng 20,,3150,1130,1,40,308,0,20,0,0,2,5,1,8,50000,2,4010,1,,,,,,,
37780,s==18|Thử Luyện Mạo Hiểm,s==28|Thông Thiên Tháp đạt tầng 30,,3150,1130,1,40,308,0,30,0,0,2,5,1,8,80000,2,1005,2,,,,,,,
37800,s==18|Thử Luyện Mạo Hiểm,s==28|Thông Thiên Tháp đạt tầng 40,,3150,1130,1,40,308,0,40,0,0,2,5,1,8,100000,2,1005,2,,,,,,,
37820,s==18|Thử Luyện Mạo Hiểm,s==28|Thông Thiên Tháp đạt tầng 50,,3150,1130,1,40,308,0,50,0,0,2,5,1,8,150000,2,4020,1,,,,,,,
37840,s==18|Thử Luyện Mạo Hiểm,s==63|Thách đấu hoặc quét sạch 3 lần tầng bất kỳ của Thông Thiên Tháp,,3150,1130,41,999,106,0,3,0,0,2,5,1,8,20000,1,9,50,,,,,,,
37860,s==18|Thử Luyện Mạo Hiểm,s==59|Thách Đấu hoặc Quét Sạch Thông Thiên Tháp bất kỳ tầng 6 lần,,3150,1130,41,999,106,0,6,0,0,2,5,1,8,30000,1,9,50,,,,,,,
37880,s==18|Thử Luyện Mạo Hiểm,s==59|Thách Đấu hoặc Quét Sạch Thông Thiên Tháp bất kỳ tầng 9 lần,,3150,1130,41,999,106,0,9,0,0,2,5,1,8,50000,1,9,50,,,,,,,
37900,s==18|Thử Luyện Mạo Hiểm,s==60|Thách Đấu hoặc Quét Sạch Thông Thiên Tháp bất kỳ tầng 12 lần,,3150,1130,41,999,106,0,12,0,0,2,5,1,8,80000,1,9,50,,,,,,,
37920,s==18|Thử Luyện Mạo Hiểm,s==60|Thách Đấu hoặc Quét Sạch Thông Thiên Tháp bất kỳ tầng 15 lần,,3150,1130,41,999,106,0,15,0,0,2,5,1,8,100000,1,9,50,,,,,,,
37940,s==18|Thử Luyện Mạo Hiểm,s==60|Thách Đấu hoặc Quét Sạch Thông Thiên Tháp bất kỳ tầng 20 lần,,3150,1130,41,999,106,0,20,0,0,2,5,1,8,100000,1,9,50,,,,,,,
37960,s==19|May Mắn Chiêu Tướng,s==24|Thường Thăm Viếng 10 lần,,3150,1640,1,40,403,1,10,0,0,2,6,1,8,20000,2,1001,50,,,,,,,
37980,s==19|May Mắn Chiêu Tướng,s==24|Thường Thăm Viếng 20 lần,,3150,1640,1,40,403,1,20,0,0,2,6,1,8,30000,2,1006,80,,,,,,,
38000,s==19|May Mắn Chiêu Tướng,s==21|Tầm Bảo Cao Cấp 5 lần,,3150,1640,1,40,403,3,5,0,0,2,6,1,8,50000,2,1001,80,,,,,,,
38020,s==19|May Mắn Chiêu Tướng,s==22|Tầm Bảo Cao Cấp 10 lần,,3150,1640,1,40,403,3,10,0,0,2,6,1,8,80000,2,1006,100,,,,,,,
38040,s==19|May Mắn Chiêu Tướng,s==25|Cao Cấp Thăm Viếng 20 lần,,3150,1640,1,40,403,3,20,0,0,2,6,1,8,100000,2,1001,150,,,,,,,
38060,s==19|May Mắn Chiêu Tướng,s==25|Cao Cấp Thăm Viếng 40 lần,,3150,1640,1,40,403,3,40,0,0,2,6,1,8,100000,2,1006,200,,,,,,,
38080,s==19|May Mắn Chiêu Tướng,s==24|Thường Thăm Viếng 10 lần,,3150,1640,41,999,403,1,10,0,0,2,6,1,8,20000,2,3003,5,,,,,,,
38100,s==19|May Mắn Chiêu Tướng,s==24|Thường Thăm Viếng 20 lần,,3150,1640,41,999,403,1,20,0,0,2,6,1,8,30000,2,3003,5,,,,,,,
38120,s==19|May Mắn Chiêu Tướng,s==21|Tầm Bảo Cao Cấp 5 lần,,3150,1640,41,999,403,3,5,0,0,2,6,1,8,50000,2,3003,5,,,,,,,
38140,s==19|May Mắn Chiêu Tướng,s==22|Tầm Bảo Cao Cấp 10 lần,,3150,1640,41,999,403,3,10,0,0,2,6,1,8,80000,2,3003,5,,,,,,,
38160,s==19|May Mắn Chiêu Tướng,s==25|Cao Cấp Thăm Viếng 20 lần,,3150,1640,41,999,403,3,20,0,0,2,6,1,8,100000,2,3003,5,,,,,,,
38180,s==19|May Mắn Chiêu Tướng,s==25|Cao Cấp Thăm Viếng 40 lần,,3150,1640,41,999,403,3,40,0,0,2,6,1,8,100000,2,3003,5,,,,,,,
38200,s==16|Gói Quà Phúc Lợi,s==21|Gói Phúc Lợi Toàn Dân,,3150,0,1,40,520,4060,1,,0,2,4,,,,,,,,,,,,,
38220,s==16|Gói Quà Phúc Lợi,s==20|Gói quà VIP2 nửa giá,,3150,0,1,40,520,4070,1,0,0,2,4,,,,,,,,,,,,,
38240,s==16|Gói Quà Phúc Lợi,s==20|Gói Toàn Dân Nửa Giá,,3150,0,1,40,520,4080,1,0,0,2,4,,,,,,,,,,,,,
38260,s==16|Gói Quà Phúc Lợi,s==21|Gói Phúc Lợi Toàn Dân,,3150,0,41,999,520,4090,1,0,0,2,4,,,,,,,,,,,,,
38280,s==16|Gói Quà Phúc Lợi,s==20|Gói quà VIP2 nửa giá,,3150,0,41,999,520,4100,1,0,0,2,4,,,,,,,,,,,,,
38300,s==16|Gói Quà Phúc Lợi,s==20|Gói Toàn Dân Nửa Giá,,3150,0,41,999,520,4110,1,0,0,2,4,,,,,,,,,,,,,
38320,s==17|Lợi ích lĩnh nhận,s==15|Đăng nhập 1 lần,,3150,0,1,999,101,0,1,0,0,3,1,1,9,200,2,1005,5,,,,,,,
38340,s==17|Lợi ích lĩnh nhận,s==28|Mở máy chủ tích nạp 5000 KNB,,3150,1930,1,40,525,0,500,0,0,3,1,1,9,1500,2,1014,1,,,,,,,
38360,s==17|Lợi ích lĩnh nhận,s==27|Tích nạp tổng cộng 5000 KNB,,3150,1930,41,999,510,0,500,0,0,3,1,1,9,1000,2,1076,3,,,,,,,
38380,s==21|Hiệu Trường Phong Vân,s==22|Trường đấu tỉ võ 5 lần,,3150,1110,1,40,104,0,5,0,0,3,2,1,8,20000,2,1005,2,,,,,,,
38400,s==21|Hiệu Trường Phong Vân,s==24|Hiệu Trường Bỉ Võ 10 lần,,3150,1110,1,40,104,0,10,0,0,3,2,1,8,30000,2,1007,1,,,,,,,
38420,s==21|Hiệu Trường Phong Vân,s==24|Hiệu Trường Bỉ Võ 15 lần,,3150,1110,1,40,104,0,15,0,0,3,2,1,8,50000,2,1005,3,,,,,,,
38440,s==21|Hiệu Trường Phong Vân,s==24|Hiệu Trường Bỉ Võ 20 lần,,3150,1110,1,40,104,0,20,0,0,3,2,1,8,80000,2,1007,2,,,,,,,
38460,s==21|Hiệu Trường Phong Vân,s==24|Hiệu Trường Bỉ Võ 30 lần,,3150,1110,1,40,104,0,30,0,0,3,2,1,8,100000,2,1005,5,,,,,,,
38480,s==21|Hiệu Trường Phong Vân,s==24|Hiệu Trường Bỉ Võ 40 lần,,3150,1110,1,40,104,0,40,0,0,3,2,1,8,100000,2,1007,2,,,,,,,
38500,s==21|Hiệu Trường Phong Vân,s==22|Trường đấu tỉ võ 5 lần,,3150,1110,41,999,104,0,5,0,0,3,2,1,8,20000,1,9,50,,,,,,,
38520,s==21|Hiệu Trường Phong Vân,s==24|Hiệu Trường Bỉ Võ 10 lần,,3150,1110,41,999,104,0,10,0,0,3,2,1,8,30000,1,9,50,,,,,,,
38540,s==21|Hiệu Trường Phong Vân,s==24|Hiệu Trường Bỉ Võ 15 lần,,3150,1110,41,999,104,0,15,0,0,3,2,1,8,50000,1,9,50,,,,,,,
38560,s==21|Hiệu Trường Phong Vân,s==24|Hiệu Trường Bỉ Võ 20 lần,,3150,1110,41,999,104,0,20,0,0,3,2,1,8,80000,1,9,50,,,,,,,
38580,s==21|Hiệu Trường Phong Vân,s==24|Hiệu Trường Bỉ Võ 30 lần,,3150,1110,41,999,104,0,30,0,0,3,2,1,8,100000,1,9,50,,,,,,,
38600,s==21|Hiệu Trường Phong Vân,s==24|Hiệu Trường Bỉ Võ 40 lần,,3150,1110,41,999,104,0,40,0,0,3,2,1,8,100000,1,9,50,,,,,,,
38620,s==17|Hợp Nhất Sinh Huy,s==29|Hợp thành 1 vị võ tướng 5 sao,,3150,1630,1,40,519,5,1,0,0,3,3,1,8,20000,2,1019,2,,,,,,,
38640,s==17|Hợp Nhất Sinh Huy,s==26|Hợp Thành 2 vị Tướng 5 Sao,,3150,1630,1,40,519,5,2,0,0,3,3,1,8,30000,2,1019,3,,,,,,,
38660,s==17|Hợp Nhất Sinh Huy,s==26|Hợp Thành 3 vị Tướng 5 Sao,,3150,1630,1,40,519,5,3,0,0,3,3,1,8,50000,2,1019,4,,,,,,,
38680,s==17|Hợp Nhất Sinh Huy,s==26|Hợp Thành 4 vị Tướng 5 Sao,,3150,1630,1,40,519,5,4,0,0,3,3,1,8,80000,2,1019,5,,,,,,,
38700,s==17|Hợp Nhất Sinh Huy,s==26|Hợp Thành 1 vị Tướng 6 Sao,,3150,1630,1,40,519,6,1,0,0,3,3,1,8,100000,2,1019,6,,,,,,,
38720,s==17|Hợp Nhất Sinh Huy,s==26|Hợp Thành 2 vị Tướng 6 Sao,,3150,1630,1,40,519,6,2,0,0,3,3,1,8,100000,2,1019,8,,,,,,,
38740,s==17|Hợp Nhất Sinh Huy,s==29|Hợp thành 1 vị võ tướng 5 sao,,3150,1630,41,999,519,5,1,0,0,3,3,1,8,20000,2,3008,3,,,,,,,
38760,s==17|Hợp Nhất Sinh Huy,s==26|Hợp Thành 2 vị Tướng 5 Sao,,3150,1630,41,999,519,5,2,0,0,3,3,1,8,30000,2,3008,3,,,,,,,
38780,s==17|Hợp Nhất Sinh Huy,s==26|Hợp Thành 3 vị Tướng 5 Sao,,3150,1630,41,999,519,5,3,0,0,3,3,1,8,50000,2,3008,3,,,,,,,
38800,s==17|Hợp Nhất Sinh Huy,s==26|Hợp Thành 4 vị Tướng 5 Sao,,3150,1630,41,999,519,5,4,0,0,3,3,1,8,80000,2,3008,3,,,,,,,
38820,s==17|Hợp Nhất Sinh Huy,s==26|Hợp Thành 1 vị Tướng 6 Sao,,3150,1630,41,999,519,6,1,0,0,3,3,1,8,100000,2,3008,3,,,,,,,
38840,s==17|Hợp Nhất Sinh Huy,s==26|Hợp Thành 2 vị Tướng 6 Sao,,3150,0,41,999,519,6,2,0,0,3,3,1,8,100000,2,3008,5,,,,,,,
38860,s==16|Gói Quà Phúc Lợi,s==21|Gói Phúc Lợi Toàn Dân,,3150,0,1,40,520,4120,1,0,0,3,4,,,,,,,,,,,,,
38880,s==16|Gói Quà Phúc Lợi,s==20|Gói quà VIP3 nửa giá,,3150,0,1,40,520,4130,1,0,0,3,4,,,,,,,,,,,,,
38900,s==16|Gói Quà Phúc Lợi,s==20|Gói Toàn Dân Nửa Giá,,3150,0,1,40,520,4140,1,0,0,3,4,,,,,,,,,,,,,
38920,s==16|Gói Quà Phúc Lợi,s==21|Gói Phúc Lợi Toàn Dân,,3150,0,41,999,520,4150,1,0,0,3,4,,,,,,,,,,,,,
38940,s==16|Gói Quà Phúc Lợi,s==20|Gói quà VIP3 nửa giá,,3150,0,41,999,520,4160,1,0,0,3,4,,,,,,,,,,,,,
38960,s==16|Gói Quà Phúc Lợi,s==20|Gói Toàn Dân Nửa Giá,,3150,0,41,999,520,4170,1,0,0,3,4,,,,,,,,,,,,,
38980,s==17|Lợi ích lĩnh nhận,s==15|Đăng nhập 1 lần,,3150,0,1,40,101,0,1,0,0,4,1,1,9,300,2,1019,1,,,,,,,
39000,s==17|Lợi ích lĩnh nhận,s==15|Đăng nhập 1 lần,,3150,0,41,999,101,0,1,0,0,4,1,1,9,300,2,1019,5,,,,,,,
39020,s==17|Lợi ích lĩnh nhận,s==29|Mở máy chủ tích nạp 10000 KNB,,3150,1930,1,40,525,0,1000,0,0,4,1,1,9,2200,2,1004,1,,,,,,,
39040,s==17|Lợi ích lĩnh nhận,s==18|Tích nạp 10000 KNB,,3150,1930,41,999,510,0,1000,0,0,4,1,1,9,2200,2,1474,1,,,,,,,
39060,s==13|Kỳ Ngộ Chi Lộ,s==23|Nhận 10 nhiệm vụ Kỳ Ngộ,,3150,2091,1,40,110,0,10,0,0,4,11,1,8,20000,2,1019,2,,,,,,,
39080,s==13|Kỳ Ngộ Chi Lộ,s==23|Nhận 20 nhiệm vụ Kỳ Ngộ,,3150,2091,1,40,110,0,20,0,0,4,11,1,8,40000,2,1019,2,,,,,,,
39100,s==13|Kỳ Ngộ Chi Lộ,s==23|Nhận 30 nhiệm vụ Kỳ Ngộ,,3150,2091,1,40,110,0,30,0,0,4,11,1,8,60000,2,1019,2,,,,,,,
39120,s==13|Kỳ Ngộ Chi Lộ,s==23|Nhận 40 nhiệm vụ Kỳ Ngộ,,3150,2091,1,40,110,0,40,0,0,4,11,1,8,80000,2,1019,4,,,,,,,
39140,s==13|Kỳ Ngộ Chi Lộ,s==34|Nhận 5 nhiệm vụ Kỳ Ngộ tím trở lên,,3150,2091,1,40,212,4,5,0,0,4,11,1,8,100000,2,1019,4,,,,,,,
39160,s==13|Kỳ Ngộ Chi Lộ,s==35|Nhận 10 nhiệm vụ Kỳ Ngộ tím trở lên,,3150,2091,1,40,212,4,10,0,0,4,11,1,8,120000,2,1019,4,,,,,,,
39180,s==13|Kỳ Ngộ Chi Lộ,s==23|Nhận 10 nhiệm vụ Kỳ Ngộ,,3150,2091,41,999,110,0,10,0,0,4,11,1,8,20000,1,9,60,,,,,,,
39200,s==13|Kỳ Ngộ Chi Lộ,s==23|Nhận 20 nhiệm vụ Kỳ Ngộ,,3150,2091,41,999,110,0,20,0,0,4,11,1,8,40000,1,9,60,,,,,,,
39220,s==13|Kỳ Ngộ Chi Lộ,s==23|Nhận 30 nhiệm vụ Kỳ Ngộ,,3150,2091,41,999,110,0,30,0,0,4,11,1,8,60000,1,9,60,,,,,,,
39240,s==13|Kỳ Ngộ Chi Lộ,s==23|Nhận 40 nhiệm vụ Kỳ Ngộ,,3150,2091,41,999,110,0,40,0,0,4,11,1,8,80000,1,9,60,,,,,,,
39260,s==13|Kỳ Ngộ Chi Lộ,s==34|Nhận 5 nhiệm vụ Kỳ Ngộ tím trở lên,,3150,2091,41,999,212,4,5,0,0,4,11,1,8,100000,1,9,60,,,,,,,
39280,s==13|Kỳ Ngộ Chi Lộ,s==35|Nhận 10 nhiệm vụ Kỳ Ngộ tím trở lên,,3150,2091,41,999,212,4,10,0,0,4,11,1,8,120000,1,9,60,,,,,,,
39300,s==17|Nhiệm vụ kỳ duyên,s==31|Làm mới nhiệm vụ kỳ duyên 5 lần,,3150,2091,1,40,511,0,5,0,0,4,12,1,8,20000,2,1027,5,,,,,,,
39320,s==17|Nhiệm vụ kỳ duyên,s==32|Làm mới nhiệm vụ kỳ duyên 10 lần,,3150,2091,1,40,511,0,10,0,0,4,12,1,8,40000,2,1027,10,,,,,,,
39340,s==17|Nhiệm vụ kỳ duyên,s==32|Làm mới nhiệm vụ kỳ duyên 15 lần,,3150,2091,1,40,511,0,15,0,0,4,12,1,8,60000,2,1027,10,,,,,,,
39360,s==17|Nhiệm vụ kỳ duyên,s==32|Làm mới nhiệm vụ kỳ duyên 20 lần,,3150,2091,1,40,511,0,20,0,0,4,12,1,8,80000,2,1027,10,,,,,,,
39380,s==17|Nhiệm vụ kỳ duyên,s==32|Làm mới nhiệm vụ kỳ duyên 30 lần,,3150,2091,1,40,511,0,30,0,0,4,12,1,8,100000,2,1027,15,,,,,,,
39400,s==17|Nhiệm vụ kỳ duyên,s==32|Làm mới nhiệm vụ kỳ duyên 40 lần,,3150,2091,1,40,511,0,40,0,0,4,12,1,8,120000,2,1027,15,,,,,,,
39420,s==17|Nhiệm vụ kỳ duyên,s==31|Làm mới nhiệm vụ kỳ duyên 5 lần,,3150,2091,41,999,511,0,5,0,0,4,12,1,8,20000,2,3004,5,,,,,,,
39440,s==17|Nhiệm vụ kỳ duyên,s==32|Làm mới nhiệm vụ kỳ duyên 10 lần,,3150,2091,41,999,511,0,10,0,0,4,12,1,8,40000,2,3004,5,,,,,,,
39460,s==17|Nhiệm vụ kỳ duyên,s==32|Làm mới nhiệm vụ kỳ duyên 15 lần,,3150,2091,41,999,511,0,15,0,0,4,12,1,8,60000,2,3004,5,,,,,,,
39480,s==17|Nhiệm vụ kỳ duyên,s==32|Làm mới nhiệm vụ kỳ duyên 20 lần,,3150,2091,41,999,511,0,20,0,0,4,12,1,8,80000,2,3004,5,,,,,,,
39500,s==17|Nhiệm vụ kỳ duyên,s==32|Làm mới nhiệm vụ kỳ duyên 30 lần,,3150,2091,41,999,511,0,30,0,0,4,12,1,8,100000,2,3004,5,,,,,,,
39520,s==17|Nhiệm vụ kỳ duyên,s==32|Làm mới nhiệm vụ kỳ duyên 40 lần,,3150,2091,41,999,511,0,40,0,0,4,12,1,8,120000,2,3004,5,,,,,,,
39540,s==16|Gói Quà Phúc Lợi,s==21|Gói Phúc Lợi Toàn Dân,,3150,0,1,40,520,4180,1,0,0,4,4,,,,,,,,,,,,,
39560,s==16|Gói Quà Phúc Lợi,s==21|Gói Phúc Lợi Toàn Dân,,3150,0,41,999,520,4210,1,0,0,4,4,,,,,,,,,,,,,
39580,s==16|Gói Quà Phúc Lợi,s==20|Gói quà VIP4 nửa giá,,3150,0,1,999,520,4190,1,0,0,4,4,,,,,,,,,,,,,
39600,s==16|Gói Quà Phúc Lợi,s==20|Gói Toàn Dân Nửa Giá,,3150,0,1,999,520,4200,1,0,0,4,4,,,,,,,,,,,,,
39620,s==17|Lợi ích lĩnh nhận,s==15|Đăng nhập 1 lần,,3150,0,1,999,101,0,1,0,0,5,1,1,9,300,2,2511,1,,,,,,,
39640,s==17|Lợi ích lĩnh nhận,s==33|Tích nạp 20000 KNB khi mở máy chủ,,3150,1930,1,40,525,0,2000,0,0,5,1,1,9,3000,2,1006,6000,,,,,,,
39660,s==17|Lợi ích lĩnh nhận,s==18|Tích nạp 20000 KNB,,3150,1930,41,999,510,0,2000,0,0,5,1,1,9,3000,2,1006,6000,,,,,,,
39680,s==18|Thần Binh thất lạc,s==24|Mở khóa 3 kiện Thần Binh,,3150,1890,1,40,528,0,3,0,0,5,13,1,8,20000,2,1027,10,,,,,,,
39700,s==18|Thần Binh thất lạc,s==24|Mở khóa 5 kiện Thần Binh,,3150,1890,1,40,528,0,5,0,0,5,13,1,8,40000,2,1027,10,,,,,,,
39720,s==18|Thần Binh thất lạc,s==19|Thần Binh đạt cấp 1,,3150,1890,1,40,529,0,1,0,0,5,13,1,8,60000,2,1027,15,,,,,,,
39740,s==18|Thần Binh thất lạc,s==19|Thần Binh đạt cấp 2,,3150,1890,1,40,529,0,2,0,0,5,13,1,8,80000,2,1027,15,,,,,,,
39760,s==18|Thần Binh thất lạc,s==19|Thần Binh đạt cấp 3,,3150,1890,1,40,529,0,3,0,0,5,13,1,8,100000,2,1027,20,,,,,,,
39780,s==18|Thần Binh thất lạc,s==19|Thần Binh đạt cấp 4,,3150,1890,     ,40,529,0,4,0,0,5,13,1,8,120000,2,1027,25,,,,,,,
39800,s==18|Thần Binh thất lạc,s==35|Tiến hành 5 lần Thần Binh Thăng Cấp,,3150,1890,41,999,512,0,5,0,0,5,13,1,8,20000,1,9,60,,,,,,,
39820,s==18|Thần Binh thất lạc,s==36|Tiến hành 10 lần thăng cấp thần binh,,3150,1890,41,999,512,0,10,0,0,5,13,1,8,40000,1,9,60,,,,,,,
39840,s==18|Thần Binh thất lạc,s==24|Hợp thành Tướng Ấn 1 lần,,3150,1100,41,999,209,0,1,0,0,5,13,1,8,60000,1,9,60,,,,,,,
39860,s==18|Thần Binh thất lạc,s==24|Hợp thành Tướng Ấn 2 lần,,3150,1100,41,999,209,0,2,0,0,5,13,1,8,80000,1,9,60,,,,,,,
39880,s==18|Thần Binh thất lạc,s==24|Hợp thành Tướng Ấn 3 lần,,3150,1100,41,999,209,0,3,0,0,5,13,1,8,100000,1,9,60,,,,,,,
39900,s==18|Thần Binh thất lạc,s==24|Hợp thành Tướng Ấn 4 lần,,3150,1100,41,999,209,0,4,0,0,5,13,1,8,120000,1,9,60,,,,,,,
39920,s==30|Cấp bậc thăng tiến không ngừng,s==25|Cấp bậc người chơi đạt 10,,3150,1650,1,41,201,0,10,0,0,5,18,1,8,20000,2,3008,3,,,,,,,
39940,s==30|Cấp bậc thăng tiến không ngừng,s==25|Cấp bậc người chơi đạt 20,,3150,1650,1,41,201,0,20,0,0,5,18,1,8,40000,2,3008,3,,,,,,,
39960,s==30|Cấp bậc thăng tiến không ngừng,s==28|Giang hồ đẳng cấp đạt 30 cấp,,3150,1650,1,41,201,0,30,0,0,5,18,1,8,60000,2,3008,3,,,,,,,
39980,s==30|Cấp bậc thăng tiến không ngừng,s==28|Giang hồ đẳng cấp đạt 40 cấp,,3150,1650,1,41,201,0,40,0,0,5,18,1,8,80000,2,3008,3,,,,,,,
40000,s==30|Cấp bậc thăng tiến không ngừng,s==25|Cấp bậc người chơi đạt 45,,3150,1650,1,41,201,0,45,0,0,5,18,1,8,100000,2,3008,3,,,,,,,
40020,s==30|Cấp bậc thăng tiến không ngừng,s==25|Cấp bậc người chơi đạt 55,,3150,1650,1,41,201,0,55,0,0,5,18,1,8,120000,2,3008,5,,,,,,,
40040,s==22|Chiến dịch thường nhật,s==39|Tham gia phó bản thường nhật trên 8 lần,,3150,1240,41,999,111,0,8,0,0,5,14,1,8,20000,2,3005,5,,,,,,,
40060,s==22|Chiến dịch thường nhật,s==40|Tham gia phó bản thường nhật trên 16 lần,,3150,1240,41,999,111,0,16,0,0,5,14,1,8,40000,2,3005,5,,,,,,,
40080,s==22|Chiến dịch thường nhật,s==40|Tham gia phó bản thường nhật trên 24 lần,,3150,1240,41,999,111,0,24,0,0,5,14,1,8,60000,2,3005,5,,,,,,,
40100,s==22|Chiến dịch thường nhật,s==40|Tham gia phó bản thường nhật trên 32 lần,,3150,1240,41,999,111,0,32,0,0,5,14,1,8,80000,2,3005,5,,,,,,,
40120,s==22|Chiến dịch thường nhật,s==40|Tham gia phó bản thường nhật trên 40 lần,,3150,1240,41,999,111,0,40,0,0,5,14,1,8,100000,2,3005,5,,,,,,,
40140,s==22|Chiến dịch thường nhật,s==40|Tham gia phó bản thường nhật trên 48 lần,,3150,1240,41,999,111,0,48,0,0,5,14,1,8,120000,2,3005,5,,,,,,,
40160,s==16|Gói Quà Phúc Lợi,s==21|Gói phúc lợi toàn dân,,3150,0,1,40,520,4250,1,0,0,5,4,,,,,,,,,,,,,
40180,s==16|Gói Quà Phúc Lợi,s==20|Gói quà VIP4 nửa giá,,3150,0,1,40,520,4260,1,0,0,5,4,,,,,,,,,,,,,
40200,s==16|Gói Quà Phúc Lợi,s==20|Gói Toàn Dân Nửa Giá,,3150,0,1,40,520,4270,1,0,0,5,4,,,,,,,,,,,,,
40220,s==16|Gói Quà Phúc Lợi,s==21|Gói phúc lợi toàn dân,,3150,0,41,999,520,4280,1,0,0,5,4,,,,,,,,,,,,,
40240,s==16|Gói Quà Phúc Lợi,s==20|Gói quà VIP4 nửa giá,,3150,0,41,999,520,4290,1,0,0,5,4,,,,,,,,,,,,,
40260,s==16|Gói Quà Phúc Lợi,s==20|Gói Toàn Dân Nửa Giá,,3150,0,41,999,520,4300,1,0,0,5,4,,,,,,,,,,,,,
40280,s==17|Lợi ích lĩnh nhận,s==15|Đăng nhập 1 lần,,3150,0,1,999,101,0,1,0,0,6,1,1,9,350,2,1007,5,,,,,,,
40300,s==17|Lợi ích lĩnh nhận,s==33|Tích nạp 30000 KNB khi mở máy chủ,,3150,1930,1,60,525,0,3000,0,0,6,1,1,9,7000,2,1052,500,,,,,,,
40320,s==17|Lợi ích lĩnh nhận,s==28|Tích nạp tổng cộng 30000 KNB,,3150,1930,61,999,510,0,3000,0,0,6,1,1,9,5000,2,1475,1,,,,,,,
40340,s==20|Thử luyện Thần Tướng,s==34|Thắng 10 ải Huyết Chiến Trường Bản,,3150,1250,1,40,530,0,10,0,0,6,16,1,8,20000,2,1007,2,,,,,,,
40360,s==20|Thử luyện Thần Tướng,s==34|Thắng 20 ải Huyết Chiến Trường Bản,,3150,1250,1,40,530,0,20,0,0,6,16,1,8,40000,2,1007,2,,,,,,,
40380,s==20|Thử luyện Thần Tướng,s==34|Thắng 30 ải Huyết Chiến Trường Bản,,3150,1250,1,40,530,0,30,0,0,6,16,1,8,60000,2,1007,2,,,,,,,
40400,s==20|Thử luyện Thần Tướng,s==34|Thắng 40 ải Huyết Chiến Trường Bản,,3150,1250,1,40,530,0,40,0,0,6,16,1,8,80000,2,1007,3,,,,,,,
40420,s==20|Thử luyện Thần Tướng,s==34|Thắng 50 ải Huyết Chiến Trường Bản,,3150,1250,1,40,530,0,50,0,0,6,16,1,8,100000,2,1007,3,,,,,,,
40440,s==20|Thử luyện Thần Tướng,s==51|Phái xuất võ tướng 1 lần tại Huyết Chiến Trường Bản,,3150,1250,1,40,531,0,1,0,0,6,16,1,8,120000,2,1007,3,,,,,,,
40460,s==11|Tụ Hiền Các,s==26|Tham gia 1 lần Tụ Hiền Các,,3150,1140,41,999,211,0,1,0,0,6,10,1,8,20000,1,9,60,,,,,,,
40480,s==11|Tụ Hiền Các,s==26|Tham gia 2 lần Tụ Hiền Các,,3150,1140,41,999,211,0,2,0,0,6,10,1,8,40000,1,9,60,,,,,,,
40500,s==11|Tụ Hiền Các,s==26|Tham gia 3 lần Tụ Hiền Các,,3150,1140,41,999,211,0,3,0,0,6,10,1,8,60000,1,9,60,,,,,,,
40520,s==11|Tụ Hiền Các,s==26|Tham gia 4 lần Tụ Hiền Các,,3150,1140,41,999,211,0,4,0,0,6,10,1,8,80000,1,9,60,,,,,,,
40540,s==11|Tụ Hiền Các,s==26|Tham gia 5 lần Tụ Hiền Các,,3150,1140,41,999,211,0,5,0,0,6,10,1,8,100000,1,9,60,,,,,,,
40560,s==11|Tụ Hiền Các,s==26|Tham gia 6 lần Tụ Hiền Các,,3150,1140,41,999,211,0,6,0,0,6,10,1,8,120000,1,9,60,,,,,,,
40580,s==16|Đại nhân may mắn,s==15|Đoạt Bảo 10 lần,,3150,1090,1,40,513,0,10,0,0,6,9,1,8,20000,2,1007,1,,,,,,,
40600,s==16|Đại nhân may mắn,s==15|Đoạt bảo 20 lần,,3150,1090,1,40,513,0,20,0,0,6,9,1,8,40000,2,1002,3,,,,,,,
40620,s==16|Đại nhân may mắn,s==15|Đoạt bảo 30 lần,,3150,1090,1,40,513,0,30,0,0,6,9,1,8,60000,2,1007,2,,,,,,,
40640,s==16|Đại nhân may mắn,s==15|Đoạt bảo 40 lần,,3150,1090,1,40,513,0,40,0,0,6,9,1,8,80000,2,1002,3,,,,,,,
40660,s==16|Đại nhân may mắn,s==15|Đoạt bảo 60 lần,,3150,1090,1,40,513,0,60,0,0,6,9,1,8,100000,2,1003,1,,,,,,,
40680,s==16|Đại nhân may mắn,s==15|Đoạt bảo 80 lần,,3150,1090,1,40,513,0,80,0,0,6,9,1,8,120000,2,1003,2,,,,,,,
40700,s==16|Đại nhân may mắn,s==15|Đoạt Bảo 10 lần,,3150,1090,41,999,513,0,10,0,0,6,9,1,8,20000,1,9,60,,,,,,,
40720,s==16|Đại nhân may mắn,s==15|Đoạt bảo 20 lần,,3150,1090,41,999,513,0,20,0,0,6,9,1,8,40000,1,9,60,,,,,,,
40740,s==16|Đại nhân may mắn,s==15|Đoạt bảo 30 lần,,3150,1090,41,999,513,0,30,0,0,6,9,1,8,60000,1,9,60,,,,,,,
40760,s==16|Đại nhân may mắn,s==15|Đoạt bảo 40 lần,,3150,1090,41,999,513,0,40,0,0,6,9,1,8,80000,1,9,60,,,,,,,
40780,s==16|Đại nhân may mắn,s==15|Đoạt bảo 60 lần,,3150,1090,41,999,513,0,60,0,0,6,9,1,8,100000,1,9,60,,,,,,,
40800,s==16|Đại nhân may mắn,s==15|Đoạt bảo 80 lần,,3150,1090,41,999,513,0,80,0,0,6,9,1,8,120000,1,9,120,,,,,,,
40820,s==16|Lộc Bao Phúc Lợi,s==21|Gói phúc lợi toàn dân,,3150,0,1,60,520,4310,1,0,0,6,4,,,,,,,,,,,,,
40840,s==16|Lộc Bao Phúc Lợi,s==20|Gói quà VIP5 nửa giá,,3150,0,1,999,520,4320,1,0,0,6,4,,,,,,,,,,,,,
40860,s==16|Lộc Bao Phúc Lợi,s==20|Gói Toàn Dân Nửa Giá,,3150,0,1,999,520,4330,1,0,0,6,4,,,,,,,,,,,,,
40880,s==16|Lộc Bao Phúc Lợi,s==21|Gói phúc lợi toàn dân,,3150,0,61,999,520,4340,1,0,0,6,4,,,,,,,,,,,,,
40900,s==17|Lợi ích lĩnh nhận,s==15|Đăng nhập 1 lần,,3150,0,1,999,101,0,1,0,0,7,1,1,9,400,2,24401,30,,,,,,,
40920,s==17|Lợi ích lĩnh nhận,s==28|Khai Phục Tích Nạp 50000 KNB,,3150,1930,1,60,525,0,5000,0,0,7,1,1,9,15000,2,24506,50,,,,,,,
40940,s==17|Lợi ích lĩnh nhận,s==23|Tích Nạp Tổng 50000 KNB,,3150,1930,61,999,510,0,5000,0,0,7,1,1,9,15000,2,1476,1,,,,,,,
40960,s==15|Thiên Lý Đơn Kỵ,s==40|Thiết Đoàn Đơn Kỵ Thông Quan Tầng 2 Quan,,3150,1260,1,40,206,0,2,0,0,7,15,1,8,20000,2,1052,10,,,,,,,
40980,s==15|Thiên Lý Đơn Kỵ,s==40|Thiết Đoàn Đơn Kỵ Thông Quan Tầng 4 Quan,,3150,1260,1,40,206,0,4,0,0,7,15,1,8,40000,2,1052,10,,,,,,,
41000,s==15|Thiên Lý Đơn Kỵ,s==40|Thiết Đoàn Đơn Kỵ Thông Quan Tầng 6 Quan,,3150,1260,1,40,206,0,6,0,0,7,15,1,8,60000,2,1052,15,,,,,,,
41020,s==15|Thiên Lý Đơn Kỵ,s==40|Thiết Đoàn Đơn Kỵ Thông Quan Tầng 9 Quan,,3150,1260,1,40,206,0,9,0,0,7,15,1,8,80000,2,1052,15,,,,,,,
41040,s==15|Thiên Lý Đơn Kỵ,s==41|Thiết Đoàn Đơn Kỵ Thông Quan Tầng 12 Quan,,3150,1260,1,40,206,0,12,0,0,7,15,1,8,100000,2,1052,20,,,,,,,
41060,s==15|Thiên Lý Đơn Kỵ,s==41|Thiết Đoàn Đơn Kỵ Thông Quan Tầng 15 Quan,,3150,1260,1,40,206,0,15,0,0,7,15,1,8,120000,2,1052,20,,,,,,,
41080,s==15|Thiên Lý Đơn Kỵ,s==40|Thiết Đoàn Đơn Kỵ Thông Quan Tầng 2 Quan,,3150,1260,41,999,206,0,2,0,0,7,15,1,8,20000,1,9,60,,,,,,,
41100,s==15|Thiên Lý Đơn Kỵ,s==40|Thiết Đoàn Đơn Kỵ Thông Quan Tầng 4 Quan,,3150,1260,41,999,206,0,4,0,0,7,15,1,8,40000,1,9,60,,,,,,,
41120,s==15|Thiên Lý Đơn Kỵ,s==40|Thiết Đoàn Đơn Kỵ Thông Quan Tầng 6 Quan,,3150,1260,41,999,206,0,6,0,0,7,15,1,8,60000,1,9,60,,,,,,,
41140,s==15|Thiên Lý Đơn Kỵ,s==40|Thiết Đoàn Đơn Kỵ Thông Quan Tầng 9 Quan,,3150,1260,41,999,206,0,9,0,0,7,15,1,8,80000,1,9,60,,,,,,,
41160,s==15|Thiên Lý Đơn Kỵ,s==41|Thiết Đoàn Đơn Kỵ Thông Quan Tầng 12 Quan,,3150,1260,41,999,206,0,12,0,0,7,15,1,8,100000,1,9,60,,,,,,,
41180,s==15|Thiên Lý Đơn Kỵ,s==41|Thiết Đoàn Đơn Kỵ Thông Quan Tầng 15 Quan,,3150,1260,41,999,206,0,15,0,0,7,15,1,8,120000,1,9,60,,,,,,,
41200,s==19|Vũ Tướng Vinh Quang,s==35|Sở Hữu 5 Vị Vũ Tướng Cấp 30 Trở Lên,,3150,1530,1,40,204,30,5,0,0,7,19,1,8,20000,2,3008,3,,,,,,,
41220,s==19|Vũ Tướng Vinh Quang,s==36|Sở Hữu 1 Vị Vũ Tướng Cấp 100 Trở Lên,,3150,1530,1,40,204,30,1,0,0,7,19,1,8,40000,2,3008,3,,,,,,,
41240,s==19|Vũ Tướng Vinh Quang,s==36|Sở Hữu 1 Vị Vũ Tướng Cấp 120 Trở Lên,,3150,1530,1,40,204,120,1,0,0,7,19,1,8,60000,2,1052,10,,,,,,,
41260,s==19|Vũ Tướng Vinh Quang,s==26|Sở Hữu 5 Vị Vũ Tướng 5 Sao,,3150,1630,1,40,203,5,5,0,0,7,19,1,8,80000,2,3008,4,,,,,,,
41280,s==19|Vũ Tướng Vinh Quang,s==26|Sở Hữu 1 Vị Vũ Tướng 6 Sao,,3150,1630,1,40,203,6,1,0,0,7,19,1,8,100000,2,1052,20,,,,,,,
41300,s==19|Vũ Tướng Vinh Quang,s==26|Sở Hữu 2 Vị Vũ Tướng 6 Sao,,3150,1630,1,40,203,6,2,0,0,7,19,1,8,120000,2,1052,20,,,,,,,
41320,s==22|Huyết chiến Trường Bản,s==37|Tham gia 1 lần Huyết Chiến Trường Bản,,3150,1250,41,999,109,0,1,0,0,7,16,1,8,20000,2,3008,3,,,,,,,
41340,s==22|Huyết chiến Trường Bản,s==37|Tham Gia 2 Lần Huyết Chiến Trường Bản,,3150,1250,41,999,109,0,2,0,0,7,16,1,8,40000,2,3008,3,,,,,,,
41360,s==22|Huyết chiến Trường Bản,s==37|Tham Gia 3 Lần Huyết Chiến Trường Bản,,3150,1250,41,999,109,0,3,0,0,7,16,1,8,60000,2,3008,3,,,,,,,
41380,s==22|Huyết chiến Trường Bản,s==37|Tham Gia 4 Lần Huyết Chiến Trường Bản,,3150,1250,41,999,109,0,4,0,0,7,16,1,8,80000,2,3008,3,,,,,,,
41400,s==22|Huyết chiến Trường Bản,s==37|Tham Gia 5 Lần Huyết Chiến Trường Bản,,3150,1250,41,999,109,0,5,0,0,7,16,1,8,100000,2,3008,3,,,,,,,
41420,s==22|Huyết chiến Trường Bản,s==37|Tham Gia 6 Lần Huyết Chiến Trường Bản,,3150,1250,41,999,109,0,6,0,0,7,16,1,8,120000,2,3008,5,,,,,,,
41440,s==16|Gói Quà Phúc Lợi,s==21|Gói phúc lợi toàn dân,,3150,,1,40,520,4350,1,0,0,7,4,,,,,,,,,,,,,
41460,s==16|Gói Quà Phúc Lợi,s==20|Gói quà VIP5 nửa giá,,3150,,1,40,520,4360,1,0,0,7,4,,,,,,,,,,,,,
41480,s==16|Gói Quà Phúc Lợi,s==20|Gói Toàn Dân Nửa Giá,,3150,,1,40,520,4370,1,0,0,7,4,,,,,,,,,,,,,
41500,s==16|Gói Quà Phúc Lợi,s==21|Gói phúc lợi toàn dân,,3150,,41,999,520,4380,1,0,0,7,4,,,,,,,,,,,,,
41520,s==16|Gói Quà Phúc Lợi,s==20|Gói quà VIP6 nửa giá,,3150,,41,999,520,4390,1,0,0,7,4,,,,,,,,,,,,,
41540,s==16|Gói Quà Phúc Lợi,s==20|Gói Toàn Dân Nửa Giá,,3150,,41,999,520,4400,1,0,0,7,4,,,,,,,,,,,,,
45000,,s==24|Đăng nhập trò chơi 1 lần,,3130,,1,999,101,0,1,1,0,,,,,,,,,,,,,,,
45020,,s==26|Thách đấu 5 lần trường tập,,3130,1110,1,999,104,0,5,0,0,,,,,,,,,,,,,,,
45040,,s==38|Nhận 1 Lần Nhiệm Vụ Kỳ Ngộ Tím Trở Lên,,3130,2091,1,999,212,4,1,0,0,,,,,,,,,,,,,,,
45060,,s==35|Tiến hành 1 lần hiến tặng quân đoàn,,3130,1460,1,999,108,0,1,0,0,,,,,,,,,,,,,,,
45080,,s==37|Tham gia 1 lần Huyết Chiến Trường Bản,,3130,1250,1,999,109,0,1,0,0,,,,,,,,,,,,,,,
45100,,s==35|Tiến hành 5 lần Thần Binh Thăng Cấp,,3130,1890,1,999,512,0,5,0,0,,,,,,,,,,,,,,,
45120,,s==34|Tham gia 3 lần Phó Bản Thường Ngày,,3130,1240,1,999,111,0,3,0,0,,,,,,,,,,,,,,,
45140,,s==23|Tham gia Điểm Kim 3 lần,,3130,1012,1,50,509,0,3,0,0,,,,,,,,,,,,,,,
45160,,s==23|Tham gia Điểm Kim 5 lần,,3130,1012,51,999,509,0,3,0,0,,,,,,,,,,,,,,,
45180,,s==27|Nhanh chóng chiến đấu 4 lần,,3130,2092,1,999,105,0,4,0,0,,,,,,,,,,,,,,,
45200,,s==24|Thượng Cấp Tầm Vấn 1 Lần,,3130,1640,1,70,403,3,1,0,0,,,,,,,,,,,,,,,
45220,,s==31|Thực hiện 3 lần Tầm Bảo cao cấp,,3130,1640,30,999,403,3,3,0,0,,,,,,,,,,,,,,,
45240,,s==31|Tham gia Tầm Phong Thường 3 lần,,3130,1640,1,999,403,1,3,0,0,,,,,,,,,,,,,,,
45260,,s==35|Thách đấu 4 lần Phó Bản Thường Ngày,,3130,1240,1,999,111,0,4,0,0,,,,,,,,,,,,,,,
45280,,s==30|Tham gia Thiên Lý Đơn Kỵ 3 lần,,3130,1260,30,999,112,0,3,0,0,,,,,,,,,,,,,,,
45300,,s==23|Thi Đấu Thiên Đài 4 Lần,,3130,2000,55,999,514,0,4,0,2000,,,,,,,,,,,,,,,
45320,,s==38|Thách đấu 5 lần Chiến Trường Kinh Châu,,3130,1970,65,999,515,0,5,0,0,,,,,,,,,,,,,,,
45340,,s==28|Hợp thành một Anh Hùng 5 sao,,3130,1630,1,999,519,5,1,0,0,,,,,,,,,,,,,,,
45360,,s==38|Mua 3 Món Hàng Tại Thần Bí Thương Điếm,,3130,1810,1,999,402,2,3,0,0,,,,,,,,,,,,,,,
45380,,s==24|Hợp thành 1 món Trang Bị,,3130,1100,1,51,516,0,1,0,0,,,,,,,,,,,,,,,
45400,,s==24|Hợp thành 1 Ấn Tướng Lam,,3130,1104,1,999,210,2,1,0,0,,,,,,,,,,,,,,,
45420,,s==27|Giao duy cùng mỹ nhân 1 lần,,3130,2300,40,999,518,0,1,0,0,,,,,,,,,,,,,,,
45440,,s==15|Đoạt Bảo 10 lần,,3130,1090,20,999,513,0,10,0,0,,,,,,,,,,,,,,,
45460,,s==31|Thách đấu Tướng Quân Địch 3 lần,,3130,1470,18,999,107,0,3,0,0,,,,,,,,,,,,,,,
45480,,s==25|Thu được 1 vị tướng 5 sao,,3130,1640,1,999,203,5,1,0,0,,,,,,,,,,,,,,,
45500,,s==28|Hợp thành 1 món Trang Bị Cam,,3130,1100,50,999,604,5,1,0,0,,,,,,,,,,,,,,,
45520,,s==50|Hỗ trợ bằng hữu 1 lần trong Huyết Chiến Trường Bản,,3130,1250,1,999,531,0,1,0,0,,,,,,,,,,,,,,,
45540,,s==36|Mua 3 Lần Số Lần Thách Đấu Thiên Đài,,3130,2000,55,999,603,0,3,0,2000,,,,,,,,,,,,,,,
45560,,s==27|Tham gia Võ Thần Điện 1 lần,,3130,1270,30,999,215,0,1,0,0,,,,,,,,,,,,,,,
45580,,s==44|Thách đấu 3 lần bất kỳ tầng Thông Thiên Tháp,,3130,1130,1,999,106,0,3,0,0,,,,,,,,,,,,,,,
45600,,s==32|Vượt 5 ải Huyết Chiến Trường Bản,,3130,1250,1,999,530,0,5,0,0,,,,,,,,,,,,,,,
46000,,s==24|Đăng nhập trò chơi 1 lần,,3140,,1,999,101,0,1,1,0,,,,,,,,,,,,,,,
46020,,s==26|Thách đấu 5 lần trường tập,,3140,1110,1,999,104,0,5,0,0,,,,,,,,,,,,,,,
46040,,s==38|Nhận 1 Lần Nhiệm Vụ Kỳ Ngộ Tím Trở Lên,,3140,2091,1,999,212,4,1,0,0,,,,,,,,,,,,,,,
46060,,s==35|Tiến hành 1 lần hiến tặng quân đoàn,,3140,1460,1,999,108,0,1,0,0,,,,,,,,,,,,,,,
46080,,s==37|Tham gia 1 lần Huyết Chiến Trường Bản,,3140,1250,1,999,109,0,1,0,0,,,,,,,,,,,,,,,
46100,,s==35|Tiến hành 5 lần Thần Binh Thăng Cấp,,3140,1890,1,999,512,0,5,0,0,,,,,,,,,,,,,,,
46120,,s==34|Tham gia 3 lần Phó Bản Thường Ngày,,3140,1240,1,999,111,0,3,0,0,,,,,,,,,,,,,,,
46140,,s==23|Tham gia Điểm Kim 3 lần,,3140,1012,1,50,509,0,3,0,0,,,,,,,,,,,,,,,
46160,,s==23|Tham gia Điểm Kim 5 lần,,3140,1012,51,999,509,0,3,0,0,,,,,,,,,,,,,,,
46180,,s==27|Nhanh chóng chiến đấu 4 lần,,3140,2092,1,999,105,0,4,0,0,,,,,,,,,,,,,,,
46200,,s==24|Thượng Cấp Tầm Vấn 1 Lần,,3140,1640,1,70,403,3,1,0,0,,,,,,,,,,,,,,,
46220,,s==31|Thực hiện 3 lần Tầm Bảo cao cấp,,3140,1640,30,999,403,3,3,0,0,,,,,,,,,,,,,,,
46240,,s==31|Tham gia Tầm Phong Thường 3 lần,,3140,1640,1,999,403,1,3,0,0,,,,,,,,,,,,,,,
46260,,s==35|Thách đấu 4 lần Phó Bản Thường Ngày,,3140,1240,1,999,111,0,4,0,0,,,,,,,,,,,,,,,
46280,,s==30|Tham gia Thiên Lý Đơn Kỵ 3 lần,,3140,1260,30,999,112,0,3,0,0,,,,,,,,,,,,,,,
46300,,s==23|Thi Đấu Thiên Đài 4 Lần,,3140,2000,55,999,514,0,4,0,2000,,,,,,,,,,,,,,,
46320,,s==38|Thách đấu 5 lần Chiến Trường Kinh Châu,,3140,1970,65,999,515,0,5,0,0,,,,,,,,,,,,,,,
46340,,s==28|Hợp thành một Anh Hùng 5 sao,,3140,1630,1,999,519,5,1,0,0,,,,,,,,,,,,,,,
46360,,s==38|Mua 3 Món Hàng Tại Thần Bí Thương Điếm,,3140,1810,1,999,402,2,3,0,0,,,,,,,,,,,,,,,
46380,,s==24|Hợp thành 1 món Trang Bị,,3140,1100,1,51,516,0,1,0,0,,,,,,,,,,,,,,,
46400,,s==24|Hợp thành 1 Ấn Tướng Lam,,3140,1104,1,999,210,2,1,0,0,,,,,,,,,,,,,,,
46420,,s==27|Giao duy cùng mỹ nhân 1 lần,,3140,2300,40,999,518,0,1,0,0,,,,,,,,,,,,,,,
46440,,s==15|Đoạt Bảo 10 lần,,3140,1090,20,999,513,0,10,0,0,,,,,,,,,,,,,,,
46460,,s==31|Thách đấu Tướng Quân Địch 3 lần,,3140,1470,18,999,107,0,3,0,0,,,,,,,,,,,,,,,
46480,,s==25|Thu được 1 vị tướng 5 sao,,3140,1640,1,999,203,5,1,0,0,,,,,,,,,,,,,,,
46500,,s==28|Hợp thành 1 món Trang Bị Cam,,3140,1100,50,999,604,5,1,0,0,,,,,,,,,,,,,,,
46520,,s==50|Hỗ trợ bằng hữu 1 lần trong Huyết Chiến Trường Bản,,3140,1250,1,999,531,0,1,0,0,,,,,,,,,,,,,,,
46540,,s==36|Mua 3 Lần Số Lần Thách Đấu Thiên Đài,,3140,2000,55,999,603,0,3,0,2000,,,,,,,,,,,,,,,
46560,,s==27|Tham gia Võ Thần Điện 1 lần,,3140,1270,30,999,215,0,1,0,0,,,,,,,,,,,,,,,
46580,,s==44|Thách đấu 3 lần bất kỳ tầng Thông Thiên Tháp,,3140,1130,1,999,106,0,3,0,0,,,,,,,,,,,,,,,
46600,,s==32|Vượt 5 ải Huyết Chiến Trường Bản,,3140,1250,1,999,530,0,5,0,0,,,,,,,,,,,,,,,
50000,,s==31|Tham gia đoạt bảo cao cấp 1 lần,,3200,1090,,,344,2,1,,,1,,1,8,100000,2,1001,100,,,,,,,
50001,,s==33|Nâng cấp quân đoàn khoa học 3 lần,,3200,1490,,,502,0,3,,,1,,1,8,100000,2,1077,20,,,,,,,
50002,,s==40|Nhận 4 lần nhiệm vụ kỳ duyên tím trở lên,,3200,2091,,,212,4,4,,,1,,1,8,100000,2,1006,150,,,,,,,
50003,,s==20|Tích điểm Kim 20 lần,,3200,1012,,,509,0,20,,,1,,1,8,100000,2,1027,20,,,,,,,
50004,,s==35|Mua vật phẩm tại thương thành 2 lần,,3200,1660,,,402,1,2,,,1,,1,8,100000,2,1001,200,,,,,,,
50005,,s==34|Thách đấu Hiệu Trường Võ Đấu 3 lần,,3200,1110,,,104,0,3,,,1,,1,8,100000,2,1003,1,,,,,,,
50006,,s==35|Tiến hành 5 lần Thần Binh Thăng Cấp,,3200,1890,,,512,0,5,,,1,,1,8,100000,2,1006,200,,,,,,,
50007,,s==25|Hợp thành 1 tướng ngũ sao,,3200,1630,,,519,5,1,,,1,,1,8,100000,2,1007,2,,,,,,,
50008,,s==36|Thách đấu 20 lần phó bản thường nhật,,3200,1240,,,111,0,20,,,1,,1,8,100000,2,1052,20,,,,,,,
50009,,s==25|Tặng 40 lần điểm hữu nghị,,3200,1020,,,205,0,40,,1,2,,1,8,100000,2,1001,100,,,,,,,
50010,,s==32|Tham gia cao cấp tuần tra 30 lần,,3200,1640,,,403,3,30,,2,2,,1,8,100000,2,1077,20,,,,,,,
50011,,s==25|Hợp thành 1 tướng lục sao,,3200,1630,,,519,6,1,,3,2,,1,8,100000,2,1006,150,,,,,,,
50012,,s==34|Tham gia quân đoàn cống hiến 2 lần,,3200,1460,,,108,0,2,,4,2,,1,8,100000,2,1027,20,,,,,,,
50013,,s==37|Thách đấu 10 lần tướng địch quân đoàn,,3200,1470,,,107,0,10,,5,2,,1,8,100000,2,1001,200,,,,,,,
50014,,s==34|Thần bí thương điếm mua 6 vật phẩm,,3200,1810,,,402,2,6,,6,2,,1,8,100000,2,1003,1,,,,,,,
50015,,s==30|Tham gia thường phó bảo 20 lần,,3200,1090,,,344,1,20,,7,2,,1,8,100000,2,1006,200,,,,,,,
50016,,s==30|Tham gia cao cấp phó bảo 5 lần,,3200,1090,,,344,2,5,,8,2,,1,8,100000,2,1007,2,,,,,,,
50017,,s==36|Tiến hành 30 lần thần binh thăng cấp,,3200,1890,,,512,0,30,,,2,,1,8,100000,2,1052,20,,,,,,,
50018,,s==45|Thách đấu và quét sạch kinh Châu chiến 20 lần,,3200,1970,,,515,0,20,,,3,,1,8,100000,2,1001,100,,,,,,,
50019,,s==14|Hạ dã 40 tướng,,3200,1120,,,213,0,40,,,3,,1,8,100000,2,1077,20,,,,,,,
50020,,s==23|Giao duy mỹ nhân 30 lần,,3200,2300,,,518,0,30,,,3,,1,8,100000,2,1006,150,,,,,,,
50021,,s==24|Tích lũy điểm kim 50 lần,,3200,1012,,,509,0,50,,,3,,1,8,100000,2,1027,20,,,,,,,
50022,,s==35|Tào vận vận chuyển thành công 2 lần,,3200,1991,,,609,0,2,,,3,,1,8,100000,2,1001,200,,,,,,,
50023,,s==35|Thần bí thương điếm mua 12 vật phẩm,,3200,1810,,,402,2,12,,,3,,1,8,100000,2,1003,1,,,,,,,
50024,,s==24|Hợp thành 3 ấn tướng tím,,3200,1104,,,210,4,3,,,3,,1,8,100000,2,1006,200,,,,,,,
50025,,s==37|Thách đấu 20 lần tướng địch quân đoàn,,3200,1470,,,107,0,20,,,3,,1,8,100000,2,1007,2,,,,,,,
50026,,s==60|Thách Đấu hoặc Quét Sạch Thông Thiên Tháp bất kỳ tầng 15 lần,,3200,1130,,,106,0,15,,,3,,1,8,100000,2,1052,20,,,,,,,
50027,,s==26|Tham gia tụ hiền các 8 lần,,3200,1140,,,211,0,8,,,4,,1,8,100000,2,1001,100,,,,,,,
50028,,s==25|Hợp thành 4 tướng ngũ sao,,3200,1630,,,519,5,4,,,4,,1,8,100000,2,1077,20,,,,,,,
50029,,s==30|Tham gia cao cấp phó bảo 8 lần,,3200,1090,,,344,2,8,,,4,,1,8,100000,2,1006,150,,,,,,,
50030,,s==36|Tiến hành 40 lần thần binh thăng cấp,,3200,1890,,,512,0,40,,,4,,1,8,100000,2,1027,20,,,,,,,
50031,,s==25|Hợp thành 3 tướng lục sao,,3200,1630,,,519,6,3,,,4,,1,8,100000,2,1001,200,,,,,,,
50032,,s==24|Tích lũy điểm kim 80 lần,,3200,1012,,,509,0,80,,,4,,1,8,100000,2,1003,1,,,,,,,
50033,,s==31|Nhận 5 lần nhiệm vụ kỳ duyên đỏ,,3200,2091,,,212,6,5,,,4,,1,8,100000,2,1006,200,,,,,,,
50034,,s==32|Tham gia cao cấp tuần tra 50 lần,,3200,1640,,,403,3,50,,,4,,1,8,100000,2,1007,2,,,,,,,
50035,,s==45|Thách đấu và quét sạch kinh Châu chiến 40 lần,,3200,1970,,,515,0,40,,,4,,1,8,100000,2,1052,20,,,,,,,
50036,,s==35|Mua 10 lần tại đạo cụ thương trường,,3200,1660,,,402,1,10,,,5,,1,8,100000,2,1001,100,,,,,,,
50037,,s==31|Tham gia cao cấp phó bảo 10 lần,,3200,1090,,,344,2,10,,,5,,1,8,100000,2,1077,20,,,,,,,
50038,,s==36|Tiến hành 50 lần thần binh thăng cấp,,3200,1890,,,512,0,50,,,5,,1,8,100000,2,1006,150,,,,,,,
50039,,s==25|Hợp thành 4 tướng lục sao,,3200,1630,,,519,6,4,,,5,,1,8,100000,2,1027,20,,,,,,,
50040,,s==21|Tích điểm kim 100 lần,,3200,1012,,,509,0,100,,,5,,1,8,100000,2,1001,200,,,,,,,
50041,,s==29|Hợp thành 4 trang bị hồng sắc,,3200,1100,,,604,6,4,,,5,,1,8,100000,2,1003,1,,,,,,,
50042,,s==35|Thần bí thương điếm mua 20 vật phẩm,,3200,1810,,,402,2,20,,,5,,1,8,100000,2,1006,200,,,,,,,
50043,,s==37|Thách đấu 25 lần tướng địch quân đoàn,,3200,1470,,,107,0,25,,,5,,1,8,100000,2,1007,2,,,,,,,
50044,,s==39|Tích nạp tổng cộng 60 KNB trong sự kiện,,3200,1930,,,510,0,6,,,5,,1,8,100000,2,1052,20,,,,,,,
50045,,s==27|Tham gia tụ hiền các 12 lần,,3200,1140,,,211,0,12,,,6,,1,8,100000,2,1001,100,,,,,,,
50046,,s==41|Nhận 30 lần nhiệm vụ kỳ duyên tím trở lên,,3200,2091,,,212,4,30,,,6,,1,8,100000,2,1077,20,,,,,,,
50047,,s==35|Thần bí thương điếm mua 24 vật phẩm,,3200,1810,,,402,2,24,,,6,,1,8,100000,2,1006,150,,,,,,,
50048,,s==31|Đoạt 1 lần võ thần điện thần vị,,3200,1270,,,345,0,1,,,6,,1,8,100000,2,1027,20,,,,,,,
50049,,s==23|Giao duy mỹ nhân 60 lần,,3200,2300,,,518,0,60,,,6,,1,8,100000,2,1001,200,,,,,,,
50050,,s==40|Tích nạp tổng cộng 120 KNB trong sự kiện,,3200,1930,,,510,0,12,,,6,,1,8,100000,2,1003,1,,,,,,,
50051,,s==27|Tham gia nhanh chiến 24 lần,,3200,2092,,,105,0,24,,,6,,1,8,100000,2,1006,200,,,,,,,
50052,,s==14|Hạ dã 80 tướng,,3200,1120,,,213,0,80,,,6,,1,8,100000,2,1007,2,,,,,,,
50053,,s==26|Tặng 100 lần điểm hữu nghị,,3200,1020,,,205,0,100,,,6,,1,8,100000,2,1052,20,,,,,,,
50054,,s==32|Tham gia cao cấp tuần tra 70 lần,,3200,1640,,,403,3,70,,,7,,1,8,100000,2,1001,100,,,,,,,
50055,,s==27|Tham gia tụ hiền các 14 lần,,3200,1140,,,211,0,14,,,7,,1,8,100000,2,1077,20,,,,,,,
50056,,s==23|Giao duy mỹ nhân 70 lần,,3200,2300,,,518,0,70,,,7,,1,8,100000,2,1006,150,,,,,,,
50057,,s==28|Tham gia 20 lần lễ tế Kỳ Lân,,3200,1992,,,359,0,20,,,7,,1,8,100000,2,1027,20,,,,,,,
50058,,s==40|Tích nạp tổng cộng 180 KNB trong sự kiện,,3200,1930,,,510,0,18,,,7,,1,8,100000,2,1001,200,,,,,,,
50059,,s==31|Tham gia cao cấp phó bảo 14 lần,,3200,1090,,,344,2,14,,,7,,1,8,100000,2,1003,1,,,,,,,
50060,,s==41|Nhận 40 lần nhiệm vụ kỳ duyên tím trở lên,,3200,2091,,,212,4,40,,,7,,1,8,100000,2,1006,200,,,,,,,
50061,,s==27|Tham gia nhanh chiến 30 lần,,3200,2092,,,105,0,30,,,7,,1,8,100000,2,1007,2,,,,,,,
50062,,s==26|Hợp thành 10 tướng ngũ sao,,3200,1630,,,519,5,10,,,7,,1,8,100000,2,1052,20,,,,,,,
55000,,s==50|Trong Binh Vô Thường Thế tung bất kỳ xúc xắc 1 lần,,4000,4403,,,610,0,1,,,1,,1,8,100000,,,,,,,,,,
55001,,s==50|Trong Binh Vô Thường Thế tung bất kỳ xúc xắc 2 lần,,4000,4403,,,610,0,2,,,1,,1,8,100000,,,,,,,,,,
55002,,s==50|Trong Binh Vô Thường Thế tung bất kỳ xúc xắc 3 lần,,4000,4403,,,610,0,3,,,1,,1,8,100000,,,,,,,,,,
55003,,s==55|Thách đấu 1 lần cứ điểm bất kỳ trong Binh Vô Thường Thế,,4000,4403,,,611,0,1,,,1,,1,8,100000,,,,,,,,,,
55004,,s==55|Thách đấu 2 lần cứ điểm bất kỳ trong Binh Vô Thường Thế,,4000,4403,,,611,0,2,,,1,,1,8,100000,,,,,,,,,,
55005,,s==24|Mỗi ngày tích nạp 60 KNB,,4000,1930,,,510,0,6,,,1,,1,8,100000,,,,,,,,,,
55006,,s==19|Tích điểm Kim 5 lần,,4000,1012,,,509,0,5,,,1,,1,8,100000,,,,,,,,,,
55007,,s==20|Tích điểm Kim 10 lần,,4000,1012,,,509,0,10,,,1,,1,8,100000,,,,,,,,,,
55008,,s==20|Tích điểm Kim 20 lần,,4000,1012,,,509,0,20,,,1,,1,8,100000,,,,,,,,,,
55009,,s==50|Trong Binh Vô Thường Thế tung bất kỳ xúc xắc 1 lần,,4000,4403,,,610,0,1,,,2,,1,8,100000,,,,,,,,,,
55010,,s==50|Trong Binh Vô Thường Thế tung bất kỳ xúc xắc 2 lần,,4000,4403,,,610,0,2,,,2,,1,8,100000,,,,,,,,,,
55011,,s==50|Trong Binh Vô Thường Thế tung bất kỳ xúc xắc 3 lần,,4000,4403,,,610,0,3,,,2,,1,8,100000,,,,,,,,,,
55012,,s==55|Thách đấu 1 lần cứ điểm bất kỳ trong Binh Vô Thường Thế,,4000,4403,,,611,0,1,,,2,,1,8,100000,,,,,,,,,,
55013,,s==55|Thách đấu 2 lần cứ điểm bất kỳ trong Binh Vô Thường Thế,,4000,4403,,,611,0,2,,,2,,1,8,100000,,,,,,,,,,
55014,,s==30|Nạp bất kỳ mệnh giá trong ngày,,4000,1930,,,510,0,1,,,2,,1,8,100000,,,,,,,,,,
55015,,s==26|Tham gia Tụ Hiền Các 1 lần,,4000,1140,,,211,0,1,,,2,,1,8,100000,,,,,,,,,,
55016,,s==26|Tham gia Tụ Hiền Các 2 lần,,4000,1140,,,211,0,2,,,2,,1,8,100000,,,,,,,,,,
55017,,s==26|Tham gia Tụ Hiền Các 4 lần,,4000,1140,,,211,0,4,,,2,,1,8,100000,,,,,,,,,,
55018,,s==50|Trong Binh Vô Thường Thế tung bất kỳ xúc xắc 1 lần,,4000,4403,,,610,0,1,,,3,,1,8,100000,,,,,,,,,,
55019,,s==50|Trong Binh Vô Thường Thế tung bất kỳ xúc xắc 2 lần,,4000,4403,,,610,0,2,,,3,,1,8,100000,,,,,,,,,,
55020,,s==50|Trong Binh Vô Thường Thế tung bất kỳ xúc xắc 3 lần,,4000,4403,,,610,0,3,,,3,,1,8,100000,,,,,,,,,,
55021,,s==55|Thách đấu 1 lần cứ điểm bất kỳ trong Binh Vô Thường Thế,,4000,4403,,,611,0,1,,,3,,1,8,100000,,,,,,,,,,
55022,,s==55|Thách đấu 2 lần cứ điểm bất kỳ trong Binh Vô Thường Thế,,4000,4403,,,611,0,2,,,3,,1,8,100000,,,,,,,,,,
55023,,s==30|Nạp bất kỳ mệnh giá trong ngày,,4000,1930,,,510,0,1,,,3,,1,8,100000,,,,,,,,,,
55024,,s==38|Tiêu hao 3 lần tại Thương Thành Đạo Cụ,,4000,1660,,,402,1,3,,,3,,1,8,100000,,,,,,,,,,
55025,,s==38|Tiêu hao 8 lần tại Thương Thành Đạo Cụ,,4000,1660,,,402,1,8,,,3,,1,8,100000,,,,,,,,,,
55026,,s==38|Tiêu phí 8 lần tại Thần Bí Thương Điếm,,4000,1810,,,402,2,8,,,3,,1,8,100000,,,,,,,,,,
55027,,s==50|Trong Binh Vô Thường Thế tung bất kỳ xúc xắc 1 lần,,4000,4403,,,610,0,1,,,4,,1,8,100000,,,,,,,,,,
55028,,s==50|Trong Binh Vô Thường Thế tung bất kỳ xúc xắc 2 lần,,4000,4403,,,610,0,2,,,4,,1,8,100000,,,,,,,,,,
55029,,s==50|Trong Binh Vô Thường Thế tung bất kỳ xúc xắc 3 lần,,4000,4403,,,610,0,3,,,4,,1,8,100000,,,,,,,,,,
55030,,s==55|Thách đấu 1 lần cứ điểm bất kỳ trong Binh Vô Thường Thế,,4000,4403,,,611,0,1,,,4,,1,8,100000,,,,,,,,,,
55031,,s==55|Thách đấu 2 lần cứ điểm bất kỳ trong Binh Vô Thường Thế,,4000,4403,,,611,0,2,,,4,,1,8,100000,,,,,,,,,,
55032,,s==30|Nạp bất kỳ mệnh giá trong ngày,,4000,1930,,,510,0,1,,,4,,1,8,100000,,,,,,,,,,
55033,,s==27|Nhanh chóng chiến đấu 3 lần,,4000,2092,,,105,0,3,,,4,,1,8,100000,,,,,,,,,,
55034,,s==27|Nhanh chóng chiến đấu 4 lần,,4000,2092,,,105,0,4,,,4,,1,8,100000,,,,,,,,,,
55035,,s==27|Nhanh chóng chiến đấu 6 lần,,4000,2092,,,105,0,6,,,4,,1,8,100000,,,,,,,,,,
55036,,s==50|Trong Binh Vô Thường Thế tung bất kỳ xúc xắc 1 lần,,4000,4403,,,610,0,1,,,5,,1,8,100000,,,,,,,,,,
55037,,s==50|Trong Binh Vô Thường Thế tung bất kỳ xúc xắc 2 lần,,4000,4403,,,610,0,2,,,5,,1,8,100000,,,,,,,,,,
55038,,s==50|Trong Binh Vô Thường Thế tung bất kỳ xúc xắc 3 lần,,4000,4403,,,610,0,3,,,5,,1,8,100000,,,,,,,,,,
55039,,s==55|Thách đấu 1 lần cứ điểm bất kỳ trong Binh Vô Thường Thế,,4000,4403,,,611,0,1,,,5,,1,8,100000,,,,,,,,,,
55040,,s==55|Thách đấu 2 lần cứ điểm bất kỳ trong Binh Vô Thường Thế,,4000,4403,,,611,0,2,,,5,,1,8,100000,,,,,,,,,,
55041,,s==30|Nạp bất kỳ mệnh giá trong ngày,,4000,1930,,,510,0,1,,,5,,1,8,100000,,,,,,,,,,
55042,,s==31|Đoạt 1 lần võ thần điện thần vị,,4000,1270,,,345,0,1,,,5,,1,8,100000,,,,,,,,,,
55043,,s==34|Tham gia Cao Cấp Tuần Phỏng 10 lần,,4000,1640,,,403,3,10,,,5,,1,8,100000,,,,,,,,,,
55044,,s==34|Tham gia Cao Cấp Tuần Phỏng 20 lần,,4000,1640,,,403,3,20,,,5,,1,8,100000,,,,,,,,,,
55045,,s==50|Trong Binh Vô Thường Thế tung bất kỳ xúc xắc 1 lần,,4000,4403,,,610,0,1,,,6,,1,8,100000,,,,,,,,,,
55046,,s==50|Trong Binh Vô Thường Thế tung bất kỳ xúc xắc 2 lần,,4000,4403,,,610,0,2,,,6,,1,8,100000,,,,,,,,,,
55047,,s==50|Trong Binh Vô Thường Thế tung bất kỳ xúc xắc 3 lần,,4000,4403,,,610,0,3,,,6,,1,8,100000,,,,,,,,,,
55048,,s==55|Thách đấu 1 lần cứ điểm bất kỳ trong Binh Vô Thường Thế,,4000,4403,,,611,0,1,,,6,,1,8,100000,,,,,,,,,,
55049,,s==55|Thách đấu 2 lần cứ điểm bất kỳ trong Binh Vô Thường Thế,,4000,4403,,,611,0,2,,,6,,1,8,100000,,,,,,,,,,
55050,,s==30|Nạp bất kỳ mệnh giá trong ngày,,4000,1930,,,510,0,1,,,6,,1,8,100000,,,,,,,,,,
55051,,s==31|Tham gia đoạt bảo thường 10 lần,,4000,1090,,,344,1,10,,,6,,1,8,100000,,,,,,,,,,
55052,,s==31|Tham gia đoạt bảo cao cấp 1 lần,,4000,1090,,,344,2,1,,,6,,1,8,100000,,,,,,,,,,
55053,,s==31|Tham gia Cao Cấp Đoạt Bảo 3 lần,,4000,1090,,,344,2,3,,,6,,1,8,100000,,,,,,,,,,
55054,,s==50|Trong Binh Vô Thường Thế tung bất kỳ xúc xắc 1 lần,,4000,4403,,,610,0,1,,,7,,1,8,100000,,,,,,,,,,
55055,,s==50|Trong Binh Vô Thường Thế tung bất kỳ xúc xắc 2 lần,,4000,4403,,,610,0,2,,,7,,1,8,100000,,,,,,,,,,
55056,,s==50|Trong Binh Vô Thường Thế tung bất kỳ xúc xắc 3 lần,,4000,4403,,,610,0,3,,,7,,1,8,100000,,,,,,,,,,
55057,,s==55|Thách đấu 1 lần cứ điểm bất kỳ trong Binh Vô Thường Thế,,4000,4403,,,611,0,1,,,7,,1,8,100000,,,,,,,,,,
55058,,s==55|Thách đấu 2 lần cứ điểm bất kỳ trong Binh Vô Thường Thế,,4000,4403,,,611,0,2,,,7,,1,8,100000,,,,,,,,,,
55059,,s==30|Nạp bất kỳ mệnh giá trong ngày,,4000,1930,,,510,0,1,,,7,,1,8,100000,,,,,,,,,,
55060,,s==36|Thách đấu 1 lần tướng địch quân đoàn,,4000,1470,,,107,0,1,,,7,,1,8,100000,,,,,,,,,,
55061,,s==36|Thách đấu 2 lần Tướng Địch Quân Đoàn,,4000,1470,,,107,0,2,,,7,,1,8,100000,,,,,,,,,,
55062,,s==36|Thách đấu 3 lần Tướng Địch Quân Đoàn,,4000,1470,,,107,0,3,,,7,,1,8,100000,,,,,,,,,,
60000,,s==50|Trong Binh Vô Thường Thế tung bất kỳ xúc xắc 1 lần,,4010,4413,,,610,0,1,,,1,,1,8,100000,,,,,,,,,,
60001,,s==50|Trong Binh Vô Thường Thế tung bất kỳ xúc xắc 2 lần,,4010,4413,,,610,0,2,,,1,,1,8,100000,,,,,,,,,,
60002,,s==50|Trong Binh Vô Thường Thế tung bất kỳ xúc xắc 3 lần,,4010,4413,,,610,0,3,,,1,,1,8,100000,,,,,,,,,,
60003,,s==55|Thách đấu 1 lần cứ điểm bất kỳ trong Binh Vô Thường Thế,,4010,4413,,,611,0,1,,,1,,1,8,100000,,,,,,,,,,
60004,,s==55|Thách đấu 2 lần cứ điểm bất kỳ trong Binh Vô Thường Thế,,4010,4413,,,611,0,2,,,1,,1,8,100000,,,,,,,,,,
60005,,s==24|Mỗi ngày tích nạp 60 KNB,,4010,1930,,,510,0,6,,,1,,1,8,100000,,,,,,,,,,
60006,,s==19|Tích điểm Kim 5 lần,,4010,1012,,,509,0,5,,,1,,1,8,100000,,,,,,,,,,
60007,,s==20|Tích điểm Kim 10 lần,,4010,1012,,,509,0,10,,,1,,1,8,100000,,,,,,,,,,
60008,,s==20|Tích điểm Kim 20 lần,,4010,1012,,,509,0,20,,,1,,1,8,100000,,,,,,,,,,
60009,,s==50|Trong Binh Vô Thường Thế tung bất kỳ xúc xắc 1 lần,,4010,4413,,,610,0,1,,,2,,1,8,100000,,,,,,,,,,
60010,,s==50|Trong Binh Vô Thường Thế tung bất kỳ xúc xắc 2 lần,,4010,4413,,,610,0,2,,,2,,1,8,100000,,,,,,,,,,
60011,,s==50|Trong Binh Vô Thường Thế tung bất kỳ xúc xắc 3 lần,,4010,4413,,,610,0,3,,,2,,1,8,100000,,,,,,,,,,
60012,,s==55|Thách đấu 1 lần cứ điểm bất kỳ trong Binh Vô Thường Thế,,4010,4413,,,611,0,1,,,2,,1,8,100000,,,,,,,,,,
60013,,s==55|Thách đấu 2 lần cứ điểm bất kỳ trong Binh Vô Thường Thế,,4010,4413,,,611,0,2,,,2,,1,8,100000,,,,,,,,,,
60014,,s==30|Nạp bất kỳ mệnh giá trong ngày,,4010,1930,,,510,0,1,,,2,,1,8,100000,,,,,,,,,,
60015,,s==26|Tham gia Tụ Hiền Các 1 lần,,4010,1140,,,211,0,1,,,2,,1,8,100000,,,,,,,,,,
60016,,s==26|Tham gia Tụ Hiền Các 2 lần,,4010,1140,,,211,0,2,,,2,,1,8,100000,,,,,,,,,,
60017,,s==26|Tham gia Tụ Hiền Các 4 lần,,4010,1140,,,211,0,4,,,2,,1,8,100000,,,,,,,,,,
60018,,s==50|Trong Binh Vô Thường Thế tung bất kỳ xúc xắc 1 lần,,4010,4413,,,610,0,1,,,3,,1,8,100000,,,,,,,,,,
60019,,s==50|Trong Binh Vô Thường Thế tung bất kỳ xúc xắc 2 lần,,4010,4413,,,610,0,2,,,3,,1,8,100000,,,,,,,,,,
60020,,s==50|Trong Binh Vô Thường Thế tung bất kỳ xúc xắc 3 lần,,4010,4413,,,610,0,3,,,3,,1,8,100000,,,,,,,,,,
60021,,s==55|Thách đấu 1 lần cứ điểm bất kỳ trong Binh Vô Thường Thế,,4010,4413,,,611,0,1,,,3,,1,8,100000,,,,,,,,,,
60022,,s==55|Thách đấu 2 lần cứ điểm bất kỳ trong Binh Vô Thường Thế,,4010,4413,,,611,0,2,,,3,,1,8,100000,,,,,,,,,,
60023,,s==30|Nạp bất kỳ mệnh giá trong ngày,,4010,1930,,,510,0,1,,,3,,1,8,100000,,,,,,,,,,
60024,,s==38|Tiêu hao 3 lần tại Thương Thành Đạo Cụ,,4010,1660,,,402,1,3,,,3,,1,8,100000,,,,,,,,,,
60025,,s==38|Tiêu hao 8 lần tại Thương Thành Đạo Cụ,,4010,1660,,,402,1,8,,,3,,1,8,100000,,,,,,,,,,
60026,,s==38|Tiêu phí 8 lần tại Thần Bí Thương Điếm,,4010,1810,,,402,2,8,,,3,,1,8,100000,,,,,,,,,,
60027,,s==50|Trong Binh Vô Thường Thế tung bất kỳ xúc xắc 1 lần,,4010,4413,,,610,0,1,,,4,,1,8,100000,,,,,,,,,,
60028,,s==50|Trong Binh Vô Thường Thế tung bất kỳ xúc xắc 2 lần,,4010,4413,,,610,0,2,,,4,,1,8,100000,,,,,,,,,,
60029,,s==50|Trong Binh Vô Thường Thế tung bất kỳ xúc xắc 3 lần,,4010,4413,,,610,0,3,,,4,,1,8,100000,,,,,,,,,,
60030,,s==55|Thách đấu 1 lần cứ điểm bất kỳ trong Binh Vô Thường Thế,,4010,4413,,,611,0,1,,,4,,1,8,100000,,,,,,,,,,
60031,,s==55|Thách đấu 2 lần cứ điểm bất kỳ trong Binh Vô Thường Thế,,4010,4413,,,611,0,2,,,4,,1,8,100000,,,,,,,,,,
60032,,s==30|Nạp bất kỳ mệnh giá trong ngày,,4010,1930,,,510,0,1,,,4,,1,8,100000,,,,,,,,,,
60033,,s==27|Nhanh chóng chiến đấu 3 lần,,4010,2092,,,105,0,3,,,4,,1,8,100000,,,,,,,,,,
60034,,s==27|Nhanh chóng chiến đấu 4 lần,,4010,2092,,,105,0,4,,,4,,1,8,100000,,,,,,,,,,
60035,,s==27|Nhanh chóng chiến đấu 6 lần,,4010,2092,,,105,0,6,,,4,,1,8,100000,,,,,,,,,,
60036,,s==50|Trong Binh Vô Thường Thế tung bất kỳ xúc xắc 1 lần,,4010,4413,,,610,0,1,,,5,,1,8,100000,,,,,,,,,,
60037,,s==50|Trong Binh Vô Thường Thế tung bất kỳ xúc xắc 2 lần,,4010,4413,,,610,0,2,,,5,,1,8,100000,,,,,,,,,,
60038,,s==50|Trong Binh Vô Thường Thế tung bất kỳ xúc xắc 3 lần,,4010,4413,,,610,0,3,,,5,,1,8,100000,,,,,,,,,,
60039,,s==55|Thách đấu 1 lần cứ điểm bất kỳ trong Binh Vô Thường Thế,,4010,4413,,,611,0,1,,,5,,1,8,100000,,,,,,,,,,
60040,,s==55|Thách đấu 2 lần cứ điểm bất kỳ trong Binh Vô Thường Thế,,4010,4413,,,611,0,2,,,5,,1,8,100000,,,,,,,,,,
60041,,s==30|Nạp bất kỳ mệnh giá trong ngày,,4010,1930,,,510,0,1,,,5,,1,8,100000,,,,,,,,,,
60042,,s==31|Đoạt 1 lần võ thần điện thần vị,,4010,1270,,,345,0,1,,,5,,1,8,100000,,,,,,,,,,
60043,,s==34|Tham gia Cao Cấp Tuần Phỏng 10 lần,,4010,1640,,,403,3,10,,,5,,1,8,100000,,,,,,,,,,
60044,,s==34|Tham gia Cao Cấp Tuần Phỏng 20 lần,,4010,1640,,,403,3,20,,,5,,1,8,100000,,,,,,,,,,
60045,,s==50|Trong Binh Vô Thường Thế tung bất kỳ xúc xắc 1 lần,,4010,4413,,,610,0,1,,,6,,1,8,100000,,,,,,,,,,
60046,,s==50|Trong Binh Vô Thường Thế tung bất kỳ xúc xắc 2 lần,,4010,4413,,,610,0,2,,,6,,1,8,100000,,,,,,,,,,
60047,,s==50|Trong Binh Vô Thường Thế tung bất kỳ xúc xắc 3 lần,,4010,4413,,,610,0,3,,,6,,1,8,100000,,,,,,,,,,
60048,,s==55|Thách đấu 1 lần cứ điểm bất kỳ trong Binh Vô Thường Thế,,4010,4413,,,611,0,1,,,6,,1,8,100000,,,,,,,,,,
60049,,s==55|Thách đấu 2 lần cứ điểm bất kỳ trong Binh Vô Thường Thế,,4010,4413,,,611,0,2,,,6,,1,8,100000,,,,,,,,,,
60050,,s==30|Nạp bất kỳ mệnh giá trong ngày,,4010,1930,,,510,0,1,,,6,,1,8,100000,,,,,,,,,,
60051,,s==31|Tham gia đoạt bảo thường 10 lần,,4010,1090,,,344,1,10,,,6,,1,8,100000,,,,,,,,,,
60052,,s==31|Tham gia đoạt bảo cao cấp 1 lần,,4010,1090,,,344,2,1,,,6,,1,8,100000,,,,,,,,,,
60053,,s==31|Tham gia Cao Cấp Đoạt Bảo 3 lần,,4010,1090,,,344,2,3,,,6,,1,8,100000,,,,,,,,,,
60054,,s==50|Trong Binh Vô Thường Thế tung bất kỳ xúc xắc 1 lần,,4010,4413,,,610,0,1,,,7,,1,8,100000,,,,,,,,,,
60055,,s==50|Trong Binh Vô Thường Thế tung bất kỳ xúc xắc 2 lần,,4010,4413,,,610,0,2,,,7,,1,8,100000,,,,,,,,,,
60056,,s==50|Trong Binh Vô Thường Thế tung bất kỳ xúc xắc 3 lần,,4010,4413,,,610,0,3,,,7,,1,8,100000,,,,,,,,,,
60057,,s==55|Thách đấu 1 lần cứ điểm bất kỳ trong Binh Vô Thường Thế,,4010,4413,,,611,0,1,,,7,,1,8,100000,,,,,,,,,,
60058,,s==55|Thách đấu 2 lần cứ điểm bất kỳ trong Binh Vô Thường Thế,,4010,4413,,,611,0,2,,,7,,1,8,100000,,,,,,,,,,
60059,,s==30|Nạp bất kỳ mệnh giá trong ngày,,4010,1930,,,510,0,1,,,7,,1,8,100000,,,,,,,,,,
60060,,s==36|Thách đấu 1 lần tướng địch quân đoàn,,4010,1470,,,107,0,1,,,7,,1,8,100000,,,,,,,,,,
60061,,s==36|Thách đấu 2 lần Tướng Địch Quân Đoàn,,4010,1470,,,107,0,2,,,7,,1,8,100000,,,,,,,,,,
60062,,s==36|Thách đấu 3 lần Tướng Địch Quân Đoàn,,4010,1470,,,107,0,3,,,7,,1,8,100000,,,,,,,,,,
61001,,s==50|Trong Binh Vô Thường Thế tung bất kỳ xúc xắc 1 lần,,3440,5214,,,610,0,1,,,1,,1,8,100000,,,,,,,,,,
61002,,s==50|Trong Binh Vô Thường Thế tung bất kỳ xúc xắc 2 lần,,3440,5214,,,610,0,2,,,1,,1,8,100000,,,,,,,,,,
61003,,s==50|Trong Binh Vô Thường Thế tung bất kỳ xúc xắc 3 lần,,3440,5214,,,610,0,3,,,1,,1,8,100000,,,,,,,,,,
61004,,s==55|Thách đấu 1 lần cứ điểm bất kỳ trong Binh Vô Thường Thế,,3440,5214,,,611,0,1,,,1,,1,8,100000,,,,,,,,,,
61005,,s==55|Thách đấu 2 lần cứ điểm bất kỳ trong Binh Vô Thường Thế,,3440,5214,,,611,0,2,,,1,,1,8,100000,,,,,,,,,,
61006,,s==24|Mỗi ngày tích nạp 60 KNB,,3440,1930,,,510,0,6,,,1,,1,8,100000,,,,,,,,,,
61007,,s==19|Tích điểm Kim 5 lần,,3440,1012,,,509,0,5,,,1,,1,8,100000,,,,,,,,,,
61008,,s==20|Tích điểm Kim 10 lần,,3440,1012,,,509,0,10,,,1,,1,8,100000,,,,,,,,,,
61009,,s==20|Tích điểm Kim 20 lần,,3440,1012,,,509,0,20,,,1,,1,8,100000,,,,,,,,,,
61010,,s==50|Trong Binh Vô Thường Thế tung bất kỳ xúc xắc 1 lần,,3440,5214,,,610,0,1,,,2,,1,8,100000,,,,,,,,,,
61011,,s==50|Trong Binh Vô Thường Thế tung bất kỳ xúc xắc 2 lần,,3440,5214,,,610,0,2,,,2,,1,8,100000,,,,,,,,,,
61012,,s==50|Trong Binh Vô Thường Thế tung bất kỳ xúc xắc 3 lần,,3440,5214,,,610,0,3,,,2,,1,8,100000,,,,,,,,,,
61013,,s==55|Thách đấu 1 lần cứ điểm bất kỳ trong Binh Vô Thường Thế,,3440,5214,,,611,0,1,,,2,,1,8,100000,,,,,,,,,,
61014,,s==55|Thách đấu 2 lần cứ điểm bất kỳ trong Binh Vô Thường Thế,,3440,5214,,,611,0,2,,,2,,1,8,100000,,,,,,,,,,
61015,,s==30|Nạp bất kỳ mệnh giá trong ngày,,3440,1930,,,510,0,1,,,2,,1,8,100000,,,,,,,,,,
61016,,s==26|Tham gia Tụ Hiền Các 1 lần,,3440,1140,,,211,0,1,,,2,,1,8,100000,,,,,,,,,,
61017,,s==26|Tham gia Tụ Hiền Các 2 lần,,3440,1140,,,211,0,2,,,2,,1,8,100000,,,,,,,,,,
61018,,s==26|Tham gia Tụ Hiền Các 4 lần,,3440,1140,,,211,0,4,,,2,,1,8,100000,,,,,,,,,,
61019,,s==50|Trong Binh Vô Thường Thế tung bất kỳ xúc xắc 1 lần,,3440,5214,,,610,0,1,,,3,,1,8,100000,,,,,,,,,,
61020,,s==50|Trong Binh Vô Thường Thế tung bất kỳ xúc xắc 2 lần,,3440,5214,,,610,0,2,,,3,,1,8,100000,,,,,,,,,,
61021,,s==50|Trong Binh Vô Thường Thế tung bất kỳ xúc xắc 3 lần,,3440,5214,,,610,0,3,,,3,,1,8,100000,,,,,,,,,,
61022,,s==55|Thách đấu 1 lần cứ điểm bất kỳ trong Binh Vô Thường Thế,,3440,5214,,,611,0,1,,,3,,1,8,100000,,,,,,,,,,
61023,,s==55|Thách đấu 2 lần cứ điểm bất kỳ trong Binh Vô Thường Thế,,3440,5214,,,611,0,2,,,3,,1,8,100000,,,,,,,,,,
61024,,s==30|Nạp bất kỳ mệnh giá trong ngày,,3440,1930,,,510,0,1,,,3,,1,8,100000,,,,,,,,,,
61025,,s==38|Tiêu hao 3 lần tại Thương Thành Đạo Cụ,,3440,1660,,,402,1,3,,,3,,1,8,100000,,,,,,,,,,
61026,,s==38|Tiêu hao 8 lần tại Thương Thành Đạo Cụ,,3440,1660,,,402,1,8,,,3,,1,8,100000,,,,,,,,,,
61027,,s==38|Tiêu phí 8 lần tại Thần Bí Thương Điếm,,3440,1810,,,402,2,8,,,3,,1,8,100000,,,,,,,,,,
61028,,s==50|Trong Binh Vô Thường Thế tung bất kỳ xúc xắc 1 lần,,3440,5214,,,610,0,1,,,4,,1,8,100000,,,,,,,,,,
61029,,s==50|Trong Binh Vô Thường Thế tung bất kỳ xúc xắc 2 lần,,3440,5214,,,610,0,2,,,4,,1,8,100000,,,,,,,,,,
61030,,s==50|Trong Binh Vô Thường Thế tung bất kỳ xúc xắc 3 lần,,3440,5214,,,610,0,3,,,4,,1,8,100000,,,,,,,,,,
61031,,s==55|Thách đấu 1 lần cứ điểm bất kỳ trong Binh Vô Thường Thế,,3440,5214,,,611,0,1,,,4,,1,8,100000,,,,,,,,,,
61032,,s==55|Thách đấu 2 lần cứ điểm bất kỳ trong Binh Vô Thường Thế,,3440,5214,,,611,0,2,,,4,,1,8,100000,,,,,,,,,,
61033,,s==30|Nạp bất kỳ mệnh giá trong ngày,,3440,1930,,,510,0,1,,,4,,1,8,100000,,,,,,,,,,
61034,,s==27|Nhanh chóng chiến đấu 3 lần,,3440,2092,,,105,0,3,,,4,,1,8,100000,,,,,,,,,,
61035,,s==27|Nhanh chóng chiến đấu 4 lần,,3440,2092,,,105,0,4,,,4,,1,8,100000,,,,,,,,,,
61036,,s==27|Nhanh chóng chiến đấu 6 lần,,3440,2092,,,105,0,6,,,4,,1,8,100000,,,,,,,,,,
61037,,s==50|Trong Binh Vô Thường Thế tung bất kỳ xúc xắc 1 lần,,3440,5214,,,610,0,1,,,5,,1,8,100000,,,,,,,,,,
61038,,s==50|Trong Binh Vô Thường Thế tung bất kỳ xúc xắc 2 lần,,3440,5214,,,610,0,2,,,5,,1,8,100000,,,,,,,,,,
61039,,s==50|Trong Binh Vô Thường Thế tung bất kỳ xúc xắc 3 lần,,3440,5214,,,610,0,3,,,5,,1,8,100000,,,,,,,,,,
61040,,s==55|Thách đấu 1 lần cứ điểm bất kỳ trong Binh Vô Thường Thế,,3440,5214,,,611,0,1,,,5,,1,8,100000,,,,,,,,,,
61041,,s==55|Thách đấu 2 lần cứ điểm bất kỳ trong Binh Vô Thường Thế,,3440,5214,,,611,0,2,,,5,,1,8,100000,,,,,,,,,,
61042,,s==30|Nạp bất kỳ mệnh giá trong ngày,,3440,1930,,,510,0,1,,,5,,1,8,100000,,,,,,,,,,
61043,,s==31|Đoạt 1 lần võ thần điện thần vị,,3440,1270,,,345,0,1,,,5,,1,8,100000,,,,,,,,,,
61044,,s==34|Tham gia Cao Cấp Tuần Phỏng 10 lần,,3440,1640,,,403,3,10,,,5,,1,8,100000,,,,,,,,,,
61045,,s==34|Tham gia Cao Cấp Tuần Phỏng 20 lần,,3440,1640,,,403,3,20,,,5,,1,8,100000,,,,,,,,,,
61046,,s==50|Trong Binh Vô Thường Thế tung bất kỳ xúc xắc 1 lần,,3440,5214,,,610,0,1,,,6,,1,8,100000,,,,,,,,,,
61047,,s==50|Trong Binh Vô Thường Thế tung bất kỳ xúc xắc 2 lần,,3440,5214,,,610,0,2,,,6,,1,8,100000,,,,,,,,,,
61048,,s==50|Trong Binh Vô Thường Thế tung bất kỳ xúc xắc 3 lần,,3440,5214,,,610,0,3,,,6,,1,8,100000,,,,,,,,,,
61049,,s==55|Thách đấu 1 lần cứ điểm bất kỳ trong Binh Vô Thường Thế,,3440,5214,,,611,0,1,,,6,,1,8,100000,,,,,,,,,,
61050,,s==55|Thách đấu 2 lần cứ điểm bất kỳ trong Binh Vô Thường Thế,,3440,5214,,,611,0,2,,,6,,1,8,100000,,,,,,,,,,
61051,,s==30|Nạp bất kỳ mệnh giá trong ngày,,3440,1930,,,510,0,1,,,6,,1,8,100000,,,,,,,,,,
61052,,s==31|Tham gia đoạt bảo thường 10 lần,,3440,1090,,,344,1,10,,,6,,1,8,100000,,,,,,,,,,
61053,,s==31|Tham gia đoạt bảo cao cấp 1 lần,,3440,1090,,,344,2,1,,,6,,1,8,100000,,,,,,,,,,
61054,,s==31|Tham gia Cao Cấp Đoạt Bảo 3 lần,,3440,1090,,,344,2,3,,,6,,1,8,100000,,,,,,,,,,
61055,,s==50|Trong Binh Vô Thường Thế tung bất kỳ xúc xắc 1 lần,,3440,5214,,,610,0,1,,,7,,1,8,100000,,,,,,,,,,
61056,,s==50|Trong Binh Vô Thường Thế tung bất kỳ xúc xắc 2 lần,,3440,5214,,,610,0,2,,,7,,1,8,100000,,,,,,,,,,
61057,,s==50|Trong Binh Vô Thường Thế tung bất kỳ xúc xắc 3 lần,,3440,5214,,,610,0,3,,,7,,1,8,100000,,,,,,,,,,
61058,,s==55|Thách đấu 1 lần cứ điểm bất kỳ trong Binh Vô Thường Thế,,3440,5214,,,611,0,1,,,7,,1,8,100000,,,,,,,,,,
61059,,s==55|Thách đấu 2 lần cứ điểm bất kỳ trong Binh Vô Thường Thế,,3440,5214,,,611,0,2,,,7,,1,8,100000,,,,,,,,,,
61060,,s==30|Nạp bất kỳ mệnh giá trong ngày,,3440,1930,,,510,0,1,,,7,,1,8,100000,,,,,,,,,,
61061,,s==36|Thách đấu 1 lần tướng địch quân đoàn,,3440,1470,,,107,0,1,,,7,,1,8,100000,,,,,,,,,,
61062,,s==36|Thách đấu 2 lần Tướng Địch Quân Đoàn,,3440,1470,,,107,0,2,,,7,,1,8,100000,,,,,,,,,,
61063,,s==36|Thách đấu 3 lần Tướng Địch Quân Đoàn,,3440,1470,,,107,0,3,,,7,,1,8,100000,,,,,,,,,,
62001,,s==50|Trong Binh Vô Thường Thế tung bất kỳ xúc xắc 1 lần,,3440,5214,,,610,0,1,,,1,,1,8,100000,,,,,,,,,,
62002,,s==50|Trong Binh Vô Thường Thế tung bất kỳ xúc xắc 2 lần,,3440,5214,,,610,0,2,,,1,,1,8,100000,,,,,,,,,,
62003,,s==50|Trong Binh Vô Thường Thế tung bất kỳ xúc xắc 3 lần,,3440,5214,,,610,0,3,,,1,,1,8,100000,,,,,,,,,,
62004,,s==55|Thách đấu 1 lần cứ điểm bất kỳ trong Binh Vô Thường Thế,,3440,5214,,,611,0,1,,,1,,1,8,100000,,,,,,,,,,
62005,,s==55|Thách đấu 2 lần cứ điểm bất kỳ trong Binh Vô Thường Thế,,3440,5214,,,611,0,2,,,1,,1,8,100000,,,,,,,,,,
62006,,s==24|Mỗi ngày tích nạp 60 KNB,,3440,1930,,,510,0,6,,,1,,1,8,100000,,,,,,,,,,
62007,,s==19|Tích điểm Kim 5 lần,,3440,1012,,,509,0,5,,,1,,1,8,100000,,,,,,,,,,
62008,,s==20|Tích điểm Kim 10 lần,,3440,1012,,,509,0,10,,,1,,1,8,100000,,,,,,,,,,
62009,,s==20|Tích điểm Kim 20 lần,,3440,1012,,,509,0,20,,,1,,1,8,100000,,,,,,,,,,
62010,,s==50|Trong Binh Vô Thường Thế tung bất kỳ xúc xắc 1 lần,,3440,5214,,,610,0,1,,,2,,1,8,100000,,,,,,,,,,
62011,,s==50|Trong Binh Vô Thường Thế tung bất kỳ xúc xắc 2 lần,,3440,5214,,,610,0,2,,,2,,1,8,100000,,,,,,,,,,
62012,,s==50|Trong Binh Vô Thường Thế tung bất kỳ xúc xắc 3 lần,,3440,5214,,,610,0,3,,,2,,1,8,100000,,,,,,,,,,
62013,,s==55|Thách đấu 1 lần cứ điểm bất kỳ trong Binh Vô Thường Thế,,3440,5214,,,611,0,1,,,2,,1,8,100000,,,,,,,,,,
62014,,s==55|Thách đấu 2 lần cứ điểm bất kỳ trong Binh Vô Thường Thế,,3440,5214,,,611,0,2,,,2,,1,8,100000,,,,,,,,,,
62015,,s==30|Nạp bất kỳ mệnh giá trong ngày,,3440,1930,,,510,0,1,,,2,,1,8,100000,,,,,,,,,,
62016,,s==26|Tham gia Tụ Hiền Các 1 lần,,3440,1140,,,211,0,1,,,2,,1,8,100000,,,,,,,,,,
62017,,s==26|Tham gia Tụ Hiền Các 2 lần,,3440,1140,,,211,0,2,,,2,,1,8,100000,,,,,,,,,,
62018,,s==26|Tham gia Tụ Hiền Các 4 lần,,3440,1140,,,211,0,4,,,2,,1,8,100000,,,,,,,,,,
62019,,s==50|Trong Binh Vô Thường Thế tung bất kỳ xúc xắc 1 lần,,3440,5214,,,610,0,1,,,3,,1,8,100000,,,,,,,,,,
62020,,s==50|Trong Binh Vô Thường Thế tung bất kỳ xúc xắc 2 lần,,3440,5214,,,610,0,2,,,3,,1,8,100000,,,,,,,,,,
62021,,s==50|Trong Binh Vô Thường Thế tung bất kỳ xúc xắc 3 lần,,3440,5214,,,610,0,3,,,3,,1,8,100000,,,,,,,,,,
62022,,s==55|Thách đấu 1 lần cứ điểm bất kỳ trong Binh Vô Thường Thế,,3440,5214,,,611,0,1,,,3,,1,8,100000,,,,,,,,,,
62023,,s==55|Thách đấu 2 lần cứ điểm bất kỳ trong Binh Vô Thường Thế,,3440,5214,,,611,0,2,,,3,,1,8,100000,,,,,,,,,,
62024,,s==30|Nạp bất kỳ mệnh giá trong ngày,,3440,1930,,,510,0,1,,,3,,1,8,100000,,,,,,,,,,
62025,,s==38|Tiêu hao 3 lần tại Thương Thành Đạo Cụ,,3440,1660,,,402,1,3,,,3,,1,8,100000,,,,,,,,,,
62026,,s==38|Tiêu hao 8 lần tại Thương Thành Đạo Cụ,,3440,1660,,,402,1,8,,,3,,1,8,100000,,,,,,,,,,
62027,,s==38|Tiêu phí 8 lần tại Thần Bí Thương Điếm,,3440,1810,,,402,2,8,,,3,,1,8,100000,,,,,,,,,,
62028,,s==50|Trong Binh Vô Thường Thế tung bất kỳ xúc xắc 1 lần,,3440,5214,,,610,0,1,,,4,,1,8,100000,,,,,,,,,,
62029,,s==50|Trong Binh Vô Thường Thế tung bất kỳ xúc xắc 2 lần,,3440,5214,,,610,0,2,,,4,,1,8,100000,,,,,,,,,,
62030,,s==50|Trong Binh Vô Thường Thế tung bất kỳ xúc xắc 3 lần,,3440,5214,,,610,0,3,,,4,,1,8,100000,,,,,,,,,,
62031,,s==55|Thách đấu 1 lần cứ điểm bất kỳ trong Binh Vô Thường Thế,,3440,5214,,,611,0,1,,,4,,1,8,100000,,,,,,,,,,
62032,,s==55|Thách đấu 2 lần cứ điểm bất kỳ trong Binh Vô Thường Thế,,3440,5214,,,611,0,2,,,4,,1,8,100000,,,,,,,,,,
62033,,s==30|Nạp bất kỳ mệnh giá trong ngày,,3440,1930,,,510,0,1,,,4,,1,8,100000,,,,,,,,,,
62034,,s==27|Nhanh chóng chiến đấu 3 lần,,3440,2092,,,105,0,3,,,4,,1,8,100000,,,,,,,,,,
62035,,s==27|Nhanh chóng chiến đấu 4 lần,,3440,2092,,,105,0,4,,,4,,1,8,100000,,,,,,,,,,
62036,,s==27|Nhanh chóng chiến đấu 6 lần,,3440,2092,,,105,0,6,,,4,,1,8,100000,,,,,,,,,,
62037,,s==50|Trong Binh Vô Thường Thế tung bất kỳ xúc xắc 1 lần,,3440,5214,,,610,0,1,,,5,,1,8,100000,,,,,,,,,,
62038,,s==50|Trong Binh Vô Thường Thế tung bất kỳ xúc xắc 2 lần,,3440,5214,,,610,0,2,,,5,,1,8,100000,,,,,,,,,,
62039,,s==50|Trong Binh Vô Thường Thế tung bất kỳ xúc xắc 3 lần,,3440,5214,,,610,0,3,,,5,,1,8,100000,,,,,,,,,,
62040,,s==55|Thách đấu 1 lần cứ điểm bất kỳ trong Binh Vô Thường Thế,,3440,5214,,,611,0,1,,,5,,1,8,100000,,,,,,,,,,
62041,,s==55|Thách đấu 2 lần cứ điểm bất kỳ trong Binh Vô Thường Thế,,3440,5214,,,611,0,2,,,5,,1,8,100000,,,,,,,,,,
62042,,s==30|Nạp bất kỳ mệnh giá trong ngày,,3440,1930,,,510,0,1,,,5,,1,8,100000,,,,,,,,,,
62043,,s==31|Đoạt 1 lần võ thần điện thần vị,,3440,1270,,,345,0,1,,,5,,1,8,100000,,,,,,,,,,
62044,,s==34|Tham gia Cao Cấp Tuần Phỏng 10 lần,,3440,1640,,,403,3,10,,,5,,1,8,100000,,,,,,,,,,
62045,,s==34|Tham gia Cao Cấp Tuần Phỏng 20 lần,,3440,1640,,,403,3,20,,,5,,1,8,100000,,,,,,,,,,
62046,,s==50|Trong Binh Vô Thường Thế tung bất kỳ xúc xắc 1 lần,,3440,5214,,,610,0,1,,,6,,1,8,100000,,,,,,,,,,
62047,,s==50|Trong Binh Vô Thường Thế tung bất kỳ xúc xắc 2 lần,,3440,5214,,,610,0,2,,,6,,1,8,100000,,,,,,,,,,
62048,,s==50|Trong Binh Vô Thường Thế tung bất kỳ xúc xắc 3 lần,,3440,5214,,,610,0,3,,,6,,1,8,100000,,,,,,,,,,
62049,,s==55|Thách đấu 1 lần cứ điểm bất kỳ trong Binh Vô Thường Thế,,3440,5214,,,611,0,1,,,6,,1,8,100000,,,,,,,,,,
62050,,s==55|Thách đấu 2 lần cứ điểm bất kỳ trong Binh Vô Thường Thế,,3440,5214,,,611,0,2,,,6,,1,8,100000,,,,,,,,,,
62051,,s==30|Nạp bất kỳ mệnh giá trong ngày,,3440,1930,,,510,0,1,,,6,,1,8,100000,,,,,,,,,,
62052,,s==31|Tham gia đoạt bảo thường 10 lần,,3440,1090,,,344,1,10,,,6,,1,8,100000,,,,,,,,,,
62053,,s==31|Tham gia đoạt bảo cao cấp 1 lần,,3440,1090,,,344,2,1,,,6,,1,8,100000,,,,,,,,,,
62054,,s==31|Tham gia Cao Cấp Đoạt Bảo 3 lần,,3440,1090,,,344,2,3,,,6,,1,8,100000,,,,,,,,,,
62055,,s==50|Trong Binh Vô Thường Thế tung bất kỳ xúc xắc 1 lần,,3440,5214,,,610,0,1,,,7,,1,8,100000,,,,,,,,,,
62056,,s==50|Trong Binh Vô Thường Thế tung bất kỳ xúc xắc 2 lần,,3440,5214,,,610,0,2,,,7,,1,8,100000,,,,,,,,,,
62057,,s==50|Trong Binh Vô Thường Thế tung bất kỳ xúc xắc 3 lần,,3440,5214,,,610,0,3,,,7,,1,8,100000,,,,,,,,,,
62058,,s==55|Thách đấu 1 lần cứ điểm bất kỳ trong Binh Vô Thường Thế,,3440,5214,,,611,0,1,,,7,,1,8,100000,,,,,,,,,,
62059,,s==55|Thách đấu 2 lần cứ điểm bất kỳ trong Binh Vô Thường Thế,,3440,5214,,,611,0,2,,,7,,1,8,100000,,,,,,,,,,
62060,,s==30|Nạp bất kỳ mệnh giá trong ngày,,3440,1930,,,510,0,1,,,7,,1,8,100000,,,,,,,,,,
62061,,s==36|Thách đấu 1 lần tướng địch quân đoàn,,3440,1470,,,107,0,1,,,7,,1,8,100000,,,,,,,,,,
62062,,s==36|Thách đấu 2 lần Tướng Địch Quân Đoàn,,3440,1470,,,107,0,2,,,7,,1,8,100000,,,,,,,,,,
62063,,s==36|Thách đấu 3 lần Tướng Địch Quân Đoàn,,3440,1470,,,107,0,3,,,7,,1,8,100000,,,,,,,,,,
63001,,s==50|Trong Binh Vô Thường Thế tung bất kỳ xúc xắc 1 lần,,3440,5214,,,610,0,1,,,1,,1,8,100000,,,,,,,,,,
63002,,s==50|Trong Binh Vô Thường Thế tung bất kỳ xúc xắc 2 lần,,3440,5214,,,610,0,2,,,1,,1,8,100000,,,,,,,,,,
63003,,s==50|Trong Binh Vô Thường Thế tung bất kỳ xúc xắc 3 lần,,3440,5214,,,610,0,3,,,1,,1,8,100000,,,,,,,,,,
63004,,s==55|Thách đấu 1 lần cứ điểm bất kỳ trong Binh Vô Thường Thế,,3440,5214,,,611,0,1,,,1,,1,8,100000,,,,,,,,,,
63005,,s==55|Thách đấu 2 lần cứ điểm bất kỳ trong Binh Vô Thường Thế,,3440,5214,,,611,0,2,,,1,,1,8,100000,,,,,,,,,,
63006,,s==24|Mỗi ngày tích nạp 60 KNB,,3440,1930,,,510,0,6,,,1,,1,8,100000,,,,,,,,,,
63007,,s==19|Tích điểm Kim 5 lần,,3440,1012,,,509,0,5,,,1,,1,8,100000,,,,,,,,,,
63008,,s==20|Tích điểm Kim 10 lần,,3440,1012,,,509,0,10,,,1,,1,8,100000,,,,,,,,,,
63009,,s==20|Tích điểm Kim 20 lần,,3440,1012,,,509,0,20,,,1,,1,8,100000,,,,,,,,,,
63010,,s==50|Trong Binh Vô Thường Thế tung bất kỳ xúc xắc 1 lần,,3440,5214,,,610,0,1,,,2,,1,8,100000,,,,,,,,,,
63011,,s==50|Trong Binh Vô Thường Thế tung bất kỳ xúc xắc 2 lần,,3440,5214,,,610,0,2,,,2,,1,8,100000,,,,,,,,,,
63012,,s==50|Trong Binh Vô Thường Thế tung bất kỳ xúc xắc 3 lần,,3440,5214,,,610,0,3,,,2,,1,8,100000,,,,,,,,,,
63013,,s==55|Thách đấu 1 lần cứ điểm bất kỳ trong Binh Vô Thường Thế,,3440,5214,,,611,0,1,,,2,,1,8,100000,,,,,,,,,,
63014,,s==55|Thách đấu 2 lần cứ điểm bất kỳ trong Binh Vô Thường Thế,,3440,5214,,,611,0,2,,,2,,1,8,100000,,,,,,,,,,
63015,,s==30|Nạp bất kỳ mệnh giá trong ngày,,3440,1930,,,510,0,1,,,2,,1,8,100000,,,,,,,,,,
63016,,s==26|Tham gia Tụ Hiền Các 1 lần,,3440,1140,,,211,0,1,,,2,,1,8,100000,,,,,,,,,,
63017,,s==26|Tham gia Tụ Hiền Các 2 lần,,3440,1140,,,211,0,2,,,2,,1,8,100000,,,,,,,,,,
63018,,s==26|Tham gia Tụ Hiền Các 4 lần,,3440,1140,,,211,0,4,,,2,,1,8,100000,,,,,,,,,,
63019,,s==50|Trong Binh Vô Thường Thế tung bất kỳ xúc xắc 1 lần,,3440,5214,,,610,0,1,,,3,,1,8,100000,,,,,,,,,,
63020,,s==50|Trong Binh Vô Thường Thế tung bất kỳ xúc xắc 2 lần,,3440,5214,,,610,0,2,,,3,,1,8,100000,,,,,,,,,,
63021,,s==50|Trong Binh Vô Thường Thế tung bất kỳ xúc xắc 3 lần,,3440,5214,,,610,0,3,,,3,,1,8,100000,,,,,,,,,,
63022,,s==55|Thách đấu 1 lần cứ điểm bất kỳ trong Binh Vô Thường Thế,,3440,5214,,,611,0,1,,,3,,1,8,100000,,,,,,,,,,
63023,,s==55|Thách đấu 2 lần cứ điểm bất kỳ trong Binh Vô Thường Thế,,3440,5214,,,611,0,2,,,3,,1,8,100000,,,,,,,,,,
63024,,s==30|Nạp bất kỳ mệnh giá trong ngày,,3440,1930,,,510,0,1,,,3,,1,8,100000,,,,,,,,,,
63025,,s==38|Tiêu hao 3 lần tại Thương Thành Đạo Cụ,,3440,1660,,,402,1,3,,,3,,1,8,100000,,,,,,,,,,
63026,,s==38|Tiêu hao 8 lần tại Thương Thành Đạo Cụ,,3440,1660,,,402,1,8,,,3,,1,8,100000,,,,,,,,,,
63027,,s==38|Tiêu phí 8 lần tại Thần Bí Thương Điếm,,3440,1810,,,402,2,8,,,3,,1,8,100000,,,,,,,,,,
63028,,s==50|Trong Binh Vô Thường Thế tung bất kỳ xúc xắc 1 lần,,3440,5214,,,610,0,1,,,4,,1,8,100000,,,,,,,,,,
63029,,s==50|Trong Binh Vô Thường Thế tung bất kỳ xúc xắc 2 lần,,3440,5214,,,610,0,2,,,4,,1,8,100000,,,,,,,,,,
63030,,s==50|Trong Binh Vô Thường Thế tung bất kỳ xúc xắc 3 lần,,3440,5214,,,610,0,3,,,4,,1,8,100000,,,,,,,,,,
63031,,s==55|Thách đấu 1 lần cứ điểm bất kỳ trong Binh Vô Thường Thế,,3440,5214,,,611,0,1,,,4,,1,8,100000,,,,,,,,,,
63032,,s==55|Thách đấu 2 lần cứ điểm bất kỳ trong Binh Vô Thường Thế,,3440,5214,,,611,0,2,,,4,,1,8,100000,,,,,,,,,,
63033,,s==30|Nạp bất kỳ mệnh giá trong ngày,,3440,1930,,,510,0,1,,,4,,1,8,100000,,,,,,,,,,
63034,,s==27|Nhanh chóng chiến đấu 3 lần,,3440,2092,,,105,0,3,,,4,,1,8,100000,,,,,,,,,,
63035,,s==27|Nhanh chóng chiến đấu 4 lần,,3440,2092,,,105,0,4,,,4,,1,8,100000,,,,,,,,,,
63036,,s==27|Nhanh chóng chiến đấu 6 lần,,3440,2092,,,105,0,6,,,4,,1,8,100000,,,,,,,,,,
63037,,s==50|Trong Binh Vô Thường Thế tung bất kỳ xúc xắc 1 lần,,3440,5214,,,610,0,1,,,5,,1,8,100000,,,,,,,,,,
63038,,s==50|Trong Binh Vô Thường Thế tung bất kỳ xúc xắc 2 lần,,3440,5214,,,610,0,2,,,5,,1,8,100000,,,,,,,,,,
63039,,s==50|Trong Binh Vô Thường Thế tung bất kỳ xúc xắc 3 lần,,3440,5214,,,610,0,3,,,5,,1,8,100000,,,,,,,,,,
63040,,s==55|Thách đấu 1 lần cứ điểm bất kỳ trong Binh Vô Thường Thế,,3440,5214,,,611,0,1,,,5,,1,8,100000,,,,,,,,,,
63041,,s==55|Thách đấu 2 lần cứ điểm bất kỳ trong Binh Vô Thường Thế,,3440,5214,,,611,0,2,,,5,,1,8,100000,,,,,,,,,,
63042,,s==30|Nạp bất kỳ mệnh giá trong ngày,,3440,1930,,,510,0,1,,,5,,1,8,100000,,,,,,,,,,
63043,,s==31|Đoạt 1 lần võ thần điện thần vị,,3440,1270,,,345,0,1,,,5,,1,8,100000,,,,,,,,,,
63044,,s==34|Tham gia Cao Cấp Tuần Phỏng 10 lần,,3440,1640,,,403,3,10,,,5,,1,8,100000,,,,,,,,,,
63045,,s==34|Tham gia Cao Cấp Tuần Phỏng 20 lần,,3440,1640,,,403,3,20,,,5,,1,8,100000,,,,,,,,,,
63046,,s==50|Trong Binh Vô Thường Thế tung bất kỳ xúc xắc 1 lần,,3440,5214,,,610,0,1,,,6,,1,8,100000,,,,,,,,,,
63047,,s==50|Trong Binh Vô Thường Thế tung bất kỳ xúc xắc 2 lần,,3440,5214,,,610,0,2,,,6,,1,8,100000,,,,,,,,,,
63048,,s==50|Trong Binh Vô Thường Thế tung bất kỳ xúc xắc 3 lần,,3440,5214,,,610,0,3,,,6,,1,8,100000,,,,,,,,,,
63049,,s==55|Thách đấu 1 lần cứ điểm bất kỳ trong Binh Vô Thường Thế,,3440,5214,,,611,0,1,,,6,,1,8,100000,,,,,,,,,,
63050,,s==55|Thách đấu 2 lần cứ điểm bất kỳ trong Binh Vô Thường Thế,,3440,5214,,,611,0,2,,,6,,1,8,100000,,,,,,,,,,
63051,,s==30|Nạp bất kỳ mệnh giá trong ngày,,3440,1930,,,510,0,1,,,6,,1,8,100000,,,,,,,,,,
63052,,s==31|Tham gia đoạt bảo thường 10 lần,,3440,1090,,,344,1,10,,,6,,1,8,100000,,,,,,,,,,
63053,,s==31|Tham gia đoạt bảo cao cấp 1 lần,,3440,1090,,,344,2,1,,,6,,1,8,100000,,,,,,,,,,
63054,,s==31|Tham gia Cao Cấp Đoạt Bảo 3 lần,,3440,1090,,,344,2,3,,,6,,1,8,100000,,,,,,,,,,
63055,,s==50|Trong Binh Vô Thường Thế tung bất kỳ xúc xắc 1 lần,,3440,5214,,,610,0,1,,,7,,1,8,100000,,,,,,,,,,
63056,,s==50|Trong Binh Vô Thường Thế tung bất kỳ xúc xắc 2 lần,,3440,5214,,,610,0,2,,,7,,1,8,100000,,,,,,,,,,
63057,,s==50|Trong Binh Vô Thường Thế tung bất kỳ xúc xắc 3 lần,,3440,5214,,,610,0,3,,,7,,1,8,100000,,,,,,,,,,
63058,,s==55|Thách đấu 1 lần cứ điểm bất kỳ trong Binh Vô Thường Thế,,3440,5214,,,611,0,1,,,7,,1,8,100000,,,,,,,,,,
63059,,s==55|Thách đấu 2 lần cứ điểm bất kỳ trong Binh Vô Thường Thế,,3440,5214,,,611,0,2,,,7,,1,8,100000,,,,,,,,,,
63060,,s==30|Nạp bất kỳ mệnh giá trong ngày,,3440,1930,,,510,0,1,,,7,,1,8,100000,,,,,,,,,,
63061,,s==36|Thách đấu 1 lần tướng địch quân đoàn,,3440,1470,,,107,0,1,,,7,,1,8,100000,,,,,,,,,,
63062,,s==36|Thách đấu 2 lần Tướng Địch Quân Đoàn,,3440,1470,,,107,0,2,,,7,,1,8,100000,,,,,,,,,,
63063,,s==36|Thách đấu 3 lần Tướng Địch Quân Đoàn,,3440,1470,,,107,0,3,,,7,,1,8,100000,,,,,,,,,,
64001,,s==50|Trong Binh Vô Thường Thế tung bất kỳ xúc xắc 1 lần,,3440,5214,,,610,0,1,,,1,,1,8,100000,,,,,,,,,,
64002,,s==50|Trong Binh Vô Thường Thế tung bất kỳ xúc xắc 2 lần,,3440,5214,,,610,0,2,,,1,,1,8,100000,,,,,,,,,,
64003,,s==50|Trong Binh Vô Thường Thế tung bất kỳ xúc xắc 3 lần,,3440,5214,,,610,0,3,,,1,,1,8,100000,,,,,,,,,,
64004,,s==55|Thách đấu 1 lần cứ điểm bất kỳ trong Binh Vô Thường Thế,,3440,5214,,,611,0,1,,,1,,1,8,100000,,,,,,,,,,
64005,,s==55|Thách đấu 2 lần cứ điểm bất kỳ trong Binh Vô Thường Thế,,3440,5214,,,611,0,2,,,1,,1,8,100000,,,,,,,,,,
64006,,s==24|Mỗi ngày tích nạp 60 KNB,,3440,1930,,,510,0,6,,,1,,1,8,100000,,,,,,,,,,
64007,,s==19|Tích điểm Kim 5 lần,,3440,1012,,,509,0,5,,,1,,1,8,100000,,,,,,,,,,
64008,,s==20|Tích điểm Kim 10 lần,,3440,1012,,,509,0,10,,,1,,1,8,100000,,,,,,,,,,
64009,,s==20|Tích điểm Kim 20 lần,,3440,1012,,,509,0,20,,,1,,1,8,100000,,,,,,,,,,
64010,,s==50|Trong Binh Vô Thường Thế tung bất kỳ xúc xắc 1 lần,,3440,5214,,,610,0,1,,,2,,1,8,100000,,,,,,,,,,
64011,,s==50|Trong Binh Vô Thường Thế tung bất kỳ xúc xắc 2 lần,,3440,5214,,,610,0,2,,,2,,1,8,100000,,,,,,,,,,
64012,,s==50|Trong Binh Vô Thường Thế tung bất kỳ xúc xắc 3 lần,,3440,5214,,,610,0,3,,,2,,1,8,100000,,,,,,,,,,
64013,,s==55|Thách đấu 1 lần cứ điểm bất kỳ trong Binh Vô Thường Thế,,3440,5214,,,611,0,1,,,2,,1,8,100000,,,,,,,,,,
64014,,s==55|Thách đấu 2 lần cứ điểm bất kỳ trong Binh Vô Thường Thế,,3440,5214,,,611,0,2,,,2,,1,8,100000,,,,,,,,,,
64015,,s==30|Nạp bất kỳ mệnh giá trong ngày,,3440,1930,,,510,0,1,,,2,,1,8,100000,,,,,,,,,,
64016,,s==26|Tham gia Tụ Hiền Các 1 lần,,3440,1140,,,211,0,1,,,2,,1,8,100000,,,,,,,,,,
64017,,s==26|Tham gia Tụ Hiền Các 2 lần,,3440,1140,,,211,0,2,,,2,,1,8,100000,,,,,,,,,,
64018,,s==26|Tham gia Tụ Hiền Các 4 lần,,3440,1140,,,211,0,4,,,2,,1,8,100000,,,,,,,,,,
64019,,s==50|Trong Binh Vô Thường Thế tung bất kỳ xúc xắc 1 lần,,3440,5214,,,610,0,1,,,3,,1,8,100000,,,,,,,,,,
64020,,s==50|Trong Binh Vô Thường Thế tung bất kỳ xúc xắc 2 lần,,3440,5214,,,610,0,2,,,3,,1,8,100000,,,,,,,,,,
64021,,s==50|Trong Binh Vô Thường Thế tung bất kỳ xúc xắc 3 lần,,3440,5214,,,610,0,3,,,3,,1,8,100000,,,,,,,,,,
64022,,s==55|Thách đấu 1 lần cứ điểm bất kỳ trong Binh Vô Thường Thế,,3440,5214,,,611,0,1,,,3,,1,8,100000,,,,,,,,,,
64023,,s==55|Thách đấu 2 lần cứ điểm bất kỳ trong Binh Vô Thường Thế,,3440,5214,,,611,0,2,,,3,,1,8,100000,,,,,,,,,,
64024,,s==30|Nạp bất kỳ mệnh giá trong ngày,,3440,1930,,,510,0,1,,,3,,1,8,100000,,,,,,,,,,
64025,,s==38|Tiêu hao 3 lần tại Thương Thành Đạo Cụ,,3440,1660,,,402,1,3,,,3,,1,8,100000,,,,,,,,,,
64026,,s==38|Tiêu hao 8 lần tại Thương Thành Đạo Cụ,,3440,1660,,,402,1,8,,,3,,1,8,100000,,,,,,,,,,
64027,,s==38|Tiêu phí 8 lần tại Thần Bí Thương Điếm,,3440,1810,,,402,2,8,,,3,,1,8,100000,,,,,,,,,,
64028,,s==50|Trong Binh Vô Thường Thế tung bất kỳ xúc xắc 1 lần,,3440,5214,,,610,0,1,,,4,,1,8,100000,,,,,,,,,,
64029,,s==50|Trong Binh Vô Thường Thế tung bất kỳ xúc xắc 2 lần,,3440,5214,,,610,0,2,,,4,,1,8,100000,,,,,,,,,,
64030,,s==50|Trong Binh Vô Thường Thế tung bất kỳ xúc xắc 3 lần,,3440,5214,,,610,0,3,,,4,,1,8,100000,,,,,,,,,,
64031,,s==55|Thách đấu 1 lần cứ điểm bất kỳ trong Binh Vô Thường Thế,,3440,5214,,,611,0,1,,,4,,1,8,100000,,,,,,,,,,
64032,,s==55|Thách đấu 2 lần cứ điểm bất kỳ trong Binh Vô Thường Thế,,3440,5214,,,611,0,2,,,4,,1,8,100000,,,,,,,,,,
64033,,s==30|Nạp bất kỳ mệnh giá trong ngày,,3440,1930,,,510,0,1,,,4,,1,8,100000,,,,,,,,,,
64034,,s==27|Nhanh chóng chiến đấu 3 lần,,3440,2092,,,105,0,3,,,4,,1,8,100000,,,,,,,,,,
64035,,s==27|Nhanh chóng chiến đấu 4 lần,,3440,2092,,,105,0,4,,,4,,1,8,100000,,,,,,,,,,
64036,,s==27|Nhanh chóng chiến đấu 6 lần,,3440,2092,,,105,0,6,,,4,,1,8,100000,,,,,,,,,,
64037,,s==50|Trong Binh Vô Thường Thế tung bất kỳ xúc xắc 1 lần,,3440,5214,,,610,0,1,,,5,,1,8,100000,,,,,,,,,,
64038,,s==50|Trong Binh Vô Thường Thế tung bất kỳ xúc xắc 2 lần,,3440,5214,,,610,0,2,,,5,,1,8,100000,,,,,,,,,,
64039,,s==50|Trong Binh Vô Thường Thế tung bất kỳ xúc xắc 3 lần,,3440,5214,,,610,0,3,,,5,,1,8,100000,,,,,,,,,,
64040,,s==55|Thách đấu 1 lần cứ điểm bất kỳ trong Binh Vô Thường Thế,,3440,5214,,,611,0,1,,,5,,1,8,100000,,,,,,,,,,
64041,,s==55|Thách đấu 2 lần cứ điểm bất kỳ trong Binh Vô Thường Thế,,3440,5214,,,611,0,2,,,5,,1,8,100000,,,,,,,,,,
64042,,s==30|Nạp bất kỳ mệnh giá trong ngày,,3440,1930,,,510,0,1,,,5,,1,8,100000,,,,,,,,,,
64043,,s==31|Đoạt 1 lần võ thần điện thần vị,,3440,1270,,,345,0,1,,,5,,1,8,100000,,,,,,,,,,
64044,,s==34|Tham gia Cao Cấp Tuần Phỏng 10 lần,,3440,1640,,,403,3,10,,,5,,1,8,100000,,,,,,,,,,
64045,,s==34|Tham gia Cao Cấp Tuần Phỏng 20 lần,,3440,1640,,,403,3,20,,,5,,1,8,100000,,,,,,,,,,
64046,,s==50|Trong Binh Vô Thường Thế tung bất kỳ xúc xắc 1 lần,,3440,5214,,,610,0,1,,,6,,1,8,100000,,,,,,,,,,
64047,,s==50|Trong Binh Vô Thường Thế tung bất kỳ xúc xắc 2 lần,,3440,5214,,,610,0,2,,,6,,1,8,100000,,,,,,,,,,
64048,,s==50|Trong Binh Vô Thường Thế tung bất kỳ xúc xắc 3 lần,,3440,5214,,,610,0,3,,,6,,1,8,100000,,,,,,,,,,
64049,,s==55|Thách đấu 1 lần cứ điểm bất kỳ trong Binh Vô Thường Thế,,3440,5214,,,611,0,1,,,6,,1,8,100000,,,,,,,,,,
64050,,s==55|Thách đấu 2 lần cứ điểm bất kỳ trong Binh Vô Thường Thế,,3440,5214,,,611,0,2,,,6,,1,8,100000,,,,,,,,,,
64051,,s==30|Nạp bất kỳ mệnh giá trong ngày,,3440,1930,,,510,0,1,,,6,,1,8,100000,,,,,,,,,,
64052,,s==31|Tham gia đoạt bảo thường 10 lần,,3440,1090,,,344,1,10,,,6,,1,8,100000,,,,,,,,,,
64053,,s==31|Tham gia đoạt bảo cao cấp 1 lần,,3440,1090,,,344,2,1,,,6,,1,8,100000,,,,,,,,,,
64054,,s==31|Tham gia Cao Cấp Đoạt Bảo 3 lần,,3440,1090,,,344,2,3,,,6,,1,8,100000,,,,,,,,,,
64055,,s==50|Trong Binh Vô Thường Thế tung bất kỳ xúc xắc 1 lần,,3440,5214,,,610,0,1,,,7,,1,8,100000,,,,,,,,,,
64056,,s==50|Trong Binh Vô Thường Thế tung bất kỳ xúc xắc 2 lần,,3440,5214,,,610,0,2,,,7,,1,8,100000,,,,,,,,,,
64057,,s==50|Trong Binh Vô Thường Thế tung bất kỳ xúc xắc 3 lần,,3440,5214,,,610,0,3,,,7,,1,8,100000,,,,,,,,,,
64058,,s==55|Thách đấu 1 lần cứ điểm bất kỳ trong Binh Vô Thường Thế,,3440,5214,,,611,0,1,,,7,,1,8,100000,,,,,,,,,,
64059,,s==55|Thách đấu 2 lần cứ điểm bất kỳ trong Binh Vô Thường Thế,,3440,5214,,,611,0,2,,,7,,1,8,100000,,,,,,,,,,
64060,,s==30|Nạp bất kỳ mệnh giá trong ngày,,3440,1930,,,510,0,1,,,7,,1,8,100000,,,,,,,,,,
64061,,s==36|Thách đấu 1 lần tướng địch quân đoàn,,3440,1470,,,107,0,1,,,7,,1,8,100000,,,,,,,,,,
64062,,s==36|Thách đấu 2 lần Tướng Địch Quân Đoàn,,3440,1470,,,107,0,2,,,7,,1,8,100000,,,,,,,,,,
64063,,s==36|Thách đấu 3 lần Tướng Địch Quân Đoàn,,3440,1470,,,107,0,3,,,7,,1,8,100000,,,,,,,,,,
65001,,s==50|Trong Binh Vô Thường Thế tung bất kỳ xúc xắc 1 lần,,3440,5214,,,610,0,1,,,1,,1,8,100000,,,,,,,,,,
65002,,s==50|Trong Binh Vô Thường Thế tung bất kỳ xúc xắc 2 lần,,3440,5214,,,610,0,2,,,1,,1,8,100000,,,,,,,,,,
65003,,s==50|Trong Binh Vô Thường Thế tung bất kỳ xúc xắc 3 lần,,3440,5214,,,610,0,3,,,1,,1,8,100000,,,,,,,,,,
65004,,s==55|Thách đấu 1 lần cứ điểm bất kỳ trong Binh Vô Thường Thế,,3440,5214,,,611,0,1,,,1,,1,8,100000,,,,,,,,,,
65005,,s==55|Thách đấu 2 lần cứ điểm bất kỳ trong Binh Vô Thường Thế,,3440,5214,,,611,0,2,,,1,,1,8,100000,,,,,,,,,,
65006,,s==24|Mỗi ngày tích nạp 60 KNB,,3440,1930,,,510,0,6,,,1,,1,8,100000,,,,,,,,,,
65007,,s==19|Tích điểm Kim 5 lần,,3440,1012,,,509,0,5,,,1,,1,8,100000,,,,,,,,,,
65008,,s==20|Tích điểm Kim 10 lần,,3440,1012,,,509,0,10,,,1,,1,8,100000,,,,,,,,,,
65009,,s==20|Tích điểm Kim 20 lần,,3440,1012,,,509,0,20,,,1,,1,8,100000,,,,,,,,,,
65010,,s==50|Trong Binh Vô Thường Thế tung bất kỳ xúc xắc 1 lần,,3440,5214,,,610,0,1,,,2,,1,8,100000,,,,,,,,,,
65011,,s==50|Trong Binh Vô Thường Thế tung bất kỳ xúc xắc 2 lần,,3440,5214,,,610,0,2,,,2,,1,8,100000,,,,,,,,,,
65012,,s==50|Trong Binh Vô Thường Thế tung bất kỳ xúc xắc 3 lần,,3440,5214,,,610,0,3,,,2,,1,8,100000,,,,,,,,,,
65013,,s==55|Thách đấu 1 lần cứ điểm bất kỳ trong Binh Vô Thường Thế,,3440,5214,,,611,0,1,,,2,,1,8,100000,,,,,,,,,,
65014,,s==55|Thách đấu 2 lần cứ điểm bất kỳ trong Binh Vô Thường Thế,,3440,5214,,,611,0,2,,,2,,1,8,100000,,,,,,,,,,
65015,,s==30|Nạp bất kỳ mệnh giá trong ngày,,3440,1930,,,510,0,1,,,2,,1,8,100000,,,,,,,,,,
65016,,s==26|Tham gia Tụ Hiền Các 1 lần,,3440,1140,,,211,0,1,,,2,,1,8,100000,,,,,,,,,,
65017,,s==26|Tham gia Tụ Hiền Các 2 lần,,3440,1140,,,211,0,2,,,2,,1,8,100000,,,,,,,,,,
65018,,s==26|Tham gia Tụ Hiền Các 4 lần,,3440,1140,,,211,0,4,,,2,,1,8,100000,,,,,,,,,,
65019,,s==50|Trong Binh Vô Thường Thế tung bất kỳ xúc xắc 1 lần,,3440,5214,,,610,0,1,,,3,,1,8,100000,,,,,,,,,,
65020,,s==50|Trong Binh Vô Thường Thế tung bất kỳ xúc xắc 2 lần,,3440,5214,,,610,0,2,,,3,,1,8,100000,,,,,,,,,,
65021,,s==50|Trong Binh Vô Thường Thế tung bất kỳ xúc xắc 3 lần,,3440,5214,,,610,0,3,,,3,,1,8,100000,,,,,,,,,,
65022,,s==55|Thách đấu 1 lần cứ điểm bất kỳ trong Binh Vô Thường Thế,,3440,5214,,,611,0,1,,,3,,1,8,100000,,,,,,,,,,
65023,,s==55|Thách đấu 2 lần cứ điểm bất kỳ trong Binh Vô Thường Thế,,3440,5214,,,611,0,2,,,3,,1,8,100000,,,,,,,,,,
65024,,s==30|Nạp bất kỳ mệnh giá trong ngày,,3440,1930,,,510,0,1,,,3,,1,8,100000,,,,,,,,,,
65025,,s==38|Tiêu hao 3 lần tại Thương Thành Đạo Cụ,,3440,1660,,,402,1,3,,,3,,1,8,100000,,,,,,,,,,
65026,,s==38|Tiêu hao 8 lần tại Thương Thành Đạo Cụ,,3440,1660,,,402,1,8,,,3,,1,8,100000,,,,,,,,,,
65027,,s==38|Tiêu phí 8 lần tại Thần Bí Thương Điếm,,3440,1810,,,402,2,8,,,3,,1,8,100000,,,,,,,,,,
65028,,s==50|Trong Binh Vô Thường Thế tung bất kỳ xúc xắc 1 lần,,3440,5214,,,610,0,1,,,4,,1,8,100000,,,,,,,,,,
65029,,s==50|Trong Binh Vô Thường Thế tung bất kỳ xúc xắc 2 lần,,3440,5214,,,610,0,2,,,4,,1,8,100000,,,,,,,,,,
65030,,s==50|Trong Binh Vô Thường Thế tung bất kỳ xúc xắc 3 lần,,3440,5214,,,610,0,3,,,4,,1,8,100000,,,,,,,,,,
65031,,s==55|Thách đấu 1 lần cứ điểm bất kỳ trong Binh Vô Thường Thế,,3440,5214,,,611,0,1,,,4,,1,8,100000,,,,,,,,,,
65032,,s==55|Thách đấu 2 lần cứ điểm bất kỳ trong Binh Vô Thường Thế,,3440,5214,,,611,0,2,,,4,,1,8,100000,,,,,,,,,,
65033,,s==30|Nạp bất kỳ mệnh giá trong ngày,,3440,1930,,,510,0,1,,,4,,1,8,100000,,,,,,,,,,
65034,,s==27|Nhanh chóng chiến đấu 3 lần,,3440,2092,,,105,0,3,,,4,,1,8,100000,,,,,,,,,,
65035,,s==27|Nhanh chóng chiến đấu 4 lần,,3440,2092,,,105,0,4,,,4,,1,8,100000,,,,,,,,,,
65036,,s==27|Nhanh chóng chiến đấu 6 lần,,3440,2092,,,105,0,6,,,4,,1,8,100000,,,,,,,,,,
65037,,s==50|Trong Binh Vô Thường Thế tung bất kỳ xúc xắc 1 lần,,3440,5214,,,610,0,1,,,5,,1,8,100000,,,,,,,,,,
65038,,s==50|Trong Binh Vô Thường Thế tung bất kỳ xúc xắc 2 lần,,3440,5214,,,610,0,2,,,5,,1,8,100000,,,,,,,,,,
65039,,s==50|Trong Binh Vô Thường Thế tung bất kỳ xúc xắc 3 lần,,3440,5214,,,610,0,3,,,5,,1,8,100000,,,,,,,,,,
65040,,s==55|Thách đấu 1 lần cứ điểm bất kỳ trong Binh Vô Thường Thế,,3440,5214,,,611,0,1,,,5,,1,8,100000,,,,,,,,,,
65041,,s==55|Thách đấu 2 lần cứ điểm bất kỳ trong Binh Vô Thường Thế,,3440,5214,,,611,0,2,,,5,,1,8,100000,,,,,,,,,,
65042,,s==30|Nạp bất kỳ mệnh giá trong ngày,,3440,1930,,,510,0,1,,,5,,1,8,100000,,,,,,,,,,
65043,,s==31|Đoạt 1 lần võ thần điện thần vị,,3440,1270,,,345,0,1,,,5,,1,8,100000,,,,,,,,,,
65044,,s==34|Tham gia Cao Cấp Tuần Phỏng 10 lần,,3440,1640,,,403,3,10,,,5,,1,8,100000,,,,,,,,,,
65045,,s==34|Tham gia Cao Cấp Tuần Phỏng 20 lần,,3440,1640,,,403,3,20,,,5,,1,8,100000,,,,,,,,,,
65046,,s==50|Trong Binh Vô Thường Thế tung bất kỳ xúc xắc 1 lần,,3440,5214,,,610,0,1,,,6,,1,8,100000,,,,,,,,,,
65047,,s==50|Trong Binh Vô Thường Thế tung bất kỳ xúc xắc 2 lần,,3440,5214,,,610,0,2,,,6,,1,8,100000,,,,,,,,,,
65048,,s==50|Trong Binh Vô Thường Thế tung bất kỳ xúc xắc 3 lần,,3440,5214,,,610,0,3,,,6,,1,8,100000,,,,,,,,,,
65049,,s==55|Thách đấu 1 lần cứ điểm bất kỳ trong Binh Vô Thường Thế,,3440,5214,,,611,0,1,,,6,,1,8,100000,,,,,,,,,,
65050,,s==55|Thách đấu 2 lần cứ điểm bất kỳ trong Binh Vô Thường Thế,,3440,5214,,,611,0,2,,,6,,1,8,100000,,,,,,,,,,
65051,,s==30|Nạp bất kỳ mệnh giá trong ngày,,3440,1930,,,510,0,1,,,6,,1,8,100000,,,,,,,,,,
65052,,s==31|Tham gia đoạt bảo thường 10 lần,,3440,1090,,,344,1,10,,,6,,1,8,100000,,,,,,,,,,
65053,,s==31|Tham gia đoạt bảo cao cấp 1 lần,,3440,1090,,,344,2,1,,,6,,1,8,100000,,,,,,,,,,
65054,,s==31|Tham gia Cao Cấp Đoạt Bảo 3 lần,,3440,1090,,,344,2,3,,,6,,1,8,100000,,,,,,,,,,
65055,,s==50|Trong Binh Vô Thường Thế tung bất kỳ xúc xắc 1 lần,,3440,5214,,,610,0,1,,,7,,1,8,100000,,,,,,,,,,
65056,,s==50|Trong Binh Vô Thường Thế tung bất kỳ xúc xắc 2 lần,,3440,5214,,,610,0,2,,,7,,1,8,100000,,,,,,,,,,
65057,,s==50|Trong Binh Vô Thường Thế tung bất kỳ xúc xắc 3 lần,,3440,5214,,,610,0,3,,,7,,1,8,100000,,,,,,,,,,
65058,,s==55|Thách đấu 1 lần cứ điểm bất kỳ trong Binh Vô Thường Thế,,3440,5214,,,611,0,1,,,7,,1,8,100000,,,,,,,,,,
65059,,s==55|Thách đấu 2 lần cứ điểm bất kỳ trong Binh Vô Thường Thế,,3440,5214,,,611,0,2,,,7,,1,8,100000,,,,,,,,,,
65060,,s==30|Nạp bất kỳ mệnh giá trong ngày,,3440,1930,,,510,0,1,,,7,,1,8,100000,,,,,,,,,,
65061,,s==36|Thách đấu 1 lần tướng địch quân đoàn,,3440,1470,,,107,0,1,,,7,,1,8,100000,,,,,,,,,,
65062,,s==36|Thách đấu 2 lần Tướng Địch Quân Đoàn,,3440,1470,,,107,0,2,,,7,,1,8,100000,,,,,,,,,,
65063,,s==36|Thách đấu 3 lần Tướng Địch Quân Đoàn,,3440,1470,,,107,0,3,,,7,,1,8,100000,,,,,,,,,,