id,name,resource-type-1,resource-id-1,resource-value-1,resource-type-2,resource-id-2,resource-value-2,resource-type-3,resource-id-3,resource-value-3,resource-type-4,resource-id-4,resource-value-4,resource-type-5,resource-id-5,resource-value-5,resource-type-6,resource-id-6,resource-value-6,resource-type-7,resource-id-7,resource-value-7,
1370,s==24|Gói Quà Võ Tướng Rút Lui,1,9,300,2,1053,10,2,1001,500,1,8,1000000,,,,,,,,,,
1371,s==22|Gói Nguyên Liệu Ưu Đãi,1,9,300,2,1003,5,2,1001,500,1,8,1000000,,,,,,,,,,
1372,s==29|Gói Quà Nguyên Liệu Hào Phóng,1,9,680,2,1003,6,2,1001,1200,1,8,3000000,,,,,,,,,,
1373,s==27|Gói Quà Đồng Tiền Hào Phóng,1,9,980,1,8,20000000,1,8,30000000,1,8,40000000,,,,,,,,,,
1374,s==24|Gói Nguyên Liệu Long Hồn,1,9,1980,2,1003,12,2,1001,2000,2,1006,2000,,,,,,,,,,
1375,s==28|Gói Quà Nuôi Dưỡng Chiến Lực,1,9,3280,2,1006,6000,1,8,200000000,1,10,100000000,,,,,,,,,,
1376,s==24|Gói Nuôi Dưỡng Thần Binh,1,9,3280,2,1006,6000,2,1027,440,2,1028,75,,,,,,,,,,
1377,s==21|Gói Quà Rèn Thần Binh,1,9,6480,2,1003,45,2,1028,100,2,3008,50,,,,,,,,,,
1378,s==22|Gói Nguyên Liệu Ưu Đãi,1,9,300,2,1003,5,2,1494,2,2,1519,1,,,,,,,,,,
1379,s==29|Gói Quà Nguyên Liệu Hào Phóng,1,9,680,2,1003,6,2,1494,5,2,1519,2,,,,,,,,,,
1380,s==29|Gói Quà Nguyên Liệu Hào Phóng,1,9,680,2,1003,6,2,1494,5,2,1491,2,,,,,,,,,,
1381,s==28|Gói Quà Nguyên Liệu Chiến Kỳ,1,9,1280,2,1051,5,2,1049,30,2,1003,15,,,,,,,,,,
1382,s==29|Gói Quà Nguyên Liệu Thần Binh,1,9,1980,2,1027,350,2,1028,60,2,1031,6,,,,,,,,,,
1383,s==26|Gói Quà Mảnh Chương Sử Thi,1,9,1980,2,1076,2,2,1071,3,2,1028,220,,,,,,,,,,
1384,s==21|Gói Cường Hóa Bảo Vật,1,9,3280,2,1043,40,2,1077,350,1,8,5000000,,,,,,,,,,
1385,s==22|Gói Thăng Sao Võ Tướng,1,9,3280,2,1048,20,2,1004,5,2,1003,20,,,,,,,,,,
1386,s==24|Gói Nuôi Dưỡng Thần Binh,1,9,3280,2,1006,6000,2,1027,440,2,1028,75,,,,,,,,,,
1387,s==21|Gói vật liệu đổi chác,1,9,3280,2,1004,6,2,1054,10,2,3008,50,,,,,,,,,,
1388,s==26|Gói đột phá Hội Nghĩa Đình,1,9,1980,2,1022,10,2,1023,20,2,1003,5,,,,,,,,,,
1389,s==29|Siêu giá trị tuần tra bao gói,1,9,680,2,1003,15,1,10,3000000,2,1001,1000,,,,,,,,,,
1390,s==28|Tụ hiền siêu giá trị bao gói,1,9,3280,2,1004,20,2,1001,800,1,8,5000000,,,,,,,,,,
1391,s==26|Tụ hiền tối thượng bao gói,1,9,6480,2,1004,40,2,1001,1600,1,8,10000000,,,,,,,,,,
1392,s==28|Chiến mã dưỡng thành bao gói,1,9,1980,2,1509,4,2,1115,20000,1,8,3000000,,,,,,,,,,
1393,s==26|Kinh nghiệm đầy ắp bao gói,1,9,980,1,10,5000000,1,10,10000000,1,10,15000000,,,,,,,,,,
1396,s==28|Võ tướng chuyển sinh bao gói,1,9,680,2,1053,20,2,1027,110,1,8,6000000,,,,,,,,,,
1397,s==28|Thần binh dưỡng thành hào lễ,1,9,1980,2,1030,20,2,1029,60,2,1055,750,,,,,,,,,,
1398,s==28|Bảo thạch dưỡng thành hào lễ,1,9,3280,2,1761,2,2,1037,16,2,1036,80,,,,,,,,,,
1405,s==18|Gói đặc quyền VIP0,1,8,500000,1,10,250000,2,1007,2,,,,,,,,,,,,,
1406,s==18|Gói đặc quyền VIP1,1,8,2000000,2,1001,300,2,1007,3,,,,,,,,,,,,,
1407,s==18|Gói đặc quyền VIP2,1,10,2000000,2,3006,30,2,3007,30,,,,,,,,,,,,,
1408,s==18|Gói đặc quyền VIP3,1,8,4000000,2,1004,1,2,1014,1,,,,,,,,,,,,,
1409,s==18|Gói đặc quyền VIP4,2,3008,50,1,10,5000000,2,1014,1,,,,,,,,,,,,,
1410,s==18|Gói đặc quyền VIP5,2,1454,1,2,1014,1,1,8,6000000,,,,,,,,,,,,,
1411,s==18|Gói đặc quyền VIP6,2,1455,1,2,1014,2,2,4030,1,1,10,6000000,,,,,,,,,,
1412,s==18|Gói đặc quyền VIP7,2,1455,1,2,1014,3,2,4030,1,1,10,8000000,,,,,,,,,,
1413,s==18|Gói đặc quyền VIP8,2,1456,1,2,1014,5,2,2611,1,1,10,8000000,,,,,,,,,,
1414,s==18|Gói đặc quyền VIP9,2,1456,1,2,1014,5,2,2614,1,1,10,10000000,,,,,,,,,,
1415,s==19|Gói đặc quyền VIP10,2,1456,1,2,4040,1,2,2612,1,1,10,10000000,,,,,,,,,,
1416,s==19|Gói đặc quyền VIP11,2,1456,1,2,3014,50,2,4040,1,2,2613,1,,,,,,,,,,
1417,s==19|Gói đặc quyền VIP12,2,1456,1,2,3014,100,2,4040,1,2,1004,10,,,,,,,,,,
1418,s==19|Gói đặc quyền VIP13,2,1456,1,2,3014,150,2,4040,2,2,1004,10,,,,,,,,,,
1419,s==19|Gói đặc quyền VIP14,2,1105,30,2,4050,1,2,3014,200,2,1004,10,,,,,,,,,,
1420,s==19|Gói đặc quyền VIP15,2,1105,50,2,4050,1,2,3014,250,2,1004,10,,,,,,,,,,
1421,s==19|Gói đặc quyền VIP16,2,1105,80,2,4060,1,2,3014,300,2,1004,10,,,,,,,,,,
1422,s==19|Gói đặc quyền VIP17,2,1105,100,2,4060,1,2,3014,350,2,1004,10,,,,,,,,,,
1423,s==19|Gói đặc quyền VIP18,2,19639,1,2,30058,1,2,4060,1,2,3014,400,2,1004,10,,,,,,,
1424,s==19|Gói đặc quyền VIP19,,,,,,,,,,,,,,,,,,,,,,
1425,s==19|Gói đặc quyền VIP20,,,,,,,,,,,,,,,,,,,,,,
1426,s==22|Phần thưởng riêng VIP0,1,9,10,2,1007,1,,,,,,,,,,,,,,,,
1427,s==22|Phần thưởng riêng VIP1,1,9,30,2,1007,1,,,,,,,,,,,,,,,,
1428,s==22|Phần thưởng riêng VIP2,1,9,50,2,1007,2,,,,,,,,,,,,,,,,
1429,s==22|Phần thưởng riêng VIP3,1,9,70,2,1007,3,,,,,,,,,,,,,,,,
1430,s==22|Phần thưởng riêng VIP4,1,9,90,2,1007,4,,,,,,,,,,,,,,,,
1431,s==22|Phần thưởng riêng VIP5,1,9,110,2,1007,5,,,,,,,,,,,,,,,,
1432,s==22|Phần thưởng riêng VIP6,1,9,130,2,3008,2,,,,,,,,,,,,,,,,
1433,s==22|Phần thưởng riêng VIP7,1,9,150,2,3008,3,,,,,,,,,,,,,,,,
1434,s==22|Phần thưởng riêng VIP8,1,9,170,2,3008,3,,,,,,,,,,,,,,,,
1435,s==22|Phần thưởng riêng VIP9,1,9,190,2,3008,3,,,,,,,,,,,,,,,,
1436,s==23|Phần thưởng riêng VIP10,1,9,210,2,3008,4,,,,,,,,,,,,,,,,
1437,s==23|Phần thưởng riêng VIP11,1,9,230,2,3008,4,,,,,,,,,,,,,,,,
1438,s==23|Phần thưởng riêng VIP12,1,9,250,2,3008,4,,,,,,,,,,,,,,,,
1439,s==23|Phần thưởng riêng VIP13,1,9,270,2,3008,5,,,,,,,,,,,,,,,,
1440,s==23|Phần thưởng riêng VIP14,1,9,290,2,3008,5,,,,,,,,,,,,,,,,
1441,s==23|Phần thưởng riêng VIP15,1,9,310,2,3008,6,,,,,,,,,,,,,,,,
1442,s==23|Phần thưởng riêng VIP16,1,9,330,2,3008,6,,,,,,,,,,,,,,,,
1443,s==23|Phần thưởng riêng VIP17,1,9,350,2,3008,7,,,,,,,,,,,,,,,,
1444,s==23|Phần thưởng riêng VIP18,1,9,400,2,3008,10,,,,,,,,,,,,,,,,
1445,s==23|Phần thưởng riêng VIP19,1,9,390,2,3008,8,,,,,,,,,,,,,,,,
1446,s==23|Phần thưởng riêng VIP20,1,9,410,2,3008,8,,,,,,,,,,,,,,,,
1447,s==18|Gói quà quét nhanh,1,34,1,1,9,680,2,1003,10,2,1001,500,,,,,,,,,,
1448,s==30|Gói quà Chiến Trường Kinh Châu,1,35,1,1,9,300,2,1004,2,2,1001,500,,,,,,,,,,
1449,s==22|Gói quà kỳ ngộ cao cấp,1,36,1,2,1003,5,2,1001,200,,,,,,,,,,,,,
1450,s==26|Gói quà kỳ ngộ hoành tráng,1,37,1,2,1004,1,2,1003,10,,,,,,,,,,,,,
1451,s==15|Gói Lệnh Hô Sao,1,9,300,2,1004,3,2,1001,500,1,8,100000,,,,,,,,,,
1484,s==36|Gói quà hoạt động Đồng Quạc kỳ 2 - 1,1,9,300,2,1133,10,2,1006,500,,,,,,,,,,,,,
1485,s==36|Gói quà hoạt động Đồng Quạc kỳ 2 - 2,1,9,980,2,1133,30,2,1003,15,,,,,,,,,,,,,
1486,s==36|Gói quà hoạt động Đồng Quạc kỳ 2 - 3,1,9,1280,2,1133,40,2,1082,75,2,1006,2000,,,,,,,,,,
1487,s==36|Gói quà hoạt động Đồng Quạc kỳ 2 - 4,1,9,1280,2,1133,40,2,1081,15,2,1006,3000,,,,,,,,,,
1488,s==36|Gói quà hoạt động Đồng Quạc kỳ 2 - 5,1,9,680,2,1133,20,2,1006,1500,,,,,,,,,,,,,
1493,s==40|Gói Quà Cá Chép Cuối Tuần Siêu Giá Trị 1,1,9,680,2,1066,1,2,3008,50,2,1019,30,2,1027,200,,,,,,,
1551,s==43|Gói quà giá trị cá chép may mắn cuối tuần 2,1,9,680,2,1066,1,2,3008,50,2,1019,30,2,1012,50,,,,,,,
1552,s==43|Gói quà giá trị cá chép may mắn cuối tuần 3,1,9,680,2,1066,1,2,1516,2,2,1019,30,2,1012,50,,,,,,,
1553,s==43|Gói quà giá trị cá chép may mắn cuối tuần 4,1,9,680,2,1066,1,2,1516,2,2,1019,30,2,1012,50,,,,,,,
1554,s==43|Gói quà giá trị cá chép may mắn cuối tuần 5,1,9,680,2,1066,1,2,1516,2,2,1019,30,2,1012,50,,,,,,,
1555,s==45|Gói quà giá trị cá chép may mắn cuối tuần 2_1,1,9,1980,2,1066,3,2,1527,3,2,1003,10,2,1001,1000,,,,,,,
1556,s==45|Gói quà giá trị cá chép may mắn cuối tuần 2_2,1,9,1980,2,1066,3,2,1527,3,2,1003,10,2,1056,50,,,,,,,
1557,s==45|Gói quà giá trị cá chép may mắn cuối tuần 2_3,1,9,1980,2,1066,3,2,1527,3,2,1003,10,2,1056,50,,,,,,,
1558,s==45|Gói quà giá trị cá chép may mắn cuối tuần 2_4,1,9,1980,2,1066,3,2,1527,3,2,1003,10,2,1056,50,,,,,,,
1559,s==45|Gói quà giá trị cá chép may mắn cuối tuần 2_5,1,9,1980,2,1066,3,2,1527,3,2,1003,10,2,1056,50,,,,,,,
1496,s==17|Thẻ tuần chiêu mộ,2,1496,1,1,9,300,2,1006,750,2,1004,1,,,,,,,,,,
1497,s==16|Thẻ tuần tụ hiền,2,1497,1,1,9,980,2,1003,30,2,1006,1500,,,,,,,,,,
1498,s==28|Thẻ tuần nguyên liệu cao cấp,2,1498,1,1,9,1280,2,1523,1,2,1006,4500,,,,,,,,,,
1499,s==17|Gói quà Tiễn Xuân,1,9,680,2,1139,10,2,1105,10,2,1006,500,,,,,,,,,,
1504,s==14|Chu Lục Lễ Bao,1,9,100,2,1007,5,,,,,,,,,,,,,,,,
1505,s==15|Chu Nhật Lễ Bao,1,9,200,2,1006,300,,,,,,,,,,,,,,,,
1506,s==15|Chu Nhất Lễ Bao,1,9,500,2,1003,1,,,,,,,,,,,,,,,,
1539,s==23|Ngũ Tinh Dưỡng Thành Lễ,1,9,300,1,8,4000000,1,10,2000000,2,1001,1000,,,,,,,,,,
1540,s==23|Ngũ Tinh Dưỡng Thành Lễ,2,1534,1,1,9,300,1,10,1000000,1,8,2000000,,,,,,,,,,
1541,s==23|Ngũ Tinh Dưỡng Thành Lễ,2,1533,1,1,9,600,1,10,2000000,1,8,4000000,,,,,,,,,,
1542,s==23|Lục Tinh Dưỡng Thành Lễ,1,9,680,2,1006,1360,2,1004,3,,,,,,,,,,,,,
1543,s==24|Thất Tinh Dưỡng Thành Lễ,1,9,1280,2,1006,2560,2,1004,6,,,,,,,,,,,,,
1544,s==23|Bát Tinh Dưỡng Thành Lễ,1,9,3280,2,1006,6560,2,1004,20,,,,,,,,,,,,,
1545,s==23|Cửu Tinh Dưỡng Thành Lễ,1,9,3280,2,1006,6560,2,1004,20,,,,,,,,,,,,,
1546,s==24|Thập Tinh Dưỡng Thành Lễ,1,9,3280,2,1006,6560,2,1004,20,,,,,,,,,,,,,
1547,s==29|Thập Nhất Tinh Dưỡng Thành Lễ,1,9,3280,2,1006,6560,2,1004,20,,,,,,,,,,,,,
1548,s==28|Thập Nhị Tinh Dưỡng Thành Lễ,1,9,6480,2,1006,12960,2,1004,40,,,,,,,,,,,,,
1549,s==28|Thập Tam Tinh Dưỡng Thành Lễ,1,9,6480,2,1006,12960,2,1004,40,,,,,,,,,,,,,
1560,s==20|Thực danh chứng thực,1,9,200,1,8,50000,1,10,30000,,,,,,,,,,,,,
1561,s==16|Tải xuống hảo lễ,1,9,200,1,8,50000,1,10,30000,,,,,,,,,,,,,
1566,s==26|Tầng 1 Kỳ Vương Hầu Lễ Bao,1,9,1980,2,30003,1,2,19519,1,2,1006,1980,2,1014,5,1,38,10000,1,51,1,
1568,s==22|Mỗi Chu Đặc Huệ Lễ Bao,1,9,30,2,3008,2,2,1001,50,2,1007,1,,,,,,,,,,
1569,s==22|Gói Ưu Đãi Hàng Tuần 1,1,9,300,2,1516,1,2,1006,220,2,1003,5,,,,,,,,,,
1570,s==22|Gói Ưu Đãi Hàng Tuần 2,1,9,680,2,1527,1,2,1006,550,2,1003,8,,,,,,,,,,
1571,s==22|Gói Ưu Đãi Hàng Tuần 3,1,9,1280,2,1516,4,2,1006,1100,2,1003,15,,,,,,,,,,
1572,s==22|Gói Ưu Đãi Hàng Tuần 4,1,9,3280,2,1527,5,2,1006,2200,2,1003,22,,,,,,,,,,
1573,s==22|Gói Ưu Đãi Hàng Tuần 5,1,9,3280,2,3014,50,2,1006,2200,1,8,8000000,,,,,,,,,,
1574,s==22|Gói Ưu Đãi Hàng Tuần 6,1,9,6480,2,4040,1,2,1006,4500,2,1003,40,,,,,,,,,,
1575,s==22|Gói Ưu Đãi Hàng Tuần 7,1,9,6480,2,1530,1,2,1006,4500,2,1003,40,,,,,,,,,,
1577,s==22|Mỗi Chu Đặc Huệ Lễ Bao,1,9,60,2,3008,4,2,1001,100,2,1007,2,,,,,,,,,,
1578,s==22|Gói Ưu Đãi Hàng Tuần 1,1,9,300,2,1515,1,2,1006,220,2,1003,5,,,,,,,,,,
1579,s==22|Gói Ưu Đãi Hàng Tuần 2,1,9,680,2,1527,1,2,1006,550,2,1003,8,,,,,,,,,,
1580,s==22|Gói Ưu Đãi Hàng Tuần 3,1,9,1280,2,1515,4,2,1006,1100,2,1003,15,,,,,,,,,,
1581,s==22|Gói Ưu Đãi Hàng Tuần 4,1,9,3280,2,1527,5,2,1006,2200,2,1003,22,,,,,,,,,,
1582,s==22|Gói Ưu Đãi Hàng Tuần 5,1,9,3280,2,3014,50,2,1006,2200,1,8,8000000,,,,,,,,,,
1583,s==22|Gói Ưu Đãi Hàng Tuần 6,1,9,6480,2,4040,1,2,1006,4500,2,1003,40,,,,,,,,,,
1584,s==22|Gói Ưu Đãi Hàng Tuần 7,1,9,6480,2,1530,1,2,1006,4500,2,1003,40,,,,,,,,,,
1585,s==22|Mỗi Chu Đặc Huệ Lễ Bao,1,9,30,2,3008,2,2,1001,50,2,1007,2,,,,,,,,,,
1586,s==22|Gói Ưu Đãi Hàng Tuần 1,1,9,300,2,1516,1,2,1006,220,2,1003,5,,,,,,,,,,
1587,s==22|Gói Ưu Đãi Hàng Tuần 2,1,9,680,2,1527,1,2,1006,550,2,1003,8,,,,,,,,,,
1588,s==22|Gói Ưu Đãi Hàng Tuần 3,1,9,1280,2,1516,4,2,1006,1100,2,1003,15,,,,,,,,,,
1589,s==22|Gói Ưu Đãi Hàng Tuần 4,1,9,1980,2,1045,10,2,1046,50,2,1003,20,,,,,,,,,,
1590,s==22|Gói Ưu Đãi Hàng Tuần 5,1,9,1980,2,1080,40,2,1006,1500,2,1003,20,,,,,,,,,,
1591,s==22|Gói Ưu Đãi Hàng Tuần 6,1,9,3280,2,1527,5,2,1006,2200,2,1003,22,,,,,,,,,,
1592,s==22|Gói Ưu Đãi Hàng Tuần 7,1,9,3280,2,3014,50,2,1006,2200,1,8,8000000,,,,,,,,,,
1593,s==22|Gói Ưu Đãi Hàng Tuần 8,1,9,6480,2,4040,1,2,1006,4500,2,1003,40,,,,,,,,,,
1594,s==22|Gói Ưu Đãi Hàng Tuần 9,1,9,6480,2,1530,1,2,1006,4500,2,1003,40,,,,,,,,,,
1595,s==23|Gói Ưu Đãi Hàng Tuần 10,1,9,6480,2,1076,6,2,1073,6,2,1086,300,,,,,,,,,,
1596,s==23|Gói Ưu Đãi Hàng Tuần 11,1,9,1980,2,1080,10,2,1006,1500,2,1003,20,,,,,,,,,,
1598,s==22|Mỗi Chu Đặc Huệ Lễ Bao,1,9,1980,2,1105,20,2,1006,1500,2,1003,20,,,,,,,,,,
1599,s==22|Gói Ưu Đãi Hàng Tuần 1,,,,,,,,,,,,,,,,,,,,,,
1600,s==22|Gói Ưu Đãi Hàng Tuần 2,,,,,,,,,,,,,,,,,,,,,,
1601,s==22|Gói Ưu Đãi Hàng Tuần 3,,,,,,,,,,,,,,,,,,,,,,
1602,s==22|Gói Ưu Đãi Hàng Tuần 4,,,,,,,,,,,,,,,,,,,,,,
1603,s==22|Gói Ưu Đãi Hàng Tuần 5,,,,,,,,,,,,,,,,,,,,,,
1604,s==22|Gói Ưu Đãi Hàng Tuần 6,,,,,,,,,,,,,,,,,,,,,,
1605,s==22|Gói Ưu Đãi Hàng Tuần 7,,,,,,,,,,,,,,,,,,,,,,
1606,s==22|Gói Ưu Đãi Hàng Tuần 8,,,,,,,,,,,,,,,,,,,,,,
1607,s==22|Gói Ưu Đãi Hàng Tuần 9,,,,,,,,,,,,,,,,,,,,,,
1608,s==22|Gói Ưu Đãi Hàng Tuần 0,1,9,50,2,1003,1,2,3008,5,2,1001,50,,,,,,,,,,
1609,s==23|Gói Ưu Đãi Hàng Tháng 1,1,9,300,2,1526,1,2,1003,5,2,1007,5,,,,,,,,,,
1610,s==23|Gói Ưu Đãi Hàng Tháng 2,1,9,680,2,1004,3,2,1001,1500,1,10,2000000,,,,,,,,,,
1611,s==23|Gói Ưu Đãi Hàng Tháng 3,1,9,1280,2,1003,30,2,1001,1500,1,8,1000000,,,,,,,,,,
1612,s==23|Gói Ưu Đãi Hàng Tháng 4,1,9,3280,2,1003,60,2,1001,3000,1,8,2000000,,,,,,,,,,
1613,s==23|Gói Ưu Đãi Hàng Tháng 5,1,9,3280,2,1004,20,2,1006,2000,1,8,4000000,,,,,,,,,,
1614,s==23|Gói Ưu Đãi Hàng Tháng 6,1,9,6480,2,1004,40,2,3012,50,2,1001,3000,,,,,,,,,,
1615,s==23|Gói Ưu Đãi Hàng Tháng 7,1,9,6480,2,1004,40,2,3013,50,2,1001,3000,,,,,,,,,,
1616,s==23|Gói Ưu Đãi Hàng Tháng 0,1,9,50,2,1003,1,2,3008,5,2,1001,50,,,,,,,,,,
1617,s==23|Gói Ưu Đãi Hàng Tháng 1,1,9,300,2,1003,5,2,1001,500,2,1006,500,,,,,,,,,,
1618,s==23|Gói Ưu Đãi Hàng Tháng 2,1,9,680,2,1003,8,2,1001,1500,2,1006,1000,,,,,,,,,,
1619,s==23|Gói Ưu Đãi Hàng Tháng 3,1,9,1280,2,1468,1,2,1004,2,2,1006,2000,,,,,,,,,,
1620,s==23|Gói Ưu Đãi Hàng Tháng 4,1,9,1280,2,1003,30,2,1006,500,1,8,1000000,,,,,,,,,,
1621,s==23|Gói Ưu Đãi Hàng Tháng 5,1,9,3280,2,1004,5,2,1001,7000,2,1006,3000,,,,,,,,,,
1622,s==23|Gói Ưu Đãi Hàng Tháng 6,1,9,6480,2,1004,11,2,1003,40,2,1492,1,,,,,,,,,,
1623,s==23|Gói Ưu Đãi Hàng Tháng 7,1,9,6480,2,1475,4,2,1009,40,2,1011,200,,,,,,,,,,
1624,s==21|Gói Ưu Đãi Hàng Tháng,1,9,50,2,1003,1,2,3008,5,2,1001,50,,,,,,,,,,
1625,s==23|Gói Ưu Đãi Hàng Tháng 1,1,9,300,2,1003,5,2,1001,500,2,1006,500,,,,,,,,,,
1626,s==23|Gói Ưu Đãi Hàng Tháng 2,1,9,680,2,1003,8,2,1001,1500,2,1006,1000,,,,,,,,,,
1627,s==23|Gói Ưu Đãi Hàng Tháng 3,1,9,1280,2,1468,1,2,1004,2,2,1006,2000,,,,,,,,,,
1628,s==23|Gói Ưu Đãi Hàng Tháng 4,1,9,3280,2,1004,20,2,1006,2000,1,8,4000000,,,,,,,,,,
1629,s==23|Gói Ưu Đãi Hàng Tháng 5,1,9,3280,2,1004,5,2,1001,7000,2,1006,3000,,,,,,,,,,
1630,s==23|Gói Ưu Đãi Hàng Tháng 6,1,9,6480,2,1004,40,2,1492,1,2,1001,3000,,,,,,,,,,
1631,s==23|Gói Ưu Đãi Hàng Tháng 7,1,9,6480,2,1475,4,2,1009,40,2,1011,200,,,,,,,,,,
1632,s==23|Gói Ưu Đãi Hàng Tháng 3,,,,,,,,,,,,,,,,,,,,,,
1633,s==23|Gói Ưu Đãi Hàng Tháng 4,,,,,,,,,,,,,,,,,,,,,,
1634,s==23|Gói Ưu Đãi Hàng Tháng 5,,,,,,,,,,,,,,,,,,,,,,
1635,s==23|Gói Ưu Đãi Hàng Tháng 6,,,,,,,,,,,,,,,,,,,,,,
1636,s==31|Gói Quà Ưu Đãi Hàng Tuần (2260),1,9,1980,2,1080,40,2,1006,1500,2,1003,20,,,,,,,,,,
1637,s==33|Lễ Quà Tinh Tế Tài Năng Hàng Tuần,1,9,680,2,1012,100,2,1006,550,2,1003,8,,,,,,,,,,
1638,s==33|Lễ Quà Hào Hoa Tài Năng Hàng Tuần,1,9,1280,2,1012,300,2,1006,1100,2,1003,15,,,,,,,,,,
1639,s==21|Gói Vật Liệu Tướng Ấn,1,9,6480,2,1006,2000,2,1006,2000,2,1006,2000,,,,,,,,,,
1647,s==26|Gói Quà Tình Yêu Bạch Ngân,2,1006,500,2,1005,10,,,,,,,,,,,,,,,,
1648,s==25|Gói Quà Tình Yêu Bạch Kim,2,1003,3,2,1007,10,2,1006,600,,,,,,,,,,,,,
1649,s==26|Gói Quà Tình Yêu Kim Cương,1,9,388,2,1004,1,2,1001,200,,,,,,,,,,,,,
1650,s==25|Gói Quà Kỷ Niệm Thành Lập,2,1004,1,2,1003,2,2,1027,20,,,,,,,,,,,,,
1651,s==24|Gói Quà Độc Quyền Tiểu 7,1,10,200000,1,8,2000000,2,1003,3,2,1001,500,,,,,,,,,,
1700,s==16|Gói quà toàn dân,1,9,120,2,1003,1,2,1027,20,2,1006,80,,,,,,,,,,
1701,s==14|Gói quý phẩm 1,2,1400,1,1,9,240,2,1003,2,2,1027,30,2,1006,250,,,,,,,
1702,s==14|Gói quý phẩm 2,2,1400,3,1,9,600,2,1003,3,2,1027,50,2,1006,500,,,,,,,
1703,s==14|Gói quý phẩm 3,2,1400,6,1,9,1360,2,1003,6,2,1027,100,2,1006,1200,,,,,,,
1704,s==18|Gói Quà Toàn Dân_2,1,9,120,2,1003,1,2,1077,20,2,1006,80,,,,,,,,,,
1705,s==19|Gói Quà Quý Tộc 1_2,2,1400,1,1,9,240,2,1003,2,2,1077,30,2,1006,250,,,,,,,
1706,s==19|Gói Quà Quý Tộc 2_2,2,1400,3,1,9,600,2,1003,3,2,1077,50,2,1006,500,,,,,,,
1707,s==19|Gói Quà Quý Tộc 3_2,2,1400,6,1,9,1360,2,1003,6,2,1077,100,2,1006,1200,,,,,,,
1708,s==27|Lễ Bao Thần Long Nuôi Dưỡng,1,9,300,2,1028,100,2,1089,50,,,,,,,,,,,,,
1709,s==25|Gói Vương Giả Thông Thiên,1,9,6480,2,19527,1,2,1004,10,2,1006,4000,1,49,1,,,,,,,
1710,s==23|Gói Vương Giả Thử Luyện,1,9,6480,2,19528,1,2,1056,300,2,1006,4000,1,50,1,,,,,,,
1711,s==21|Gói Phúc Lợi Toàn Dân,2,1001,20,,,,,,,,,,,,,,,,,,,
1712,s==16|Gói VIP1 Nửa Giá,2,1001,300,,,,,,,,,,,,,,,,,,,
1713,s==20|Gói Toàn Dân Nửa Giá,2,22402,30,,,,,,,,,,,,,,,,,,,
1714,s==21|Gói Phúc Lợi Toàn Dân,2,1001,100,,,,,,,,,,,,,,,,,,,
1715,s==20|Gói Quà Giá Trị Vip1,2,1006,1000,,,,,,,,,,,,,,,,,,,
1716,s==20|Gói Toàn Dân Nửa Giá,2,1006,300,,,,,,,,,,,,,,,,,,,
1717,s==21|Gói Phúc Lợi Toàn Dân,2,1005,5,,,,,,,,,,,,,,,,,,,
1718,s==20|Gói quà VIP2 nửa giá,2,3008,50,,,,,,,,,,,,,,,,,,,
1719,s==20|Gói Toàn Dân Nửa Giá,2,1003,4,,,,,,,,,,,,,,,,,,,
1720,s==21|Gói Phúc Lợi Toàn Dân,2,1005,5,,,,,,,,,,,,,,,,,,,
1721,s==20|Gói quà VIP2 nửa giá,2,3009,50,,,,,,,,,,,,,,,,,,,
1722,s==20|Gói Toàn Dân Nửa Giá,2,1003,4,,,,,,,,,,,,,,,,,,,
1723,s==21|Gói Phúc Lợi Toàn Dân,2,1001,50,,,,,,,,,,,,,,,,,,,
1724,s==20|Gói quà VIP3 nửa giá,2,1028,40,,,,,,,,,,,,,,,,,,,
1725,s==20|Gói Toàn Dân Nửa Giá,2,3002,30,,,,,,,,,,,,,,,,,,,
1726,s==21|Gói Phúc Lợi Toàn Dân,1,17,250,,,,,,,,,,,,,,,,,,,
1727,s==20|Gói quà VIP3 nửa giá,2,1027,400,,,,,,,,,,,,,,,,,,,
1728,s==20|Gói Toàn Dân Nửa Giá,1,17,2500,,,,,,,,,,,,,,,,,,,
1729,s==21|Gói Phúc Lợi Toàn Dân,2,1001,100,,,,,,,,,,,,,,,,,,,
1730,s==20|Gói quà VIP4 nửa giá,2,1003,10,,,,,,,,,,,,,,,,,,,
1731,s==20|Gói Toàn Dân Nửa Giá,2,1019,20,,,,,,,,,,,,,,,,,,,
1732,s==21|Gói Phúc Lợi Toàn Dân,2,1019,3,,,,,,,,,,,,,,,,,,,
1733,s==20|Gói quà VIP4 nửa giá,2,1003,10,,,,,,,,,,,,,,,,,,,
1734,s==20|Gói Toàn Dân Nửa Giá,2,1019,20,,,,,,,,,,,,,,,,,,,
1735,s==21|Gói Phúc Lợi Toàn Dân,2,1019,3,,,,,,,,,,,,,,,,,,,
1736,s==21|Gói Phúc Lợi Toàn Dân,2,1007,1,,,,,,,,,,,,,,,,,,,
1737,s==20|Gói quà VIP4 nửa giá,2,4030,1,,,,,,,,,,,,,,,,,,,
1738,s==20|Gói Toàn Dân Nửa Giá,2,1027,300,,,,,,,,,,,,,,,,,,,
1739,s==21|Gói Phúc Lợi Toàn Dân,2,1007,2,,,,,,,,,,,,,,,,,,,
1740,s==20|Gói quà VIP4 nửa giá,2,3011,50,,,,,,,,,,,,,,,,,,,
1741,s==20|Gói Toàn Dân Nửa Giá,2,1027,150,,,,,,,,,,,,,,,,,,,
1742,s==21|Gói Phúc Lợi Toàn Dân,1,8,50000,,,,,,,,,,,,,,,,,,,
1743,s==20|Gói quà VIP5 nửa giá,2,1014,5,,,,,,,,,,,,,,,,,,,
1744,s==20|Gói Toàn Dân Nửa Giá,2,1007,40,,,,,,,,,,,,,,,,,,,
1745,s==21|Gói Phúc Lợi Toàn Dân,2,1006,100,,,,,,,,,,,,,,,,,,,
1746,s==21|Gói Phúc Lợi Toàn Dân,2,1003,1,,,,,,,,,,,,,,,,,,,
1747,s==20|Gói quà VIP5 nửa giá,2,25504,50,,,,,,,,,,,,,,,,,,,
1748,s==20|Gói Toàn Dân Nửa Giá,2,1004,4,,,,,,,,,,,,,,,,,,,
1749,s==21|Gói Phúc Lợi Toàn Dân,2,1003,1,,,,,,,,,,,,,,,,,,,
1750,s==20|Gói quà VIP6 nửa giá,2,25504,50,,,,,,,,,,,,,,,,,,,
1751,s==22|Gói quà Vương Hầu Kỳ 2,1,9,1980,2,30004,1,2,19520,1,2,1006,1980,2,1014,5,1,38,10000,1,51,1,
1752,s==22|Gói quà Vương Hầu Kỳ 3,1,9,1980,2,30005,1,2,19521,1,2,1006,1980,2,1014,5,1,38,10000,1,51,1,
1753,s==22|Gói quà Vương Hầu Kỳ 4,1,9,1980,2,30009,1,2,19522,1,2,1006,1980,2,1014,5,1,38,10000,1,51,1,
1754,s==22|Gói quà Vương Hầu Kỳ 5,1,9,1980,2,30011,1,2,19523,1,2,1006,1980,2,1014,5,1,38,10000,1,51,1,
1755,s==22|Gói quà Vương Hầu Kỳ 6,1,9,1980,2,30014,1,2,19524,1,2,1006,1980,2,1014,5,1,38,10000,1,51,1,
1756,s==20|Gói Toàn Dân Nửa Giá,2,1003,5,,,,,,,,,,,,,,,,,,,
1757,s==25|Lễ Bao Nguyên Liệu Kỳ Thư,1,9,6480,2,1089,40,2,1086,500,2,1076,6,,,,,,,,,,
1758,s==23|Lễ Bao Hộ Chú Thủy Kính,1,9,3280,2,1012,200,2,1006,4000,,,,,,,,,,,,,
1762,s==42|Gói Quà Khóa Tướng Tinh (Ưu Đãi Hàng Tuần),1,9,6480,2,1105,66,2,1006,4500,2,1003,40,,,,,,,,,,
1763,s==48|Lễ Bao Đá Ấn Tướng Sang Trọng (Ưu Đãi Hàng Tuần),1,9,1980,2,1010,300,2,1006,1500,1,8,5000000,,,,,,,,,,
1764,s==45|Lễ Vật Tối Thượng Tướng Ấn (Ưu Đãi Hàng Tuần),1,9,6480,2,1006,30000,2,1105,12,2,1003,40,,,,,,,,,,
1765,s==26|Gói Quà Mua Nhanh Một Chạm,1,9,980,2,1006,3000,1,8,5000000,,,,,,,,,,,,,
1903,s==38|Hoàng Cân Chi Loạn · Bảo Tích Chiến Kỳ,1,9,3280,2,6005,1,2,1050,30,2,1049,100,1,59,20000,,,,,,,
1904,s==37|Chư Hầu Thảo Đổng · Bảo Tích Chiến Kỳ,1,9,3280,2,6006,1,2,1050,30,2,1049,100,1,59,20000,,,,,,,
1905,s==37|Viên Tào Tranh Bá · Bảo Tích Chiến Kỳ,1,9,3280,2,6007,1,2,1050,30,2,1049,100,1,59,20000,,,,,,,
1906,s==38|Tranh Bá Chi Chiến · Bảo Tích Chiến Kỳ,1,9,3280,2,6008,1,2,1050,30,2,1049,100,1,59,20000,,,,,,,
1907,s==37|Tam Phân Thiên Hạ · Bảo Tích Chiến Kỳ,1,9,3280,2,6009,1,2,1050,30,2,1049,100,1,59,20000,,,,,,,
1908,s==39|Thiên Hạ Thống Nhất · Bảo Tích Chiến Kỳ,1,9,3280,2,6010,1,2,1050,30,2,1049,100,1,59,20000,,,,,,,
1909,s==24|Gói Quà Đặc Quyền Kỳ Mưu,1,40,1,1,9,300,2,1076,4,2,1073,4,,,,,,,,,,
1910,s==21|Tu La Trang Bị Lễ Bao,2,2511,1,2,2512,1,2,2513,1,2,2514,1,,,,,,,,,,
1911,s==28|Lễ Bao Hoạt Động Đồng Ngạc 1,1,9,300,2,1101,10,2,1006,500,,,,,,,,,,,,,
1912,s==28|Lễ Bao Hoạt Động Đồng Ngạc 2,1,9,980,2,1101,30,1,8,68880000,,,,,,,,,,,,,
1913,s==28|Lễ Bao Hoạt Động Đồng Ngạc 3,1,9,1280,2,1101,40,2,1082,40,2,1006,2000,,,,,,,,,,
1914,s==28|Lễ Bao Hoạt Động Đồng Ngạc 4,1,9,1280,2,1101,40,2,1081,10,2,1006,3000,,,,,,,,,,
1915,s==28|Lễ Bao Hoạt Động Đồng Ngạc 5,1,9,680,2,1101,20,2,1006,1500,,,,,,,,,,,,,
1916,s==24|Lễ Bao Đặc Quyền Tào Vận,1,41,1,1,9,300,2,1003,6,2,1079,4,,,,,,,,,,
1917,s==19|Gói Quà Tướng Hổ Uy,1,9,6480,2,19526,1,2,1004,10,2,1006,4000,,,,,,,,,,
1918,s==20|Lễ Phát Triển Kỳ Mưu,1,9,1280,2,1086,150,2,1089,10,1,8,3000000,,,,,,,,,,
1919,s==20|Lễ Phát Triển Kỳ Mưu,1,9,3280,2,1086,384,2,1089,20,1,8,10000000,,,,,,,,,,
1920,s==20|Lễ Phát Triển Kỳ Mưu,1,9,6480,2,1086,768,2,1089,40,1,8,20000000,,,,,,,,,,
1921,s==23|Lễ Phát Triển Phó Tướng,1,9,680,2,2097,1,2,1017,60,2,1018,12,,,,,,,,,,
1922,s==23|Lễ Phát Triển Phó Tướng,1,9,1980,2,2097,2,2,1017,180,2,1018,36,,,,,,,,,,
1923,s==23|Lễ Phát Triển Phó Tướng,1,9,6480,2,2097,8,2,1017,600,2,1018,124,,,,,,,,,,
1924,s==33|Lễ Phát Triển Phụ Kiện Tối Thượng,1,9,680,2,1474,3,2,1008,50,2,1010,60,,,,,,,,,,
1925,s==33|Lễ Phát Triển Phụ Kiện Tối Thượng,1,9,1980,2,1475,3,2,1008,150,2,1010,180,,,,,,,,,,
1926,s==33|Lễ Phát Triển Phụ Kiện Tối Thượng,1,9,6480,2,1475,8,2,1008,512,2,1010,600,,,,,,,,,,
1927,s==32|Lễ Quà Hảo Hán Mỹ Nhân Tuyệt Bản,1,9,680,2,1078,6800,2,1080,40,1,8,1500000,,,,,,,,,,
1928,s==35|Lễ Quà Mỹ Nhân Tuyệt Bản Tối Thượng,1,9,1980,2,1081,45,2,1082,75,1,8,5000000,,,,,,,,,,
1929,s==32|Lễ Quà Hảo Hán Mỹ Nhân Tuyệt Bản,1,9,1980,2,1078,19200,2,1080,120,1,8,5000000,,,,,,,,,,
1930,s==35|Lễ Quà Mỹ Nhân Tuyệt Bản Tối Thượng,1,9,6480,2,1081,150,2,1082,200,1,8,10000000,,,,,,,,,,
1931,s==28|Lễ Bao Tuyệt Bản Trận Pháp 1,,,,,,,,,,,,,,,,,,,,,,
1932,s==28|Lễ Bao Tuyệt Bản Trận Pháp 2,,,,,,,,,,,,,,,,,,,,,,
1933,s==28|Lễ Bao Tuyệt Bản Trận Pháp 3,,,,,,,,,,,,,,,,,,,,,,
1934,s==28|Lễ Bao Tuyệt Bản Trận Pháp 4,,,,,,,,,,,,,,,,,,,,,,
1935,s==35|Lễ Quà Hào Hùng Chiến Hồn Tuyệt Bản,1,9,680,2,1045,10,2,1046,50,1,8,1500000,,,,,,,,,,
1936,s==37|Lễ Quà Chiến Hồn Tuyệt Bản Tối Thượng,1,9,1980,2,1045,20,2,1046,200,1,8,5000000,,,,,,,,,,
1937,s==32|Lễ Quà Bảo Vật Tuyệt Bản Hào Hoa,1,9,680,2,1043,300,2,1044,6,1,8,1500000,,,,,,,,,,
1938,s==35|Lễ Quà Bảo Vật Tuyệt Bản Tối Thượng,1,9,3280,2,1043,1500,2,1044,30,1,8,10000000,,,,,,,,,,
1939,s==33|Lễ Quà Chú Linh Tuyệt Bản Hào Hoa,1,9,1980,2,1055,720,2,1056,180,1,8,3000000,,,,,,,,,,
1940,s==36|Lễ Quà Chú Linh Tuyệt Bản Tối Thượng,1,9,6480,2,1055,2300,2,1056,575,1,8,10000000,,,,,,,,,,
1941,s==25|Lễ Quà Chiến Kỳ Tuyệt Bản,1,9,1280,2,1917,1,2,1049,150,2,1051,15,,,,,,,,,,
1942,s==22|Lễ Quà Đính Đá Hào Hoa,1,9,680,2,1103,100,2,1104,30,1,8,1500000,,,,,,,,,,
1943,s==25|Lễ Quà Đính Đá Tối Thượng,1,9,3280,2,1103,300,2,1104,90,1,8,10000000,,,,,,,,,,
1944,s==29|Lễ Quà Ấn Tướng Tím Tuyệt Bản,1,9,300,2,4030,1,2,1006,1200,1,8,1500000,,,,,,,,,,
1945,s==29|Lễ Quà Ấn Tướng Cam Tuyệt Bản,1,9,1280,2,4040,1,2,1006,4500,1,8,3000000,,,,,,,,,,
1946,s==28|Lễ Quà Ấn Tướng Đỏ Tuyệt Bản,1,9,6480,2,4050,1,2,1006,22500,2,1004,11,,,,,,,,,,
1947,s==29|Lễ Quà Ấn Tướng Tím Tuyệt Bản,1,9,300,2,4030,1,2,1006,1200,1,8,750000,,,,,,,,,,
1948,s==29|Lễ Quà Ấn Tướng Cam Tuyệt Bản,1,9,1280,2,4040,1,2,1006,4500,1,8,3000000,,,,,,,,,,
1949,s==28|Lễ Quà Ấn Tướng Đỏ Tuyệt Bản,1,9,6480,2,4050,1,2,1006,22500,2,1004,11,,,,,,,,,,
1950,s==36|Lễ Quà Cường Hóa Thần Binh Tuyệt Bản,1,9,680,2,1027,350,2,1028,60,2,1031,6,,,,,,,,,,
1951,s==37|Lễ Quà Cường Hóa Thần Binh Tối Thượng,1,9,1980,2,1029,225,2,1030,75,1,8,5000000,,,,,,,,,,
1952,s==36|Lễ Quà Tinh Luyện Ấn Tướng Tuyệt Bản,1,9,1980,2,1020,150,2,1021,75,1,8,3000000,,,,,,,,,,
1953,s==47|Lễ Quà Tinh Luyện Ấn Tướng Tuyệt Bản Tối Thượng,1,9,6480,2,1020,480,2,1021,240,1,8,10000000,,,,,,,,,,
1954,s==39|Lễ Vật Hào Hoa Tuyệt Bản Thần Tướng Lục,1,9,680,2,1033,100,2,1032,25,1,8,1500000,,,,,,,,,,
1955,s==42|Lễ Vật Tối Thượng Tuyệt Bản Thần Tướng Lục,1,9,1980,2,1033,300,2,1032,75,1,8,3000000,,,,,,,,,,
1956,s==35|Lễ Quà Trọng Chú Ấn Tướng Tuyệt Bản,1,9,1980,2,1105,20,2,1006,3000,1,8,3000000,,,,,,,,,,
1962,s==36|Gói Quà Yến Tiệc Bát Phương 6 Nguyên,1,9,60,2,1001,500,2,1003,1,,,,,,,,,,,,,
1963,s==37|Gói Quà Yến Tiệc Bát Phương 12 Nguyên,1,9,120,2,1004,1,2,1003,2,,,,,,,,,,,,,
1964,s==37|Gói Quà Yến Tiệc Bát Phương 30 Nguyên,1,9,300,2,1006,1500,2,1003,5,,,,,,,,,,,,,
1965,s==14|Mức Độ Vô Hiệu,1,9,4480,2,1113,100,2,1004,15,,,,,,,,,,,,,
1967,s==14|Lễ Bao Tân Thủ,1,8,88888,2,1003,3,2,1001,200,,,,,,,,,,,,,
1968,s==19|Lễ Bao Trưởng Thành,1,8,188888,2,1003,5,2,1006,300,,,,,,,,,,,,,
1969,s==14|Lễ Bao Cao Cấp,1,8,288888,2,1003,5,2,1006,500,,,,,,,,,,,,,
1970,s==22|Lễ Bao Quan Tâm WeChat,1,8,288888,2,1007,12,2,1001,600,,,,,,,,,,,,,
1971,s==21|Lễ Bao VIP Tối Thượng,1,8,188888,2,1003,3,2,1007,10,,,,,,,,,,,,,
1972,s==21|Lễ Bao VIP Vinh Quang,1,8,188888,2,1003,3,2,1014,1,,,,,,,,,,,,,
1973,s==19|Lễ Bao VIP Thần Hào,1,8,188888,2,1003,3,2,3008,25,,,,,,,,,,,,,
1974,s==36|Ưu Đãi Hàng Tuần (Tự Chọn Bảo Thạch),1,9,6480,2,1761,3,2,1036,200,2,1037,40,,,,,,,,,,
1975,s==30|Gói Quà Hoạt Động Thần·Quan Vũ,1,9,120,2,1159,4,2,1003,1,2,1006,200,,,,,,,,,,
1976,s==30|Gói Quà Hoạt Động Thần·Quan Vũ,1,9,300,2,1159,10,2,1003,5,2,1006,500,,,,,,,,,,
1977,s==30|Gói Quà Hoạt Động Thần·Quan Vũ,1,9,680,2,1159,20,2,1003,10,2,1006,1000,,,,,,,,,,
1978,s==30|Gói Quà Hoạt Động Thần·Quan Vũ,1,9,1280,2,1159,40,2,1516,2,2,1105,20,,,,,,,,,,
1979,s==30|Gói Quà Hoạt Động Thần·Quan Vũ,1,9,1980,2,1159,60,2,1516,2,2,1054,10,,,,,,,,,,
1980,s==29|Thương Thành Trang Phục Lữ Bố,1,9,60,2,1120,3,2,2008,2,,,,,,,,,,,,,
1981,s==29|Thương Thành Trang Phục Lữ Bố,1,9,300,2,1120,5,2,2009,7,,,,,,,,,,,,,
1982,s==29|Thương Thành Trang Phục Lữ Bố,1,9,680,2,1120,11,2,1004,5,,,,,,,,,,,,,
1983,s==29|Thương Thành Trang Phục Lữ Bố,1,9,1280,2,1120,30,2,1004,10,,,,,,,,,,,,,
1984,s==29|Thương Thành Trang Phục Lữ Bố,1,9,3280,2,1120,55,2,1516,4,2,1006,2500,,,,,,,,,,
1985,s==29|Thương Thành Trang Phục Lữ Bố,1,9,3280,2,1120,55,2,1527,4,2,1006,2500,,,,,,,,,,
1986,s==30|Thương Thành Trang Phục Dự Trữ,1,9,60,2,1120,3,2,1006,200,,,,,,,,,,,,,
1987,s==30|Thương Thành Trang Phục Dự Trữ,1,9,300,2,1120,5,2,1003,5,,,,,,,,,,,,,
1988,s==30|Thương Thành Trang Phục Dự Trữ,1,9,680,2,1120,11,2,1003,10,,,,,,,,,,,,,
1989,s==30|Thương Thành Trang Phục Dự Trữ,1,9,1280,2,1120,30,2,1004,2,,,,,,,,,,,,,
1990,s==11|Chợ Xuân Du,1,9,60,2,1137,2,2,1003,3,2,1001,600,,,,,,,,,,
1991,s==11|Chợ Xuân Du,1,9,120,2,1137,5,2,1027,100,1,8,1500000,,,,,,,,,,
1992,s==11|Chợ Xuân Du,1,9,300,2,1137,10,2,1006,3000,1,8,3000000,,,,,,,,,,
1993,s==11|Chợ Xuân Du,1,9,680,2,1137,20,2,1053,30,2,1004,1,,,,,,,,,,
1994,s==11|Chợ Xuân Du,1,9,980,2,1137,30,2,1006,5000,2,1105,16,,,,,,,,,,
1995,s==11|Chợ Xuân Du,1,9,1280,2,1137,50,2,1006,1000,1,8,68888888,,,,,,,,,,
1999,s==22|Hoạt Động Thần Binh 30,1,9,300,2,1158,4,2,1006,1000,2,1003,10,,,,,,,,,,
2000,s==22|Hoạt Động Thần Binh 68,1,9,680,2,1158,10,2,1008,450,2,1006,1200,,,,,,,,,,
2001,s==22|Hoạt Động Thần Binh 98,1,9,980,2,1158,20,2,1004,3,2,1006,1500,,,,,,,,,,
2002,s==23|Hoạt Động Thần Binh 198,1,9,1980,2,1158,30,2,1054,10,2,1006,1500,,,,,,,,,,
2003,s==23|Hoạt Động Thần Binh 198,1,9,1980,2,1158,36,2,1527,3,2,1004,4,,,,,,,,,,
2007,s==26|Quốc Chiến Tích Phẩm Lễ Hộ,1,59,500,,,,,,,,,,,,,,,,,,,
2010,s==24|Gói Quà Vô Song Giang Hồ,1,9,88,2,1003,1,1,8,88888,,,,,,,,,,,,,
2011,s==28|Gói Quà Siêu Quần Tuyệt Luân,1,9,88,2,1007,5,1,8,88888,,,,,,,,,,,,,
2012,s==23|Gói Quà Sát Thủ Vô Địch,1,9,88,2,1005,5,1,8,88888,,,,,,,,,,,,,
2013,s==24|Gói Quà Tàn Phá Thiên Hạ,1,9,88,2,1003,1,1,8,88888,,,,,,,,,,,,,
2014,s==26|Gói Quà Chiến Vô Bất Thắng,1,9,88,2,1007,5,1,8,88888,,,,,,,,,,,,,
2015,s==27|Gói Quà Nhân Trung Chi Long,1,9,88,2,1005,5,1,8,88888,,,,,,,,,,,,,
2016,s==49|328_Mỗi Tuần Đại Tiệc Lựa Chọn Hiếm Có  Cường Bản,1,9,3280,2,1516,11,2,1006,3000,2,1003,22,,,,,,,,,,
2017,s==50|648_Mỗi Tuần Đại Tiệc Lựa Chọn Trân Quý  Cường Bản,1,9,6480,2,1527,10,2,1006,4500,2,1003,45,,,,,,,,,,
2018,s==40|198_Mỗi Tuần Đại Tiệc Linh Hồn Thần Binh,1,9,1980,2,1090,1800,2,1006,1500,2,1003,20,,,,,,,,,,
2019,s==34|Yến Tiệc Bát Phương 68 KNB Gói Quà,1,9,680,2,1516,3,2,1006,550,2,1003,8,,,,,,,,,,
2020,s==34|Yến Tiệc Bát Phương 98 KNB Gói Quà,1,9,980,2,1105,16,2,1006,800,2,1003,13,,,,,,,,,,
2021,s==35|Yến Tiệc Bát Phương 128 KNB Gói Quà,1,9,1280,2,1054,5,2,1004,2,2,1003,15,,,,,,,,,,
2022,s==17|Bảo Tử Thiên Mệnh,2,1030,3,2,1029,6,2,1105,2,,,,,,,,,,,,,
2023,s==17|Hoạt Động Phong 6,1,9,60,2,1140,1,2,2008,4,,,,,,,,,,,,,
2024,s==18|Hoạt Động Phong 30,1,9,300,2,1140,3,2,2009,6,,,,,,,,,,,,,
2025,s==18|Hoạt Động Phong 68,1,9,680,2,1140,6,2,1003,15,,,,,,,,,,,,,
2026,s==19|Hoạt Động Phong 128,1,9,1280,2,1140,12,2,1004,3,,,,,,,,,,,,,
2027,s==19|Hoạt Động Phong 328,1,9,3280,2,1140,30,2,1054,15,2,1006,2500,,,,,,,,,,
2028,s==24|6 KNB Hoạt Động Đoan Ngọ,1,9,60,2,1003,1,2,1006,200,,,,,,,,,,,,,
2029,s==25|30 KNB Hoạt Động Đoan Ngọ,1,9,300,2,1090,400,2,1006,550,,,,,,,,,,,,,
2030,s==25|68 KNB Hoạt Động Đoan Ngọ,1,9,680,2,1516,3,2,1006,1150,,,,,,,,,,,,,
2031,s==26|128 KNB Hoạt Động Đoan Ngọ,1,9,1280,2,1527,3,2,1006,2250,,,,,,,,,,,,,
2032,s==26|328 KNB Hoạt Động Đoan Ngọ,1,9,3280,2,1105,48,2,1006,6000,,,,,,,,,,,,,
2039,s==16|Hướng Dẫn Du Mục,1,9,6480,2,1115,75000,2,1509,4,2,1508,8,2,1155,20,,,,,,,
2041,s==36|Chiến Mã Dưỡng Thành Tuyệt Bản Lễ 68,1,9,680,2,1509,2,2,1115,6500,1,8,1500000,,,,,,,,,,
2042,s==37|Chiến Mã Dưỡng Thành Tuyệt Bản Lễ 328,1,9,1980,2,1509,6,2,1115,20000,1,8,5000000,,,,,,,,,,
2044,s==19|Hoạt Động Phong 328,1,9,3280,2,1140,30,2,1105,50,2,1006,2500,,,,,,,,,,
2045,s==19|Hoạt Động Phong 648,1,9,6480,2,1140,60,2,1105,100,2,1006,5000,,,,,,,,,,
2046,s==18|Bồi Thường Đổi Gói,1,9,2000,1,8,50000000,,,,,,,,,,,,,,,,
2047,s==17|Bảo Rương Anh Hồn,3,26901,1,,,,,,,,,,,,,,,,,,,
2048,s==38|Chiến Mã Dưỡng Thành Tối Thượng Lễ 648,1,9,6480,2,1509,20,2,1115,65500,1,8,15000000,,,,,,,,,,
2049,s==23|Gói Quà Hội Tụ Quần Anh,1,9,188,2,1003,10,1,8,88888,,,,,,,,,,,,,
2050,s==29|Gói Quà Tranh Bá Trung Nguyên,1,9,188,2,1004,2,1,8,88888,,,,,,,,,,,,,
2051,s==26|Gói Quà Tam Quốc Bá Nghiệp,1,9,188,2,22507,50,1,8,88888,,,,,,,,,,,,,
2052,s==27|Gói Quà Hoạt Động Ma Hoa Đà,1,9,120,2,1118,4,2,1003,1,2,1006,200,,,,,,,,,,
2053,s==27|Gói Quà Hoạt Động Ma Hoa Đà,1,9,300,2,1118,10,2,1003,5,2,1006,500,,,,,,,,,,
2054,s==27|Gói Quà Hoạt Động Ma Hoa Đà,1,9,680,2,1118,20,2,1003,10,2,1006,1000,,,,,,,,,,
2055,s==27|Gói Quà Hoạt Động Ma Hoa Đà,1,9,1280,2,1118,40,2,1516,2,2,1105,20,,,,,,,,,,
2056,s==27|Gói Quà Hoạt Động Ma Hoa Đà,1,9,1980,2,1118,60,2,1516,2,2,1054,10,,,,,,,,,,
2057,s==30|Gói Quà Hoạt Động Thần Quan Vũ,1,9,120,2,1141,4,2,1003,1,2,1006,200,,,,,,,,,,
2058,s==30|Gói Quà Hoạt Động Thần Quan Vũ,1,9,300,2,1141,10,2,1003,5,2,1006,500,,,,,,,,,,
2059,s==30|Gói Quà Hoạt Động Thần Quan Vũ,1,9,680,2,1141,20,2,1003,10,2,1006,1000,,,,,,,,,,
2060,s==30|Gói Quà Hoạt Động Thần Quan Vũ,1,9,1280,2,1141,40,2,1516,2,2,1105,20,,,,,,,,,,
2061,s==30|Gói Quà Hoạt Động Thần Quan Vũ,1,9,1980,2,1141,60,2,1516,2,2,1054,10,,,,,,,,,,
2062,s==27|Gói Quà Tuyệt Bản Thăng Sao,1,9,6480,2,4050,1,2,1006,8000,2,1105,20,,,,,,,,,,
2063,s==30|Gói Quà Vương Nguyên Cơ Trở Về,1,9,3280,2,1106,1,2,1081,10,2,1082,20,,,,,,,,,,
2064,s==24|Tào Tiết Quy Hồi Gói Quà,1,9,3280,2,1130,1,2,1081,10,2,1082,20,,,,,,,,,,
2067,s==17|Quân Lâm Thiên Hạ,1,9,88,2,1001,188,2,1003,1,,,,,,,,,,,,,
2068,s==20|Gói Quà Tải Về 5 Vạn,1,9,58,1,8,80000,,,,,,,,,,,,,,,,
2069,s==20|Gói Quà Tải Về 8 Vạn,1,9,88,2,1001,100,,,,,,,,,,,,,,,,
2070,s==21|Gói Quà Tải Về 10 Vạn,1,9,188,2,1005,5,,,,,,,,,,,,,,,,
2071,s==21|Gói Quà Tải Về 18 Vạn,1,9,288,2,1007,3,,,,,,,,,,,,,,,,
2072,s==21|Gói Quà Tải Về 28 Vạn,1,9,888,2,1003,1,,,,,,,,,,,,,,,,
2074,s==28|Túi Phúc Nuôi Dưỡng Võ Tướng,1,10,50000,1,8,100000,2,1001,100,,,,,,,,,,,,,
2075,s==22|Gói Triệu Hồi Võ Tướng,2,1003,2,2,1002,10,,,,,,,,,,,,,,,,
2076,s==29|Túi Phúc Nuôi Dưỡng Thần Binh,1,10,60000,2,1027,50,1,8,120000,,,,,,,,,,,,,
2077,s==17|Gói Quà Đầy Người,2,1003,5,1,8,200000,,,,,,,,,,,,,,,,
2078,s==14|Gói Quà Cấp 30,2,1004,1,2,1001,200,,,,,,,,,,,,,,,,
2079,s==23|Gói Quà Chúc Phúc 1 Vạn,1,8,100000,2,1001,188,,,,,,,,,,,,,,,,
2080,s==18|Gói Lộc Phúc 3 Vạn,1,8,200000,2,1001,288,,,,,,,,,,,,,,,,
2081,s==18|Gói Lộc Phúc 5 Vạn,1,8,300000,2,1001,388,,,,,,,,,,,,,,,,
2082,s==18|Gói Lộc Phúc 8 Vạn,1,8,400000,2,1007,10,,,,,,,,,,,,,,,,
2083,s==19|Gói Lộc Phúc 10 Vạn,1,8,500000,2,1003,3,,,,,,,,,,,,,,,,
2084,s==11|Chợ Xuân Du,1,9,680,2,1137,25,2,1036,38,2,1037,8,,,,,,,,,,
2085,s==11|Chợ Xuân Du,1,9,3280,2,1137,120,2,1036,182,2,1037,38,,,,,,,,,,
2086,s==23|328 Thần Binh Hoạt Động,1,9,3280,2,1158,60,2,1475,2,2,1010,60,,,,,,,,,,
2087,s==23|648 Thần Binh Hoạt Động,1,9,6480,2,1158,118,2,1960,1,2,1010,120,,,,,,,,,,
2089,s==11|Chợ Xuân Du,1,9,1280,2,1761,1,2,1036,50,2,1037,12,,,,,,,,,,
2090,s==11|Chợ Xuân Du,1,9,6480,2,2088,1,2,1036,250,2,1037,60,,,,,,,,,,
2092,s==23|Hoạt Động Thần Binh 198,1,9,1980,2,1158,30,2,1009,30,2,1011,120,,,,,,,,,,
2093,s==22|68_ Hoạt Động Bắn Cung,1,9,680,2,1012,200,2,1006,1200,,,,,,,,,,,,,
2094,s==22|68_ Hoạt Động Bắn Cung,1,9,680,2,1046,75,2,1006,1200,,,,,,,,,,,,,
2095,s==23|198_ Hoạt Động Bắn Cung,1,9,1980,2,1012,600,2,1006,1500,2,1003,20,,,,,,,,,,
2096,s==23|198_ Hoạt Động Bắn Cung,1,9,1980,2,1046,75,2,1045,15,2,1006,1500,,,,,,,,,,
2098,s==20|Gói Quà Xác Thực VIP,2,1003,8,2,1007,8,1,9,1000,,,,,,,,,,,,,
2099,s==21|Gói Quà Sinh Nhật VIP,2,1003,6,1,9,666,,,,,,,,,,,,,,,,
2100,s==27|Gói Bồi Thường Phản Hồi VIP,2,1003,1,1,9,100,,,,,,,,,,,,,,,,
2101,s==36|Gói Quà Xác Thực Doanh Nghiệp WeChat,2,1003,6,2,1007,12,1,9,1500,,,,,,,,,,,,,
2102,s==23|Gói Quà VIP Tháng (v10),2,1003,5,2,1007,6,2,1004,3,,,,,,,,,,,,,
2103,s==23|Gói Quà VIP Tháng (v11),2,1003,6,2,1007,7,2,1004,3,,,,,,,,,,,,,
2104,s==23|Gói Quà VIP Tháng (v12),2,1003,7,2,1007,8,2,1004,3,,,,,,,,,,,,,
2105,s==23|Gói Quà VIP Tháng (v13),2,1003,8,2,1007,10,2,1004,3,,,,,,,,,,,,,
2106,s==23|Gói Quà VIP Tháng (v14),2,2116,2,2,1014,5,2,1006,2000,2,1463,1,,,,,,,,,,
2107,s==23|Gói Quà VIP Tháng (v15),2,2116,3,2,1014,6,2,1006,2500,2,1463,1,,,,,,,,,,
2108,s==23|Gói Quà VIP Tháng (v16),2,2116,3,2,1014,7,2,1006,2500,2,1463,2,,,,,,,,,,
2109,s==23|Gói Quà VIP Tháng (v17),2,2116,3,2,1014,8,2,1006,3000,2,1463,2,,,,,,,,,,
2110,s==23|Gói Quà VIP Tháng (v18),2,2116,4,2,1014,10,2,1006,3000,2,1463,2,,,,,,,,,,
2111,s==32|Gói Quà Miễn Phí Chung Hoạt Động,1,9,10,2,1001,50,2,1007,1,,,,,,,,,,,,,
2112,s==19|Gói Quà Game Thường,1,9,88,2,1007,5,,,,,,,,,,,,,,,,
2113,s==20|Gói Quà Game Cao Cấp,1,9,188,2,1003,3,,,,,,,,,,,,,,,,
2114,s==20|Gói Quà Game Hào Hoa,1,9,688,2,1003,5,2,1004,1,,,,,,,,,,,,,
2117,s==22|6_ Hoạt Động Trung Thu,1,9,60,2,1171,1,2,1003,1,2,1001,200,,,,,,,,,,
2118,s==23|12_ Hoạt Động Trung Thu,1,9,120,2,1171,2,2,1003,1,2,1001,400,,,,,,,,,,
2119,s==20|30_Trung Thu Đại Hội,1,9,300,2,1171,5,2,1003,2,2,1001,1000,,,,,,,,,,
2120,s==23|68_ Hoạt Động Trung Thu,1,9,680,2,1171,10,1,8,90000000,2,1006,1000,,,,,,,,,,
2121,s==23|68_ Hoạt Động Trung Thu,1,9,680,2,1171,10,1,10,30000000,2,1006,1000,,,,,,,,,,
2122,s==24|128_ Hoạt Động Trung Thu,1,9,1280,2,1171,20,2,1468,1,2,1006,2000,,,,,,,,,,
2123,s==17|Thần Binh Tái Lâm,1,9,3280,2,900009,1,2,1090,3000,2,1031,5,,,,,,,,,,
2126,s==24|328_ Hoạt Động Trung Thu,1,9,3280,2,1171,60,2,2128,1,2,1006,6000,,,,,,,,,,
2129,s==30|Lễ Nghi Tối Thượng (98 Nguyên),1,9,980,2,2097,1,2,1017,45,2,1018,10,,,,,,,,,,
2130,s==31|Lễ Nghi Tối Thượng (328 Nguyên),1,9,3280,2,2097,4,2,1017,150,2,1018,30,,,,,,,,,,
2131,s==31|Lễ Nghi Tối Thượng (648 Nguyên),1,9,6480,2,2097,8,2,1017,300,2,1018,60,,,,,,,,,,
2132,s==30|Ưu Đãi Hằng Tháng (648 Nguyên),1,9,6480,2,2097,8,2,1017,200,2,1018,40,,,,,,,,,,
2137,s==17|Gói Quà Đặt Trước,1,9,388,2,1003,3,2,1007,10,,,,,,,,,,,,,
2138,s==41|Gói Quà Thanh Toán Thử Nghiệm Xóa Dữ Liệu,1,9,188,1,8,300000,2,1007,3,,,,,,,,,,,,,
2139,s==21|Gói Quà Tham Gia Nhóm,1,9,188,2,1001,300,2,1003,1,,,,,,,,,,,,,
2136,s==34|Gói Quà Thám Bảo Càn Khôn 0 Nguyên,1,9,10,2,1187,1,1,8,50000,2,1001,50,,,,,,,,,,
2151,s==34|Gói Quà Thám Bảo Càn Khôn 6 Nguyên,1,9,120,2,1187,1,2,1003,5,2,1001,50,,,,,,,,,,
2152,s==35|Gói Quà Thám Bảo Càn Khôn 30 Nguyên,1,9,300,2,1187,5,2,1003,8,2,1001,200,,,,,,,,,,
2153,s==35|Gói Quà Thám Bảo Càn Khôn 68 Nguyên,1,9,680,2,1187,10,2,1004,4,2,1001,300,,,,,,,,,,
2154,s==36|Gói Quà Thám Bảo Càn Khôn 128 Nguyên,1,9,1280,2,1187,20,2,1004,4,2,1006,2000,,,,,,,,,,
2155,s==36|Gói Quà Thám Bảo Càn Khôn 328 Nguyên,1,9,3280,2,1187,50,2,1004,13,2,1006,4000,,,,,,,,,,
2156,s==36|Gói Quà Thám Bảo Càn Khôn 648 Nguyên,1,9,6480,2,1187,120,2,1105,10,2,1006,4000,,,,,,,,,,
2159,s==36|Gói Quà Thám Bảo Càn Khôn 648 Nguyên,1,9,6480,2,1187,100,1,8,2000000,2,1006,4000,,,,,,,,,,
879132,s==34|Gói Quà Thám Bảo Càn Khôn 0 Nguyên,1,9,10,2,1173,1,1,8,50000,2,1001,50,,,,,,,,,,
879133,s==34|Gói Quà Thám Bảo Càn Khôn 6 Nguyên,1,9,120,2,1173,1,2,1003,5,2,1001,50,,,,,,,,,,
879134,s==35|Gói Quà Thám Bảo Càn Khôn 30 Nguyên,1,9,300,2,1173,5,2,1003,8,2,1001,200,,,,,,,,,,
879135,s==35|Gói Quà Thám Bảo Càn Khôn 68 Nguyên,1,9,680,2,1173,10,2,1004,4,2,1001,300,,,,,,,,,,
879136,s==36|Gói Quà Thám Bảo Càn Khôn 128 Nguyên,1,9,1280,2,1173,20,2,1004,4,2,1006,2000,,,,,,,,,,
879137,s==36|Gói Quà Thám Bảo Càn Khôn 328 Nguyên,1,9,3280,2,1173,50,2,1004,13,2,1006,4000,,,,,,,,,,
879138,s==36|Gói Quà Thám Bảo Càn Khôn 648 Nguyên,1,9,6480,2,1173,120,2,1105,10,2,1006,4000,,,,,,,,,,
879139,s==36|Gói Quà Thám Bảo Càn Khôn 648 Nguyên,1,9,6480,2,1173,100,1,8,2000000,2,1006,4000,,,,,,,,,,
2160,s==17|Đông Chinh Lễ Bao,1,9,680,2,1185,10,2,1105,10,2,1006,500,,,,,,,,,,
2161,s==18|Cả Nước Đồng Khánh,1,8,888888,2,1007,10,2,1003,3,2,1004,1,,,,,,,,,,
2163,s==23|0_Trùng Dương Hoạt Động,1,9,10,2,1001,50,2,1007,1,1,8,100000,,,,,,,,,,
2164,s==23|6_Trùng Dương Hoạt Động,1,9,60,2,1186,2,2,1003,2,2,1027,30,,,,,,,,,,
2165,s==24|12_Trùng Dương Hoạt Động,1,9,120,2,1186,5,2,1004,1,2,1001,100,,,,,,,,,,
2166,s==24|68_Trùng Dương Hoạt Động,1,9,680,1,8,30000000,1,8,30000000,1,8,30000000,,,,,,,,,,
2167,s==24|30_Trùng Dương Hoạt Động,1,9,300,1,10,2000000,1,10,3000000,1,10,5000000,,,,,,,,,,
2168,s==24|68_Thần Binh Hoạt Động 2,1,9,680,2,1158,10,2,1090,900,2,1001,1000,,,,,,,,,,
2169,s==25|198_Thần Binh Hoạt Động 2,1,9,1980,2,1158,30,2,1090,2700,2,1006,1500,,,,,,,,,,
2170,s==25|328_Thần Binh Hoạt Động 2,1,9,3280,2,1158,60,2,1029,150,2,1030,45,,,,,,,,,,
2171,s==25|648_Thần Binh Hoạt Động 2,1,9,6480,2,1158,118,2,1029,300,2,1030,90,,,,,,,,,,
2172,s==25|128_Hoạt Động Trùng Dương,1,9,1280,2,1186,50,2,1003,30,2,1006,2000,,,,,,,,,,
2173,s==25|328_Hoạt Động Trùng Dương,1,9,3280,2,1186,120,2,1004,20,2,1006,5000,,,,,,,,,,
2174,s==25|648_Hoạt Động Trùng Dương,1,9,6480,2,1186,240,2,1004,40,2,1006,10000,,,,,,,,,,
2175,s==33|0_Nguyện Khởi Tinh Thần Hoạt Động,1,9,10,2,1197,1,1,8,50000,2,1027,10,,,,,,,,,,
2178,s==34|30_Nguyện Khởi Tinh Thần Hoạt Động,1,9,300,2,1197,3,2,1003,4,2,1027,50,,,,,,,,,,
2179,s==34|68_Nguyện Khởi Tinh Thần Hoạt Động,1,9,680,2,1197,6,2,1003,10,2,1027,100,,,,,,,,,,
2180,s==35|128_Nguyện Khởi Tinh Thần Hoạt Động,1,9,1280,2,1197,10,2,1004,4,2,1006,1000,,,,,,,,,,
2181,s==32|128_Nguyện Khởi Tinh Thần Lễ Bao,1,9,1280,2,1197,10,2,1105,10,2,1006,1000,,,,,,,,,,
2184,s==35|328_Nguyện Khởi Tinh Thần Hoạt Động,1,9,3280,2,1197,30,2,1004,13,2,1006,2000,,,,,,,,,,
2185,s==35|328_Nguyện Khởi Tinh Thần Hoạt Động,1,9,3280,2,1197,30,2,1516,5,2,1006,2000,,,,,,,,,,
2186,s==35|648_Nguyện Khởi Tinh Thần Hoạt Động,1,9,6480,2,1197,60,2,1004,22,2,1006,4000,,,,,,,,,,
2202,s==30|0_Dạo Viên Kinh Mộng Hoạt Động,1,9,10,2,1198,1,1,8,50000,2,1027,10,,,,,,,,,,
2203,s==31|30_Dạo Viên Kinh Mộng Hoạt Động,1,9,300,2,1198,3,2,1003,4,2,1027,50,,,,,,,,,,
2204,s==31|68_Dạo Viên Kinh Mộng Hoạt Động,1,9,680,2,1198,6,2,1003,10,2,1027,100,,,,,,,,,,
2205,s==32|128_Dạo Viên Kinh Mộng Hoạt Động,1,9,1280,2,1198,10,2,1004,4,2,1006,1000,,,,,,,,,,
2206,s==32|328_Dạo Viên Kinh Mộng Hoạt Động,1,9,3280,2,1198,30,2,1004,13,2,1006,2000,,,,,,,,,,
2207,s==32|328_Dạo Viên Kinh Mộng Hoạt Động,1,9,3280,2,1198,30,2,1516,5,2,1006,2000,,,,,,,,,,
3671,s==28|Lễ Giới Hạn Môn Đấu 2000 KNB,1,9,60,2,1003,1,2,1006,200,,,,,,,,,,,,,
3672,s==22|Lễ Giới Hạn Môn Đấu 68,1,9,120,2,1027,100,2,1006,350,,,,,,,,,,,,,
3673,s==23|Lễ Giới Hạn Môn Đấu 128,1,9,300,2,1090,400,2,1006,550,,,,,,,,,,,,,
3674,s==23|Lễ Giới Hạn Môn Đấu 328,1,9,680,2,1516,3,2,1006,1150,,,,,,,,,,,,,
3675,s==23|Lễ Giới Hạn Môn Đấu 648,1,9,980,2,1105,16,2,1006,2000,,,,,,,,,,,,,
3676,s==31|Mua Một Lần Lễ Giới Hạn Môn Đấu,1,9,1280,2,1527,3,2,1006,2250,,,,,,,,,,,,,
3691,s==21|Lễ Mỗi Ngày Môn Đấu 0,1,9,60,2,1003,1,2,1006,200,,,,,,,,,,,,,
3692,s==21|Lễ Mỗi Ngày Môn Đấu 6,1,9,120,2,1027,100,2,1006,350,,,,,,,,,,,,,
3693,s==22|Lễ Mỗi Ngày Môn Đấu 12,1,9,300,2,1090,400,2,1006,550,,,,,,,,,,,,,
3694,s==22|Lễ Mỗi Ngày Môn Đấu 68,1,9,680,2,1516,3,2,1006,1150,,,,,,,,,,,,,
3695,s==23|Lễ Mỗi Ngày Môn Đấu 128,1,9,980,2,1105,16,2,1006,2000,,,,,,,,,,,,,
3696,s==23|Lễ Mỗi Ngày Môn Đấu 328,1,9,1280,2,1527,3,2,1006,2250,,,,,,,,,,,,,
3697,s==23|Lễ Mỗi Ngày Môn Đấu 648,1,9,1280,2,1527,3,2,1006,2250,,,,,,,,,,,,,
3698,s==31|Mua Một Lần Lễ Mỗi Ngày Môn Đấu,1,9,1280,2,1527,3,2,1006,2250,,,,,,,,,,,,,
3601,s==35|Gói Quà Hoạt Động Bắn Cung 6 Nguyên,1,9,60,2,1003,1,2,1006,200,,,,,,,,,,,,,
3602,s==36|Gói Quà Hoạt Động Bắn Cung 12 Nguyên,1,9,120,2,1027,100,2,1006,350,,,,,,,,,,,,,
3603,s==36|Gói Quà Hoạt Động Bắn Cung 30 Nguyên,1,9,300,2,1090,400,2,1006,550,,,,,,,,,,,,,
3604,s==36|Gói Quà Hoạt Động Bắn Cung 68 Nguyên,1,9,680,2,1516,3,2,1006,1150,,,,,,,,,,,,,
3605,s==36|Gói Quà Hoạt Động Bắn Cung 98 Nguyên,1,9,980,2,1105,16,2,1006,2000,,,,,,,,,,,,,
3606,s==37|Gói Quà Hoạt Động Bắn Cung 128 Nguyên,1,9,1280,2,1527,3,2,1006,2250,,,,,,,,,,,,,
3607,s==36|30 nguyên thần binh tinh luyện thạch,1,9,300,2,1029,38,,,,,,,,,,,,,,,,
3608,s==37|128 nguyên thần binh tinh luyện thạch,1,9,1280,2,1029,160,,,,,,,,,,,,,,,,
3609,s==37|328 nguyên thần binh tinh luyện thạch,1,9,3280,2,1029,410,,,,,,,,,,,,,,,,
3610,s==27|68 nguyên thần binh chi hồn,1,9,680,2,1030,22,,,,,,,,,,,,,,,,
3611,s==28|328 nguyên thần binh chi hồn,1,9,3280,2,1030,106,,,,,,,,,,,,,,,,
3612,s==28|648 nguyên thần binh chi hồn,1,9,6480,2,1030,210,,,,,,,,,,,,,,,,
3613,s==24|30 nguyên đả khổng thạch,1,9,300,2,1036,38,,,,,,,,,,,,,,,,
3614,s==25|128 nguyên đả khổng thạch,1,9,1280,2,1036,160,,,,,,,,,,,,,,,,
3615,s==25|328 nguyên đả khổng thạch,1,9,3280,2,1036,410,,,,,,,,,,,,,,,,
3616,s==21|68 nguyên tu hỏa ngọc,1,9,680,2,1037,22,,,,,,,,,,,,,,,,
3617,s==22|328 nguyên tu hỏa ngọc,1,9,3280,2,1037,106,,,,,,,,,,,,,,,,
3618,s==22|648 nguyên tu hỏa ngọc,1,9,6480,2,1037,210,,,,,,,,,,,,,,,,
3619,s==28|30 KNB thạch nung luyện tinh,1,9,300,2,1103,38,,,,,,,,,,,,,,,,
3620,s==29|128 KNB thạch nung luyện tinh,1,9,1280,2,1103,160,,,,,,,,,,,,,,,,
3621,s==21|328 KNB Đá Luyện Tinh,1,9,3280,2,1103,410,,,,,,,,,,,,,,,,
3622,s==18|68 KNB Tinh Hoa Đá,1,9,680,2,1104,22,,,,,,,,,,,,,,,,
3623,s==19|328 KNB Tinh Hoa Đá,1,9,3280,2,1104,106,,,,,,,,,,,,,,,,
3624,s==19|648 KNB Tinh Hoa Đá,1,9,6480,2,1104,210,,,,,,,,,,,,,,,,
3625,s==21|30 KNB Lệnh Tướng Phó,1,9,300,2,1017,38,,,,,,,,,,,,,,,,
3626,s==22|128 KNB Lệnh Tướng Phó,1,9,1280,2,1017,160,,,,,,,,,,,,,,,,
3627,s==22|328 KNB Lệnh Tướng Phó,1,9,3280,2,1017,410,,,,,,,,,,,,,,,,
3628,s==29|68 KNB Lệnh Tướng Phó Cao Cấp,1,9,680,2,1018,22,,,,,,,,,,,,,,,,
3629,s==30|328 KNB Lệnh Tướng Phó Cao Cấp,1,9,3280,2,1018,106,,,,,,,,,,,,,,,,
3630,s==30|648 KNB Lệnh Tướng Phó Cao Cấp,1,9,6480,2,1018,210,,,,,,,,,,,,,,,,
3631,s==29|30 KNB Thạch Tiến Hóa Chú Hồn,1,9,300,2,1055,38,,,,,,,,,,,,,,,,
3632,s==30|128 KNB Thạch Tiến Hóa Chú Hồn,1,9,1280,2,1055,160,,,,,,,,,,,,,,,,
3633,s==30|328 KNB Thạch Tiến Hóa Chú Hồn,1,9,3280,2,1055,410,,,,,,,,,,,,,,,,
3634,s==24|68 KNB Linh Hồn Phụ Kiện,1,9,680,2,1009,22,,,,,,,,,,,,,,,,
3635,s==25|328 KNB Linh Hồn Phụ Kiện,1,9,3280,2,1009,106,,,,,,,,,,,,,,,,
3636,s==25|648 KNB Linh Hồn Phụ Kiện,1,9,6480,2,1009,210,,,,,,,,,,,,,,,,
3637,s==31|30 KNB Thạch Thăng Sao Phụ Kiện,1,9,300,2,1011,38,,,,,,,,,,,,,,,,
3638,s==32|128 KNB Thạch Thăng Sao Phụ Kiện,1,9,1280,2,1011,160,,,,,,,,,,,,,,,,
3639,s==32|328 KNB Thạch Thăng Sao Phụ Kiện,1,9,3280,2,1011,410,,,,,,,,,,,,,,,,
3640,s==32|30 KNB Thạch Tinh Luyện Phụ Kiện,1,9,300,2,1010,38,,,,,,,,,,,,,,,,
3641,s==33|128 KNB Thạch Tinh Luyện Phụ Kiện,1,9,1280,2,1010,160,,,,,,,,,,,,,,,,
3642,s==33|328 KNB Thạch Tinh Luyện Phụ Kiện,1,9,3280,2,1010,410,,,,,,,,,,,,,,,,
3646,s==31|Gói Quà Hoạt Động Xanh Tươi (6),1,9,60,2,1137,2,2,1003,3,2,1001,600,,,,,,,,,,
3647,s==32|Gói Quà Hoạt Động Xanh Tươi (12),1,9,120,2,1137,5,2,1027,100,1,8,1500000,,,,,,,,,,
3648,s==32|Gói Quà Hoạt Động Xanh Tươi (30),1,9,300,2,1137,10,2,1006,3000,1,8,3000000,,,,,,,,,,
3649,s==32|Gói Quà Hoạt Động Xanh Tươi (68),1,9,680,2,1137,20,2,1053,30,2,1004,1,,,,,,,,,,
3650,s==32|Gói Quà Hoạt Động Xanh Tươi (98),1,9,980,2,1137,30,2,1006,5000,2,1105,16,,,,,,,,,,
3651,s==33|Gói Quà Hoạt Động Xanh Tươi (128),1,9,1280,2,1137,50,2,1006,1000,1,8,68888888,,,,,,,,,,
3652,s==32|Gói Quà Hoạt Động Xanh Tươi (68),1,9,680,2,1137,25,2,1036,38,2,1037,8,,,,,,,,,,
3653,s==33|Gói Quà Hoạt Động Xanh Tươi (328),1,9,3280,2,1137,120,2,1036,182,2,1037,38,,,,,,,,,,
3654,s==33|Gói Quà Hoạt Động Xanh Tươi (128),1,9,1280,2,1761,1,2,1036,50,2,1037,12,,,,,,,,,,
3655,s==33|Gói Quà Hoạt Động Xanh Tươi (648),1,9,6480,2,2088,1,2,1036,250,2,1037,60,,,,,,,,,,
3656,s==29|30 KNB Thạch Tiến Hóa Bảo Vật,1,9,300,2,1043,76,,,,,,,,,,,,,,,,
3657,s==30|128 KNB Thạch Tiến Hóa Bảo Vật,1,9,1280,2,1043,320,,,,,,,,,,,,,,,,
3658,s==30|328 KNB Thạch Tiến Hóa Bảo Vật,1,9,3280,2,1043,820,,,,,,,,,,,,,,,,
3659,s==23|68 KNB Linh Hồn Bảo Vật,1,9,680,2,1044,44,,,,,,,,,,,,,,,,
3660,s==24|328 KNB Linh Hồn Bảo Vật,1,9,3280,2,1044,212,,,,,,,,,,,,,,,,
3661,s==24|648 KNB Linh Hồn Bảo Vật,1,9,6480,2,1044,420,,,,,,,,,,,,,,,,
3662,s==24|30 KNB Tinh Hoa Tướng Ấn,1,9,300,2,1020,38,,,,,,,,,,,,,,,,
3663,s==25|128 KNB Tinh Hoa Tướng Ấn,1,9,1280,2,1020,160,,,,,,,,,,,,,,,,
3664,s==25|328 KNB Tinh Hoa Tướng Ấn,1,9,3280,2,1020,410,,,,,,,,,,,,,,,,
3665,s==32|68 KNB Thạch Tinh Luyện Tướng Ấn,1,9,680,2,1021,22,,,,,,,,,,,,,,,,
3666,s==33|328 KNB Thạch Tinh Luyện Tướng Ấn,1,9,3280,2,1021,106,,,,,,,,,,,,,,,,
3667,s==33|648 KNB Thạch Tinh Luyện Tướng Ấn,1,9,6480,2,1021,210,,,,,,,,,,,,,,,,
3668,s==20|30 KNB Đột Phá Thạch,1,9,300,2,1001,4000,,,,,,,,,,,,,,,,
3701,s==32|Đặc quyền châu đỉnh Trung Nguyên,1,67,1,1,9,300,2,1004,2,2,1006,500,,,,,,,,,,
3702,s==22|30 KNB Thạch Tiềm Năng,1,9,300,2,1012,60,,,,,,,,,,,,,,,,
3703,s==23|128 KNB Thạch Tiềm Năng,1,9,1280,2,1012,256,,,,,,,,,,,,,,,,
3704,s==23|328 KNB Thạch Tiềm Năng,1,9,3280,2,1012,656,,,,,,,,,,,,,,,,
3705,s==25|30 KNB Tinh Hoa Chiến Hồn,1,9,300,2,1046,38,,,,,,,,,,,,,,,,
3706,s==26|128 KNB Tinh Hoa Chiến Hồn,1,9,1280,2,1046,160,,,,,,,,,,,,,,,,
3707,s==26|328 KNB Tinh Hoa Chiến Hồn,1,9,3280,2,1046,410,,,,,,,,,,,,,,,,
3708,s==23|68 KNB Linh Hồn Chú Hồn,1,9,680,2,1056,22,,,,,,,,,,,,,,,,
3709,s==24|328 KNB Linh Hồn Chú Hồn,1,9,3280,2,1056,106,,,,,,,,,,,,,,,,
3710,s==24|648 KNB Linh Hồn Chú Hồn,1,9,6480,2,1056,210,,,,,,,,,,,,,,,,
3711,s==24|68 KNB Linh Hồn Chiến Kỳ,1,9,680,2,1051,10,,,,,,,,,,,,,,,,
3712,s==25|328 KNB Linh Hồn Chiến Kỳ,1,9,3280,2,1051,48,,,,,,,,,,,,,,,,
3713,s==25|648 KNB Linh Hồn Chiến Kỳ,1,9,6480,2,1051,95,,,,,,,,,,,,,,,,
3714,s==31|68 KNB Thạch Tẩy Luyện Chiến Kỳ,1,9,680,2,1050,14,,,,,,,,,,,,,,,,
3715,s==32|328 KNB Thạch Tẩy Luyện Chiến Kỳ,1,9,3280,2,1050,64,,,,,,,,,,,,,,,,
3716,s==32|648 KNB Thạch Tẩy Luyện Chiến Kỳ,1,9,6480,2,1050,124,,,,,,,,,,,,,,,,
3717,s==24|30 KNB Tinh Hoa Chiến Kỳ,1,9,300,2,1049,16,,,,,,,,,,,,,,,,
3718,s==25|128 KNB Tinh Hoa Chiến Kỳ,1,9,1280,2,1049,64,,,,,,,,,,,,,,,,
3719,s==25|328 KNB Tinh Hoa Chiến Kỳ,1,9,3280,2,1049,164,,,,,,,,,,,,,,,,
3720,s==23|Đặc quyền tranh đoạt mỏ,1,69,1,1,9,300,2,1004,2,2,1006,500,,,,,,,,,,
5000,s==14|Gói Quà 0 Đồng,1,9,10,2,1006,50,2,1007,1,,,,,,,,,,,,,
5001,s==12|6_Thị Trường,1,9,60,2,1119,2,2,1003,1,2,1001,500,,,,,,,,,,
5002,s==13|30_Thị Trường,1,9,300,2,1119,10,2,1014,1,2,1006,3000,,,,,,,,,,
5003,s==13|68_Thị Trường,1,9,680,2,1119,20,2,1078,6800,1,8,20000000,,,,,,,,,,
5004,s==13|98_Thị Trường,1,9,980,2,1119,30,2,1080,20,1,8,30000000,,,,,,,,,,
5005,s==14|128_Thị Trường,1,9,1280,2,1119,50,2,1081,16,2,1082,64,,,,,,,,,,
5006,s==14|328_Thị Trường,1,9,3280,2,1119,120,2,1054,15,2,1006,5000,,,,,,,,,,
5007,s==14|648_Thị Trường,1,9,6480,2,1119,240,2,1081,90,2,1082,360,,,,,,,,,,
5008,s==14|Gói Quà 0 Đồng,1,9,10,2,1006,50,2,1007,1,,,,,,,,,,,,,
5009,s==12|6_Thị Trường,1,9,60,2,1119,2,2,1003,1,2,1001,500,,,,,,,,,,
5010,s==13|30_Thị Trường,1,9,300,2,1119,10,2,1006,3000,1,8,3000000,,,,,,,,,,
5011,s==13|68_Thị Trường,1,9,680,2,1119,20,2,1028,50,2,1001,1000,,,,,,,,,,
5012,s==13|98_Thị Trường,1,9,980,2,1119,30,2,1027,600,2,1031,4,,,,,,,,,,
5013,s==14|128_Thị Trường,1,9,1280,2,1119,50,2,1030,16,2,1029,64,,,,,,,,,,
5014,s==14|328_Thị Trường,1,9,3280,2,1119,120,2,1054,15,2,1006,5000,,,,,,,,,,
5015,s==14|648_Thị Trường,1,9,6480,2,1119,240,2,1030,90,2,1029,360,,,,,,,,,,
5016,s==14|Gói Quà 0 Đồng,1,9,10,2,1006,50,2,1007,1,,,,,,,,,,,,,
5017,s==12|6_Thị Trường,1,9,60,2,1119,2,2,1003,1,2,1001,500,,,,,,,,,,
5018,s==13|30_Thị Trường,1,9,300,2,1119,10,2,1006,3000,1,8,3000000,,,,,,,,,,
5019,s==13|68_Thị Trường,1,9,680,2,1119,20,2,1037,7,2,1036,35,,,,,,,,,,
5020,s==13|98_Thị Trường,1,9,980,2,1119,30,2,1027,600,1,8,30000000,,,,,,,,,,
5021,s==14|128_Thị Trường,1,9,1280,2,1119,50,2,1037,14,2,1036,70,,,,,,,,,,
5022,s==14|328_Thị Trường,1,9,3280,2,1119,120,2,1054,15,2,1006,5000,,,,,,,,,,
5023,s==14|648_Thị Trường,1,9,6480,2,1119,240,2,1037,60,2,1036,250,,,,,,,,,,
5024,s==14|Gói Quà 0 Đồng,1,9,10,2,1119,50,2,1007,1,,,,,,,,,,,,,
5025,s==12|6_Thị Trường,1,9,60,2,1119,2,2,1003,1,2,1001,500,,,,,,,,,,
5026,s==13|30_Thị Trường,1,9,300,2,1119,10,2,1006,3000,1,8,3000000,,,,,,,,,,
5027,s==13|68_Thị Trường,1,9,680,2,1119,20,2,1077,1200,2,1001,1000,,,,,,,,,,
5028,s==13|98_Thị Trường,1,9,980,2,1119,30,2,1027,600,2,1031,4,,,,,,,,,,
5029,s==14|128_Thị Trường,1,9,1280,2,1119,50,2,1044,32,2,1043,128,,,,,,,,,,
5030,s==14|328_Thị Trường,1,9,3280,2,1119,120,2,1054,15,2,1006,5000,,,,,,,,,,
5031,s==14|648_Thị Trường,1,9,6480,2,1119,240,2,1044,180,2,1043,720,,,,,,,,,,
5032,s==10|0 Phong Ma,1,9,10,2,1006,50,2,1007,1,,,,,,,,,,,,,
5033,s==17|Hoạt Động Phong 6,1,9,60,2,1195,1,2,1003,1,2,1006,200,,,,,,,,,,
5034,s==18|Hoạt Động Phong 30,1,9,300,2,1195,3,2,1006,2000,1,8,3000000,,,,,,,,,,
5035,s==18|Hoạt Động Phong 68,1,9,680,2,1195,6,2,1003,15,1,10,1000000,,,,,,,,,,
5036,s==19|Hoạt Động Phong 128,1,9,1280,2,1195,12,2,1012,450,2,1006,800,,,,,,,,,,
5037,s==19|Hoạt Động Phong 328,1,9,3280,2,1195,30,2,1105,30,2,1006,2500,,,,,,,,,,
5038,s==19|Hoạt Động Phong 648,1,9,6480,2,1195,60,2,1105,70,2,1006,5000,,,,,,,,,,
5039,s==10|0 Phong Ma,1,9,10,2,1006,50,2,1007,1,,,,,,,,,,,,,
5040,s==17|Hoạt Động Phong 6,1,9,60,2,1195,1,2,1003,1,2,1001,200,,,,,,,,,,
5041,s==18|Hoạt Động Phong 30,1,9,300,2,1195,3,2,1003,5,2,1004,1,,,,,,,,,,
5042,s==18|Hoạt Động Phong 68,1,9,680,2,1195,6,2,1003,15,1,10,1000000,,,,,,,,,,
5043,s==19|Hoạt Động Phong 128,1,9,1280,2,1195,12,2,1012,450,2,1001,800,,,,,,,,,,
5044,s==19|Hoạt Động Phong 328,1,9,3280,2,1195,30,2,1056,200,2,1055,500,,,,,,,,,,
5045,s==19|Hoạt Động Phong 648,1,9,6480,2,1195,60,2,1037,50,2,1036,300,,,,,,,,,,
5046,s==10|0 Phong Ma,1,9,10,2,1006,50,2,1007,1,,,,,,,,,,,,,
5047,s==17|Hoạt Động Phong 6,1,9,60,2,1195,1,2,1003,1,2,1001,200,,,,,,,,,,
5048,s==18|Hoạt Động Phong 30,1,9,300,2,1195,3,2,1104,4,2,1103,16,,,,,,,,,,
5049,s==18|Hoạt Động Phong 68,1,9,680,2,1195,6,2,1003,15,1,10,1000000,,,,,,,,,,
5050,s==19|Hoạt Động Phong 128,1,9,1280,2,1195,12,2,1012,450,2,1001,800,,,,,,,,,,
5051,s==19|Hoạt Động Phong 328,1,9,3280,2,1195,30,2,1037,36,2,1036,180,,,,,,,,,,
5052,s==19|Hoạt Động Phong 648,1,9,6480,2,1195,60,2,1037,72,2,1036,360,,,,,,,,,,
5053,s==10|0 Phong Ma,1,9,10,2,1006,50,2,1007,1,,,,,,,,,,,,,
5054,s==17|Hoạt Động Phong 6,1,9,60,2,1195,1,2,1003,1,2,1001,200,,,,,,,,,,
5055,s==18|Hoạt Động Phong 30,1,9,300,2,1195,3,2,1115,4000,1,8,3000000,,,,,,,,,,
5056,s==18|Hoạt Động Phong 68,1,9,680,2,1195,6,2,1003,15,1,10,1000000,,,,,,,,,,
5057,s==19|Hoạt Động Phong 128,1,9,1280,2,1195,12,2,1115,12000,2,1508,2,,,,,,,,,,
5058,s==19|Hoạt Động Phong 328,1,9,3280,2,1195,30,2,1509,6,2,1013,2,,,,,,,,,,
5059,s==19|Hoạt Động Phong 648,1,9,6480,2,1195,60,2,1509,12,2,1013,5,,,,,,,,,,
5060,s==18|0 Tối Thượng Lễ Hộ,1,9,10,2,1006,50,2,1007,1,,,,,,,,,,,,,
5061,s==12|6 Tối Thượng,1,9,60,2,1003,1,2,1001,500,,,,,,,,,,,,,
5062,s==13|30 Tối Thượng,1,9,300,2,1006,1500,2,1003,5,,,,,,,,,,,,,
5063,s==13|68 Tối Thượng,1,9,680,1,8,30000000,1,8,30000000,1,8,30000000,,,,,,,,,,
5064,s==14|128 Tối Thượng,1,9,1280,2,1054,5,2,1004,2,2,1003,15,,,,,,,,,,
5065,s==14|328 Tối Thượng,1,9,3280,2,14701,2,2,1520,4,2,1006,5000,,,,,,,,,,
5066,s==14|648 Tối Thượng,1,9,6480,2,14701,3,2,1520,8,2,1006,10000,,,,,,,,,,
5067,s==18|0 Tối Thượng Lễ Hộ,1,9,10,2,1006,50,2,1007,1,,,,,,,,,,,,,
5068,s==12|6 Tối Thượng,1,9,60,2,1003,1,2,1001,500,,,,,,,,,,,,,
5069,s==13|30 Tối Thượng,1,9,300,2,1006,1500,2,1003,5,,,,,,,,,,,,,
5070,s==13|68 Tối Thượng,1,9,680,1,8,30000000,1,8,30000000,1,8,30000000,,,,,,,,,,
5071,s==14|128 Tối Thượng,1,9,1280,2,1054,5,2,1004,2,2,1003,15,,,,,,,,,,
5072,s==14|328 Tối Thượng,1,9,3280,2,1010,200,2,1009,40,2,1011,100,,,,,,,,,,
5073,s==14|648 Tối Thượng,1,9,6480,2,1960,1,2,1010,120,2,1006,10000,,,,,,,,,,
5074,s==18|0 Tối Thượng Lễ Hộ,1,9,10,2,1006,50,2,1007,1,,,,,,,,,,,,,
5075,s==12|6 Tối Thượng,1,9,60,2,1003,1,2,1001,500,,,,,,,,,,,,,
5076,s==13|30 Tối Thượng,1,9,300,2,1006,1500,2,1003,5,,,,,,,,,,,,,
5077,s==13|68 Tối Thượng,1,9,680,1,8,30000000,1,8,30000000,1,8,30000000,,,,,,,,,,
5078,s==14|128 Tối Thượng,1,9,1280,2,1054,5,2,1004,2,2,1003,15,,,,,,,,,,
5079,s==14|328 Tối Thượng,1,9,3280,2,1509,6,2,1013,2,2,1115,10000,,,,,,,,,,
5080,s==14|648 Tối Thượng,1,9,6480,2,1509,12,2,1013,5,2,1115,20000,,,,,,,,,,
5081,s==18|0 Tối Thượng Lễ Hộ,1,9,10,2,1006,50,2,1007,1,,,,,,,,,,,,,
5082,s==12|6 Tối Thượng,1,9,60,2,1003,1,2,1001,500,,,,,,,,,,,,,
5083,s==13|30 Tối Thượng,1,9,300,2,1006,1500,2,1003,5,,,,,,,,,,,,,
5084,s==13|68 Tối Thượng,1,9,680,1,8,30000000,1,8,30000000,1,8,30000000,,,,,,,,,,
5085,s==14|128 Tối Thượng,1,9,1280,2,1054,5,2,1004,2,2,1003,15,,,,,,,,,,
5086,s==14|328 Tối Thượng,1,9,3280,2,2097,4,2,1018,30,2,1017,150,,,,,,,,,,
5087,s==14|648 Tối Thượng,1,9,6480,2,2097,8,2,1018,60,2,1017,300,,,,,,,,,,
5088,s==17|Đông Chinh Lễ Bao,1,9,680,2,1189,10,2,1115,10000,2,1508,3,,,,,,,,,,
5089,s==17|Đông Chinh Lễ Bao,1,9,680,2,1189,10,2,1105,10,2,1006,500,,,,,,,,,,
5090,s==17|Đông Chinh Lễ Bao,1,9,680,2,1189,10,2,1032,18,2,1033,72,,,,,,,,,,
5091,s==17|Đông Chinh Lễ Bao,1,9,680,2,1189,10,2,1037,15,2,1036,75,,,,,,,,,,
2187,s==17|Gói Quà Đặt Trước,1,9,688,2,1003,5,2,1004,1,,,,,,,,,,,,,
2188,s==21|Kênh Đặc Quyền Lễ Bao,1,10,100000,1,8,120000,2,1027,50,2,2116,1,,,,,,,,,,
2189,s==24|Hoàng Kim Quý Bối Lễ Bao,1,8,188888,2,1007,5,2,1001,500,,,,,,,,,,,,,
2190,s==22|Bạc Kim Quý Bối Lễ Bao,1,8,288888,2,1003,1,2,1006,500,,,,,,,,,,,,,
2191,s==24|Kim Cương Quý Bối Lễ Bao,1,8,388888,2,1014,3,2,3008,25,,,,,,,,,,,,,
2192,s==22|Chí Tôn Quý Bối Lễ Bao,1,8,588888,1,9,288,2,1004,2,2,1003,3,,,,,,,,,,
2193,s==21|Gói Quà Tham Gia Nhóm,1,8,288888,2,1003,3,2,1027,20,,,,,,,,,,,,,
2194,s==25|Gia Quần Thiết Cốt Lễ Bao,1,8,288888,2,1005,5,2,1001,600,,,,,,,,,,,,,
2195,s==24|Gia Quần Tam Quốc Lễ Bao,1,8,288888,2,1007,1,2,1006,500,,,,,,,,,,,,,
2196,s==15|Hảo Bình Lễ Bao,1,8,188888,1,9,288,2,1007,5,,,,,,,,,,,,,
2197,s==19|Phản Hồi Bug Lễ Bao,1,8,188888,1,9,388,2,1003,1,,,,,,,,,,,,,
2198,s==36|Công Chúng Quảng Cáo Quan Tâm Lễ Bao,1,8,3000000,2,1004,3,2,3008,50,,,,,,,,,,,,,
5092,s==34|328 Mỗi Tuần Đặc Khuyến (Chiến Mã),1,9,3280,2,1509,6,2,1115,30000,2,1006,2200,,,,,,,,,,
5093,s==34|648 Mỗi Tuần Đặc Khuyến (Chiến Mã),1,9,6480,2,1509,12,2,1115,60000,2,1006,4500,,,,,,,,,,
5094,s==36|198 Mỗi Tuần Đặc Khuyến (Tinh Thạch),1,9,1980,2,14701,1,2,1006,1500,2,1003,20,,,,,,,,,,
5096,s==12|Gói Quà VIP4,2,1003,2,1,8,200000,1,10,20000,,,,,,,,,,,,,
5097,s==12|Gói Quà VIP5,2,1003,2,2,1007,3,1,10,90000,,,,,,,,,,,,,
5098,s==12|Gói Quà VIP6,2,1003,3,2,1007,3,1,10,100000,,,,,,,,,,,,,
5099,s==12|Gói Quà VIP7,2,1003,4,2,1001,300,1,8,1000000,,,,,,,,,,,,,
5100,s==12|Gói Quà VIP8,2,1003,4,2,1001,700,1,8,2000000,,,,,,,,,,,,,
5101,s==12|Gói Quà VIP9,2,1003,5,2,1001,800,2,1006,500,,,,,,,,,,,,,
5102,s==24|Gói Quà Độc Quyền Huawei,2,23504,50,1,9,288,2,1007,5,1,8,188888,,,,,,,,,,
5103,s==16|Gói Quà Bạch Kim,2,1004,1,2,1003,2,2,1027,20,,,,,,,,,,,,,
5104,s==22|Gói Quà Kim Cương Xanh,2,1004,2,2,1003,2,2,1027,50,,,,,,,,,,,,,
5105,s==29|Gói Quà Hoạt Động Đồng Ngạc 6,1,9,3280,2,1101,100,2,1082,80,2,1006,3000,,,,,,,,,,
5106,s==29|Gói Quà Hoạt Động Đồng Ngạc 7,1,9,3280,2,1101,100,2,1081,20,2,1006,3000,,,,,,,,,,
5107,s==29|Gói Quà Hoạt Động Đồng Ngạc 8,1,9,6480,2,1101,200,2,1080,80,2,1006,3000,,,,,,,,,,
5108,s==20|0_Thảo Lục Tang Điền,1,9,10,2,1001,50,2,1007,1,1,8,100000,,,,,,,,,,
5109,s==20|6_Thảo Lục Tang Điền,1,9,60,2,1201,2,2,1003,2,2,1027,30,,,,,,,,,,
5110,s==21|12_Thảo Lục Tang Điền,1,9,120,2,1201,5,2,1004,1,2,1001,100,,,,,,,,,,
5111,s==21|30_Thảo Lục Tang Điền,1,9,300,1,10,2000000,1,10,3000000,1,10,5000000,,,,,,,,,,
5112,s==21|68_Thảo Lục Tang Điền,1,9,680,1,8,30000000,1,8,30000000,1,8,30000000,,,,,,,,,,
5113,s==22|128_Thảo Lục Tang Điền,1,9,1280,2,1201,50,2,1003,30,2,1006,2000,,,,,,,,,,
5114,s==22|328_Thảo Lục Tang Điền,1,9,3280,2,1201,120,2,1004,20,2,1006,5000,,,,,,,,,,
5115,s==22|648_Thảo Lục Tang Điền,1,9,6480,2,1201,240,2,1004,40,2,1006,10000,,,,,,,,,,
5140,s==22|648_Thảo Lục Tang Điền,1,9,6480,2,1201,240,1,8,90000000,2,1006,10000,,,,,,,,,,
5116,s==19|0_Hoa Hỏa Thiên Thụ,1,9,10,2,1202,1,1,8,50000,2,1027,10,,,,,,,,,,
5117,s==20|30_Hoa Hỏa Thiên Thụ,1,9,300,2,1202,3,2,1003,4,2,1027,50,,,,,,,,,,
5118,s==20|68_Hoa Hỏa Thiên Thụ,1,9,680,2,1202,6,2,1003,10,2,1027,100,,,,,,,,,,
5119,s==21|128_Hoa Hỏa Thiên Thụ,1,9,1280,2,1202,10,2,1004,4,2,1006,1000,,,,,,,,,,
5120,s==21|328_Hoa Hỏa Thiên Thụ,1,9,3280,2,1202,30,2,1004,13,2,1006,2000,,,,,,,,,,
5121,s==21|328_Hoa Hỏa Thiên Thụ,1,9,3280,2,1202,30,2,1516,5,2,1006,2000,,,,,,,,,,
5122,s==21|648_Hoa Hỏa Thiên Thụ,1,9,6480,2,1202,60,2,1004,22,2,1006,4000,,,,,,,,,,
5123,s==21|648_Hoa Hỏa Thiên Thụ,1,9,6480,2,1202,60,2,1527,3,2,1006,4000,,,,,,,,,,
5124,s==21|128_Hoa Hỏa Thiên Thụ,1,9,1280,2,1202,10,2,1105,10,2,1006,1000,,,,,,,,,,
5125,s==21|648_Hoa Hỏa Thiên Thụ,1,9,6480,2,1202,60,1,8,2000000,2,1006,4000,,,,,,,,,,
5126,s==21|0_Hoa Hỏa Thiên Thụ 2,1,9,10,2,1202,1,1,8,50000,2,1027,10,,,,,,,,,,
5127,s==22|30_Hoa Hỏa Thiên Thụ 2,1,9,300,2,1202,3,2,1003,4,2,1027,50,,,,,,,,,,
5128,s==22|68_Hoa Hỏa Thiên Thụ 2,1,9,680,2,1202,6,2,1003,10,2,1027,100,,,,,,,,,,
5129,s==23|128_Hoa Hỏa Thiên Thụ 2,1,9,1280,2,1202,11,2,1004,4,2,1006,1000,,,,,,,,,,
5130,s==23|328_Hoa Hỏa Thiên Thụ 2,1,9,3280,2,1202,30,2,1004,13,2,1006,2000,,,,,,,,,,
5131,s==23|328_Hoa Hỏa Thiên Thụ 2,1,9,3280,2,1202,30,2,1516,5,2,1006,2000,,,,,,,,,,
5132,s==23|648_Hoa Hỏa Thiên Thụ 2,1,9,6480,2,1202,60,2,1527,5,2,1006,4000,,,,,,,,,,
5133,s==23|648_Hoa Hỏa Thiên Thụ 2,1,9,6480,2,1202,60,2,1056,280,2,1006,4000,,,,,,,,,,
5134,s==23|128_Hoa Hỏa Thiên Thụ 2,1,9,1280,2,1202,10,2,1105,10,2,1006,1000,,,,,,,,,,
5135,s==23|648_Hoa Hỏa Thiên Thụ 2,1,9,6480,2,1202,60,1,8,2000000,2,1006,4000,,,,,,,,,,
5138,s==16|Gói Quà Lễ Tạ Ơn,1,8,688888,2,1003,3,2,1007,10,,,,,,,,,,,,,
5139,s==16|Gói Quà Giới Hạn,1,10,60000,2,1027,30,2,1001,300,,,,,,,,,,,,,
5141,s==26|Gói Quà Giới Hạn Hoa Hỏa 1,2,1004,3,2,1003,10,2,1027,500,1,8,300000,,,,,,,,,,
5142,s==26|Gói Quà Giới Hạn Hoa Hỏa 2,2,1004,3,2,1003,10,2,1043,100,1,8,300000,,,,,,,,,,
5143,s==26|Gói Quà Giới Hạn Hoa Hỏa 3,2,1004,3,2,1527,1,2,1519,5,1,8,300000,,,,,,,,,,
5144,s==26|Gói Quà Giới Hạn Hoa Hỏa 4,2,1004,3,2,1527,1,2,1519,5,1,8,300000,,,,,,,,,,
5145,s==26|Gói Quà Giới Hạn Hoa Hỏa 5,2,1004,3,2,1012,200,2,1519,5,1,8,300000,,,,,,,,,,
5147,s==26|Gói Quà Giới Hạn Hoa Hỏa 6,2,1004,3,2,1056,120,2,1055,500,1,8,300000,,,,,,,,,,
2209,s==23|Túi May Mắn Kinh Nghiệm,1,10,50000,,,,,,,,,,,,,,,,,,,
2210,s==21|Túi May Mắn Đồng Tiền,1,8,500000,,,,,,,,,,,,,,,,,,,
5150,s==17|Gói Quà VIP Tháng,2,1003,3,2,1007,4,2,1004,3,,,,,,,,,,,,,
5151,s==17|Gói Quà VIP Tháng,2,1003,4,2,1007,5,2,1004,3,,,,,,,,,,,,,
5152,s==17|Gói Quà Triệu Hồi,2,5095,1,1,10,100000,2,1001,500,1,8,688888,,,,,,,,,,
5153,s==30|0_Kim Cương Hồng Lâm Hoạt Động,1,9,10,2,1205,1,1,8,50000,2,1027,10,,,,,,,,,,
5154,s==31|30_Kim Cương Hồng Lâm Hoạt Động,1,9,300,2,1205,3,2,1003,4,2,1027,50,,,,,,,,,,
5155,s==31|68_Kim Cương Hồng Lâm Hoạt Động,1,9,680,2,1205,6,2,1003,10,2,1027,100,,,,,,,,,,
5156,s==32|128_Kim Cương Hồng Lâm Hoạt Động,1,9,1280,2,1205,10,2,1004,4,2,1006,1000,,,,,,,,,,
5157,s==32|128_Kim Cương Hồng Lâm Hoạt Động,1,9,1280,2,1205,10,2,1105,10,2,1006,800,,,,,,,,,,
5158,s==32|328_Kim Cương Hồng Lâm Hoạt Động,1,9,3280,2,1205,30,2,1004,13,2,1006,2000,,,,,,,,,,
5159,s==32|328_Kim Cương Hồng Lâm Hoạt Động,1,9,3280,2,1205,30,2,1516,5,2,1006,2000,,,,,,,,,,
5430,s==31|648_Kim Cương Hỗn Lâm Hoạt Động,1,9,6480,2,1205,60,2,1004,22,2,1006,4000,,,,,,,,,,
5431,s==31|648_Kim Cương Hỗn Lâm Hoạt Động,1,9,6480,2,1205,60,2,1527,3,2,1006,4000,,,,,,,,,,
5432,s==31|648_Kim Cương Hỗn Lâm Hoạt Động,1,9,6480,2,1205,60,1,8,2000000,2,1006,4000,,,,,,,,,,
5160,s==32|128_Mỗi Tuần Đặc Ưu Chiến Mã Bao,1,9,1280,2,1057,10,2,1508,3,1,8,3000000,,,,,,,,,,
5169,s==24|Tháo Quang Dưỡng Hối Bao,1,10,200000,1,8,2000000,2,1003,3,2,1001,500,,,,,,,,,,
5170,s==23|Qua Quan Trảm Tướng Bao,1,10,200001,1,8,2000000,2,1003,3,2,1006,500,,,,,,,,,,
5171,s==16|Kỳ Mưu Dị Sĩ Bao,1,8,3000000,2,1027,350,2,1030,3,2,1029,6,,,,,,,,,,
5172,s==19|Thiên Lý Đơn Kỵ Bao,1,10,288888,1,8,3000000,2,1004,1,2,1007,10,,,,,,,,,,
5173,s==19|Ứng Thị Lang Cố Bao,1,10,688888,1,8,3000000,2,1001,1600,2,3013,15,,,,,,,,,,
5174,s==24|Trung Nghĩa Võ Thánh Bao,1,10,688888,1,8,3000000,2,1001,1600,2,3012,15,,,,,,,,,,
5175,s==13|Thánh Đản Bao,1,9,388,2,1003,3,,,,,,,,,,,,,,,,
5176,s==17|Nguyên Đán Lễ Bao,1,10,100000,2,1004,1,,,,,,,,,,,,,,,,
5177,s==21|Vương Giả Bổ Sung Bao,2,1004,2,2,1014,1,2,1006,1200,,,,,,,,,,,,,
5178,s==21|Hoàng Kim Bổ Sung Bao,2,1003,5,2,1007,20,2,1001,1000,,,,,,,,,,,,,
5180,s==10|Đáp Đề Bao,1,10,200000,1,8,2000000,2,1003,3,2,1006,1000,,,,,,,,,,
5181,s==30|Tân Người Dùng Tải Đăng Ký Bao,2,1003,5,2,3008,30,2,1001,1000,,,,,,,,,,,,,
5182,s==18|Nạp Tiền Lễ Nghi 1,2,1004,2,2,1014,1,2,1001,1200,,,,,,,,,,,,,
5183,s==18|Nạp Tiền Lễ Nghi 2,2,1004,2,2,1030,5,2,1029,12,,,,,,,,,,,,,
5187,s==34|Gói Quà Thám Bảo Càn Khôn 0 Nguyên,1,9,10,2,1187,1,1,8,50000,2,1001,50,,,,,,,,,,
5188,s==34|Gói Quà Thám Bảo Càn Khôn 6 Nguyên,1,9,120,2,1187,1,2,1003,5,2,1001,50,,,,,,,,,,
5189,s==35|Gói Quà Thám Bảo Càn Khôn 30 Nguyên,1,9,450,2,1187,5,2,1003,10,2,1001,200,,,,,,,,,,
5190,s==35|Gói Quà Thám Bảo Càn Khôn 30 Nguyên,1,9,300,2,1187,6,2,1003,8,2,1001,300,,,,,,,,,,
5191,s==35|Gói Quà Thám Bảo Càn Khôn 68 Nguyên,1,9,680,2,1187,10,2,1673,1,2,1001,300,,,,,,,,,,
5192,s==35|Gói Quà Thám Bảo Càn Khôn 68 Nguyên,1,9,680,2,1187,10,2,1004,4,2,1001,300,,,,,,,,,,
5294,s==36|Gói Quà Thám Bảo Càn Khôn 128 Nguyên,1,9,1280,2,1187,20,2,1004,6,2,1006,2000,,,,,,,,,,
5460,s==36|Gói Quà Thám Bảo Càn Khôn 328 Nguyên,1,9,3280,2,1187,50,2,1004,13,2,1006,4000,,,,,,,,,,
5461,s==36|Gói Quà Thám Bảo Càn Khôn 648 Nguyên,1,9,6480,2,1187,120,2,1105,10,2,1006,4000,,,,,,,,,,
5462,s==36|Gói Quà Thám Bảo Càn Khôn 648 Nguyên,1,9,6480,2,1187,100,1,8,2000000,2,1006,4000,,,,,,,,,,
5193,s==23|Tân Niên Lục Chuyển Bao,1,10,100000,2,1027,100,1,8,1000000,,,,,,,,,,,,,
5194,s==22|Tân Niên Hoàng Kim Bao,1,10,200000,1,8,2000000,2,1007,10,2,1006,600,,,,,,,,,,
5195,s==12|Tân Niên Bao,1,9,388,2,1003,3,,,,,,,,,,,,,,,,
5196,s==21|Tân Niên Bạch Kim Bao,1,10,200000,1,8,2000000,2,1003,3,2,1001,500,,,,,,,,,,
5203,s==35|98-Giới Hạn Mua Sắm Thương Thành-30,1,9,980,2,1004,10,2,1468,1,2,6993,2,,,,,,,,,,
5204,s==35|98-Giới Hạn Mua Sắm Thương Thành-45,1,9,980,2,1105,15,2,1468,1,2,6993,2,,,,,,,,,,
5205,s==19|0_Tư Mã Ý Hoạt Động,1,9,10,2,1214,1,1,8,50000,2,1006,50,,,,,,,,,,
5206,s==20|30_Tư Mã Ý Hoạt Động,1,9,300,2,1214,3,2,1003,4,1,8,2000000,,,,,,,,,,
5207,s==20|68_Tư Mã Ý Hoạt Động,1,9,680,2,1214,5,2,1003,10,1,8,2000000,,,,,,,,,,
5208,s==21|128_Tư Mã Ý Hoạt Động,1,9,1280,2,1214,10,2,1004,4,1,8,2000000,,,,,,,,,,
5209,s==21|328_Tư Mã Ý Hoạt Động,1,9,3280,2,1214,30,2,1004,13,1,8,2000000,,,,,,,,,,
5210,s==21|648_Tư Mã Ý Hoạt Động,1,9,6480,2,1214,60,2,1004,22,2,1006,4000,,,,,,,,,,
5211,s==21|648_Tư Mã Ý Hoạt Động,1,9,6480,2,1214,60,1,8,2000000,2,1006,4000,,,,,,,,,,
5212,s==19|0_Tư Mã Ý Hoạt Động,1,9,10,2,1214,1,1,8,50000,2,1006,50,,,,,,,,,,
5213,s==20|30_Tư Mã Ý Hoạt Động,1,9,300,2,1214,3,2,1003,4,1,8,2000000,,,,,,,,,,
5214,s==20|68_Tư Mã Ý Hoạt Động,1,9,680,2,1214,5,2,1003,10,1,8,2000000,,,,,,,,,,
5215,s==21|128_Tư Mã Ý Hoạt Động,1,9,1280,2,1214,10,2,1004,4,1,8,2000000,,,,,,,,,,
5216,s==21|328_Tư Mã Ý Hoạt Động,1,9,3280,2,1214,30,2,1527,2,1,8,2000000,,,,,,,,,,
5217,s==21|648_Tư Mã Ý Hoạt Động,1,9,6480,2,1214,60,2,1527,5,2,1006,4000,,,,,,,,,,
5218,s==21|648_Tư Mã Ý Hoạt Động,1,9,6480,2,1214,60,1,8,2000000,2,1006,4000,,,,,,,,,,
5219,s==28|Gói Quà Phong Hầu Thăng Tinh,1,9,6480,2,1048,30,2,1004,7,2,1003,30,,,,,,,,,,
5220,s==22|0_Thanh Xuân Đạp Thanh,1,9,10,2,1218,1,1,8,50000,2,1006,50,,,,,,,,,,
5221,s==23|30_Thanh Xuân Đạp Thanh,1,9,300,2,1218,3,2,1003,4,2,1210,1,,,,,,,,,,
5222,s==23|68_Thanh Xuân Đạp Thanh,1,9,680,2,1218,6,2,1003,10,2,1210,2,,,,,,,,,,
5223,s==24|128_Thanh Xuân Đạp Thanh,1,9,1280,2,1218,10,2,1004,4,2,1210,4,,,,,,,,,,
5224,s==24|328_Thanh Xuân Đạp Thanh,1,9,3280,2,1218,30,2,1004,13,2,1006,2000,,,,,,,,,,
5225,s==24|648_Thanh Xuân Đạp Thanh,1,9,6480,2,1218,60,2,1004,22,2,1006,4000,,,,,,,,,,
5226,s==24|128_Thanh Xuân Đạp Thanh,1,9,1280,2,1218,10,1,8,400000,2,1006,800,,,,,,,,,,
5227,s==24|648_Thanh Xuân Đạp Thanh,1,9,6480,2,1218,60,1,8,2000000,2,1006,4000,,,,,,,,,,
5228,s==24|0_Thanh Xuân Đạp Thanh 2,1,9,10,2,1218,1,1,8,50000,2,1006,50,,,,,,,,,,
5229,s==25|30_Thanh Xuân Đạp Thanh 2,1,9,300,2,1218,3,2,1003,4,2,1210,1,,,,,,,,,,
5230,s==25|68_Thanh Xuân Đạp Thanh 2,1,9,680,2,1218,6,2,1003,10,2,1210,2,,,,,,,,,,
5231,s==26|128_Thanh Xuân Đạp Thanh 2,1,9,1280,2,1218,11,2,1004,4,2,1210,4,,,,,,,,,,
5232,s==26|328_Thanh Xuân Đạp Thanh 2,1,9,3280,2,1218,30,2,1004,13,2,1006,2000,,,,,,,,,,
5233,s==26|648_Thanh Xuân Đạp Thanh 2,1,9,6480,2,1218,60,2,1527,5,2,1006,4000,,,,,,,,,,
5234,s==26|128_Thanh Xuân Đạp Thanh 2,1,9,1280,2,1218,10,1,8,400000,2,1006,800,,,,,,,,,,
5235,s==26|648_Thanh Xuân Đạp Thanh 2,1,9,6480,2,1218,60,1,8,2000000,2,1006,4000,,,,,,,,,,
5236,s==24|Hộp Quà Bất Ngờ Dịp Lễ A,2,1004,1,2,1014,2,2,1218,3,,,,,,,,,,,,,
5237,s==25|Hộp Quà Quý Hiếm Dịp Lễ A,2,1004,1,2,1014,2,2,1218,6,,,,,,,,,,,,,
5238,s==24|648_Thanh Xuân Đạp Thanh,1,9,6480,2,1218,60,2,1527,3,2,1006,4000,,,,,,,,,,
5239,s==26|648_Thanh Xuân Đạp Thanh 2,1,9,6480,2,1218,60,2,1056,280,2,1006,4000,,,,,,,,,,
5240,s==35|98-Giới Hạn Mua Sắm Thương Thành-60,1,9,980,2,14701,2,2,1468,1,2,6993,2,,,,,,,,,,
5241,s==35|98-Giới Hạn Mua Sắm Thương Thành-90,1,9,980,2,1527,4,2,1468,1,2,6993,2,,,,,,,,,,
5242,s==37|98-Giới Hạn Mua Sắm Thương Thành-9999,1,9,980,2,1527,4,2,1468,1,2,6993,2,,,,,,,,,,
5243,s==36|198-Giới Hạn Mua Sắm Thương Thành-30,1,9,1980,2,1527,10,2,1004,5,2,1001,2000,,,,,,,,,,
5244,s==36|198-Giới Hạn Mua Sắm Thương Thành-45,1,9,1980,2,1527,10,2,1004,5,2,1001,2000,,,,,,,,,,
5245,s==36|198-Giới Hạn Mua Sắm Thương Thành-60,1,9,1980,2,1527,10,2,1004,5,2,1001,2000,,,,,,,,,,
8264,s==21|0_Gói Quà Nguyên Tiêu,1,9,10,2,1220,1,1,8,50000,2,1027,10,,,,,,,,,,
8265,s==21|6_Gói Quà Nguyên Tiêu,1,9,60,2,1220,1,1,8,50000,2,1027,10,,,,,,,,,,
8266,s==22|30_Gói Quà Nguyên Tiêu,1,9,300,2,1220,3,2,1003,4,2,1027,50,,,,,,,,,,
8267,s==22|68_Gói Quà Nguyên Tiêu,1,9,680,2,1220,6,2,1003,10,2,1027,100,,,,,,,,,,
8268,s==23|128_Gói Quà Nguyên Tiêu,1,9,1280,2,1220,10,2,1004,4,2,1006,1000,,,,,,,,,,
8269,s==23|128_Gói Quà Nguyên Tiêu,1,9,1280,2,1220,10,2,1105,10,2,1006,1000,,,,,,,,,,
8270,s==23|328_Gói Quà Nguyên Tiêu,1,9,3280,2,1220,30,2,1004,13,2,1006,2000,,,,,,,,,,
8271,s==23|328_Gói Quà Nguyên Tiêu,1,9,3280,2,1220,30,2,1516,5,2,1006,2000,,,,,,,,,,
8272,s==23|648_Gói Quà Nguyên Tiêu,1,9,6480,2,1220,60,2,1004,22,2,1006,4000,,,,,,,,,,
8273,s==23|648_Gói Quà Nguyên Tiêu,1,9,6480,2,1220,60,2,1527,3,2,1006,4000,,,,,,,,,,
8274,s==23|648_Gói Quà Nguyên Tiêu,1,9,6480,2,1220,60,1,8,2000000,2,1006,4000,,,,,,,,,,
8275,s==23|0_Gói Quà Nguyên Tiêu 2,1,9,10,2,1220,1,1,8,50000,2,1027,10,,,,,,,,,,
8276,s==21|6_Gói Quà Nguyên Tiêu,1,9,60,2,1220,1,1,8,50000,2,1027,10,,,,,,,,,,
8277,s==24|30_Gói Quà Nguyên Tiêu 2,1,9,300,2,1220,3,2,1003,4,2,1027,50,,,,,,,,,,
8278,s==24|68_Gói Quà Nguyên Tiêu 2,1,9,680,2,1220,6,2,1003,10,2,1027,100,,,,,,,,,,
8279,s==25|128_Gói Quà Nguyên Tiêu 2,1,9,1280,2,1220,11,2,1004,4,2,1006,1000,,,,,,,,,,
8280,s==25|128_Gói Quà Nguyên Tiêu 2,1,9,1280,2,1220,10,2,1105,10,2,1006,1000,,,,,,,,,,
8281,s==25|328_Gói Quà Nguyên Tiêu 2,1,9,3280,2,1220,30,2,1004,13,2,1006,2000,,,,,,,,,,
5262,s==15|Bao Lì Xì VIP 2,2,1516,1,2,1027,100,1,8,1000000,,,,,,,,,,,,,
8282,s==25|328_Gói Quà Nguyên Tiêu 2,1,9,3280,2,1220,30,2,1516,5,2,1006,2000,,,,,,,,,,
8283,s==25|648_Gói Quà Nguyên Tiêu 2,1,9,6480,2,1220,60,2,1527,5,2,1006,4000,,,,,,,,,,
8284,s==25|648_Gói Quà Nguyên Tiêu 2,1,9,6480,2,1220,60,2,1056,280,2,1006,4000,,,,,,,,,,
8285,s==25|648_Gói Quà Nguyên Tiêu 2,1,9,6480,2,1220,60,1,8,2000000,2,1006,4000,,,,,,,,,,
8286,s==23|0_Gói Quà Nguyên Tiêu 3,1,9,10,2,1220,1,1,8,50000,2,1027,10,,,,,,,,,,
8287,s==23|6_Gói Quà Nguyên Tiêu 3,1,9,60,2,1220,1,1,8,50000,2,1027,20,,,,,,,,,,
8288,s==24|30_Gói Quà Nguyên Tiêu 3,1,9,300,2,1220,3,2,1003,8,2,1027,60,,,,,,,,,,
8289,s==24|68_Gói Quà Nguyên Tiêu 3,1,9,680,2,1220,6,2,1003,20,2,1027,120,,,,,,,,,,
8290,s==25|128_Gói Quà Nguyên Tiêu 3,1,9,1280,2,1220,11,2,1004,4,2,1006,1000,,,,,,,,,,
8291,s==25|128_Gói Quà Nguyên Tiêu 3,1,9,1280,2,1220,10,2,1105,10,2,1006,1000,,,,,,,,,,
8292,s==25|328_Gói Quà Nguyên Tiêu 3,1,9,3280,2,1220,30,2,1004,13,2,1006,2000,,,,,,,,,,
8293,s==25|328_Gói Quà Nguyên Tiêu 3,1,9,3280,2,1220,30,2,1516,5,2,1006,2000,,,,,,,,,,
8294,s==25|648_Gói Quà Nguyên Tiêu 3,1,9,6480,2,1220,60,2,1527,5,2,1006,4000,,,,,,,,,,
8295,s==25|648_Gói Quà Nguyên Tiêu 3,1,9,6480,2,1220,60,2,1056,280,2,1006,4000,,,,,,,,,,
8296,s==25|648_Gói Quà Nguyên Tiêu 3,1,9,6480,2,1220,60,1,8,2000000,2,1006,4000,,,,,,,,,,
5265,s==25|Gói Quà Độc Quyền Đặt May,2,22509,50,1,9,288,2,1007,5,1,8,188888,,,,,,,,,,
5266,s==33|648_Bao Thư Nguyện Khởi Tinh Thần,1,9,6480,2,1197,60,2,1527,3,2,1006,4000,,,,,,,,,,
5267,s==33|648_Bao Thư Nguyện Khởi Tinh Thần,1,9,6480,2,1197,60,1,8,2000000,2,1006,4000,,,,,,,,,,
5268,s==35|0_Hoạt Động Nguyện Khởi Tinh Thần 2,1,9,10,2,1197,1,1,8,50000,2,1027,10,,,,,,,,,,
5269,s==36|30_Hoạt Động Nguyện Khởi Tinh Thần 2,1,9,300,2,1197,3,2,1003,4,2,1027,50,,,,,,,,,,
5270,s==36|68_Hoạt Động Nguyện Khởi Tinh Thần 2,1,9,680,2,1197,6,2,1003,10,2,1027,100,,,,,,,,,,
5271,s==37|128_Hoạt Động Nguyện Khởi Tinh Thần 2,1,9,1280,2,1197,11,2,1004,4,2,1006,1000,,,,,,,,,,
5272,s==35|128_Bao Thư Nguyện Khởi Tinh Thần 2,1,9,1280,2,1197,10,2,1105,10,2,1006,1000,,,,,,,,,,
5273,s==37|328_Hoạt Động Nguyện Khởi Tinh Thần 2,1,9,3280,2,1197,30,2,1004,13,2,1006,2000,,,,,,,,,,
5274,s==37|328_Hoạt Động Nguyện Khởi Tinh Thần 2,1,9,3280,2,1197,30,2,1516,5,2,1006,2000,,,,,,,,,,
5275,s==37|648_Hoạt Động Nguyện Khởi Tinh Thần 2,1,9,6480,2,1197,60,2,1527,5,2,1006,4000,,,,,,,,,,
5276,s==35|648_Bao Thư Nguyện Khởi Tinh Thần 2,1,9,6480,2,1197,60,2,1056,280,2,1006,4000,,,,,,,,,,
5277,s==35|648_Bao Thư Nguyện Khởi Tinh Thần 2,1,9,6480,2,1197,60,1,8,2000000,2,1006,4000,,,,,,,,,,
5278,s==19|0_Tư Mã Ý Hoạt Động,1,9,10,2,1231,1,1,8,50000,2,1006,50,,,,,,,,,,
5279,s==20|30_Tư Mã Ý Hoạt Động,1,9,300,2,1231,3,2,1003,4,1,8,2000000,,,,,,,,,,
5280,s==20|68_Tư Mã Ý Hoạt Động,1,9,680,2,1231,5,2,1003,10,1,8,2000000,,,,,,,,,,
5281,s==21|128_Tư Mã Ý Hoạt Động,1,9,1280,2,1231,10,2,1004,4,1,8,2000000,,,,,,,,,,
5282,s==21|328_Tư Mã Ý Hoạt Động,1,9,3280,2,1231,30,2,1004,13,1,8,2000000,,,,,,,,,,
5283,s==21|648_Tư Mã Ý Hoạt Động,1,9,6480,2,1231,60,2,1004,22,2,1006,4000,,,,,,,,,,
5284,s==21|648_Tư Mã Ý Hoạt Động,1,9,6480,2,1231,60,2,1527,3,2,1006,4000,,,,,,,,,,
5285,s==21|648_Tư Mã Ý Hoạt Động,1,9,6480,2,1231,60,1,8,2000000,2,1006,4000,,,,,,,,,,
5286,s==21|0_Tư Mã Ý Hoạt Động 2,1,9,10,2,1231,1,1,8,50000,2,1006,50,,,,,,,,,,
5287,s==22|30_Tư Mã Ý Hoạt Động 2,1,9,300,2,1231,3,2,1003,4,1,8,2000000,,,,,,,,,,
5288,s==22|68_Tư Mã Ý Hoạt Động 2,1,9,680,2,1231,5,2,1003,10,1,8,2000000,,,,,,,,,,
5289,s==23|128_Tư Mã Ý Hoạt Động 2,1,9,1280,2,1231,10,2,1004,4,1,8,2000000,,,,,,,,,,
5290,s==21|328_Sự kiện Tư Mã Ý 2,1,9,3280,2,1231,30,2,1527,2,1,8,2000000,,,,,,,,,,
5291,s==21|648_Sự kiện Tư Mã Ý 2,1,9,6480,2,1231,60,2,1527,5,2,1006,4000,,,,,,,,,,
5292,s==21|648_Sự kiện Tư Mã Ý 2,1,9,6480,2,1231,60,2,1012,500,2,1006,4000,,,,,,,,,,
5293,s==21|648_Sự kiện Tư Mã Ý 2,1,9,6480,2,1231,60,1,8,2000000,2,1006,4000,,,,,,,,,,
5295,s==32|198_ Gói Quà Tinh Luyện Trang Bị,1,9,1980,2,1228,5,2,1230,25,2,1003,20,,,,,,,,,,
5296,s==32|648_ Gói Quà Tinh Luyện Trang Bị,1,9,6480,2,1229,8,2,1230,40,2,1003,40,,,,,,,,,,
5297,s==36|Lễ Vật Tinh Luyện Trang Bị Tuyệt Bản,1,9,1280,2,1228,10,2,1230,50,1,8,10000000,,,,,,,,,,
5298,s==37|Lễ Vật Tinh Luyện Trang Bị Tối Thượng,1,9,6480,2,1227,1,2,1229,7,2,1230,50,,,,,,,,,,
5299,s==37|Lễ Vật Tinh Luyện Trang Bị Tối Thượng,1,9,6480,2,1227,2,2,1229,4,2,1230,50,,,,,,,,,,
5300,s==28|0_Hợp Phục Cuồng Hoan Lễ Bao,1,9,10,2,1248,1,1,8,50000,2,1006,50,,,,,,,,,,
5301,s==29|30_Hợp Phục Cuồng Hoan Lễ Bao,1,9,300,2,1248,3,2,1003,4,2,1006,100,,,,,,,,,,
5302,s==29|68_Hợp Phục Cuồng Hoan Lễ Bao,1,9,680,2,1248,6,2,1003,10,2,1006,500,,,,,,,,,,
5303,s==30|128_Hợp Phục Cuồng Hoan Lễ Bao,1,9,1280,2,1248,10,2,1004,4,2,1006,1000,,,,,,,,,,
5304,s==30|328_Hợp Phục Cuồng Hoan Lễ Bao,1,9,3280,2,1248,30,2,1004,13,2,1006,2000,,,,,,,,,,
5305,s==30|648_Hợp Phục Cuồng Hoan Lễ Bao,1,9,6480,2,1248,60,2,1004,22,2,1006,4000,,,,,,,,,,
5306,s==30|648_Hợp Phục Cuồng Hoan Lễ Bao,1,9,6480,2,1248,60,2,1761,3,2,1006,4000,,,,,,,,,,
5307,s==30|648_Hợp Phục Cuồng Hoan Lễ Bao,1,9,6480,2,1248,60,1,8,2000000,2,1006,4000,,,,,,,,,,
5308,s==30|0_Hợp Phục Cuồng Hoan Lễ Bao 2,1,9,10,2,1248,1,1,8,50000,2,1006,50,,,,,,,,,,
5309,s==31|30_Hợp Phục Cuồng Hoan Lễ Bao 2,1,9,300,2,1248,3,2,1003,4,2,1006,100,,,,,,,,,,
5310,s==31|68_Hợp Phục Cuồng Hoan Lễ Bao 2,1,9,680,2,1248,6,2,1003,10,2,1006,500,,,,,,,,,,
5311,s==32|128_Hợp Phục Cuồng Hoan Lễ Bao 2,1,9,1280,2,1248,11,2,1004,4,2,1006,1000,,,,,,,,,,
5312,s==32|328_Hợp Phục Cuồng Hoan Lễ Bao 2,1,9,3280,2,1248,30,2,1527,2,2,1006,2000,,,,,,,,,,
5313,s==32|648_Hợp Phục Cuồng Hoan Lễ Bao 2,1,9,6480,2,1248,60,2,1527,5,2,1006,4000,,,,,,,,,,
5314,s==32|648_Hợp Phục Cuồng Hoan Lễ Bao 2,1,9,6480,2,1248,60,2,1761,3,2,1006,4000,,,,,,,,,,
5315,s==32|648_Hợp Phục Cuồng Hoan Lễ Bao 2,1,9,6480,2,1248,60,1,8,2000000,2,1006,4000,,,,,,,,,,
5320,s==19|30_Hợp Phục Hạn Mua,1,9,300,2,1003,20,2,1006,500,2,1249,10,,,,,,,,,,
5321,s==21|98_Hợp Phục Hạn Mua_1,1,9,980,2,1003,30,2,1006,1000,2,1249,20,,,,,,,,,,
5322,s==21|98_Hợp Phục Hạn Mua_2,1,9,980,2,1003,30,2,1006,1000,2,1249,20,,,,,,,,,,
5323,s==21|30_Hợp Phục Hạn Mua 2,1,9,300,2,1004,4,2,1003,10,2,1006,200,,,,,,,,,,
5324,s==21|98_Hợp Phục Hạn Mua 2,1,9,980,2,1004,8,2,1006,1000,2,1249,20,,,,,,,,,,
5325,s==22|128_Hợp Phục Hạn Mua 2,1,9,1280,2,1004,12,2,1006,2000,2,1249,30,,,,,,,,,,
5326,s==21|30_Hợp Phục Hạn Mua 3,1,9,300,2,1103,20,2,1104,5,2,1249,10,,,,,,,,,,
5327,s==21|98_Hợp Phục Hạn Mua 3,1,9,980,2,1761,1,2,1103,8,2,1249,20,,,,,,,,,,
5328,s==22|128_Hợp Phục Hạn Mua 3,1,9,1280,2,1761,1,2,1760,3,2,1249,30,,,,,,,,,,
5330,s==19|Hợp Phục KNB Lễ Bao,2,1104,4,2,1103,16,,,,,,,,,,,,,,,,
5331,s==24|328_Thanh Xuân Đạp Thanh,1,9,3280,2,1218,30,2,1516,5,2,1006,2000,,,,,,,,,,
5332,s==26|328_Trung Xuân Đạp Thanh_2,1,9,3280,2,1218,30,2,1516,5,2,1006,2000,,,,,,,,,,
1394,s==27|Võ Tướng Phong Vương Lễ Bao,1,9,3280,2,6685,2,2,1004,5,2,1003,20,,,,,,,,,,
1395,s==29|Phong Vương Thăng Tinh Lễ Bao,1,9,6480,2,6685,3,2,1004,7,2,1003,30,,,,,,,,,,
1640,s==22|128_Gói Ưu Đãi Tháng 5,1,9,1280,2,1527,2,2,1516,2,1,8,1000000,,,,,,,,,,
1641,s==32|128_ Gói Quà Ưu Đãi Hàng Tháng 6,1,9,1280,2,1003,30,2,1006,500,1,8,1000000,,,,,,,,,,
1642,s==32|128_ Gói Quà Ưu Đãi Hàng Tháng 7,1,9,1280,2,1105,20,2,1006,2000,1,8,1000000,,,,,,,,,,
1643,s==32|128_ Gói Quà Ưu Đãi Hàng Tháng 8,1,9,1280,2,1229,5,2,1230,25,2,1006,2000,,,,,,,,,,
1644,s==22|328_Gói Ưu Đãi Tháng 7,1,9,3280,2,1227,1,1,8,1000000,2,1006,2000,,,,,,,,,,
1645,s==23|648_Gói Ưu Đãi Tháng 11,1,9,6480,2,14120,1,2,1115,3000,1,8,3000000,,,,,,,,,,
1646,s==22|198_Gói Ưu Đãi Tháng 1,1,9,1980,2,1004,3,2,1054,10,2,3008,50,,,,,,,,,,
5341,s==33|30_Thần Binh Mới Hoạt Động Lễ Bao,1,9,300,2,1253,4,2,1003,5,2,1001,500,,,,,,,,,,
5342,s==33|68_Thần Binh Mới Hoạt Động Lễ Bao,1,9,680,2,1253,10,2,1003,8,2,1001,500,,,,,,,,,,
5343,s==33|98_Thần Binh Mới Hoạt Động Lễ Bao,1,9,980,2,1253,20,2,1003,10,2,1006,1500,,,,,,,,,,
5344,s==34|198_Thần Binh Mới Hoạt Động Lễ Bao,1,9,1980,2,1253,36,2,1003,20,2,1001,3000,,,,,,,,,,
5345,s==34|198_Thần Binh Mới Hoạt Động Lễ Bao,1,9,1980,2,1253,30,2,1004,5,2,1006,3000,,,,,,,,,,
5346,s==34|328_Thần Binh Mới Hoạt Động Lễ Bao,1,9,3280,2,1253,60,2,2097,2,2,1017,100,,,,,,,,,,
5347,s==34|648_Thần Binh Mới Hoạt Động Lễ Bao,1,9,6480,2,1253,118,2,2097,4,2,1018,40,,,,,,,,,,
5351,s==35|30_Thần Binh Mới Hoạt Động Lễ Bao 2,1,9,300,2,1254,4,2,1003,5,2,1001,500,,,,,,,,,,
5352,s==35|68_Thần Binh Mới Hoạt Động Lễ Bao 2,1,9,680,2,1254,10,2,1003,8,2,1001,500,,,,,,,,,,
5353,s==35|98_Thần Binh Mới Hoạt Động Lễ Bao 2,1,9,980,2,1254,20,2,1003,10,2,1006,1500,,,,,,,,,,
5354,s==36|198_Thần Binh Mới Hoạt Động Lễ Bao 2,1,9,1980,2,1254,36,2,1036,50,2,1037,12,,,,,,,,,,
5355,s==36|198_Thần Binh Mới Hoạt Động Lễ Bao 2,1,9,1980,2,1254,30,2,1004,5,2,1006,3000,,,,,,,,,,
5356,s==36|328_Thần Binh Mới Hoạt Động Lễ Bao 2,1,9,3280,2,1254,60,2,1761,1,2,1036,100,,,,,,,,,,
5357,s==36|648_Thần Binh Mới Hoạt Động Lễ Bao 2,1,9,6480,2,1254,118,2,1761,2,2,1037,60,,,,,,,,,,
5358,s==29|648_Sự Kiện Du Viên Kinh Mộng,1,9,6480,2,1198,60,2,1004,22,2,1006,4000,,,,,,,,,,
5359,s==29|648_Sự Kiện Du Viên Kinh Mộng,1,9,6480,2,1198,60,2,1527,3,2,1006,4000,,,,,,,,,,
5360,s==32|128_Dạo Viên Kinh Mộng Hoạt Động,1,9,1280,2,1198,10,2,1105,10,2,1006,1000,,,,,,,,,,
5361,s==29|648_Sự Kiện Du Viên Kinh Mộng,1,9,6480,2,1198,60,1,8,2000000,2,1006,4000,,,,,,,,,,
5362,s==29|0_Sự Kiện Du Viên Kinh Mộng 2,1,9,10,2,1198,1,1,8,50000,2,1027,10,,,,,,,,,,
5363,s==30|30_Sự Kiện Du Viên Kinh Mộng 2,1,9,300,2,1198,3,2,1003,4,2,1027,50,,,,,,,,,,
5364,s==30|68_Sự Kiện Du Viên Kinh Mộng 2,1,9,680,2,1198,6,2,1003,10,2,1027,100,,,,,,,,,,
5365,s==31|128_Sự Kiện Du Viên Kinh Mộng 2,1,9,1280,2,1198,11,2,1004,4,2,1006,1000,,,,,,,,,,
5366,s==31|328_Sự Kiện Du Viên Kinh Mộng 2,1,9,3280,2,1198,30,2,1004,13,2,1006,2000,,,,,,,,,,
5367,s==31|328_Sự Kiện Du Viên Kinh Mộng 2,1,9,3280,2,1198,30,2,1516,5,2,1006,2000,,,,,,,,,,
5368,s==31|648_Sự Kiện Du Viên Kinh Mộng 2,1,9,6480,2,1198,60,2,1527,5,2,1006,4000,,,,,,,,,,
5369,s==31|648_Sự Kiện Du Viên Kinh Mộng 2,1,9,6480,2,1198,60,2,1056,280,2,1006,4000,,,,,,,,,,
5370,s==31|128_Sự Kiện Du Viên Kinh Mộng 2,1,9,1280,2,1198,10,2,1105,10,2,1006,1000,,,,,,,,,,
5371,s==31|648_Sự Kiện Du Viên Kinh Mộng 2,1,9,6480,2,1198,60,1,8,2000000,2,1006,4000,,,,,,,,,,
5372,s==30|Tích Lũy Ký Danh 1 Ngày Lễ Bao,2,1001,500,2,1003,3,,,,,,,,,,,,,,,,
5373,s==30|Tích Lũy Ký Danh 2 Ngày Lễ Bao,2,1006,500,2,1005,10,,,,,,,,,,,,,,,,
5374,s==30|Tích Lũy Ký Danh 3 Ngày Lễ Bao,2,1007,10,1,8,1000000,,,,,,,,,,,,,,,,
5375,s==30|Tích Lũy Ký Danh 4 Ngày Lễ Bao,2,1006,1000,2,1003,2,,,,,,,,,,,,,,,,
5376,s==30|Tích Lũy Ký Danh 5 Ngày Lễ Bao,2,1004,1,1,9,200,,,,,,,,,,,,,,,,
5377,s==30|Tích Lũy Ký Danh 6 Ngày Lễ Bao,2,1007,10,1,10,100000,,,,,,,,,,,,,,,,
5378,s==30|Tích Lũy Ký Danh 7 Ngày Lễ Bao,2,1004,2,2,1014,5,,,,,,,,,,,,,,,,
5379,s==23|Lục Chuyển Đại R Lễ Bao,2,2116,1,2,1014,2,2,1516,1,,,,,,,,,,,,,
5380,s==25|Hoàng Chuyển Đại R Lễ Bao,2,2116,2,2,1014,5,2,1516,2,,,,,,,,,,,,,
5381,s==18|Quần Hùng Lễ Bao_3,1,9,120,2,1003,1,2,1036,5,2,1006,80,,,,,,,,,,
5382,s==17|Quý Nhất Lễ Bao_3,2,1400,1,1,9,240,2,1003,2,2,1036,10,2,1006,250,,,,,,,
5383,s==16|Quý Nhị Lễ Bao_3,2,1400,3,1,9,600,2,1003,3,2,1036,20,2,1006,500,,,,,,,
5384,s==16|Quý Tam Lễ Bao_3,2,1400,6,1,9,1360,2,1003,6,2,1036,40,2,1006,1200,,,,,,,
5385,s==18|Quần Hùng Lễ Bao_4,1,9,120,2,1003,1,2,1115,200,2,1006,80,,,,,,,,,,
5386,s==17|Quý Nhất Lễ Bao_4,2,1400,1,1,9,240,2,1003,2,2,1115,500,2,1006,250,,,,,,,
5387,s==16|Quý Nhị Lễ Bao_4,2,1400,3,1,9,600,2,1003,3,2,1115,1000,2,1006,500,,,,,,,
5388,s==16|Quý Tam Lễ Bao_4,2,1400,6,1,9,1360,2,1003,6,2,1115,2000,2,1006,1200,,,,,,,
5400,s==30|0_Đãi Binh Luyện Đội Hoạt Động,1,9,10,2,1255,1,1,8,50000,2,1006,50,,,,,,,,,,
5401,s==31|30_Đãi Binh Luyện Đội Hoạt Động,1,9,300,2,1255,3,2,1003,4,2,1256,1,,,,,,,,,,
5402,s==31|68_Đãi Binh Luyện Đội Hoạt Động,1,9,680,2,1255,6,2,1003,10,2,1256,2,,,,,,,,,,
5403,s==32|128_Đãi Binh Luyện Đội Hoạt Động,1,9,1280,2,1255,10,2,1004,4,2,1256,4,,,,,,,,,,
5404,s==32|328_Đãi Binh Luyện Đội Hoạt Động,1,9,3280,2,1255,30,2,1004,13,2,1006,2000,,,,,,,,,,
5405,s==32|328_Đãi Binh Luyện Đội Hoạt Động,1,9,3280,2,1255,30,2,1516,5,2,1006,2000,,,,,,,,,,
5406,s==32|648_Đãi Binh Luyện Đội Hoạt Động,1,9,6480,2,1255,60,2,1004,22,2,1006,4000,,,,,,,,,,
5407,s==32|648_Đãi Binh Luyện Đội Hoạt Động,1,9,6480,2,1255,60,2,1527,3,2,1006,4000,,,,,,,,,,
5408,s==32|128_Đãi Binh Luyện Đội Hoạt Động,1,9,1280,2,1255,10,2,1105,10,2,1006,800,,,,,,,,,,
5409,s==32|648_Đãi Binh Luyện Đội Hoạt Động,1,9,6480,2,1255,60,1,8,2000000,2,1006,4000,,,,,,,,,,
5410,s==36|0_Truyền Luyện Binh Đoàn Hoạt Động 2,1,9,10,2,1255,1,1,8,50000,2,1006,50,,,,,,,,,,
5411,s==37|30_Truyền Luyện Binh Đoàn Hoạt Động 2,1,9,300,2,1255,3,2,1003,4,2,1256,1,,,,,,,,,,
5412,s==37|68_Truyền Luyện Binh Đoàn Hoạt Động 2,1,9,680,2,1255,6,2,1003,10,2,1256,2,,,,,,,,,,
5413,s==38|128_Truyền Luyện Binh Đoàn Hoạt Động 2,1,9,1280,2,1255,11,2,1004,4,2,1256,4,,,,,,,,,,
5414,s==38|328_Truyền Luyện Binh Đoàn Hoạt Động 2,1,9,3280,2,1255,30,2,1004,13,2,1006,2000,,,,,,,,,,
5415,s==38|328_Truyền Luyện Binh Đoàn Hoạt Động 2,1,9,3280,2,1255,30,2,1516,5,2,1006,2000,,,,,,,,,,
5416,s==38|648_Truyền Luyện Binh Đoàn Hoạt Động 2,1,9,6480,2,1255,60,2,1527,5,2,1006,4000,,,,,,,,,,
5417,s==38|648_Truyền Luyện Binh Đoàn Hoạt Động 2,1,9,6480,2,1255,60,2,1056,280,2,1006,4000,,,,,,,,,,
5418,s==38|128_Truyền Luyện Binh Đoàn Hoạt Động 2,1,9,1280,2,1255,10,2,1105,10,2,1006,800,,,,,,,,,,
5419,s==38|648_Truyền Luyện Binh Đoàn Hoạt Động 2,1,9,6480,2,1255,60,1,8,2000000,2,1006,4000,,,,,,,,,,
5440,s==25|Lần Đầu Nạp Tiền Lễ Bao 1,2,1105,80,2,1006,5000,1,8,3000000,,,,,,,,,,,,,
5441,s==25|Lần Đầu Nạp Tiền Lễ Bao 2,2,1105,160,2,1006,10000,2,1020,20,,,,,,,,,,,,,
5442,s==25|Lần Đầu Nạp Tiền Lễ Bao 3,2,1960,2,2,1009,60,2,1010,50,,,,,,,,,,,,,
5443,s==25|Lần Đầu Nạp Tiền Lễ Bao 4,2,5137,1,2,1006,10000,2,1105,20,,,,,,,,,,,,,
5444,s==25|Lần Đầu Nạp Tiền Lễ Bao 5,2,2149,1,2,1030,120,2,1029,80,,,,,,,,,,,,,
5445,s==29|Phi Lần Đầu Nạp Tiền Lễ Bao 1,2,1105,40,2,1006,5000,2,1003,50,,,,,,,,,,,,,
5446,s==29|Phi Lần Đầu Nạp Tiền Lễ Bao 2,2,1105,80,2,1006,10000,2,1003,100,,,,,,,,,,,,,
5447,s==29|Phi Lần Đầu Nạp Tiền Lễ Bao 3,2,1475,6,2,1009,25,2,1010,50,,,,,,,,,,,,,
5448,s==29|Phi Lần Đầu Nạp Tiền Lễ Bao 4,2,2088,2,2,1006,30000,2,1105,30,,,,,,,,,,,,,
5449,s==29|Phi Lần Đầu Nạp Tiền Lễ Bao 5,2,2128,2,2,1030,60,2,1029,120,,,,,,,,,,,,,
5450,s==32|Gói Quà Miễn Phí Chung Hoạt Động,1,9,10,2,1001,50,2,1007,1,,,,,,,,,,,,,
5451,s==28|Lễ Bao Hoạt Động Đồng Ngạc 1,1,9,300,2,6691,10,2,1078,50,2,1006,500,,,,,,,,,,
5452,s==28|Lễ Bao Hoạt Động Đồng Ngạc 2,1,9,680,2,6691,20,2,1078,100,2,1006,1500,,,,,,,,,,
5453,s==28|Lễ Bao Hoạt Động Đồng Ngạc 3,1,9,980,2,6691,30,2,1078,500,1,8,68880000,,,,,,,,,,
5454,s==28|Lễ Bao Hoạt Động Đồng Ngạc 4,1,9,1280,2,6691,40,2,1082,40,2,1006,2000,,,,,,,,,,
5455,s==28|Lễ Bao Hoạt Động Đồng Ngạc 5,1,9,1280,2,6691,40,2,1081,10,2,1006,2000,,,,,,,,,,
5456,s==29|Gói Quà Hoạt Động Đồng Ngạc 6,1,9,3280,2,6691,100,2,1082,80,2,1006,3000,,,,,,,,,,
5457,s==29|Gói Quà Hoạt Động Đồng Ngạc 7,1,9,3280,2,6691,100,2,1081,20,2,1006,3000,,,,,,,,,,
5458,s==29|Gói Quà Hoạt Động Đồng Ngạc 8,1,9,6480,2,6691,200,2,1080,80,2,1006,3000,,,,,,,,,,
5420,s==23|Lễ Bao Bất Ngờ Dịp Hội②,2,1004,1,2,1014,2,2,1255,3,,,,,,,,,,,,,
5421,s==24|Lễ Bao Quý Hiếm Dịp Hội②,2,1004,1,2,1014,2,2,1255,6,,,,,,,,,,,,,
5422,s==36|198-Giới Hạn Mua Sắm Thương Thành-90,1,9,1980,2,1527,10,2,1004,5,2,800200,200,,,,,,,,,,
5423,s==37|198-Giới Hạn Mua Sắm Thương Thành-120,1,9,1980,2,1527,10,2,1004,5,2,1115,2000,,,,,,,,,,
5435,s==37|198-Giới Hạn Mua Sắm Thương Thành-150,1,9,1980,2,1527,10,2,1004,5,2,50051,200,,,,,,,,,,
5436,s==37|198-Giới Hạn Mua Sắm Thương Thành-199,1,9,1980,2,1527,10,2,1004,5,2,50051,200,,,,,,,,,,
5437,s==38|198-Giới Hạn Mua Sắm Thương Thành-9999,1,9,1980,2,1527,10,2,1004,5,2,50051,200,,,,,,,,,,
5424,s==14|Lễ Bao Ngọc Tỷ,1,9,680,2,1258,6,2,1006,550,2,1003,8,,,,,,,,,,
5425,s==20|Lễ Bao Thiên Mệnh Kỹ,1,9,980,2,5427,20,2,1006,800,2,1003,11,,,,,,,,,,
5426,s==21|Lễ Bao Đột Phá Cấp Độ,1,9,980,2,1257,20,2,1006,800,2,1003,11,,,,,,,,,,
5463,s==34|Gói Quà Thám Bảo Càn Khôn 0 Nguyên,1,9,10,2,1187,1,1,8,50000,2,1006,50,,,,,,,,,,
5464,s==34|Gói Quà Thám Bảo Càn Khôn 6 Nguyên,1,9,120,2,1187,1,2,1003,5,2,1006,50,,,,,,,,,,
5465,s==35|Gói Quà Thám Bảo Càn Khôn 30 Nguyên,1,9,450,2,1187,5,2,1003,15,2,1001,200,,,,,,,,,,
5466,s==35|Gói Quà Thám Bảo Càn Khôn 30 Nguyên,1,9,300,2,1187,6,2,1003,8,2,1001,200,,,,,,,,,,
5467,s==35|Gói Quà Thám Bảo Càn Khôn 68 Nguyên,1,9,680,2,1187,10,2,1673,1,2,1001,300,,,,,,,,,,
5468,s==35|Gói Quà Thám Bảo Càn Khôn 68 Nguyên,1,9,680,2,1187,10,2,1004,4,2,1001,300,,,,,,,,,,
5469,s==36|Gói Quà Thám Bảo Càn Khôn 128 Nguyên,1,9,1280,2,1187,20,2,1761,1,2,1516,2,,,,,,,,,,
5470,s==36|Gói Quà Thám Bảo Càn Khôn 328 Nguyên,1,9,3280,2,1187,50,2,1761,3,2,1516,4,,,,,,,,,,
5471,s==36|Gói Quà Thám Bảo Càn Khôn 648 Nguyên,1,9,6480,2,1187,120,2,2097,12,2,1006,4000,,,,,,,,,,
5472,s==36|Gói Quà Thám Bảo Càn Khôn 648 Nguyên,1,9,6480,2,1187,100,1,8,2000000,2,1006,4000,,,,,,,,,,
5473,s==34|Gói Quà Thám Bảo Càn Khôn 0 Nguyên,1,9,10,2,1187,1,1,8,50000,2,1006,50,,,,,,,,,,
5474,s==34|Gói Quà Thám Bảo Càn Khôn 6 Nguyên,1,9,120,2,1187,1,2,1003,5,2,1029,10,,,,,,,,,,
5475,s==35|Gói Quà Thám Bảo Càn Khôn 30 Nguyên,1,9,600,2,1187,5,2,1003,15,2,1029,20,,,,,,,,,,
5476,s==35|Gói Quà Thám Bảo Càn Khôn 30 Nguyên,1,9,300,2,1187,6,2,1003,8,2,1029,20,,,,,,,,,,
5477,s==35|Gói Quà Thám Bảo Càn Khôn 68 Nguyên,1,9,680,2,1187,10,2,1761,1,2,1029,40,,,,,,,,,,
5478,s==35|Gói Quà Thám Bảo Càn Khôn 68 Nguyên,1,9,680,2,1187,10,2,1004,4,2,1029,40,,,,,,,,,,
5479,s==36|Gói Quà Thám Bảo Càn Khôn 128 Nguyên,1,9,1280,2,1187,20,2,2097,5,2,1516,2,,,,,,,,,,
5480,s==36|Gói Quà Thám Bảo Càn Khôn 328 Nguyên,1,9,3280,2,1187,50,2,2097,8,2,1516,4,,,,,,,,,,
5481,s==36|Gói Quà Thám Bảo Càn Khôn 648 Nguyên,1,9,6480,2,1187,120,2,1509,15,2,1527,3,,,,,,,,,,
5482,s==36|Gói Quà Thám Bảo Càn Khôn 648 Nguyên,1,9,6480,2,1187,100,1,8,2000000,2,1006,4000,,,,,,,,,,
5483,s==34|Gói Quà Thám Bảo Càn Khôn 0 Nguyên,1,9,10,2,1187,1,1,8,50000,2,1006,50,,,,,,,,,,
5484,s==34|Gói Quà Thám Bảo Càn Khôn 6 Nguyên,1,9,120,2,1187,1,2,1003,5,2,1029,10,,,,,,,,,,
5485,s==35|Gói Quà Thám Bảo Càn Khôn 30 Nguyên,1,9,600,2,1187,5,2,1003,15,2,1029,20,,,,,,,,,,
5486,s==35|Gói Quà Thám Bảo Càn Khôn 30 Nguyên,1,9,300,2,1187,6,2,1003,8,2,1029,20,,,,,,,,,,
5487,s==35|Gói Quà Thám Bảo Càn Khôn 68 Nguyên,1,9,680,2,1187,10,2,1761,1,2,1029,40,,,,,,,,,,
5488,s==35|Gói Quà Thám Bảo Càn Khôn 68 Nguyên,1,9,680,2,1187,10,2,1004,4,2,1029,40,,,,,,,,,,
5489,s==36|Gói Quà Thám Bảo Càn Khôn 128 Nguyên,1,9,1280,2,1187,20,2,1509,5,2,1516,2,,,,,,,,,,
5490,s==36|Gói Quà Thám Bảo Càn Khôn 328 Nguyên,1,9,3280,2,1187,50,2,71002,30,2,1516,4,,,,,,,,,,
5491,s==36|Gói Quà Thám Bảo Càn Khôn 648 Nguyên,1,9,6480,2,1187,120,2,71002,80,2,1527,3,,,,,,,,,,
5492,s==36|Gói Quà Thám Bảo Càn Khôn 648 Nguyên,1,9,6480,2,1187,100,1,8,2000000,2,1006,4000,,,,,,,,,,
6694,s==34|Gói Quà Tích Nạp Trọn Đời 1000 KNB,2,1527,10,2,1105,20,,,,,,,,,,,,,,,,
6695,s==34|Gói Quà Tích Nạp Trọn Đời 5000 KNB,2,2088,3,1,8,6888000,,,,,,,,,,,,,,,,
6696,s==35|Gói Quà Tích Nạp Trọn Đời 2 Vạn KNB,2,6674,1,,,,,,,,,,,,,,,,,,,
6697,s==35|Gói Quà Tích Nạp Trọn Đời 5 Vạn KNB,2,6674,1,2,1527,10,2,1516,20,,,,,,,,,,,,,
6698,s==36|Gói Quà Tích Nạp Trọn Đời 10 Vạn KNB,2,6675,1,2,6674,1,2,1527,10,2,1516,20,2,1105,100,,,,,,,
6699,s==36|Gói Quà Tích Nạp Trọn Đời 20 Vạn KNB,2,6675,1,2,6674,1,2,1527,10,2,1516,20,2,1105,100,,,,,,,
6700,s==47|Gói Quà Hoàn Trả Tích Nạp Trong Ngày 1000 KNB 1,2,1004,4,2,1003,6,2,1001,1000,,,,,,,,,,,,,
6701,s==47|Gói Quà Hoàn Trả Tích Nạp Trong Ngày 1000 KNB 2,2,5095,1,2,1003,6,2,1001,1000,,,,,,,,,,,,,
6702,s==47|Gói Quà Hoàn Trả Tích Nạp Trong Ngày 1000 KNB 3,2,1105,7,2,1006,2000,1,8,3000000,,,,,,,,,,,,,
6703,s==47|Gói Quà Hoàn Trả Tích Nạp Trong Ngày 1000 KNB 4,2,1761,1,2,1036,10,2,1037,10,,,,,,,,,,,,,
6704,s==47|Gói Quà Hoàn Trả Tích Nạp Trong Ngày 3000 KNB 1,2,1475,1,2,1010,30,2,1009,20,,,,,,,,,,,,,
6705,s==47|Gói Quà Hoàn Trả Tích Nạp Trong Ngày 3000 KNB 2,2,5095,2,2,1003,30,2,1001,3000,,,,,,,,,,,,,
6706,s==47|Gói Quà Hoàn Trả Tích Nạp Trong Ngày 3000 KNB 3,2,1105,13,2,1006,3000,2,1020,20,,,,,,,,,,,,,
6707,s==47|Gói Quà Hoàn Trả Tích Nạp Trong Ngày 3000 KNB 4,2,1468,1,2,1029,30,2,1030,20,,,,,,,,,,,,,
6708,s==47|Gói Quà Hoàn Trả Tích Nạp Trong Ngày 5000 KNB 1,2,1004,20,2,1003,50,2,1001,5000,,,,,,,,,,,,,
6709,s==47|Gói Quà Hoàn Trả Tích Nạp Trong Ngày 5000 KNB 2,2,1530,1,2,1105,20,2,1006,5000,,,,,,,,,,,,,
6710,s==47|Gói Quà Hoàn Trả Tích Nạp Trong Ngày 5000 KNB 3,2,1468,2,2,1029,50,2,1030,25,,,,,,,,,,,,,
6711,s==47|Gói Quà Hoàn Trả Tích Nạp Trong Ngày 5000 KNB 4,2,1475,2,2,1010,50,2,1009,25,,,,,,,,,,,,,
6712,s==48|Gói Quà Hoàn Trả Tích Nạp Trong Ngày 1 Vạn KNB 1,2,1530,2,2,1003,80,2,1004,10,,,,,,,,,,,,,
6713,s==48|Gói Quà Hoàn Trả Tích Nạp Trong Ngày 1 Vạn KNB 2,2,1177,1,2,1105,40,2,1006,10000,,,,,,,,,,,,,
6714,s==48|Gói Quà Hoàn Trả Tích Nạp Trong Ngày 1 Vạn KNB 3,2,1222,1,2,1029,80,2,1030,40,,,,,,,,,,,,,
6715,s==48|Gói Quà Hoàn Trả Tích Nạp Trong Ngày 1 Vạn KNB 4,2,2088,1,2,1036,80,2,1037,40,,,,,,,,,,,,,
6716,s==48|Gói Quà Hoàn Trả Tích Nạp Trong Ngày 1 Vạn KNB 5,2,1227,2,2,1230,100,2,1228,20,,,,,,,,,,,,,
6717,s==48|Gói Quà Hoàn Trả Tích Nạp Trong Ngày 2 Vạn KNB 1,2,1530,4,2,1056,400,2,1004,25,,,,,,,,,,,,,
6718,s==48|Gói Quà Hoàn Trả Tích Nạp Trong Ngày 2 Vạn KNB 2,2,1070,1,2,1509,4,2,1057,20,,,,,,,,,,,,,
6719,s==48|Gói Quà Hoàn Trả Tích Nạp Trong Ngày 2 Vạn KNB 3,2,1211,1,2,1049,80,2,1051,30,,,,,,,,,,,,,
6720,s==48|Gói Quà Hoàn Trả Tích Nạp Trong Ngày 2 Vạn KNB 4,2,2149,1,2,1029,120,2,1030,60,,,,,,,,,,,,,
6721,s==48|Gói Quà Hoàn Trả Tích Nạp Trong Ngày 2 Vạn KNB 5,2,5137,1,2,1036,120,2,1037,60,,,,,,,,,,,,,
6726,s==46|Gói Quà Hoàn Trả Tích Nạp Trong Ngày 500 KNB 1,2,1004,2,2,1003,3,1,8,1000000,,,,,,,,,,,,,
6727,s==46|Gói Quà Hoàn Trả Tích Nạp Trong Ngày 500 KNB 2,2,3008,100,2,1001,500,1,8,1000000,,,,,,,,,,,,,
6728,s==46|Gói Quà Hoàn Trả Tích Nạp Trong Ngày 500 KNB 3,2,2162,1,2,1006,1000,1,8,1000000,,,,,,,,,,,,,
6729,s==46|Gói Quà Hoàn Trả Tích Nạp Trong Ngày 500 KNB 4,2,1760,2,2,1104,3,1,8,1000000,,,,,,,,,,,,,
6742,s==24|0_Thần Mã Siêu Hoạt Động,1,9,10,2,6740,1,1,8,50000,2,1027,10,,,,,,,,,,
6743,s==25|30_Thần Mã Siêu Hoạt Động,1,9,300,2,6740,3,2,1003,4,2,1027,50,,,,,,,,,,
6744,s==25|68_Thần Mã Siêu Hoạt Động,1,9,680,2,6740,6,2,1003,10,2,1027,100,,,,,,,,,,
6745,s==26|128_Thần Mã Siêu Hoạt Động,1,9,1280,2,6740,10,2,1004,4,2,1006,1000,,,,,,,,,,
6746,s==26|128_Thần Mã Siêu Hoạt Động,1,9,1280,2,6740,10,2,1105,10,2,1006,800,,,,,,,,,,
6747,s==26|328_Thần Mã Siêu Hoạt Động,1,9,3280,2,6740,30,2,1004,13,2,1006,2000,,,,,,,,,,
6748,s==26|328_Thần Mã Siêu Hoạt Động,1,9,3280,2,6740,30,2,1516,5,2,1006,2000,,,,,,,,,,
6749,s==26|648_Thần Mã Siêu Hoạt Động,1,9,6480,2,6740,60,2,1004,22,2,1006,4000,,,,,,,,,,
6750,s==26|648_Thần Mã Siêu Hoạt Động,1,9,6480,2,6740,60,2,1527,3,2,1006,4000,,,,,,,,,,
6751,s==26|648_Thần Mã Siêu Hoạt Động,1,9,6480,2,6740,60,1,8,2000000,2,1006,4000,,,,,,,,,,
6752,s==26|0_Thần Mã Siêu Hoạt Động 2,1,9,10,2,6740,1,1,8,50000,2,1027,10,,,,,,,,,,
6753,s==27|30_Thần Mã Siêu Hoạt Động 2,1,9,300,2,6740,3,2,1003,4,2,1027,50,,,,,,,,,,
6754,s==27|68_Thần Mã Siêu Hoạt Động 2,1,9,680,2,6740,6,2,1003,10,2,1027,100,,,,,,,,,,
6755,s==28|128_Thần Mã Siêu Hoạt Động 2,1,9,1280,2,6740,11,2,1004,4,2,1006,1000,,,,,,,,,,
6756,s==28|128_Thần Mã Siêu Hoạt Động 2,1,9,1280,2,6740,10,2,1105,10,2,1006,800,,,,,,,,,,
6757,s==28|328_Thần Mã Siêu Hoạt Động 2,1,9,3280,2,6740,30,2,1004,13,2,1006,2000,,,,,,,,,,
6765,s==28|328_Thần Mã Siêu Hoạt Động 2,1,9,3280,2,6740,30,2,1516,5,2,1006,2000,,,,,,,,,,
6766,s==28|648_Thần Mã Siêu Hoạt Động 2,1,9,6480,2,6740,60,2,1527,5,2,1006,4000,,,,,,,,,,
6767,s==28|648_Thần Mã Siêu Hoạt Động 2,1,9,6480,2,6740,60,2,1056,280,2,1006,4000,,,,,,,,,,
6768,s==28|648_Thần Mã Siêu Hoạt Động 2,1,9,6480,2,6740,60,1,8,2000000,2,1006,4000,,,,,,,,,,
1652,s==40|Gói Quà Hướng Dẫn Đổi Mã Máy Chủ Đài Bắc,2,1003,5,2,1001,50,1,8,100000,,,,,,,,,,,,,
1653,s==16|Gói Quà Phúc Lợi,2,1001,200,2,1006,300,2,1007,3,,,,,,,,,,,,,
6774,s==30|0_Tống Tình Cửu Châu Hoạt Động,1,9,10,2,1267,1,1,8,50000,2,1278,5,,,,,,,,,,
6410,s==38|500 KNB - Tống Tình Cửu Châu Hoạt Động,2,1267,3,1,8,10000,1,8,10000,2,1006,100,,,,,,,,,,
6411,s==30|6_Tống Tình Cửu Châu Hoạt Động,1,9,60,2,1267,2,2,1003,2,2,1278,5,,,,,,,,,,
6775,s==31|30_Tống Tình Cửu Châu Hoạt Động,1,9,300,2,1267,3,2,1003,4,2,1278,15,,,,,,,,,,
6776,s==31|68_Tống Tình Cửu Châu Hoạt Động,1,9,680,2,1267,6,2,1003,10,2,1278,30,,,,,,,,,,
6777,s==32|128_Tống Tình Cửu Châu Hoạt Động,1,9,1280,2,1267,10,2,1004,4,2,1278,50,,,,,,,,,,
6782,s==32|128_Tống Tình Cửu Châu Hoạt Động,1,9,1280,2,1267,10,2,1105,10,2,1278,50,,,,,,,,,,
6778,s==32|328_Tống Tình Cửu Châu Hoạt Động,1,9,3280,2,1267,30,2,1004,13,2,1278,80,,,,,,,,,,
6779,s==32|328_Tống Tình Cửu Châu Hoạt Động,1,9,3280,2,1267,30,2,1516,5,2,1278,80,,,,,,,,,,
6780,s==32|648_Tống Tình Cửu Châu Hoạt Động,1,9,6480,2,1267,60,2,1004,22,2,1006,2000,,,,,,,,,,
6781,s==32|648_Tống Tình Cửu Châu Hoạt Động,1,9,6480,2,1267,60,2,1527,3,2,1006,4000,,,,,,,,,,
6783,s==32|648_Tống Tình Cửu Châu Hoạt Động,1,9,6480,2,1267,60,1,8,2000000,2,1006,4000,,,,,,,,,,
6784,s==32|0_Tống Tình Cửu Châu Hoạt Động 2,1,9,10,2,1267,1,1,8,50000,2,1278,5,,,,,,,,,,
6412,s==40|500 KNB - Tống Tình Cửu Châu Hoạt Động 2,2,1267,3,1,8,10000,1,8,10000,2,1006,100,,,,,,,,,,
6413,s==32|6_Tống Tình Cửu Châu Hoạt Động 2,1,9,60,2,1267,2,2,1003,2,2,1278,5,,,,,,,,,,
6785,s==33|30_Tống Tình Cửu Châu Hoạt Động 2,1,9,300,2,1267,3,2,1003,4,2,1278,15,,,,,,,,,,
6786,s==33|68_Tống Tình Cửu Châu Hoạt Động 2,1,9,680,2,1267,6,2,1003,10,2,1278,30,,,,,,,,,,
6787,s==34|128_Tống Tình Cửu Châu Hoạt Động 2,1,9,1280,2,1267,10,2,1004,4,2,1278,50,,,,,,,,,,
6792,s==34|128_Tống Tình Cửu Châu Hoạt Động 2,1,9,1280,2,1267,10,2,1105,10,2,1278,50,,,,,,,,,,
6788,s==34|328_Tống Tình Cửu Châu Hoạt Động 2,1,9,3280,2,1267,30,2,1004,13,2,1278,80,,,,,,,,,,
6789,s==34|328_Tống Tình Cửu Châu Hoạt Động 2,1,9,3280,2,1267,30,2,1516,5,2,1278,80,,,,,,,,,,
6790,s==34|648_Tống Tình Cửu Châu Hoạt Động 2,1,9,6480,2,1267,60,2,1527,5,2,1006,2000,,,,,,,,,,
6791,s==34|648_Tống Tình Cửu Châu Hoạt Động 2,1,9,6480,2,1267,60,2,1056,280,2,1006,4000,,,,,,,,,,
6793,s==34|648_Tống Tình Cửu Châu Hoạt Động 2,1,9,6480,2,1267,60,1,8,2000000,2,1006,4000,,,,,,,,,,
1268,s==25|Lễ Bao Bất Ngờ Dịp Lễ Hội,2,1003,10,2,1014,2,2,1267,3,,,,,,,,,,,,,
1269,s==26|Lễ Bao Quý Hiếm Dịp Lễ Hội,2,1004,3,2,1014,2,2,1267,6,2,1079,1,,,,,,,,,,
7200,s==29|5 Triệu Kinh Nghiệm Quần Hùng,1,2,5000000,,,,,,,,,,,,,,,,,,,
7201,s==30|10 Triệu Kinh Nghiệm Quần Hùng,1,2,10000000,,,,,,,,,,,,,,,,,,,
7202,s==31|100 Triệu Kinh Nghiệm Quần Hùng,1,2,100000000,,,,,,,,,,,,,,,,,,,
71011,s==42|Gói Quà Mua Trực Tiếp Biểu Tượng Hàng Tuần,1,9,1980,2,71007,1,2,71003,60,2,1003,20,,,,,,,,,,
71013,s==32|Lễ Quà Phù Văn Tuyệt Bản Hào Hoa,1,9,980,2,71002,25,2,71009,10,1,8,3000000,,,,,,,,,,
71014,s==35|Lễ Quà Phù Văn Tuyệt Bản Tối Thượng,1,9,1280,2,71002,55,2,71009,20,1,8,5000000,,,,,,,,,,
71015,s==32|Lễ Quà Tẩy Luyện Phù Văn Hào Hoa,1,9,1980,2,71007,2,2,71003,120,2,71010,10,,,,,,,,,,
71016,s==35|Lễ Quà Tẩy Luyện Phù Văn Tối Thượng,1,9,3280,2,71007,3,2,71003,180,2,71010,20,,,,,,,,,,
1654,s==41|Thẻ Truyền Kỳ·Hỏa Phượng Tôn Thượng Hương,2,23504,50,,,,,,,,,,,,,,,,,,,
1655,s==16|Lễ Bao Tán Dương,2,19597,1,2,1002,5,1,10,300000,,,,,,,,,,,,,
1656,s==24|Lễ Bao Binh Quý Thần Tốc,2,1002,5,2,1006,200,,,,,,,,,,,,,,,,
1657,s==22|Lễ Bao Lạc Bất Tư Thục,2,1002,5,2,1001,100,,,,,,,,,,,,,,,,
1658,s==24|Lễ Bao Tập Kết Đồng Minh,2,1002,5,2,1027,10,,,,,,,,,,,,,,,,
1659,s==29|Lễ Bao Đồng Minh Đồng Tâm Đại,2,1003,1,2,1027,50,,,,,,,,,,,,,,,,
1660,s==17|Lễ Bao Trứng Phục,2,1007,5,2,1027,10,,,,,,,,,,,,,,,,
1661,s==34|Lễ Bao Đồng Minh Nhì Hạng Ưu Thắng,2,30039,1,2,19837,1,2,24506,50,2,1014,10,2,1027,100,,,,,,,
1662,s==34|Lễ Bao Đồng Minh Tam Hạng Ưu Thắng,2,30039,1,2,19837,1,2,25507,50,2,1014,8,2,1027,50,,,,,,,
1663,s==46|Lễ Bao Đồng Minh Tứ Hạng Đến Lục Hạng Ưu Thắng,2,30039,1,2,19837,1,2,21505,50,2,1014,4,2,1027,30,,,,,,,
1664,s==49|Lễ Bao Đồng Minh Thất Hạng Đến Thập Hạng Ưu Thắng,2,30039,1,2,19837,1,2,21503,50,2,1014,2,2,1027,10,,,,,,,
1665,s==26|Lễ Bao Chuyên Dụng Tâm Như,2,30039,1,2,19837,1,,,,,,,,,,,,,,,,
1666,s==21|Lễ Bao Dự Ký 200 Ngàn,2,1002,1,1,1001,50,1,8,100000,,,,,,,,,,,,,
1667,s==21|Lễ Bao Dự Ký 500 Ngàn,2,1002,3,1,1001,50,1,8,100000,,,,,,,,,,,,,
1668,s==21|Lễ Bao Dự Ký 800 Ngàn,2,1005,2,1,1001,100,1,8,100000,,,,,,,,,,,,,
1669,s==29|Lễ Bao Dự Ký 1 Triệu 200 Ngàn,2,1003,1,1,1006,100,1,8,200000,,,,,,,,,,,,,
1670,s==29|Lễ Bao Dự Ký 1 Triệu 500 Ngàn,2,1003,2,1,1006,200,1,8,300000,,,,,,,,,,,,,
7210,s==47|Gói Quà Mua Trực Tiếp Trang Phục Quân Chủ (Nam),1,9,3280,2,13724,1,2,1527,1,2,1003,22,,,,,,,,,,
7211,s==46|Gói Quà Mua Trực Tiếp Trang Phục Quân Chủ (Nữ),1,9,3280,2,13725,1,2,1527,1,2,1003,22,,,,,,,,,,
4070,s==18|Lễ Bao Tương Tác ①,2,1007,2,1,8,188888,,,,,,,,,,,,,,,,
4071,s==18|Lễ Bao Tương Tác ②,2,1002,2,1,8,188888,,,,,,,,,,,,,,,,
4072,s==18|Lễ Bao Tương Tác ③,2,1005,4,1,8,50000,,,,,,,,,,,,,,,,
4073,s==18|Lễ Bao Tương Tác ④,2,1019,3,1,8,100000,,,,,,,,,,,,,,,,
4074,s==18|Lễ Bao Tương Tác ⑤,2,1012,5,1,8,188888,,,,,,,,,,,,,,,,
4075,s==18|Lễ Bao Chúc Phúc ①,2,1007,2,1,10,50000,,,,,,,,,,,,,,,,
4076,s==18|Lễ Bao Chúc Phúc ②,2,1002,2,1,10,50000,,,,,,,,,,,,,,,,
4077,s==18|Lễ Bao Chúc Phúc ③,2,1005,4,1,10,50000,,,,,,,,,,,,,,,,
4078,s==18|Lễ Bao Chúc Phúc ④,2,1019,3,1,10,50000,,,,,,,,,,,,,,,,
4079,s==18|Lễ Bao Chúc Phúc ⑤,2,1012,5,1,10,50000,,,,,,,,,,,,,,,,
4080,s==21|Lễ Bao Truyền Thống ①,2,1007,4,1,8,188888,,,,,,,,,,,,,,,,
4081,s==21|Lễ Bao Truyền Thống ②,2,1007,2,1,10,88888,,,,,,,,,,,,,,,,
4082,s==21|Lễ Bao Truyền Thống ③,2,1005,5,1,8,188888,,,,,,,,,,,,,,,,
4083,s==21|Lễ Bao Truyền Thống ④,2,1005,2,1,10,88888,,,,,,,,,,,,,,,,
4084,s==21|Lễ Bao Truyền Thống ⑤,2,1012,5,1,8,188888,,,,,,,,,,,,,,,,
4085,s==18|Lễ Bao Hảo Khánh ①,2,1001,50,1,10,10000,1,8,38888,,,,,,,,,,,,,
4086,s==18|Lễ Bao Hảo Khánh ②,2,1006,50,1,10,10000,1,8,38888,,,,,,,,,,,,,
4087,s==18|Lễ Bao Hảo Khánh ③,2,1019,2,1,10,10000,1,8,38888,,,,,,,,,,,,,
4088,s==18|Lễ Bao Hảo Khánh ④,2,1005,1,1,10,10000,1,8,38888,,,,,,,,,,,,,
4089,s==18|Lễ Bao Hảo Khánh ⑤,2,1002,1,1,10,10000,1,8,38888,,,,,,,,,,,,,
4090,s==25|Lễ Bao Chủ Đề Hoạt Động ①,2,1005,10,2,1001,50,1,10,5000,,,,,,,,,,,,,
4091,s==25|Lễ Bao Chủ Đề Hoạt Động ②,2,1019,5,2,1001,100,1,8,10000,,,,,,,,,,,,,
4092,s==25|Lễ Bao Chủ Đề Hoạt Động ③,2,1002,5,2,1001,50,1,8,10000,,,,,,,,,,,,,
4093,s==25|Lễ Bao Chủ Đề Hoạt Động ④,2,1002,5,2,1006,100,1,10,5000,,,,,,,,,,,,,
4094,s==25|Lễ Bao Chủ Đề Hoạt Động ⑤,2,1003,2,2,1001,50,1,8,10000,,,,,,,,,,,,,
4095,s==27|Trứng Phục Đếm Ngược 3 Ngày,2,3001,10,1,10,10000,1,8,38888,,,,,,,,,,,,,
4096,s==27|Trứng Phục Đếm Ngược 2 Ngày,2,1019,2,1,10,10000,1,8,38888,,,,,,,,,,,,,
4097,s==20|Trứng Phục Tải Trước,2,1002,2,1,10,10000,1,8,38888,,,,,,,,,,,,,
4098,s==17|Trứng Phục Ra Mắt,2,1003,1,2,1001,50,1,8,38888,,,,,,,,,,,,,
4099,s==17|Lễ Mừng Tròn Tuần,2,1005,5,2,1006,50,1,8,38888,,,,,,,,,,,,,
4100,s==17|Lễ Mừng Nửa Tháng,2,1002,3,2,1006,50,1,8,38888,,,,,,,,,,,,,
4101,s==17|Lễ Hội Trăng Tròn,2,1003,1,2,1006,50,1,8,38888,,,,,,,,,,,,,
4102,s==16|Lễ Bao Đại Tuyết,2,1003,1,2,1001,50,1,8,10000,,,,,,,,,,,,,
4103,s==15|Lễ Bao Đông Chí,1,9,88,2,1001,50,1,8,10000,,,,,,,,,,,,,
4104,s==13|Lễ Bao Cảm Ơn,2,1019,2,2,1001,50,1,8,10000,,,,,,,,,,,,,
4105,s==17|Lễ Bao Lạp Nguyệt,1,9,88,2,1006,100,1,10,10000,,,,,,,,,,,,,
4106,s==17|Lễ Bao Bình An Dạ,2,3001,10,2,1001,50,1,8,10000,,,,,,,,,,,,,
4107,s==17|Lễ Bao Nguyên Đán,1,9,188,2,1001,50,1,8,10000,,,,,,,,,,,,,
4108,s==19|Lễ Bao Lạp Bát Tiết,2,1002,5,2,1006,50,1,10,10000,,,,,,,,,,,,,
4109,s==16|Lễ Bao Thánh Đản,2,3001,30,2,1001,50,1,8,10000,,,,,,,,,,,,,
4110,s==14|Lễ Bao Vũ Thủy,1,9,88,2,1006,100,1,8,10000,,,,,,,,,,,,,
4111,s==17|Phúc Lợi Đại Lễ A,2,1001,50,2,1006,100,1,8,10000,,,,,,,,,,,,,
4112,s==28|Lễ Bao Tướng Kim Huyền Thoại,2,1007,2,1,10,50000,1,8,10000,,,,,,,,,,,,,
4113,s==16|Lễ Bao Bất Ngờ A,2,1005,2,1,10,50000,1,8,10000,,,,,,,,,,,,,
4114,s==16|Lễ Bao Bất Ngờ B,2,1012,5,1,10,50000,1,8,10000,,,,,,,,,,,,,
4115,s==16|Lễ Bao Bất Ngờ C,2,1019,3,1,10,50000,1,8,10000,,,,,,,,,,,,,
4116,s==20|Lễ Bao Mừng Lên Bảng,2,1007,3,2,1001,50,1,8,38888,,,,,,,,,,,,,
4117,s==22|Lễ Bao Mừng Giới Thiệu,2,1019,3,2,1001,50,1,8,38888,,,,,,,,,,,,,
4118,s==17|Phúc Lợi Đại Lễ B,1,9,88,2,1001,50,1,8,10000,,,,,,,,,,,,,
4119,s==26|Lễ Bao Phúc Lộc Phân Ban ①,2,1001,50,1,10,10000,1,8,38888,,,,,,,,,,,,,
4120,s==26|Lễ Bao Phúc Lộc Phân Ban ②,2,1006,50,1,10,10000,1,8,38888,,,,,,,,,,,,,
4121,s==26|Lễ Bao Phúc Lộc Phân Ban ③,2,1019,2,1,10,10000,1,8,38888,,,,,,,,,,,,,
4122,s==26|Lễ Bao Phúc Lộc Phân Ban ④,2,1005,1,1,10,10000,1,8,38888,,,,,,,,,,,,,
4123,s==26|Lễ Bao Phúc Lộc Phân Ban ⑤,2,1002,1,1,10,10000,1,8,38888,,,,,,,,,,,,,
4124,s==24|Thưởng Khi Gia Nhập LINE,2,1006,50,1,10,10000,1,8,38888,,,,,,,,,,,,,
4125,s==18|Phúc Lợi Kỳ Diệu ①,2,1006,50,1,8,38888,,,,,,,,,,,,,,,,
4126,s==18|Phúc Lợi Kỳ Diệu ②,2,1006,50,1,8,38888,,,,,,,,,,,,,,,,
4127,s==18|Phúc Lợi Kỳ Diệu ③,2,1006,50,1,8,38888,,,,,,,,,,,,,,,,
4128,s==34|Thưởng Khi Gia Nhập Thảo Luận Nhóm,2,1007,3,1,10,50000,1,8,38888,,,,,,,,,,,,,
4129,s==15|Phúc Lợi Ra Mắt,2,1005,5,1,10,10000,1,8,38888,,,,,,,,,,,,,
4130,s==17|Phúc Lợi Đầy Tuần,2,1006,50,1,10,10000,1,8,38888,,,,,,,,,,,,,
4131,s==18|Phúc Lợi Nửa Tháng,2,1002,1,1,10,10000,1,8,38888,,,,,,,,,,,,,
4132,s==18|Phúc Lợi Đầy Tháng,2,1005,1,1,10,10000,1,8,38888,,,,,,,,,,,,,
4133,s==25|Lễ Bao Chúc Tết Trung Thu,2,1007,2,1,10,10000,1,8,38888,,,,,,,,,,,,,
4134,s==26|Phúc Lợi Kỳ Nghỉ Liên Tiếp,2,3001,10,1,10,10000,1,8,38888,,,,,,,,,,,,,
4135,s==30|Lễ Bao Cảm Tạ Thảo Luận Nhóm ①,2,1001,50,1,10,10000,1,8,38888,,,,,,,,,,,,,
4136,s==30|Lễ Bao Cảm Tạ Thảo Luận Nhóm ②,2,1006,50,1,10,10000,1,8,38888,,,,,,,,,,,,,
4137,s==30|Lễ Bao Cảm Tạ Thảo Luận Nhóm ③,2,1019,2,1,10,10000,1,8,38888,,,,,,,,,,,,,
4138,s==30|Lễ Bao Cảm Tạ Thảo Luận Nhóm ④,2,1005,1,1,10,10000,1,8,38888,,,,,,,,,,,,,
4139,s==30|Lễ Bao Cảm Tạ Thảo Luận Nhóm ⑤,2,1002,1,1,10,10000,1,8,38888,,,,,,,,,,,,,
4140,s==15|Lễ Bao Cảm Ơn ①,2,1001,50,1,10,10000,1,8,38888,,,,,,,,,,,,,
4141,s==15|Lễ Bao Cảm Ơn ②,2,1006,50,1,10,10000,1,8,38888,,,,,,,,,,,,,
4142,s==15|Lễ Bao Cảm Ơn ③,2,1019,2,1,10,10000,1,8,38888,,,,,,,,,,,,,
4143,s==15|Lễ Bao Cảm Ơn ④,2,1005,1,1,10,10000,1,8,38888,,,,,,,,,,,,,
4144,s==15|Lễ Bao Cảm Ơn ⑤,2,1002,1,1,10,10000,1,8,38888,,,,,,,,,,,,,
4145,s==25|Lễ Bao Phản Hồi Đại Quà ①,2,1007,2,1,10,50000,1,8,10000,,,,,,,,,,,,,
4146,s==25|Lễ Bao Phản Hồi Đại Quà ②,2,1002,2,1,10,50000,1,8,10000,,,,,,,,,,,,,
4147,s==25|Lễ Bao Phản Hồi Đại Quà ③,2,1005,4,1,10,50000,1,8,10000,,,,,,,,,,,,,
4148,s==25|Lễ Bao Phản Hồi Đại Quà ④,2,1019,3,1,10,50000,1,8,10000,,,,,,,,,,,,,
4149,s==25|Lễ Bao Phản Hồi Đại Quà ⑤,2,1012,5,1,10,50000,1,8,10000,,,,,,,,,,,,,
4150,s==19|Phúc Lợi Hảo Hạng ①,2,3001,30,2,1001,50,1,8,10000,,,,,,,,,,,,,
4151,s==19|Phúc Lợi Hảo Hạng ②,2,1006,250,1,10,10000,1,8,38888,,,,,,,,,,,,,
4152,s==19|Phúc Lợi Hảo Hạng ③,2,1005,10,2,1001,50,1,10,5000,,,,,,,,,,,,,
4153,s==19|Phúc Lợi Hảo Hạng ④,2,1019,5,2,1001,100,1,8,10000,,,,,,,,,,,,,
4154,s==19|Phúc Lợi Hảo Hạng ⑤,2,1002,5,2,1001,50,1,8,10000,,,,,,,,,,,,,
4155,s==33|Lễ Bao Riêng Dành Cho Quần Hùng ①,2,1007,2,1,8,10000,,,,,,,,,,,,,,,,
4156,s==33|Lễ Bao Riêng Dành Cho Quần Hùng ②,2,1002,2,1,8,10000,,,,,,,,,,,,,,,,
4157,s==33|Lễ Bao Riêng Dành Cho Quần Hùng ③,2,1005,4,1,8,10000,,,,,,,,,,,,,,,,
4158,s==33|Lễ Bao Riêng Dành Cho Quần Hùng ④,2,1019,3,1,8,10000,,,,,,,,,,,,,,,,
4159,s==33|Lễ Bao Riêng Dành Cho Quần Hùng ⑤,2,1012,5,1,8,10000,,,,,,,,,,,,,,,,
4160,s==33|Lễ Bao Riêng Dành Cho Quần Hùng ⑥,2,1007,2,1,8,10000,,,,,,,,,,,,,,,,
4161,s==33|Lễ Bao Riêng Dành Cho Quần Hùng ⑦,2,1002,2,1,8,10000,,,,,,,,,,,,,,,,
4162,s==33|Lễ Bao Riêng Dành Cho Quần Hùng ⑧,2,1005,4,1,8,10000,,,,,,,,,,,,,,,,
4163,s==33|Lễ Bao Riêng Dành Cho Quần Hùng ⑨,2,1019,3,1,8,10000,,,,,,,,,,,,,,,,
4164,s==33|Lễ Bao Riêng Dành Cho Quần Hùng ⑩,2,1012,5,1,8,10000,,,,,,,,,,,,,,,,
4165,s==29|Lễ Bao Yêu Thương Quần Hùng ①,2,1007,2,1,8,10000,,,,,,,,,,,,,,,,
4166,s==29|Lễ Bao Yêu Thương Quần Hùng ②,2,1002,2,1,8,10000,,,,,,,,,,,,,,,,
4167,s==29|Lễ Bao Yêu Thương Quần Hùng ③,2,1005,4,1,8,10000,,,,,,,,,,,,,,,,
4168,s==29|Lễ Bao Yêu Thương Quần Hùng ④,2,1019,3,1,8,10000,,,,,,,,,,,,,,,,
4169,s==29|Lễ Bao Yêu Thương Quần Hùng ⑤,2,1012,5,1,8,10000,,,,,,,,,,,,,,,,
4170,s==29|Lễ Bao Yêu Thương Quần Hùng ⑥,2,1007,2,1,8,10000,,,,,,,,,,,,,,,,
4171,s==29|Lễ Bao Yêu Thương Quần Hùng ⑦,2,1002,2,1,8,10000,,,,,,,,,,,,,,,,
4172,s==29|Lễ Bao Yêu Thương Quần Hùng ⑧,2,1005,4,1,8,10000,,,,,,,,,,,,,,,,
4173,s==29|Lễ Bao Yêu Thương Quần Hùng ⑨,2,1019,3,1,8,10000,,,,,,,,,,,,,,,,
4174,s==29|Lễ Bao Yêu Thương Quần Hùng ⑩,2,1012,5,1,8,10000,,,,,,,,,,,,,,,,
4175,s==27|Lễ Bao Phúc Lợi Quần Hùng ①,2,1007,2,1,8,10000,,,,,,,,,,,,,,,,
4176,s==27|Lễ Bao Phúc Lợi Quần Hùng ②,2,1002,2,1,8,10000,,,,,,,,,,,,,,,,
4177,s==27|Lễ Bao Phúc Lợi Quần Hùng ③,2,1005,4,1,8,10000,,,,,,,,,,,,,,,,
4178,s==27|Lễ Bao Phúc Lợi Quần Hùng ④,2,1019,3,1,8,10000,,,,,,,,,,,,,,,,
4179,s==27|Lễ Bao Phúc Lợi Quần Hùng ⑤,2,1012,5,1,8,10000,,,,,,,,,,,,,,,,
4180,s==27|Lễ Bao Phúc Lợi Quần Hùng ⑥,2,1007,2,1,8,10000,,,,,,,,,,,,,,,,
4181,s==23|Quà Tặng Phúc Lợi Fan ⑦,2,1002,2,1,8,10000,,,,,,,,,,,,,,,,
4182,s==23|Quà Tặng Phúc Lợi Fan ⑧,2,1005,4,1,8,10000,,,,,,,,,,,,,,,,
4183,s==23|Quà Tặng Phúc Lợi Fan ⑨,2,1019,3,1,8,10000,,,,,,,,,,,,,,,,
4184,s==23|Quà Tặng Phúc Lợi Fan ⑩,2,1012,5,1,8,10000,,,,,,,,,,,,,,,,
4185,s==16|Đại Lễ Kỳ Diệu ①,2,1001,50,1,8,10000,,,,,,,,,,,,,,,,
4186,s==16|Đại Lễ Kỳ Diệu ②,2,1001,50,1,10,5000,,,,,,,,,,,,,,,,
4187,s==19|Gói Quà Độc Quyền ①,2,1001,50,1,10,10000,1,8,38888,,,,,,,,,,,,,
4188,s==19|Gói Quà Độc Quyền ②,2,1001,50,1,10,10000,1,8,38888,,,,,,,,,,,,,
4189,s==19|Gói Quà Độc Quyền ③,2,1001,50,1,10,10000,1,8,38888,,,,,,,,,,,,,
4190,s==19|Gói Quà Độc Quyền ④,2,1001,50,1,10,10000,1,8,38888,,,,,,,,,,,,,
4191,s==17|Gói Quà Đặc Quyền,2,1001,50,2,1006,50,1,8,10000,,,,,,,,,,,,,
4192,s==29|Gói Quà Tình Nghĩa Riêng Biệt,2,30040,1,2,19598,1,2,19838,1,,,,,,,,,,,,,
4193,s==20|Quà Tặng Độc Quyền ①,2,1001,50,2,1006,50,1,8,10000,,,,,,,,,,,,,
4194,s==20|Quà Tặng Độc Quyền ②,2,1006,50,1,10,50000,1,8,10000,,,,,,,,,,,,,
4195,s==20|Quà Tặng Độc Quyền ③,2,1019,2,2,1006,50,1,8,10000,,,,,,,,,,,,,
4196,s==20|Quà Tặng Độc Quyền ④,2,1005,1,2,1006,50,1,8,10000,,,,,,,,,,,,,
4197,s==20|Quà Tặng Độc Quyền ⑤,2,1002,1,2,1006,50,1,8,10000,,,,,,,,,,,,,
4198,s==20|Quà Tặng Độc Quyền ⑥,2,1001,50,1,10,50000,1,8,38888,,,,,,,,,,,,,
4199,s==20|Quà Tặng Độc Quyền ⑦,2,1006,50,1,10,50000,1,8,38888,,,,,,,,,,,,,
4200,s==20|Quà Tặng Độc Quyền ⑧,2,1019,2,1,10,50000,1,8,38888,,,,,,,,,,,,,
4201,s==20|Quà Tặng Độc Quyền ⑨,2,1005,1,1,10,50000,1,8,38888,,,,,,,,,,,,,
4202,s==20|Quà Tặng Độc Quyền ⑩,2,1002,1,1,10,50000,1,8,38888,,,,,,,,,,,,,
4203,s==21|Quà Tặng Riêng Biệt ①,2,1007,2,1,10,50000,1,8,10000,,,,,,,,,,,,,
4204,s==21|Quà Tặng Riêng Biệt ②,2,1002,2,1,10,50000,1,8,10000,,,,,,,,,,,,,
4205,s==21|Quà Tặng Riêng Biệt ③,2,1005,4,1,10,50000,1,8,10000,,,,,,,,,,,,,
4206,s==21|Quà Tặng Riêng Biệt ④,2,1019,3,1,10,50000,1,8,10000,,,,,,,,,,,,,
4207,s==21|Quà Tặng Riêng Biệt ⑤,2,1012,5,1,10,50000,1,8,10000,,,,,,,,,,,,,
4208,s==21|Quà Tặng Riêng Biệt ⑥,2,1007,2,1,8,88888,1,10,10000,,,,,,,,,,,,,
4209,s==21|Quà Tặng Riêng Biệt ⑦,2,1002,2,1,8,88888,1,10,10000,,,,,,,,,,,,,
4210,s==21|Quà Tặng Riêng Biệt ⑧,2,1005,4,1,8,88888,1,10,10000,,,,,,,,,,,,,
4211,s==21|Quà Tặng Riêng Biệt ⑨,2,1019,3,1,8,88888,1,10,10000,,,,,,,,,,,,,
4212,s==21|Quà Tặng Riêng Biệt ⑩,2,1012,5,1,8,88888,1,10,10000,,,,,,,,,,,,,
4213,s==15|Lễ Bao Cảm Ơn ①,2,1007,2,1,10,50000,1,8,10000,,,,,,,,,,,,,
4214,s==15|Lễ Bao Cảm Ơn ②,2,1002,2,1,10,50000,1,8,10000,,,,,,,,,,,,,
4215,s==15|Lễ Bao Cảm Ơn ③,2,1005,4,1,10,50000,1,8,10000,,,,,,,,,,,,,
4216,s==15|Lễ Bao Cảm Ơn ④,2,1019,3,1,10,50000,1,8,10000,,,,,,,,,,,,,
4217,s==15|Lễ Bao Cảm Ơn ⑤,2,1012,5,1,10,50000,1,8,10000,,,,,,,,,,,,,
4218,s==16|Gói Quà Tri Ân ⑥,2,1007,2,1,8,88888,1,10,10000,,,,,,,,,,,,,
4219,s==16|Gói Quà Tri Ân ⑦,2,1002,2,1,8,88888,1,10,10000,,,,,,,,,,,,,
4220,s==16|Gói Quà Tri Ân ⑧,2,1005,4,1,8,88888,1,10,10000,,,,,,,,,,,,,
4221,s==16|Gói Quà Tri Ân ⑨,2,1019,3,1,8,88888,1,10,10000,,,,,,,,,,,,,
4222,s==16|Gói Quà Tri Ân ⑩,2,1012,5,1,8,88888,1,10,10000,,,,,,,,,,,,,
4223,s==17|Đại Lễ Hảo Hạng ①,2,3001,30,2,1001,50,1,8,10000,,,,,,,,,,,,,
4224,s==17|Đại Lễ Hảo Hạng ②,2,1006,250,1,10,10000,1,8,10000,,,,,,,,,,,,,
4225,s==17|Đại Lễ Hảo Hạng ③,2,1005,10,2,1001,50,1,8,10000,,,,,,,,,,,,,
4226,s==17|Đại Lễ Hảo Hạng ④,2,1019,5,2,1001,100,1,8,10000,,,,,,,,,,,,,
4227,s==17|Đại Lễ Hảo Hạng ⑤,2,1002,5,2,1001,50,1,8,10000,,,,,,,,,,,,,
4228,s==17|Đại Lễ Hảo Hạng ⑥,2,3001,30,2,1001,50,1,10,10000,,,,,,,,,,,,,
4229,s==17|Đại Lễ Hảo Hạng ⑦,2,1006,250,1,10,10000,1,10,10000,,,,,,,,,,,,,
4230,s==17|Đại Lễ Hảo Hạng ⑧,2,1005,10,2,1001,50,1,10,10000,,,,,,,,,,,,,
4231,s==17|Đại Lễ Hảo Hạng ⑨,2,1019,5,2,1001,100,1,10,10000,,,,,,,,,,,,,
4232,s==17|Đại Lễ Hảo Hạng ⑩,2,1002,5,2,1001,50,1,10,10000,,,,,,,,,,,,,
4233,s==17|Đại Lễ Hảo Hạng A,2,1003,2,2,1001,50,1,8,10000,,,,,,,,,,,,,
4234,s==17|Đại Lễ Hảo Hạng B,2,1007,10,2,1001,50,1,8,10000,,,,,,,,,,,,,
4235,s==17|Đại Lễ Hảo Hạng C,2,3002,50,2,1001,50,1,8,10000,,,,,,,,,,,,,
4236,s==17|Gói Quà Kỳ Diệu ①,2,1007,2,1,10,50000,1,8,10000,,,,,,,,,,,,,
4237,s==17|Gói Quà Kỳ Diệu ②,2,1002,2,1,10,50000,1,8,10000,,,,,,,,,,,,,
4238,s==17|Gói Quà Kỳ Diệu ③,2,1005,4,1,10,50000,1,8,10000,,,,,,,,,,,,,
4239,s==17|Gói Quà Kỳ Diệu ④,2,1019,3,1,10,50000,1,8,10000,,,,,,,,,,,,,
4240,s==17|Gói Quà Kỳ Diệu ⑤,2,1012,5,1,10,50000,1,8,10000,,,,,,,,,,,,,
4241,s==17|Gói Quà Kỳ Diệu ⑥,2,1007,2,1,8,88888,1,10,10000,,,,,,,,,,,,,
4242,s==17|Gói Quà Kỳ Diệu ⑦,2,1002,2,1,8,88888,1,10,10000,,,,,,,,,,,,,
4243,s==17|Gói Quà Kỳ Diệu ⑧,2,1005,4,1,8,88888,1,10,10000,,,,,,,,,,,,,
4244,s==17|Gói Quà Kỳ Diệu ⑨,2,1019,3,1,8,88888,1,10,10000,,,,,,,,,,,,,
4245,s==17|Gói Quà Kỳ Diệu ⑩,2,1012,5,1,8,88888,1,10,10000,,,,,,,,,,,,,
4246,s==17|Gói Quà Thỏi Vàng,2,1270,30000,,,,,,,,,,,,,,,,,,,
4247,s==17|Gói Quà Thỏi Vàng,2,1270,30000,,,,,,,,,,,,,,,,,,,
4248,s==17|Gói Quà Thỏi Vàng,2,1270,40000,,,,,,,,,,,,,,,,,,,
4249,s==33|30_Thần Binh Mới Hoạt Động Lễ Bao,1,9,300,2,6859,4,2,1003,5,2,1001,500,,,,,,,,,,
4250,s==33|68_Thần Binh Mới Hoạt Động Lễ Bao,1,9,680,2,6859,10,2,1003,8,2,1001,500,,,,,,,,,,
4251,s==33|98_Thần Binh Mới Hoạt Động Lễ Bao,1,9,980,2,6859,20,2,1003,10,2,1006,1500,,,,,,,,,,
4252,s==34|198_Thần Binh Mới Hoạt Động Lễ Bao,1,9,1980,2,6859,36,2,1003,20,2,1001,3000,,,,,,,,,,
4253,s==34|198_Thần Binh Mới Hoạt Động Lễ Bao,1,9,1980,2,6859,30,2,1004,5,2,1006,3000,,,,,,,,,,
4254,s==34|328_Thần Binh Mới Hoạt Động Lễ Bao,1,9,3280,2,6859,60,2,2097,2,2,1017,100,,,,,,,,,,
4255,s==34|648_Thần Binh Mới Hoạt Động Lễ Bao,1,9,6480,2,6859,118,2,2097,4,2,1018,40,,,,,,,,,,
4256,s==35|30_Thần Binh Mới Hoạt Động Lễ Bao 2,1,9,300,2,6859,4,2,1003,5,2,1001,500,,,,,,,,,,
4257,s==35|68_Thần Binh Mới Hoạt Động Lễ Bao 2,1,9,680,2,6859,10,2,1003,8,2,1001,500,,,,,,,,,,
4258,s==35|98_Thần Binh Mới Hoạt Động Lễ Bao 2,1,9,980,2,6859,20,2,1003,10,2,1006,1500,,,,,,,,,,
4259,s==36|198_Thần Binh Mới Hoạt Động Lễ Bao 2,1,9,1980,2,6859,36,2,1003,20,2,1001,3000,,,,,,,,,,
4260,s==36|198_Thần Binh Mới Hoạt Động Lễ Bao 2,1,9,1980,2,6859,30,2,1004,5,2,1006,3000,,,,,,,,,,
4261,s==36|328_Thần Binh Mới Hoạt Động Lễ Bao 2,1,9,3280,2,6859,60,2,1761,1,2,1036,100,,,,,,,,,,
4262,s==36|648_Thần Binh Mới Hoạt Động Lễ Bao 2,1,9,6480,2,6859,118,2,1761,2,2,1037,60,,,,,,,,,,
4303,s==35|30_Tân Thần Binh Hoạt Động Lễ Bao 3,1,9,300,2,6859,4,2,1003,5,2,1001,500,,,,,,,,,,
4304,s==35|68_Tân Thần Binh Hoạt Động Lễ Bao 3,1,9,680,2,6859,10,2,1003,8,2,1001,500,,,,,,,,,,
4305,s==36|98_Bao Thư Hoạt Động Thần Binh Mới 3,1,9,980,2,6859,20,2,1003,10,2,1006,1500,,,,,,,,,,
4306,s==37|198_Bao Thư Hoạt Động Thần Binh Mới 3,1,9,1980,2,6859,36,2,1003,20,2,1001,3000,,,,,,,,,,
4307,s==37|198_Bao Thư Hoạt Động Thần Binh Mới 3,1,9,1980,2,6859,30,2,1004,5,2,1006,3000,,,,,,,,,,
4308,s==37|328_Bao Thư Hoạt Động Thần Binh Mới 3,1,9,3280,2,6859,60,2,1475,2,2,1010,60,,,,,,,,,,
4309,s==37|648_Bao Thư Hoạt Động Thần Binh Mới 3,1,9,6480,2,6859,118,2,1960,1,2,1010,120,,,,,,,,,,
4263,s==30|0_Kim Cương Hồng Lâm Hoạt Động,1,9,10,2,6860,1,1,8,50000,2,1027,10,,,,,,,,,,
4264,s==31|30_Kim Cương Hồng Lâm Hoạt Động,1,9,300,2,6860,3,2,1003,4,2,1027,50,,,,,,,,,,
4265,s==31|68_Kim Cương Hồng Lâm Hoạt Động,1,9,680,2,6860,6,2,1003,10,2,1027,100,,,,,,,,,,
4266,s==32|128_Kim Cương Hồng Lâm Hoạt Động,1,9,1280,2,6860,10,2,1004,4,2,1006,1000,,,,,,,,,,
4267,s==32|128_Kim Cương Hồng Lâm Hoạt Động,1,9,1280,2,6860,10,2,1105,10,2,1006,1000,,,,,,,,,,
4268,s==32|328_Kim Cương Hồng Lâm Hoạt Động,1,9,3280,2,6860,30,2,1004,13,2,1006,2000,,,,,,,,,,
4269,s==32|328_Kim Cương Hồng Lâm Hoạt Động,1,9,3280,2,6860,30,2,1516,5,2,1006,2000,,,,,,,,,,
4270,s==31|648_Kim Cương Hỗn Lâm Hoạt Động,1,9,6480,2,6860,60,2,1004,22,2,1006,4000,,,,,,,,,,
4271,s==31|648_Kim Cương Hỗn Lâm Hoạt Động,1,9,6480,2,6860,60,2,1527,3,2,1006,4000,,,,,,,,,,
4272,s==31|648_Kim Cương Hỗn Lâm Hoạt Động,1,9,6480,2,6860,60,1,8,2000000,2,1006,4000,,,,,,,,,,
4273,s==16|0_Sự Kiện Lưu Bị,1,9,10,2,6864,1,1,8,50000,2,1027,10,,,,,,,,,,
4274,s==17|30_Sự Kiện Lưu Bị,1,9,300,2,6864,3,2,1003,4,2,1027,50,,,,,,,,,,
4275,s==17|68_Sự Kiện Lưu Bị,1,9,680,2,6864,6,2,1003,10,2,1027,100,,,,,,,,,,
4276,s==18|128_Sự Kiện Lưu Bị,1,9,1280,2,6864,10,2,1004,4,2,1006,1000,,,,,,,,,,
4277,s==18|128_Sự Kiện Lưu Bị,1,9,1280,2,6864,10,2,1105,10,2,1006,1000,,,,,,,,,,
4278,s==18|328_Sự Kiện Lưu Bị,1,9,3280,2,6864,30,2,1004,13,2,1006,2000,,,,,,,,,,
4279,s==18|328_Sự Kiện Lưu Bị,1,9,3280,2,6864,30,2,1516,5,2,1006,2000,,,,,,,,,,
4280,s==18|648_Sự Kiện Lưu Bị,1,9,6480,2,6864,60,2,1527,5,2,1006,4000,,,,,,,,,,
4281,s==18|648_Sự Kiện Lưu Bị,1,9,6480,2,6864,60,2,1056,280,2,1006,4000,,,,,,,,,,
4282,s==18|648_Sự Kiện Lưu Bị,1,9,6480,2,6864,60,1,8,2000000,2,1006,4000,,,,,,,,,,
4283,s==19|0_Tư Mã Ý Hoạt Động,1,9,10,2,6862,1,1,8,50000,2,1027,10,,,,,,,,,,
4284,s==20|30_Tư Mã Ý Hoạt Động,1,9,300,2,6862,3,2,1003,4,2,1027,50,,,,,,,,,,
4285,s==20|68_Tư Mã Ý Hoạt Động,1,9,680,2,6862,6,2,1003,10,2,1027,100,,,,,,,,,,
4286,s==21|128_Tư Mã Ý Hoạt Động,1,9,1280,2,6862,10,2,1004,4,2,1006,1000,,,,,,,,,,
4287,s==21|128_Tư Mã Ý Hoạt Động,1,9,1280,2,6862,10,2,1105,10,2,1006,1000,,,,,,,,,,
4288,s==21|328_Tư Mã Ý Hoạt Động,1,9,3280,2,6862,30,2,1004,13,2,1006,2000,,,,,,,,,,
4289,s==21|328_Tư Mã Ý Hoạt Động,1,9,3280,2,6862,30,2,1516,5,2,1006,2000,,,,,,,,,,
4290,s==21|648_Tư Mã Ý Hoạt Động,1,9,6480,2,6862,60,2,1004,22,2,1006,4000,,,,,,,,,,
4291,s==21|648_Tư Mã Ý Hoạt Động,1,9,6480,2,6862,60,2,1527,3,2,1006,4000,,,,,,,,,,
4292,s==21|648_Tư Mã Ý Hoạt Động,1,9,6480,2,6862,60,1,8,2000000,2,1006,4000,,,,,,,,,,
4293,s==24|0_Thần Mã Siêu Hoạt Động,1,9,10,2,6866,1,1,8,50000,2,1027,10,,,,,,,,,,
4294,s==25|30_Thần Mã Siêu Hoạt Động,1,9,300,2,6866,3,2,1003,4,2,1027,50,,,,,,,,,,
4295,s==25|68_Thần Mã Siêu Hoạt Động,1,9,680,2,6866,6,2,1003,10,2,1027,100,,,,,,,,,,
4296,s==26|128_Thần Mã Siêu Hoạt Động,1,9,1280,2,6866,10,2,1004,4,2,1006,1000,,,,,,,,,,
4297,s==26|128_Thần Mã Siêu Hoạt Động,1,9,1280,2,6866,10,2,1105,10,2,1006,1000,,,,,,,,,,
4298,s==26|328_Thần Mã Siêu Hoạt Động,1,9,3280,2,6866,30,2,1004,13,2,1006,2000,,,,,,,,,,
4299,s==26|328_Thần Mã Siêu Hoạt Động,1,9,3280,2,6866,30,2,1516,5,2,1006,2000,,,,,,,,,,
4300,s==26|648_Thần Mã Siêu Hoạt Động,1,9,6480,2,6866,60,2,1527,5,2,1006,4000,,,,,,,,,,
4301,s==26|648_Thần Mã Siêu Hoạt Động,1,9,6480,2,6866,60,2,1056,280,2,1006,4000,,,,,,,,,,
4302,s==26|648_Thần Mã Siêu Hoạt Động,1,9,6480,2,6866,60,1,8,2000000,2,1006,4000,,,,,,,,,,
4310,s==24|Gói Quà Đặc Quyền Cửu Du,2,21512,50,1,9,288,2,1001,100,1,8,288888,,,,,,,,,,
2777,s==26|Bao Thư Đế Tôn Thông Thiên,1,9,6480,2,19714,1,2,1004,10,2,1006,4000,1,73,1,,,,,,,
4312,s==25|0_Hoạt Động Ngụy Tào Tháo,1,9,10,2,6868,1,1,8,50000,2,1027,10,,,,,,,,,,
4313,s==26|30_Hoạt Động Ngụy Tào Tháo,1,9,300,2,6868,3,2,1003,4,2,1027,50,,,,,,,,,,
4314,s==26|68_Hoạt Động Ngụy Tào Tháo,1,9,680,2,6868,6,2,1003,10,2,1027,100,,,,,,,,,,
4315,s==27|128_Hoạt Động Ngụy Tào Tháo,1,9,1280,2,6868,10,2,1004,4,2,1006,1000,,,,,,,,,,
4316,s==27|128_Hoạt Động Ngụy Tào Tháo,1,9,1280,2,6868,10,2,1105,10,2,1006,1000,,,,,,,,,,
4317,s==27|328_Hoạt Động Ngụy Tào Tháo,1,9,3280,2,6868,30,2,1004,13,2,1006,2000,,,,,,,,,,
4318,s==27|328_Hoạt Động Ngụy Tào Tháo,1,9,3280,2,6868,30,2,1516,5,2,1006,2000,,,,,,,,,,
4319,s==27|648_Hoạt Động Ngụy Tào Tháo,1,9,6480,2,6868,60,2,1527,5,2,1006,4000,,,,,,,,,,
4320,s==27|648_Hoạt Động Ngụy Tào Tháo,1,9,6480,2,6868,60,2,1056,280,2,1006,4000,,,,,,,,,,
4321,s==27|648_Hoạt Động Ngụy Tào Tháo,1,9,6480,2,6868,60,1,8,2000000,2,1006,4000,,,,,,,,,,
4322,s==26|0_Hoạt Động Quan Ngân Bình,1,9,10,2,6874,1,1,8,50000,2,1027,10,,,,,,,,,,
4323,s==27|30_Hoạt Động Quan Ngân Bình,1,9,300,2,6874,3,2,1003,4,2,1027,50,,,,,,,,,,
4324,s==27|68_Hoạt Động Quan Ngân Bình,1,9,680,2,6874,6,2,1003,10,2,1027,100,,,,,,,,,,
4325,s==28|128_Hoạt Động Quan Ngân Bình,1,9,1280,2,6874,10,2,1004,4,2,1006,1000,,,,,,,,,,
4326,s==28|128_Hoạt Động Quan Ngân Bình,1,9,1280,2,6874,10,2,1105,10,2,1006,1000,,,,,,,,,,
4327,s==28|328_Hoạt Động Quan Ngân Bình,1,9,3280,2,6874,30,2,1004,13,2,1006,2000,,,,,,,,,,
4328,s==28|328_Hoạt Động Quan Ngân Bình,1,9,3280,2,6874,30,2,1516,5,2,1006,2000,,,,,,,,,,
4329,s==28|648_Hoạt Động Quan Ngân Bình,1,9,6480,2,6874,60,2,1527,5,2,1006,4000,,,,,,,,,,
4330,s==28|648_Hoạt Động Quan Ngân Bình,1,9,6480,2,6874,60,2,1056,280,2,1006,4000,,,,,,,,,,
4331,s==28|648_Hoạt Động Quan Ngân Bình,1,9,6480,2,6874,60,1,8,2000000,2,1006,4000,,,,,,,,,,
4340,s==33|0_Thanh Mộng Thước Kiều Hoạt Động,1,9,10,2,1271,1,1,8,50000,2,2750,5,,,,,,,,,,
4341,s==34|30_Thanh Mộng Thước Kiều Hoạt Động,1,9,300,2,1271,3,2,1003,4,2,2750,15,,,,,,,,,,
4342,s==34|68_Thanh Mộng Thước Kiều Hoạt Động,1,9,680,2,1271,6,2,1003,10,2,2750,30,,,,,,,,,,
4343,s==35|128_Thanh Mộng Thước Kiều Hoạt Động,1,9,1280,2,1271,10,2,1004,4,2,2750,50,,,,,,,,,,
4344,s==35|328_Thanh Mộng Thước Kiều Hoạt Động,1,9,3280,2,1271,30,2,1004,13,2,2750,80,,,,,,,,,,
4345,s==35|328_Thanh Mộng Thước Kiều Hoạt Động,1,9,3280,2,1271,30,2,1516,5,2,2750,80,,,,,,,,,,
4346,s==35|648_Thanh Mộng Thước Kiều Hoạt Động,1,9,6480,2,1271,60,2,1004,22,2,1006,4000,,,,,,,,,,
4347,s==35|648_Thanh Mộng Thước Kiều Hoạt Động,1,9,6480,2,1271,60,2,1527,3,2,1006,4000,,,,,,,,,,
4348,s==35|128_Thanh Mộng Thước Kiều Hoạt Động,1,9,1280,2,1271,10,2,1105,10,2,2750,50,,,,,,,,,,
4349,s==35|648_Thanh Mộng Thước Kiều Hoạt Động,1,9,6480,2,1271,60,1,8,2000000,2,1006,4000,,,,,,,,,,
4350,s==35|0_Thanh Mộng Thước Kiều Hoạt Động 2,1,9,10,2,1271,1,1,8,50000,2,2750,5,,,,,,,,,,
4351,s==36|30_Thanh Mộng Thước Kiều Hoạt Động 2,1,9,300,2,1271,3,2,1003,4,2,2750,15,,,,,,,,,,
4352,s==36|68_Thanh Mộng Thước Kiều Hoạt Động 2,1,9,680,2,1271,6,2,1003,10,2,2750,30,,,,,,,,,,
4353,s==37|128_Thanh Mộng Thước Kiều Hoạt Động 2,1,9,1280,2,1271,10,2,1004,4,2,2750,50,,,,,,,,,,
4354,s==37|328_Thanh Mộng Thước Kiều Hoạt Động 2,1,9,3280,2,1271,30,2,1004,13,2,2750,80,,,,,,,,,,
4355,s==37|328_Thanh Mộng Thước Kiều Hoạt Động 2,1,9,3280,2,1271,30,2,1516,5,2,2750,80,,,,,,,,,,
4356,s==37|648_Thanh Mộng Thước Kiều Hoạt Động 2,1,9,6480,2,1271,60,2,1527,5,2,1006,4000,,,,,,,,,,
4357,s==37|648_Thanh Mộng Thước Kiều Hoạt Động 2,1,9,6480,2,1271,60,2,1056,280,2,1006,4000,,,,,,,,,,
4358,s==37|128_Thanh Mộng Thước Kiều Hoạt Động 2,1,9,1280,2,1271,10,2,1105,10,2,2750,50,,,,,,,,,,
4359,s==37|648_Thanh Mộng Thước Kiều Hoạt Động 2,1,9,6480,2,1271,60,1,8,2000000,2,1006,4000,,,,,,,,,,
4795,s==41|500 KNB - Thanh Mộng Thước Kiều Hoạt Động,2,1271,3,1,8,10000,1,8,10000,2,1006,100,,,,,,,,,,
4796,s==33|6_Thanh Mộng Thước Kiều Hoạt Động,1,9,60,2,1271,1,2,1003,2,2,2750,5,,,,,,,,,,
4797,s==43|500 KNB - Thanh Mộng Thước Kiều Hoạt Động 2,2,1271,3,1,8,10000,1,8,10000,2,1006,100,,,,,,,,,,
4798,s==35|6_Thanh Mộng Thước Kiều Hoạt Động 2,1,9,60,2,1271,1,2,1003,2,2,2750,5,,,,,,,,,,
1272,s==24|Gói Quà Tình Yêu Bất Ngờ,2,1003,10,2,1014,2,2,1271,3,,,,,,,,,,,,,
1273,s==24|Gói Quà Tình Yêu Hiếm Có,2,1004,3,2,1014,2,2,1271,6,2,1079,1,,,,,,,,,,
75005,s==22|Gói Quà Thẻ Vàng Tháng,1,9,300,2,1004,1,,,,,,,,,,,,,,,,
4360,s==28|Gói Quà Mã Đổi Quà Thất Tịch,2,19716,1,2,1003,2,1,9,666,,,,,,,,,,,,,
4370,s==34|0_Nguyệt Vãn Thiên Quyên Hoạt Động,1,9,10,2,1171,1,1,8,50000,2,1006,50,,,,,,,,,,
4371,s==35|30_Nguyệt Vãn Thiên Quyên Hoạt Động,1,9,300,2,1171,3,2,1003,4,2,1006,300,,,,,,,,,,
4372,s==35|68_Nguyệt Vãn Thiên Quyên Hoạt Động,1,9,680,2,1171,6,2,1003,10,2,1006,500,,,,,,,,,,
4373,s==36|128_Nguyệt Vãn Thiên Quyên Hoạt Động,1,9,1280,2,1171,10,2,1004,4,2,1006,1000,,,,,,,,,,
4374,s==36|328_Nguyệt Vãn Thiên Quyên Hoạt Động,1,9,3280,2,1171,30,2,1004,13,2,1006,2000,,,,,,,,,,
4375,s==36|328_Nguyệt Vãn Thiên Quyên Hoạt Động,1,9,3280,2,1171,30,2,1516,5,2,1006,2000,,,,,,,,,,
4376,s==36|648_Nguyệt Vãn Thiên Quyên Hoạt Động,1,9,6480,2,1171,60,2,1004,22,2,1006,4000,,,,,,,,,,
4377,s==36|648_Nguyệt Vãn Thiên Quyên Hoạt Động,1,9,6480,2,1171,60,2,1527,3,2,1006,4000,,,,,,,,,,
4378,s==36|128_Nguyệt Vãn Thiên Quyên Hoạt Động,1,9,1280,2,1171,10,2,1105,10,2,1006,800,,,,,,,,,,
4379,s==36|648_Nguyệt Vãn Thiên Quyên Hoạt Động,1,9,6480,2,1171,60,1,8,2000000,2,1006,4000,,,,,,,,,,
4380,s==36|0_Nguyệt Vãn Thiên Quyên Hoạt Động 2,1,9,10,2,1171,1,1,8,50000,2,1006,50,,,,,,,,,,
4381,s==37|30_Nguyệt Vãn Thiên Quyên Hoạt Động 2,1,9,300,2,1171,3,2,1003,4,2,1006,300,,,,,,,,,,
4382,s==37|68_Nguyệt Vãn Thiên Quyên Hoạt Động 2,1,9,680,2,1171,6,2,1003,10,2,1006,500,,,,,,,,,,
4383,s==38|128_Nguyệt Vãn Thiên Quyên Hoạt Động 2,1,9,1280,2,1171,11,2,1004,4,2,1006,1000,,,,,,,,,,
4384,s==38|328_Nguyệt Vãn Thiên Quyên Hoạt Động 2,1,9,3280,2,1171,30,2,1004,13,2,1006,2000,,,,,,,,,,
4385,s==38|328_Nguyệt Vãn Thiên Quyên Hoạt Động 2,1,9,3280,2,1171,30,2,1516,5,2,1006,2000,,,,,,,,,,
4386,s==38|648_Nguyệt Vãn Thiên Quyên Hoạt Động 2,1,9,6480,2,1171,60,2,1527,5,2,1006,4000,,,,,,,,,,
4387,s==38|648_Nguyệt Vãn Thiên Quyên Hoạt Động 2,1,9,6480,2,1171,60,2,1056,280,2,1006,4000,,,,,,,,,,
4388,s==38|128_Nguyệt Vãn Thiên Quyên Hoạt Động 2,1,9,1280,2,1171,10,2,1105,10,2,1006,800,,,,,,,,,,
4389,s==38|648_Nguyệt Vãn Thiên Quyên Hoạt Động 2,1,9,6480,2,1171,60,1,8,2000000,2,1006,4000,,,,,,,,,,
1274,s==25|Lễ Bao Bất Ngờ Dịp Lễ Hội,2,1004,1,2,1014,2,2,1171,3,,,,,,,,,,,,,
1275,s==26|Lễ Bao Quý Hiếm Dịp Lễ Hội,2,1004,1,2,1014,2,2,1171,6,,,,,,,,,,,,,
4400,s==28|Gói Quà Tướng Độc Quyền OPPO,2,22501,50,1,9,288,2,1007,5,1,8,188888,,,,,,,,,,
4401,s==28|Gói Quà Tướng Độc Quyền VIVO,2,23502,50,1,9,288,2,1007,5,1,8,188888,,,,,,,,,,
4402,s==30|Gói Quà Tướng Độc Quyền Cửu Du,2,21512,50,1,9,288,2,1007,5,1,8,188888,,,,,,,,,,
4403,s==30|Gói Quà Tướng Độc Quyền Xiaomi,2,21503,50,1,9,288,2,1007,5,1,8,188888,,,,,,,,,,
4361,s==42|Gói Quà Mã Đổi Danh Hiệu Tinh Hà Biệt Mộng,2,19717,1,2,1003,5,2,1006,1000,,,,,,,,,,,,,
6730,s==47|Gói Quà Hoàn Trả Nạp Tích Lũy 5000 Trong Ngày 5,2,1761,2,2,1036,50,2,1037,25,,,,,,,,,,,,,
6731,s==48|Gói Quà Hoàn Trả Nạp Tích Lũy 1 Vạn Trong Ngày 6,2,71004,1,2,1105,20,2,1006,10000,,,,,,,,,,,,,
6732,s==48|Gói Quà Hoàn Trả Nạp Tích Lũy 2 Vạn Trong Ngày 6,2,5137,1,2,1105,60,2,1006,20000,,,,,,,,,,,,,
6900,s==23|Gói Quà 1000 Lượt Thích,2,1001,200,1,9,50,,,,,,,,,,,,,,,,
6901,s==23|Gói Quà 2000 Lượt Thích,2,1001,200,1,9,50,,,,,,,,,,,,,,,,
6902,s==23|Gói Quà 3000 Lượt Thích,2,1002,5,1,9,100,,,,,,,,,,,,,,,,
6903,s==23|Gói Quà 4000 Lượt Thích,2,1002,5,1,9,100,,,,,,,,,,,,,,,,
6904,s==23|Gói Quà 5000 Lượt Thích,2,1002,5,1,9,100,,,,,,,,,,,,,,,,
6905,s==23|Gói Quà 6000 Lượt Thích,2,1002,10,1,9,100,,,,,,,,,,,,,,,,
6906,s==23|Gói Quà 7000 Lượt Thích,2,1002,10,1,9,100,,,,,,,,,,,,,,,,
6907,s==23|Gói Quà 8000 Lượt Thích,2,1003,2,1,9,100,,,,,,,,,,,,,,,,
6908,s==23|Gói Quà 9000 Lượt Thích,2,1003,2,1,9,100,,,,,,,,,,,,,,,,
6909,s==24|Gói Quà 10000 Lượt Thích,2,1003,3,1,9,150,,,,,,,,,,,,,,,,
6910,s==24|Gói Quà 12000 Lượt Thích,2,1003,3,1,9,150,,,,,,,,,,,,,,,,
6911,s==24|Gói Quà 15000 Lượt Thích,2,1003,3,1,9,150,,,,,,,,,,,,,,,,
6912,s==24|Gói Quà 18000 Lượt Thích,2,1003,3,1,9,150,,,,,,,,,,,,,,,,
6913,s==24|Gói Quà 20000 Lượt Thích,2,1003,3,1,9,200,,,,,,,,,,,,,,,,
6914,s==24|Gói Quà 23000 Lượt Thích,2,1003,3,1,9,200,,,,,,,,,,,,,,,,
6915,s==24|Gói Quà 26000 Lượt Thích,2,1003,3,1,9,200,,,,,,,,,,,,,,,,
6916,s==24|Gói Quà 30000 Lượt Thích,2,1003,3,1,9,200,,,,,,,,,,,,,,,,
6917,s==24|Gói Quà 35000 Lượt Thích,2,1003,5,1,9,250,,,,,,,,,,,,,,,,
6918,s==24|Gói Quà 40000 Lượt Thích,2,1003,5,1,9,300,,,,,,,,,,,,,,,,
6919,s==24|Gói Quà 45000 Lượt Thích,2,1003,5,1,9,400,,,,,,,,,,,,,,,,
6920,s==24|Gói Quà 50000 Lượt Thích,2,1003,10,1,9,500,,,,,,,,,,,,,,,,
6921,s==25|Gói Quà Chia Sẻ Hằng Tuần,1,9,100,1,8,1000000,1,10,100000,2,1001,100,,,,,,,,,,
6922,s==19|Gói Quà Mời 5 Người,2,1014,1,1,9,50,,,,,,,,,,,,,,,,
6923,s==20|Gói Quà Mời 10 Người,2,1014,1,1,9,50,,,,,,,,,,,,,,,,
6924,s==20|Gói Quà Mời 20 Người,2,1014,2,1,9,100,,,,,,,,,,,,,,,,
6925,s==20|Gói Quà Mời 30 Người,2,1014,2,1,9,100,,,,,,,,,,,,,,,,
6926,s==20|Gói Quà Mời 40 Người,2,1004,2,1,9,200,,,,,,,,,,,,,,,,
6927,s==14|Gói Quà 0 Đồng,2,1003,10,1,9,200,,,,,,,,,,,,,,,,
6928,s==11|Gói Quà KNB,2,1004,3,1,9,200,,,,,,,,,,,,,,,,
5429,s==24|Bao Thư Đột Phá Siêu Cấp,1,9,980,2,1001,2000,2,1001,3000,2,1001,4000,,,,,,,,,,
4410,s==36|30_Bao Thư Hoạt Động Thần Binh Mới 4,1,9,300,2,6859,4,2,1003,5,2,1001,500,,,,,,,,,,
4411,s==36|68_Bao Thư Hoạt Động Thần Binh Mới 4,1,9,680,2,6859,10,2,1003,8,2,1001,500,,,,,,,,,,
4412,s==36|98_Bao Thư Hoạt Động Thần Binh Mới 4,1,9,980,2,6859,20,2,1003,10,2,1006,1500,,,,,,,,,,
4413,s==37|198_Bao Thư Hoạt Động Thần Binh Mới 4,1,9,1980,2,6859,36,2,1003,20,2,1001,3000,,,,,,,,,,
4414,s==37|198_Bao Thư Hoạt Động Thần Binh Mới 4,1,9,1980,2,6859,30,2,1004,5,2,1006,3000,,,,,,,,,,
4415,s==37|328_Bao Thư Hoạt Động Thần Binh Mới 4,1,9,3280,2,6859,60,2,2097,2,2,1017,100,,,,,,,,,,
4416,s==37|648_Bao Thư Hoạt Động Thần Binh Mới 4,1,9,6480,2,6859,118,2,2097,4,2,1018,40,,,,,,,,,,
4362,s==41|Danh Vọng Lẫy Lừng - Mã Đổi Thẻ Danh Hiệu,2,19613,1,2,1003,5,2,1006,1000,,,,,,,,,,,,,
4363,s==49|Danh Xưng Lừng Danh Tứ Hải - Mã Đổi Thẻ Danh Hiệu,2,19614,1,2,1003,5,2,1006,1000,,,,,,,,,,,,,
4364,s==40|Phú Quý Địch Quốc - Mã Đổi Thẻ Danh Hiệu,2,19615,1,2,1003,5,2,1006,1000,,,,,,,,,,,,,
5433,s==28|328_Lễ Bao Thăng Cấp Hào Hoa,1,9,3280,2,1276,30,2,1004,5,2,1003,20,,,,,,,,,,
5434,s==31|648_Lễ Bao Thăng Cấp Tối Thượng,1,9,6480,2,1276,45,2,1004,7,2,1003,30,,,,,,,,,,
6929,s==28|Gói Quà Đăng Ký Trước Google,1,9,500,2,1007,9,,,,,,,,,,,,,,,,
71020,s==27|Gói Quà Ưu Đãi Hàng Tuần 12,1,9,6480,2,1516,22,2,1006,6000,2,1003,45,,,,,,,,,,
6930,s==17|Gói Quà Chia Sẻ 1,1,9,500,2,3008,50,,,,,,,,,,,,,,,,
6931,s==19|Gói Quà Cộng Đồng 1,1,8,500000,2,1012,20,2,1003,5,,,,,,,,,,,,,
6932,s==18|Gói Quà Quốc Khánh,1,8,500000,1,9,500,2,1004,2,,,,,,,,,,,,,
6933,s==17|Gói Quà Khởi Động,2,1001,1000,2,3008,50,2,1004,2,,,,,,,,,,,,,
6934,s==17|Gói Quà Chia Sẻ 2,1,10,10000,2,1006,50,2,1002,10,,,,,,,,,,,,,
6935,s==18|Gói Quà Lời Nhắn 1,1,8,500000,2,1001,388,2,1002,5,,,,,,,,,,,,,
6936,s==18|Gói Quà Lời Nhắn 2,1,10,50000,2,1006,388,2,1002,5,,,,,,,,,,,,,
6937,s==18|Gói Quà Đoán Đáp 1,1,10,50000,2,1006,388,2,1002,5,,,,,,,,,,,,,
6938,s==18|Gói Quà Đoán Đáp 2,1,8,50000,2,1001,388,2,3002,60,,,,,,,,,,,,,
6939,s==19|Gói Quà Cộng Đồng 2,1,10,10000,2,1006,50,2,1002,10,,,,,,,,,,,,,
6940,s==16|Gói Quà Sáng Tác,1,8,500000,1,9,588,2,1003,10,,,,,,,,,,,,,
6941,s==17|Gói Quà Quân Đoàn,1,10,10000,2,1006,50,2,1002,10,,,,,,,,,,,,,
6942,s==15|Gói Quà Thích 1,1,8,500000,1,9,588,2,1003,10,,,,,,,,,,,,,
6943,s==18|Gói Quà Đoán Đáp 3,1,10,50000,2,1006,388,2,1002,5,,,,,,,,,,,,,
6944,s==15|Gói Quà Thích 2,1,8,50000,2,1001,388,2,3002,60,,,,,,,,,,,,,
6945,s==6|PK2022,1,9,888,2,1003,10,2,1004,5,,,,,,,,,,,,,
6872,s==25|Lễ Bao Bất Ngờ Dịp Lễ Hội,2,1003,10,2,1014,2,2,1172,3,,,,,,,,,,,,,
6873,s==26|Lễ Bao Quý Hiếm Dịp Lễ Hội,2,1004,3,2,1014,2,2,1172,6,2,1079,1,,,,,,,,,,
2140,s==23|0_ Hoạt Động Quốc Khánh,1,9,10,2,1172,1,1,8,50000,2,2751,5,,,,,,,,,,
2141,s==30|500 KNB - Hoạt Động Quốc Khánh,2,1172,3,1,8,10000,1,8,10000,2,1006,100,,,,,,,,,,
2142,s==23|6_ Hoạt Động Quốc Khánh,1,9,60,2,1172,1,2,1003,2,2,2751,5,,,,,,,,,,
2143,s==24|30_ Hoạt Động Quốc Khánh,1,9,300,2,1172,3,2,1003,4,2,2751,15,,,,,,,,,,
2144,s==24|68_ Hoạt Động Quốc Khánh,1,9,680,2,1172,6,2,1003,10,2,2751,30,,,,,,,,,,
2145,s==25|128_ Hoạt Động Quốc Khánh,1,9,1280,2,1172,10,2,1004,4,2,2751,50,,,,,,,,,,
2146,s==25|128_ Hoạt Động Quốc Khánh,1,9,1280,2,1172,10,2,1105,10,2,2751,50,,,,,,,,,,
2147,s==25|328_ Hoạt Động Quốc Khánh,1,9,3280,2,1172,30,2,1004,13,2,2751,80,,,,,,,,,,
4390,s==25|328_ Hoạt Động Quốc Khánh,1,9,3280,2,1172,30,2,1516,5,2,2751,80,,,,,,,,,,
4391,s==24|648_Quốc Khánh Hoạt Động,1,9,6480,2,1172,60,2,1004,22,2,1006,4000,,,,,,,,,,
4392,s==24|648_Quốc Khánh Hoạt Động,1,9,6480,2,1172,60,2,1527,3,2,1006,4000,,,,,,,,,,
4393,s==24|648_Quốc Khánh Hoạt Động,1,9,6480,2,1172,60,1,8,2000000,2,1006,4000,,,,,,,,,,
4394,s==24|0_Quốc Khánh Hoạt Động 2,1,9,10,2,1172,1,1,8,50000,2,2751,5,,,,,,,,,,
4395,s==32|500 KNB - Quốc Khánh Hoạt Động 2,2,1172,3,1,8,10000,1,8,10000,2,1006,100,,,,,,,,,,
4396,s==24|6_Quốc Khánh Hoạt Động 2,1,9,60,2,1172,1,2,1003,2,2,2751,5,,,,,,,,,,
4397,s==25|30_Quốc Khánh Hoạt Động 2,1,9,300,2,1172,3,2,1003,4,2,2751,15,,,,,,,,,,
4398,s==25|68_Quốc Khánh Hoạt Động 2,1,9,680,2,1172,6,2,1003,10,2,2751,30,,,,,,,,,,
4399,s==26|128_Quốc Khánh Hoạt Động 2,1,9,1280,2,1172,10,2,1004,4,2,2751,50,,,,,,,,,,
4404,s==26|128_Quốc Khánh Hoạt Động 2,1,9,1280,2,1172,10,2,1105,10,2,2751,50,,,,,,,,,,
4405,s==26|328_Quốc Khánh Hoạt Động 2,1,9,3280,2,1172,30,2,1004,13,2,2751,80,,,,,,,,,,
4406,s==26|328_Quốc Khánh Hoạt Động 2,1,9,3280,2,1172,30,2,1516,5,2,2751,80,,,,,,,,,,
4407,s==26|648_Quốc Khánh Hoạt Động 2,1,9,6480,2,1172,60,2,1527,5,2,1006,4000,,,,,,,,,,
4408,s==26|648_Quốc Khánh Hoạt Động 2,1,9,6480,2,1172,60,2,1056,280,2,1006,4000,,,,,,,,,,
4409,s==26|648_Quốc Khánh Hoạt Động 2,1,9,6480,2,1172,60,1,8,2000000,2,1006,4000,,,,,,,,,,
6946,s==14|Bao Thư 60 KNB,1,9,60,2,1004,1,2,1003,1,2,1002,2,,,,,,,,,,
6947,s==15|Bao Thư 120 KNB,1,9,120,2,1004,2,2,1003,2,2,1002,2,,,,,,,,,,
6948,s==15|Bao Thư 180 KNB,1,9,180,2,1004,3,2,1003,3,2,1002,2,,,,,,,,,,
6949,s==15|Bao Thư 300 KNB,1,9,300,2,1004,4,2,1003,4,2,1002,2,,,,,,,,,,
6950,s==15|Bao Thư 500 KNB,1,9,500,2,1004,5,2,1003,5,2,1002,2,,,,,,,,,,
6951,s==15|Bao Thư 600 KNB,1,9,600,2,1004,6,2,1003,6,2,1002,3,,,,,,,,,,
6952,s==15|Bao Thư 680 KNB,1,9,680,2,1004,7,2,1003,7,2,1002,3,,,,,,,,,,
6953,s==15|Bao Thư 980 KNB,1,9,980,2,1004,8,2,1003,8,2,1002,3,,,,,,,,,,
6954,s==16|Bao Thư 1180 KNB,1,9,1180,2,1004,9,2,1003,9,2,1002,3,,,,,,,,,,
6955,s==16|Bao Thư 1280 KNB,1,9,1280,2,1004,10,2,1003,10,2,1002,3,,,,,,,,,,
6956,s==16|Bao Thư 1980 KNB,1,9,1980,2,1004,11,2,1003,11,2,1002,4,,,,,,,,,,
6957,s==16|Bao Thư 3280 KNB,1,9,3280,2,1004,12,2,1003,12,2,1002,4,,,,,,,,,,
6958,s==16|Bao Thư 4480 KNB,1,9,4480,2,1004,13,2,1003,13,2,1002,4,,,,,,,,,,
6959,s==16|Bao Thư 6480 KNB,1,9,6480,2,1004,14,2,1003,14,2,1002,4,,,,,,,,,,
4440,s==22|0_Hoạt Động Ma Hạng Vũ,1,9,10,2,6971,1,1,8,50000,2,1027,10,,,,,,,,,,
4441,s==23|30_Hoạt Động Ma Hạng Vũ,1,9,300,2,6971,3,2,1003,4,2,1027,50,,,,,,,,,,
4442,s==23|68_Hoạt Động Ma Hạng Vũ,1,9,680,2,6971,6,2,1003,10,2,1027,100,,,,,,,,,,
4443,s==24|128_Hoạt Động Ma Hạng Vũ,1,9,1280,2,6971,10,2,1004,4,2,1006,1000,,,,,,,,,,
4444,s==24|128_Hoạt Động Ma Hạng Vũ,1,9,1280,2,6971,10,2,1105,10,2,1006,1000,,,,,,,,,,
4445,s==24|328_Hoạt Động Ma Hạng Vũ,1,9,3280,2,6971,30,2,1004,13,2,1006,2000,,,,,,,,,,
4446,s==24|328_Hoạt Động Ma Hạng Vũ,1,9,3280,2,6971,30,2,1516,5,2,1006,2000,,,,,,,,,,
4447,s==24|648_Hoạt Động Ma Hạng Vũ,1,9,6480,2,6971,60,2,1527,5,2,1006,4000,,,,,,,,,,
4448,s==24|648_Hoạt Động Ma Hạng Vũ,1,9,6480,2,6971,60,2,1056,280,2,1006,4000,,,,,,,,,,
4461,s==24|648_Hoạt Động Ma Hạng Vũ,1,9,6480,2,6971,60,1,8,2000000,2,1006,4000,,,,,,,,,,
4462,s==24|0_Hoạt Động Ma Hạng Vũ 2,1,9,10,2,6971,1,1,8,50000,2,1027,10,,,,,,,,,,
4463,s==25|30_Hoạt Động Ma Hạng Vũ 2,1,9,300,2,6971,3,2,1003,4,2,1027,50,,,,,,,,,,
4464,s==25|68_Hoạt Động Ma Hạng Vũ 2,1,9,680,2,6971,6,2,1003,10,2,1027,100,,,,,,,,,,
4465,s==26|128_Hoạt Động Ma Hạng Vũ 2,1,9,1280,2,6971,11,2,1004,4,2,1006,1000,,,,,,,,,,
4466,s==26|128_Hoạt Động Ma Hạng Vũ 2,1,9,1280,2,6971,10,2,1105,10,2,1006,800,,,,,,,,,,
4467,s==26|328_Hoạt Động Ma Hạng Vũ 2,1,9,3280,2,6971,30,2,1004,13,2,1006,2000,,,,,,,,,,
4468,s==26|328_Hoạt Động Ma Hạng Vũ 2,1,9,3280,2,6971,30,2,1516,5,2,1006,2000,,,,,,,,,,
4469,s==26|648_Hoạt Động Ma Hạng Vũ 2,1,9,6480,2,6971,60,2,1527,5,2,1006,4000,,,,,,,,,,
4470,s==26|648_Hoạt Động Ma Hạng Vũ 2,1,9,6480,2,6971,60,2,1056,280,2,1006,4000,,,,,,,,,,
4471,s==26|648_Hoạt Động Ma Hạng Vũ 2,1,9,6480,2,6971,60,1,8,2000000,2,1006,4000,,,,,,,,,,
4472,s==24|0_Hoạt Động Ma Hạng Vũ 3,1,9,10,2,6971,1,1,8,50000,2,1027,10,,,,,,,,,,
4473,s==25|30_Hoạt Động Ma Hạng Vũ 3,1,9,300,2,6971,3,2,1003,4,2,1027,50,,,,,,,,,,
4474,s==25|68_Hoạt Động Ma Hạng Vũ 3,1,9,680,2,6971,6,2,1003,10,2,1027,100,,,,,,,,,,
4475,s==26|128_Hoạt Động Ma Hạng Vũ 3,1,9,1280,2,6971,11,2,1004,4,2,1006,1000,,,,,,,,,,
4476,s==26|128_Hoạt Động Ma Hạng Vũ 3,1,9,1280,2,6971,10,2,1105,10,2,1006,800,,,,,,,,,,
4477,s==28|328_Hắc Ma Hạng Vũ Sự kiện 3,1,9,3280,2,6971,30,2,1004,13,2,1006,2000,,,,,,,,,,
4478,s==28|328_Hắc Ma Hạng Vũ Sự kiện 3,1,9,3280,2,6971,30,2,1516,5,2,1006,2000,,,,,,,,,,
4479,s==28|648_Hắc Ma Hạng Vũ Sự kiện 3,1,9,6480,2,6971,60,2,1527,5,2,1006,4000,,,,,,,,,,
4480,s==28|648_Hắc Ma Hạng Vũ Sự kiện 3,1,9,6480,2,6971,60,2,1056,280,2,1006,4000,,,,,,,,,,
4481,s==28|648_Hắc Ma Hạng Vũ Sự kiện 3,1,9,6480,2,6971,60,1,8,2000000,2,1006,4000,,,,,,,,,,
2778,s==32|Lưu Ly Bảo Giám Điển Tàng Lễ Bao,1,9,3280,1,74,1,2,19668,1,2,30062,1,2,1004,6,2,1006,3280,2,6970,1000,
4420,s==18|0_Sự kiện kỷ niệm ,1,9,10,2,6973,1,1,8,50000,2,6880,1,,,,,,,,,,
4485,s==24|500 KNB_Sự kiện kỷ niệm ,2,6973,3,1,8,10000,1,8,10000,2,1006,100,,,,,,,,,,
4486,s==18|6_Sự kiện kỷ niệm ,1,9,60,2,6973,1,2,1003,2,2,1006,200,,,,,,,,,,
4421,s==19|30_Sự kiện kỷ niệm ,1,9,300,2,6973,3,2,1003,4,2,6880,1,,,,,,,,,,
4422,s==19|68_Sự kiện kỷ niệm ,1,9,680,2,6973,6,2,1003,10,2,6880,2,,,,,,,,,,
4423,s==20|128_Sự kiện kỷ niệm ,1,9,1280,2,6973,10,2,1004,4,2,6880,4,,,,,,,,,,
4424,s==20|328_Sự kiện kỷ niệm ,1,9,1280,2,6973,10,2,1105,10,2,1006,2000,,,,,,,,,,
4425,s==20|328_Sự kiện kỷ niệm ,1,9,3280,2,6973,30,2,1004,13,2,1006,2000,,,,,,,,,,
4426,s==20|648_Sự kiện kỷ niệm ,1,9,3280,2,6973,30,2,1516,5,2,1006,2000,,,,,,,,,,
4427,s==20|648_Sự kiện kỷ niệm ,1,9,6480,2,6973,60,2,1004,22,2,1006,4000,,,,,,,,,,
4428,s==20|128_Sự kiện kỷ niệm ,1,9,6480,2,6973,60,2,1527,3,2,1006,4000,,,,,,,,,,
4429,s==20|648_Sự kiện kỷ niệm ,1,9,6480,2,6973,60,1,8,2000000,2,1006,4000,,,,,,,,,,
4430,s==19|0_Sự kiện kỷ niệm 2,1,9,10,2,6973,1,1,8,50000,2,6880,1,,,,,,,,,,
4487,s==25|500 KNB_Sự kiện kỷ niệm 2,2,6973,3,1,8,10000,1,8,10000,2,1006,100,,,,,,,,,,
4488,s==19|6_Sự kiện kỷ niệm 2,1,9,60,2,6973,1,2,1003,2,2,1006,200,,,,,,,,,,
4431,s==20|30_Sự kiện kỷ niệm 2,1,9,300,2,6973,3,2,1003,4,2,6880,1,,,,,,,,,,
4432,s==20|68_Sự kiện kỷ niệm 2,1,9,680,2,6973,6,2,1003,10,2,6880,2,,,,,,,,,,
4433,s==21|128_Sự kiện kỷ niệm 2,1,9,1280,2,6973,10,2,1004,4,2,6880,4,,,,,,,,,,
4434,s==21|328_Sự kiện kỷ niệm 2,1,9,1280,2,6973,10,2,1105,10,2,1006,2000,,,,,,,,,,
4435,s==21|328_Sự kiện kỷ niệm 2,1,9,3280,2,6973,30,2,1004,13,2,1006,2000,,,,,,,,,,
4436,s==21|648_Sự kiện kỷ niệm 2,1,9,3280,2,6973,30,2,1516,5,2,1006,2000,,,,,,,,,,
4437,s==21|648_Sự kiện kỷ niệm 2,1,9,6480,2,6973,60,2,1527,5,2,1006,4000,,,,,,,,,,
4438,s==21|128_Sự kiện kỷ niệm 2,1,9,6480,2,6973,60,2,1056,280,2,1006,4000,,,,,,,,,,
4439,s==21|648_Sự kiện kỷ niệm 2,1,9,6480,2,6973,60,1,8,2000000,2,1006,4000,,,,,,,,,,
4450,s==25|68_Long Mạch Mật Tàng 1_1,1,9,680,2,1527,2,2,1516,1,2,1003,8,,,,,,,,,,
4451,s==26|198_Long Mạch Mật Tàng 2_1,1,9,1980,2,1761,2,2,1037,16,2,1036,80,,,,,,,,,,
4452,s==26|198_Long Mạch Mật Tàng 2_2,1,9,1980,2,1076,3,2,1073,3,2,1086,150,,,,,,,,,,
4453,s==26|198_Long Mạch Mật Tàng 2_3,1,9,1980,2,2097,2,2,1017,180,2,1018,36,,,,,,,,,,
4454,s==26|198_Long Mạch Mật Tàng 2_4,1,9,1980,2,1228,15,2,1230,60,1,8,10000000,,,,,,,,,,
4455,s==26|198_Long Mạch Mật Tàng 3_1,1,9,1980,2,1475,3,2,1008,150,2,1010,180,,,,,,,,,,
4456,s==26|198_Long Mạch Mật Tàng 3_2,1,9,1980,2,1917,1,2,1049,300,2,1051,30,,,,,,,,,,
4457,s==26|198_Long Mạch Mật Tàng 3_3,1,9,1980,2,1509,8,2,1115,20000,1,8,5000000,,,,,,,,,,
4458,s==26|198_Long Mạch Mật Tàng 3_4,1,9,1980,2,71007,2,2,71003,120,2,71010,10,,,,,,,,,,
4459,s==26|648_Long Mạch Mật Tàng 4_1,1,9,6480,2,4050,1,2,1004,11,2,1006,6480,,,,,,,,,,
4460,s==26|648_Long Mạch Mật Tàng 5_1,1,9,6480,2,6963,1,2,1004,11,2,1006,6480,,,,,,,,,,
4490,s==36|30_Bao Thư Hoạt Động Thần Binh Mới 5,1,9,300,2,6859,4,2,1003,5,2,1001,500,,,,,,,,,,
4491,s==36|68_Bao Thư Hoạt Động Thần Binh Mới 5,1,9,680,2,6859,10,2,1003,8,2,1001,500,,,,,,,,,,
4492,s==36|98_Bao Thư Hoạt Động Thần Binh Mới 5,1,9,980,2,6859,20,2,1003,10,2,1006,1500,,,,,,,,,,
4493,s==37|198_Bao Thư Hoạt Động Thần Binh Mới 5,1,9,1980,2,6859,36,2,1003,20,2,1001,3000,,,,,,,,,,
4494,s==37|198_Bao Thư Hoạt Động Thần Binh Mới 5,1,9,1980,2,6859,30,2,1004,5,2,1006,3000,,,,,,,,,,
4495,s==37|328_Bao Thư Hoạt Động Thần Binh Mới 5,1,9,3280,2,6859,60,2,1761,1,2,1036,100,,,,,,,,,,
4496,s==37|648_Bao Thư Hoạt Động Thần Binh Mới 5,1,9,6480,2,6859,118,2,1761,2,2,1037,60,,,,,,,,,,
7051,s==30|Mã kích hoạt đặt trước cá nhân,2,22508,1,1,10,8888,1,8,18888,,,,,,,,,,,,,
7052,s==31|Mã kích hoạt đặt trước cửa hàng,2,25515,1,1,10,8888,1,8,18888,,,,,,,,,,,,,
7053,s==42|Phần thưởng khi đạt 200.000 lượt đặt trước,1,9,50,2,1001,50,1,8,10000,,,,,,,,,,,,,
7054,s==42|Phần thưởng khi đạt 400.000 lượt đặt trước,1,9,50,1,10,5000,1,8,38888,,,,,,,,,,,,,
7055,s==42|Phần thưởng khi đạt 600.000 lượt đặt trước,1,9,100,1,10,10000,1,8,38888,,,,,,,,,,,,,
7056,s==42|Phần thưởng khi đạt 800.000 lượt đặt trước,1,9,100,1,10,10000,1,8,38888,,,,,,,,,,,,,
7057,s==44|Phần thưởng khi đạt 1.000.000 lượt đặt trước,2,3002,50,1,10,10000,1,8,38888,,,,,,,,,,,,,
7058,s==12|Ngụy Điển Vi,2,21505,1,1,10,8888,1,8,18888,,,,,,,,,,,,,
7059,s==14|Ngụy Quách Gia,2,21507,1,1,10,8888,1,8,18888,,,,,,,,,,,,,
7060,s==12|Ngụy Hứa Chử,2,21510,1,1,10,8888,1,8,18888,,,,,,,,,,,,,
7061,s==12|Ngụy Chân Cơ,2,21503,1,1,10,8888,1,8,18888,,,,,,,,,,,,,
7062,s==12|Ngô Đại Kiều,2,23508,1,1,10,8888,1,8,18888,,,,,,,,,,,,,
7063,s==20|Ngô Tôn Thượng Hương,2,23504,1,1,10,8888,1,8,18888,,,,,,,,,,,,,
7064,s==13|Ngô Tiểu Kiều,2,23503,1,1,10,8888,1,8,18888,,,,,,,,,,,,,
7065,s==10|Ngô Chu Du,2,23510,1,1,10,8888,1,8,18888,,,,,,,,,,,,,
7066,s==12|Ma Triệu Vân,2,25515,1,1,10,8888,1,8,18888,,,,,,,,,,,,,
7067,s==15|Thục Bàng Thống,2,22511,1,1,10,8888,1,8,18888,,,,,,,,,,,,,
7068,s==14|Ngô Thái Sử Từ,2,23506,1,1,10,8888,1,8,18888,,,,,,,,,,,,,
7069,s==15|Ngô Gia Cát Cẩn,2,23405,1,1,10,8888,1,8,18888,,,,,,,,,,,,,
7070,s==12|Thục Quan Vũ,2,22504,1,1,10,8888,1,8,18888,,,,,,,,,,,,,
7071,s==16|Thục Hoàng Trung,2,22501,1,1,10,8888,1,8,18888,,,,,,,,,,,,,
7072,s==14|Thục Ngụy Diên,2,22505,1,1,10,8888,1,8,18888,,,,,,,,,,,,,
7073,s==15|Thục Trương Phi,2,22502,1,1,10,8888,1,8,18888,,,,,,,,,,,,,
7074,s==13|Ngô Hoàng Cái,2,23513,1,1,10,8888,1,8,18888,,,,,,,,,,,,,
7075,s==16|Ngụy Trương Liêu,2,21508,1,1,10,8888,1,8,18888,,,,,,,,,,,,,
7076,s==12|Ngô Cam Ninh,2,23507,1,1,10,8888,1,8,18888,,,,,,,,,,,,,
7077,s==18|Thần Gia Cát Lượng,2,24508,1,1,10,8888,1,8,18888,,,,,,,,,,,,,
7078,s==15|Túi quà Youtube,2,1006,50,1,10,10000,1,8,38888,,,,,,,,,,,,,
7079,s==31|Giải nhì đăng ký trước cửa hàng,2,1003,1,2,1001,50,1,8,38888,,,,,,,,,,,,,
7080,s==36|Giải toàn thể đăng ký trước cửa hàng,2,1019,2,1,10,10000,1,8,38888,,,,,,,,,,,,,
7081,s==22|Túi quà quý tộc xa hoa,1,9,188,2,1001,50,1,8,10000,,,,,,,,,,,,,
7082,s==26|Phần thưởng toàn liên minh,2,1003,1,2,1001,50,1,8,38888,,,,,,,,,,,,,
7083,s==13|Đại lễ ra mắt,1,9,188,2,1001,50,1,8,10000,,,,,,,,,,,,,
7084,s==16|Đại lễ tròn tuần,2,1005,5,2,1006,50,1,8,38888,,,,,,,,,,,,,
7085,s==17|Đại lễ tròn tháng,2,1002,3,2,1006,50,1,8,38888,,,,,,,,,,,,,
7086,s==33|Túi quà hướng dẫn trang khởi động,2,1002,2,1,10,10000,1,8,38888,,,,,,,,,,,,,
7087,s==18|Mừng vị trí Google,2,1019,3,2,1001,50,1,8,38888,,,,,,,,,,,,,
7088,s==25|Túi quà hồi đáp đột phá 1,2,1007,2,1,10,50000,1,8,10000,,,,,,,,,,,,,
7089,s==25|Túi quà hồi đáp đột phá 2,2,1002,2,1,10,50000,1,8,10000,,,,,,,,,,,,,
7090,s==12|Đếm ngược D6,2,1003,2,2,1001,50,1,8,10000,,,,,,,,,,,,,
7091,s==12|Đếm ngược D5,2,1007,2,1,8,88888,1,10,10000,,,,,,,,,,,,,
7092,s==12|Đếm ngược D4,2,1002,2,1,8,88888,1,10,10000,,,,,,,,,,,,,
7093,s==12|Đếm ngược D3,2,1005,4,1,8,88888,1,10,10000,,,,,,,,,,,,,
7094,s==12|Đếm ngược D2,2,1019,3,1,8,88888,1,10,10000,,,,,,,,,,,,,
7095,s==12|Đếm ngược D1,2,1002,2,1,10,50000,1,8,10000,,,,,,,,,,,,,
7096,s==26|Túi quà nuôi dưỡng thẻ bài,2,1001,50,1,10,10000,1,8,38888,,,,,,,,,,,,,
7097,s==26|Túi quà huấn luyện thẻ bài,2,1019,2,1,10,10000,1,8,38888,,,,,,,,,,,,,
7098,s==26|Túi quà phát triển thẻ bài,2,1012,5,1,10,50000,1,8,10000,,,,,,,,,,,,,
7099,s==26|Túi quà hoạch định thẻ bài,2,3001,30,2,1001,50,1,8,10000,,,,,,,,,,,,,
7100,s==14|5 tỷ thỏi vàng,2,1270,100000,,0,,,,,,,,,,,,,,,,,
7101,s==16|Lễ Bao Đặc Quyền,2,1001,50,2,1006,50,1,8,10000,,,,,,,,,,,,,
7102,s==16|Lễ Bao Đặc Quyền,2,1006,50,1,10,50000,1,8,10000,,,,,,,,,,,,,
7103,s==16|Lễ Bao Đặc Quyền,2,1019,2,2,1006,50,1,8,10000,,,,,,,,,,,,,
6974,s==23|Hộp quà bất ngờ kỷ niệm,2,1003,10,2,1014,2,2,6973,3,,,,,,,,,,,,,
6975,s==24|Hộp quà quý hiếm kỷ niệm,2,1004,3,2,1014,2,2,6973,6,2,1079,1,,,,,,,,,,
6978,s==14|Túi quà lễ hội,1,8,888888,2,1001,200,2,1003,3,2,1004,1,,,,,,,,,,
7105,s==17|Túi quà hồi hương,1,9,666,2,1001,666,1,10,660000,1,8,660000,2,1003,6,,,,,,,
4510,s==29|0_Sự kiện Cá Chép Vượt Vũ Môn,1,9,10,2,6980,1,1,8,50000,2,2755,5,,,,,,,,,,
4511,s==30|30_Sự kiện Cá Chép Vượt Vũ Môn,1,9,300,2,6980,3,2,1003,4,2,2755,15,,,,,,,,,,
4512,s==30|68_Sự kiện Cá Chép Vượt Vũ Môn,1,9,680,2,6980,6,2,1003,10,2,2755,30,,,,,,,,,,
4513,s==31|128_Sự kiện Cá Chép Vượt Vũ Môn,1,9,1280,2,6980,10,2,1004,4,2,2755,50,,,,,,,,,,
4514,s==31|328_Sự kiện Cá Chép Vượt Vũ Môn,1,9,3280,2,6980,30,2,1004,13,2,2755,80,,,,,,,,,,
4515,s==31|328_Sự kiện Cá Chép Vượt Vũ Môn,1,9,3280,2,6980,30,2,1516,5,2,2755,80,,,,,,,,,,
4516,s==31|648_Sự kiện Cá Chép Vượt Vũ Môn,1,9,6480,2,6980,60,2,1004,22,2,1006,4000,,,,,,,,,,
4517,s==31|648_Sự kiện Cá Chép Vượt Vũ Môn,1,9,6480,2,6980,60,2,1527,3,2,1006,4000,,,,,,,,,,
4518,s==31|128_Sự kiện Cá Chép Vượt Vũ Môn,1,9,1280,2,6980,10,2,1105,10,2,2755,50,,,,,,,,,,
4519,s==31|648_Sự kiện Cá Chép Vượt Vũ Môn,1,9,6480,2,6980,60,1,8,2000000,2,1006,4000,,,,,,,,,,
4520,s==30|0_Sự kiện Cá Chép Vượt Vũ Môn2,1,9,10,2,6980,1,1,8,50000,2,2755,5,,,,,,,,,,
4521,s==32|30_Cá nhảy mừng xuân hoạt động 2,1,9,300,2,6980,3,2,1003,4,2,2755,15,,,,,,,,,,
4522,s==32|68_Cá nhảy mừng xuân hoạt động 2,1,9,680,2,6980,6,2,1003,10,2,2755,30,,,,,,,,,,
4523,s==33|128_Cá nhảy mừng xuân hoạt động 2,1,9,1280,2,6980,10,2,1004,4,2,2755,50,,,,,,,,,,
4524,s==33|328_Cá nhảy mừng xuân hoạt động 2,1,9,3280,2,6980,30,2,1004,13,2,2755,80,,,,,,,,,,
4525,s==33|328_Cá nhảy mừng xuân hoạt động 2,1,9,3280,2,6980,30,2,1516,5,2,2755,80,,,,,,,,,,
4526,s==33|648_Cá nhảy mừng xuân hoạt động 2,1,9,6480,2,6980,60,2,1527,5,2,1006,4000,,,,,,,,,,
4527,s==33|648_Cá nhảy mừng xuân hoạt động 2,1,9,6480,2,6980,60,2,1056,280,2,1006,4000,,,,,,,,,,
4528,s==33|128_Cá nhảy mừng xuân hoạt động 2,1,9,1280,2,6980,10,2,1105,10,2,2755,50,,,,,,,,,,
4529,s==33|648_Cá nhảy mừng xuân hoạt động 2,1,9,6480,2,6980,60,1,8,2000000,2,1006,4000,,,,,,,,,,
6976,s==25|Lễ Bao Bất Ngờ Dịp Lễ Hội,2,1003,10,2,1014,2,2,6980,3,,,,,,,,,,,,,
6979,s==26|Lễ Bao Quý Hiếm Dịp Lễ Hội,2,1004,3,2,1014,2,2,6980,6,2,1079,1,,,,,,,,,,
4530,s==16|Túi quà Tiểu Hàn,2,1007,2,1,10,50000,1,8,10000,,,,,,,,,,,,,
4531,s==15|Túi quà Đại Hàn,2,1005,2,1,10,50000,1,8,10000,,,,,,,,,,,,,
4532,s==17|Túi quà Tiểu Niên,2,1012,5,1,10,50000,1,8,10000,,,,,,,,,,,,,
4533,s==17|Túi quà Giao Thừa,2,1002,3,2,1006,50,1,8,38888,,,,,,,,,,,,,
4534,s==17|Túi quà Xuân Tiết,2,1003,1,2,1006,50,1,8,38888,,,,,,,,,,,,,
4535,s==16|Túi quà Lập Xuân,2,1012,5,1,10,50000,1,8,10000,,,,,,,,,,,,,
4536,s==19|Túi quà Nguyên Tiêu,2,1007,3,2,1001,50,1,8,38888,,,,,,,,,,,,,
4537,s==20|Túi quà Nguyên Khí A,2,1007,2,1,10,50000,1,8,10000,,,,,,,,,,,,,
4538,s==20|Túi quà Nguyên Khí B,2,1005,2,1,10,50000,1,8,10000,,,,,,,,,,,,,
4539,s==20|Túi quà Nguyên Khí C,2,1012,5,1,10,50000,1,8,10000,,,,,,,,,,,,,
4540,s==20|Túi quà Nguyên Khí D,2,1019,3,1,10,50000,1,8,10000,,,,,,,,,,,,,
4541,s==20|Túi quà Nguyên Khí E,2,1007,3,2,1001,50,1,8,38888,,,,,,,,,,,,,
4542,s==15|Túi quà Hảo Vận,2,1019,3,2,1001,50,1,8,38888,,,,,,,,,,,,,
4543,s==16|Túi quà Hạnh Vận,1,9,188,2,1001,50,1,8,10000,,,,,,,,,,,,,
4544,s==17|Túi quà Hảo Khánh,2,1003,1,2,1001,50,1,8,38888,,,,,,,,,,,,,
4545,s==17|Túi quà Chúc Phúc,2,1006,50,1,10,10000,1,8,38888,,,,,,,,,,,,,
4546,s==22|Túi quà Nguyên Khí Hào,2,1005,10,2,1001,50,1,10,5000,,,,,,,,,,,,,
4547,s==14|Túi quà Âu Khí,2,1019,5,2,1001,100,1,8,10000,,,,,,,,,,,,,
4548,s==27|Phúc lợi nghỉ lễ Nguyên Đán,2,1007,2,1,10,50000,1,8,10000,,,,,,,,,,,,,
4549,s==24|Lễ Phúc Mừng Xuân Mãn Kỳ,2,1005,2,1,10,50000,1,8,10000,,,,,,,,,,,,,
4550,s==22|Lễ Phúc Tháng Mười Một,2,1012,5,1,10,50000,1,8,10000,,,,,,,,,,,,,
4551,s==22|Lễ Phúc Tháng Mười Hai,2,1019,3,1,10,50000,1,8,10000,,,,,,,,,,,,,
4552,s==24|Lễ Phúc Kỷ Niệm Hòa Bình,1,9,188,2,1001,50,1,8,10000,,,,,,,,,,,,,
4553,s==18|Đại Lộc Thần Quà 1,2,1003,1,1,10,100000,2,1001,100,,,,,,,,,,,,,
4554,s==18|Đại Lộc Thần Quà 2,2,1003,1,1,10,100000,2,1007,3,,,,,,,,,,,,,
4555,s==18|Đại Lộc Thần Quà 3,2,1003,1,1,10,100000,2,1019,3,,,,,,,,,,,,,
4556,s==18|Đại Lộc Thần Quà 4,2,1003,1,1,10,100000,2,1006,100,,,,,,,,,,,,,
4557,s==18|Đại Lộc Thần Quà 5,2,1003,1,1,10,100000,2,1005,3,,,,,,,,,,,,,
4558,s==18|Đại Lộc Thần Quà 6,2,1003,1,1,8,100000,2,1001,100,,,,,,,,,,,,,
4559,s==18|Đại Lộc Thần Quà 7,2,1003,1,1,8,100000,2,1007,3,,,,,,,,,,,,,
4560,s==18|Đại Lộc Thần Quà 8,2,1003,1,1,8,100000,2,1019,3,,,,,,,,,,,,,
4561,s==18|Đại Lộc Thần Quà 9,2,1003,1,1,8,100000,2,1006,100,,,,,,,,,,,,,
4562,s==19|Đại Lộc Thần Quà 10,2,1003,1,1,8,100000,2,1005,3,,,,,,,,,,,,,
4563,s==23|Gói Quà Nâng Cấp Ưu Đãi,1,9,3280,2,1286,30,2,1004,5,2,1003,20,,,,,,,,,,
4564,s==24|Gói Quà Nâng Cấp Hào Hoa,1,9,6480,2,1286,45,2,1004,7,2,1003,30,,,,,,,,,,
4565,s==16|0_Hoạt động Xuân,1,9,10,2,6983,1,1,8,50000,2,1006,100,,,,,,,,,,
4566,s==17|30_Hoạt động Xuân,1,9,300,2,6983,3,2,1003,4,2,6993,1,,,,,,,,,,
4567,s==17|68_Hoạt động Xuân,1,9,680,2,6983,6,2,1003,10,2,6993,2,,,,,,,,,,
4568,s==18|128_Hoạt động Xuân,1,9,1280,2,6983,10,2,1004,4,2,6993,2,,,,,,,,,,
4569,s==18|128_Hoạt động Xuân,1,9,1280,2,6983,10,2,1105,10,2,1006,2000,,,,,,,,,,
4570,s==18|328_Hoạt động Xuân,1,9,3280,2,6983,30,2,1004,13,2,1006,2000,,,,,,,,,,
4571,s==18|328_Hoạt động Xuân,1,9,3280,2,6983,30,2,1516,5,2,1006,4000,,,,,,,,,,
4572,s==18|648_Hoạt động Xuân,1,9,6480,2,6983,60,2,1004,22,2,1006,4000,,,,,,,,,,
4573,s==18|648_Hoạt động Xuân,1,9,6480,2,6983,60,2,1527,3,2,1006,800,,,,,,,,,,
4574,s==18|648_Hoạt động Xuân,1,9,6480,2,6983,60,1,8,2000000,2,1006,4000,,,,,,,,,,
4575,s==18|0_Hoạt động Xuân 2,1,9,10,2,6983,1,1,8,50000,2,1006,100,,,,,,,,,,
4576,s==19|30_Hoạt động Xuân 2,1,9,300,2,6983,3,2,1003,4,2,6993,1,,,,,,,,,,
4577,s==19|68_Hoạt động Xuân 2,1,9,680,2,6983,6,2,1003,10,2,6993,2,,,,,,,,,,
4578,s==20|128_Hoạt động Xuân 2,1,9,1280,2,6983,10,2,1004,4,2,6993,2,,,,,,,,,,
4579,s==20|128_Hoạt động Xuân 2,1,9,1280,2,6983,10,2,1105,10,2,1006,2000,,,,,,,,,,
4580,s==20|328_Hoạt động Xuân 2,1,9,3280,2,6983,30,2,1004,13,2,1006,2000,,,,,,,,,,
4581,s==20|328_Hoạt động Xuân 2,1,9,3280,2,6983,30,2,1516,5,2,1006,4000,,,,,,,,,,
4582,s==20|648_Hoạt động Xuân 2,1,9,6480,2,6983,60,2,1527,5,2,1006,4000,,,,,,,,,,
4583,s==20|648_Hoạt động Xuân 2,1,9,6480,2,6983,60,2,1056,280,2,1006,800,,,,,,,,,,
4584,s==20|648_Hoạt động Xuân 2,1,9,6480,2,6983,60,1,8,2000000,2,1006,4000,,,,,,,,,,
4600,s==23|0_Hoạt động Ma Long Quỳ,1,9,10,2,6995,1,1,8,50000,2,1027,10,,,,,,,,,,
4601,s==24|30_Hoạt động Ma Long Quỳ,1,9,300,2,6995,3,2,1003,4,2,1027,50,,,,,,,,,,
4602,s==24|68_Hoạt động Ma Long Quỳ,1,9,680,2,6995,6,2,1003,10,2,1027,100,,,,,,,,,,
4603,s==23|128_Sự kiện Ma Long Quỳ,1,9,1280,2,6995,10,2,1004,4,2,1006,1000,,,,,,,,,,
4604,s==23|128_Sự kiện Ma Long Quỳ,1,9,1280,2,6995,10,2,1105,10,2,1006,1000,,,,,,,,,,
4605,s==23|328_Sự kiện Ma Long Quỳ,1,9,3280,2,6995,30,2,1004,13,2,1006,2000,,,,,,,,,,
4606,s==23|328_Sự kiện Ma Long Quỳ,1,9,3280,2,6995,30,2,1516,5,2,1006,2000,,,,,,,,,,
4607,s==23|648_Sự kiện Ma Long Quỳ,1,9,6480,2,6995,60,2,1004,22,2,1006,4000,,,,,,,,,,
4608,s==23|648_Sự kiện Ma Long Quỳ,1,9,6480,2,6995,60,2,1527,3,2,1006,4000,,,,,,,,,,
4609,s==23|648_Sự kiện Ma Long Quỳ,1,9,6480,2,6995,60,1,8,2000000,2,1006,4000,,,,,,,,,,
4610,s==23|0_Sự kiện Ma Long Quỳ 2,1,9,10,2,6995,1,1,8,50000,2,1027,10,,,,,,,,,,
4611,s==24|30_Sự kiện Ma Long Quỳ 2,1,9,300,2,6995,3,2,1003,4,2,1027,50,,,,,,,,,,
4612,s==24|68_Sự kiện Ma Long Quỳ 2,1,9,680,2,6995,6,2,1003,10,2,1027,100,,,,,,,,,,
4613,s==25|128_Sự kiện Ma Long Quỳ 2,1,9,1280,2,6995,11,2,1004,4,2,1006,1000,,,,,,,,,,
4614,s==25|128_Sự kiện Ma Long Quỳ 2,1,9,1280,2,6995,10,2,1105,10,2,1006,800,,,,,,,,,,
4615,s==25|328_Sự kiện Ma Long Quỳ 2,1,9,3280,2,6995,30,2,1004,13,2,1006,2000,,,,,,,,,,
4616,s==25|328_Sự kiện Ma Long Quỳ 2,1,9,3280,2,6995,30,2,1516,5,2,1006,2000,,,,,,,,,,
4617,s==25|648_Sự kiện Ma Long Quỳ 2,1,9,6480,2,6995,60,2,1527,5,2,1006,4000,,,,,,,,,,
4618,s==25|648_Sự kiện Ma Long Quỳ 2,1,9,6480,2,6995,60,2,1056,280,2,1006,4000,,,,,,,,,,
4619,s==25|648_Sự kiện Ma Long Quỳ 2,1,9,6480,2,6995,60,1,8,2000000,2,1006,4000,,,,,,,,,,
4620,s==23|0_Sự kiện Ma Long Quỳ 3,1,9,10,2,6995,1,1,8,50000,2,1027,10,,,,,,,,,,
4621,s==24|30_Sự kiện Ma Long Quỳ 3,1,9,300,2,6995,3,2,1003,4,2,1027,50,,,,,,,,,,
4622,s==24|68_Sự kiện Ma Long Quỳ 3,1,9,680,2,6995,6,2,1003,10,2,1027,100,,,,,,,,,,
4623,s==25|128_Sự kiện Ma Long Quỳ 3,1,9,1280,2,6995,11,2,1004,4,2,1006,1000,,,,,,,,,,
4624,s==25|128_Sự kiện Ma Long Quỳ 3,1,9,1280,2,6995,10,2,1105,10,2,1006,800,,,,,,,,,,
4625,s==25|328_Sự kiện Ma Long Quỳ 3,1,9,3280,2,6995,30,2,1004,13,2,1006,2000,,,,,,,,,,
4626,s==25|328_Sự kiện Ma Long Quỳ 3,1,9,3280,2,6995,30,2,1516,5,2,1006,2000,,,,,,,,,,
4627,s==25|648_Sự kiện Ma Long Quỳ 3,1,9,6480,2,6995,60,2,1527,5,2,1006,4000,,,,,,,,,,
4628,s==25|648_Sự kiện Ma Long Quỳ 3,1,9,6480,2,6995,60,2,1056,280,2,1006,4000,,,,,,,,,,
4629,s==25|648_Sự kiện Ma Long Quỳ 3,1,9,6480,2,6995,60,1,8,2000000,2,1006,4000,,,,,,,,,,
4630,s==34|Tuyệt Bản - Hào Hoa Vô Song Lễ Bao,1,9,3280,2,1279,60,2,1004,10,1,8,5000000,,,,,,,,,,
4631,s==37|Tuyệt Bản - Tối Thượng Vô Song Lễ Bao,1,9,6480,2,1286,120,2,1004,14,2,1003,60,,,,,,,,,,
6981,s==25|Lễ Bao Bất Ngờ Dịp Lễ Hội,2,1003,10,2,1014,2,2,1217,5,,,,,,,,,,,,,
6982,s==26|Lễ Bao Quý Hiếm Dịp Lễ Hội,2,1004,3,2,1216,1,2,1217,20,2,1079,1,,,,,,,,,,
4632,s==23|0_Sự kiện Thần Lưu Bang,1,9,10,2,6984,1,1,8,50000,2,1027,10,,,,,,,,,,
4633,s==24|30_Sự kiện Thần Lưu Bang,1,9,300,2,6984,3,2,1003,4,2,1027,50,,,,,,,,,,
4634,s==24|68_Sự kiện Thần Lưu Bang,1,9,680,2,6984,6,2,1003,10,2,1027,100,,,,,,,,,,
4635,s==25|128_Sự kiện Thần Lưu Bang,1,9,1280,2,6984,10,2,1004,4,2,1006,1000,,,,,,,,,,
4636,s==25|128_Sự kiện Thần Lưu Bang,1,9,1280,2,6984,10,2,1105,10,2,1006,1000,,,,,,,,,,
4637,s==25|328_Sự kiện Thần Lưu Bang,1,9,3280,2,6984,30,2,1004,13,2,1006,2000,,,,,,,,,,
4638,s==25|328_Sự kiện Thần Lưu Bang,1,9,3280,2,6984,30,2,1516,5,2,1006,2000,,,,,,,,,,
4639,s==25|648_Sự kiện Thần Lưu Bang,1,9,6480,2,6984,60,2,1527,5,2,1006,4000,,,,,,,,,,
4640,s==25|648_Sự kiện Thần Lưu Bang,1,9,6480,2,6984,60,2,1056,280,2,1006,4000,,,,,,,,,,
4641,s==25|648_Sự kiện Thần Lưu Bang,1,9,6480,2,6984,60,1,8,2000000,2,1006,4000,,,,,,,,,,
4642,s==25|0_Sự kiện Thần Lưu Bang 2,1,9,10,2,6984,1,1,8,50000,2,1027,10,,,,,,,,,,
4643,s==26|30_Sự kiện Thần Lưu Bang 2,1,9,300,2,6984,3,2,1003,4,2,1027,50,,,,,,,,,,
4644,s==26|68_Sự kiện Thần Lưu Bang 2,1,9,680,2,6984,6,2,1003,10,2,1027,100,,,,,,,,,,
4645,s==27|128_Sự kiện Thần Lưu Bang 2,1,9,1280,2,6984,11,2,1004,4,2,1006,1000,,,,,,,,,,
4646,s==27|128_Sự kiện Thần Lưu Bang 2,1,9,1280,2,6984,10,2,1105,10,2,1006,800,,,,,,,,,,
4647,s==27|328_Sự kiện Thần Lưu Bang 2,1,9,3280,2,6984,30,2,1004,13,2,1006,2000,,,,,,,,,,
4648,s==27|328_Sự kiện Thần Lưu Bang 2,1,9,3280,2,6984,30,2,1516,5,2,1006,2000,,,,,,,,,,
4649,s==27|648_Sự kiện Thần Lưu Bang 2,1,9,6480,2,6984,60,2,1527,5,2,1006,4000,,,,,,,,,,
4650,s==27|648_Sự kiện Thần Lưu Bang 2,1,9,6480,2,6984,60,2,1056,280,2,1006,4000,,,,,,,,,,
4651,s==27|648_Sự kiện Thần Lưu Bang 2,1,9,6480,2,6984,60,1,8,2000000,2,1006,4000,,,,,,,,,,
4652,s==25|0_Sự kiện Thần Lưu Bang 3,1,9,10,2,6984,1,1,8,50000,2,1027,10,,,,,,,,,,
4653,s==26|30_Sự kiện Thần Lưu Bang 3,1,9,300,2,6984,3,2,1003,4,2,1027,50,,,,,,,,,,
4654,s==26|68_Sự kiện Thần Lưu Bang 3,1,9,680,2,6984,6,2,1003,10,2,1027,100,,,,,,,,,,
4655,s==27|128_Sự kiện Thần Lưu Bang 3,1,9,1280,2,6984,11,2,1004,4,2,1006,1000,,,,,,,,,,
4656,s==27|128_Sự kiện Thần Lưu Bang 3,1,9,1280,2,6984,10,2,1105,10,2,1006,800,,,,,,,,,,
4657,s==27|328_Sự kiện Thần Lưu Bang 3,1,9,3280,2,6984,30,2,1004,13,2,1006,2000,,,,,,,,,,
4658,s==27|328_Sự kiện Thần Lưu Bang 3,1,9,3280,2,6984,30,2,1516,5,2,1006,2000,,,,,,,,,,
4659,s==27|648_Sự kiện Thần Lưu Bang 3,1,9,6480,2,6984,60,2,1527,5,2,1006,4000,,,,,,,,,,
4660,s==27|648_Sự kiện Thần Lưu Bang 3,1,9,6480,2,6984,60,2,1056,280,2,1006,4000,,,,,,,,,,
4661,s==27|648_Sự kiện Thần Lưu Bang 3,1,9,6480,2,6984,60,1,8,2000000,2,1006,4000,,,,,,,,,,
5197,s==12|Tân Niên Bao,1,9,300,2,1003,6,2,1006,5000,1,8,1000000,,,,,,,,,,
5198,s==24|Hân hoan nghênh đón 2023,1,9,600,2,1004,2,2,1029,6,1,8,660000,,,,,,,,,,
7212,s==51|Gói quà mua trực tiếp Trang phục Tĩnh Thế Kinh Hồng,1,9,3280,2,13752,1,2,1527,1,2,1003,22,,,,,,,,,,
7213,s==50|Gói quà mua trực tiếp Trang phục Tĩnh Thế Thần Lâm,1,9,3280,2,13751,1,2,1527,1,2,1003,22,,,,,,,,,,
7214,s==52|Gói quà mua trực tiếp Trang phục Luyện Ngục Quỷ Thần,1,9,3280,2,13001,1,2,1527,1,2,1003,22,,,,,,,,,,
7245,s==52|Gói quà mua trực tiếp Trang phục Xích Diễm Phong Bạo,1,9,3280,2,13764,1,2,1527,1,2,1003,22,,,,,,,,,,
7215,s==26|Đại Lễ Bao Tướng Quân 7k A,2,1004,12,2,1003,25,2,1001,4000,,,,,,,,,,,,,
7216,s==26|Đại Lễ Bao Tướng Quân 7k B,2,5095,4,2,1003,25,2,1001,4000,,,,,,,,,,,,,
7217,s==24|Đại Lễ Bao Tướng Ấn 7k C,2,1105,28,2,1006,8500,1,8,10000000,,,,,,,,,,,,,
7218,s==25|Đại Lễ Bao Bảo Thạch 7k D,2,1761,4,2,1036,40,2,1037,40,,,,,,,,,,,,,
7219,s==24|Đại Lễ Bao Phối Sức 1W A,2,1475,2,2,1010,70,2,1009,50,,,,,,,,,,,,,
7220,s==26|Đại Lễ Bao Tướng Quân 1W B,2,5095,5,2,1003,70,2,1001,7500,,,,,,,,,,,,,
7221,s==24|Đại Lễ Bao Tướng Ấn 1W C,2,1105,30,2,1006,7000,2,1020,50,,,,,,,,,,,,,
7222,s==25|Đại Lễ Bao Bảo Thạch 1W D,2,1468,3,2,1029,70,2,1030,50,,,,,,,,,,,,,
7223,s==26|Đại Lễ Bao Tướng Quân 2W A,2,1004,45,2,1003,100,2,1001,12000,,,,,,,,,,,,,
7224,s==26|Đại Lễ Bao Tướng Quân 2W B,2,1530,2,2,1105,45,2,1006,12000,,,,,,,,,,,,,
7225,s==24|Đại Lễ Bao Trang Bị 2W C,2,1468,4,2,1029,100,2,1030,50,,,,,,,,,,,,,
7226,s==24|Đại Lễ Bao Phối Sức 2W D,2,1475,4,2,1010,100,2,1009,50,,,,,,,,,,,,,
7227,s==24|Đại Lễ Bao Trang Bị 2W E,2,1761,4,2,1036,100,2,1037,50,,,,,,,,,,,,,
7228,s==26|Đại Lễ Bao Tướng Quân 5W A,2,1530,4,2,1056,400,2,1004,25,,,,,,,,,,,,,
7229,s==24|Đại Lễ Bao Chiến Mã 5W B,2,1070,1,2,1509,4,2,1057,20,,,,,,,,,,,,,
7230,s==24|Đại Lễ Bao Chiến Kỳ 5W C,2,1211,1,2,1049,80,2,1051,30,,,,,,,,,,,,,
7231,s==24|Đại Lễ Bao Trang Bị 5W D,2,2149,1,2,1029,120,2,1030,60,,,,,,,,,,,,,
7232,s==25|Đại Lễ Bao Bảo Thạch 5W E,2,5137,1,2,1036,120,2,1037,60,,,,,,,,,,,,,
7233,s==25|Đại Lễ Bao Bảo Thạch 5W F,2,5137,1,2,1105,60,2,1006,20000,,,,,,,,,,,,,
7234,s==26|Đại Lễ Bao Tướng Quân 8W A,2,1530,8,2,1056,400,2,1004,25,,,,,,,,,,,,,
7235,s==24|Đại Lễ Bao Chiến Mã 8W B,2,1070,2,2,1509,4,2,1057,20,,,,,,,,,,,,,
7236,s==24|Đại Lễ Bao Chiến Kỳ 8W C,2,1211,2,2,1049,80,2,1051,30,,,,,,,,,,,,,
7237,s==24|Đại Lễ Bao Trang Bị 8W D,2,2149,2,2,1029,120,2,1030,60,,,,,,,,,,,,,
7238,s==25|Đại Lễ Bao Bảo Thạch 8W E,2,5137,2,2,1036,120,2,1037,60,,,,,,,,,,,,,
7239,s==25|Đại Lễ Bao Bảo Thạch 8W F,2,5137,2,2,1105,60,2,1006,20000,,,,,,,,,,,,,
76001,s==16|Hồng Bao 500 KNB,1,9,500,1,8,500000,,,,,,,,,,,,,,,,
76002,s==16|Hồng Bao 666 KNB,1,9,666,1,8,666666,,,,,,,,,,,,,,,,
76003,s==16|Hồng Bao 888 KNB,1,9,888,1,8,888888,,,,,,,,,,,,,,,,
76004,s==17|Hồng Bao 1000 KNB,1,9,1000,1,8,100000,,,,,,,,,,,,,,,,
76005,s==17|Hồng Bao 2000 KNB,1,9,2000,1,8,200000,,,,,,,,,,,,,,,,
76006,s==17|Hồng Bao 2023 KNB,1,9,2023,1,8,202300,,,,,,,,,,,,,,,,
76007,s==21|Miếng Dán May Mắn 530,1,9,520,1,8,520520,,,,,,,,,,,,,,,,
76008,s==22|Miếng Dán May Mắn 1314,1,9,1314,1,8,5201314,,,,,,,,,,,,,,,,
4662,s==24|Bách Nhật Kỷ Niệm Lễ Bao,2,1019,5,2,1001,100,1,8,10000,,,,,,,,,,,,,
4663,s==16|Kinh Trập Lễ Bao,2,1007,3,1,8,88888,1,10,10000,,,,,,,,,,,,,
4664,s==19|Nữ Thần Tiết Lễ Bao,2,1002,5,2,1001,50,1,10,10000,,,,,,,,,,,,,
4665,s==16|Xuân Phân Lễ Bao,2,1005,10,2,1001,50,1,10,5000,,,,,,,,,,,,,
4666,s==21|Ngốc Nhân Tiết Lễ Bao,2,1019,5,2,1001,100,1,8,10000,,,,,,,,,,,,,
4667,s==20|Nhi Đồng Tiết Lễ Bao,2,1012,10,1,8,88888,1,10,10000,,,,,,,,,,,,,
4668,s==22|Thanh Minh Tiết Lễ Bao,2,1006,500,1,10,10000,1,8,10000,,,,,,,,,,,,,
4669,s==13|Cốc Vũ Lễ Bao,2,3001,60,2,1001,100,1,10,10000,,,,,,,,,,,,,
4670,s==23|Bán Niên Kỷ Niệm Lễ Bao,2,1002,5,2,1001,50,1,10,10000,,,,,,,,,,,,,
4671,s==13|Lập Hạ Lễ Bao,1,9,288,2,1001,50,1,8,10000,,,,,,,,,,,,,
4672,s==15|Tiểu Mãn Lễ Bao,2,1002,5,2,1001,50,1,10,10000,,,,,,,,,,,,,
4673,s==14|Sủng Ái Lễ Bao,2,1005,10,2,1001,50,1,10,5000,,,,,,,,,,,,,
4674,s==16|Đường Mật Lễ Bao,2,1019,5,2,1001,100,1,8,10000,,,,,,,,,,,,,
4675,s==16|Túi quà Hạnh Vận,2,1012,10,1,8,88888,1,10,10000,,,,,,,,,,,,,
4676,s==19|Nguyên Khí Lễ Bao A,2,3001,30,2,1001,50,1,8,10000,,,,,,,,,,,,,
4677,s==19|Nguyên Khí Lễ Bao B,2,1006,250,1,10,10000,1,8,38888,,,,,,,,,,,,,
4678,s==19|Nguyên Khí Lễ Bao C,2,1005,10,2,1001,50,1,10,5000,,,,,,,,,,,,,
4679,s==17|Túi quà Chúc Phúc,2,1019,5,2,1001,100,1,8,10000,,,,,,,,,,,,,
4680,s==17|Chuyên Thư Lễ Bao,2,1006,250,1,10,10000,1,10,10000,,,,,,,,,,,,,
4681,s==16|Điển Tàng Lễ Bao,2,1005,10,2,1001,50,1,10,10000,,,,,,,,,,,,,
4682,s==15|Siêu Bạo Lễ Bao,2,3002,20,2,1001,50,1,8,10000,,,,,,,,,,,,,
4683,s==17|Túi quà Hảo Khánh,2,1002,5,2,1001,50,1,10,10000,,,,,,,,,,,,,
4684,s==17|Tam Nguyệt Hảo Lễ,2,1007,3,1,8,88888,1,10,10000,,,,,,,,,,,,,
4685,s==16|Bách Nhật Lễ Bao,2,1002,5,2,1001,50,1,10,10000,,,,,,,,,,,,,
4686,s==14|Liên Hạ Hảo Lễ,2,1005,10,2,1001,50,1,10,5000,,,,,,,,,,,,,
4687,s==17|Ngũ Nguyệt Hảo Lễ,2,1019,5,2,1001,100,1,8,10000,,,,,,,,,,,,,
4688,s==15|Bán Niên Hảo Lễ,2,1012,10,1,8,88888,1,10,10000,,,,,,,,,,,,,
4689,s==17|Kim Đỉnh Hào Lễ 1,2,1270,10000,1,9,88,1,8,88888,,,,,,,,,,,,,
4690,s==17|Kim Đỉnh Hào Lễ 2,2,1270,10000,1,9,88,1,8,88888,,,,,,,,,,,,,
4691,s==17|Kim Đỉnh Hào Lễ 3,2,1270,10000,1,9,88,1,8,88888,,,,,,,,,,,,,
4692,s==17|Kim Đỉnh Hào Lễ 4,2,1270,10000,1,9,88,1,8,88888,,,,,,,,,,,,,
4693,s==17|Kim Đỉnh Hào Lễ 5,2,1270,10000,1,9,88,1,8,88888,,,,,,,,,,,,,
4694,s==17|Kim Đỉnh Hào Lễ 6,2,1270,10000,1,9,88,1,8,88888,,,,,,,,,,,,,
4695,s==17|Kim Đỉnh Hào Lễ 7,2,1270,10000,1,9,88,1,8,88888,,,,,,,,,,,,,
4696,s==17|Kim Đỉnh Hào Lễ 8,2,1270,10000,1,9,88,1,8,88888,,,,,,,,,,,,,
4697,s==17|Kim Đỉnh Hào Lễ 9,2,1270,10000,1,9,88,1,8,88888,,,,,,,,,,,,,
4698,s==18|Kim Đỉnh Hào Lễ 10,2,1270,10000,1,9,88,1,8,88888,,,,,,,,,,,,,
4699,s==18|Kim Đỉnh Hào Lễ 11,2,1270,10000,1,9,88,1,8,88888,,,,,,,,,,,,,
4700,s==18|Kim Đỉnh Hào Lễ 12,2,1270,10000,1,9,88,1,8,88888,,,,,,,,,,,,,
4701,s==18|Kim Đỉnh Hào Lễ 13,2,1270,10000,1,9,88,1,8,88888,,,,,,,,,,,,,
4702,s==18|Kim Đỉnh Hào Lễ 14,2,1270,10000,1,9,88,1,8,88888,,,,,,,,,,,,,
4703,s==18|Kim Đỉnh Hào Lễ 15,2,1270,10000,1,9,88,1,8,88888,,,,,,,,,,,,,
4720,s==13|30 Tinh Thạch,1,76,30,,,,,,,,,,,,,,,,,,,
4721,s==13|70 Tinh Thạch,1,76,68,1,76,2,,,,,,,,,,,,,,,,
4722,s==14|132 Tinh Thạch,1,76,128,1,76,4,,,,,,,,,,,,,,,,
4723,s==14|340 Tinh Thạch,1,76,328,1,76,12,,,,,,,,,,,,,,,,
4724,s==14|680 Tinh Thạch,1,76,648,1,76,32,,,,,,,,,,,,,,,,
4704,s==37|Hồng Vận Phúc Lục - Gói Quà 0 KNB - 1,1,9,60,2,1003,3,2,8226,1,,,,,,,,,,,,,
4705,s==38|Hồng Vận Phúc Lục - Gói Quà 30 KNB - 1,1,9,300,2,4734,30,2,1003,6,2,8226,2,,,,,,,,,,
4706,s==37|Hồng Vận Phúc Lục - Gói Quà 0 KNB - 1,1,9,240,2,4734,18,2,1004,1,2,1003,5,,,,,,,,,,
4707,s==38|Hồng Vận Phúc Lục - Gói Quà 30 KNB - 1,1,9,300,2,4734,30,2,1004,3,2,1003,10,,,,,,,,,,
4708,s==38|Hồng Vận Phúc Lục - Gói Quà 68 KNB - 1,1,9,680,2,4734,68,2,1516,3,2,8226,3,,,,,,,,,,
4709,s==37|Hồng Vận Phúc Lục - Gói Quà 0 KNB - 1,1,9,980,2,4734,58,2,1527,1,2,8226,5,,,,,,,,,,
4710,s==38|Hồng Vận Phúc Lục - Gói Quà 98 KNB - 1,1,9,980,2,4734,98,2,1004,8,2,1003,8,,,,,,,,,,
4711,s==37|Hồng Vận Phúc Lục - Gói Quà 0 KNB - 1,1,9,680,2,4734,50,2,1004,3,2,1003,15,,,,,,,,,,
4712,s==38|Hồng Vận Phúc Lục - Gói Quà 98 KNB - 1,1,9,980,2,4734,198,2,1090,500,2,1003,10,2,1004,6,,,,,,,
4713,s==37|Hồng Vận Phúc Lục - Gói Quà 0 KNB - 2,1,9,60,2,1003,3,2,8226,1,,,,,,,,,,,,,
4714,s==38|Hồng Vận Phúc Lục - Gói Quà 30 KNB - 2,1,9,300,2,4734,30,2,1003,6,2,8226,2,,,,,,,,,,
4735,s==37|Hồng Vận Phúc Lục - Gói Quà 0 KNB - 2,1,9,240,2,4734,18,2,1004,1,2,1003,5,,,,,,,,,,
4736,s==38|Hồng Vận Phúc Lục - Gói Quà 30 KNB - 2,1,9,300,2,4734,30,2,1004,3,2,1003,10,,,,,,,,,,
4737,s==38|Hồng Vận Phúc Lục - Gói Quà 68 KNB - 2,1,9,680,2,4734,68,2,1516,3,2,8226,3,,,,,,,,,,
4738,s==37|Hồng Vận Phúc Lục - Gói Quà 0 KNB - 2,1,9,980,2,4734,58,2,1527,1,2,8226,5,,,,,,,,,,
4739,s==38|Hồng Vận Phúc Lục - Gói Quà 98 KNB - 2,1,9,980,2,4734,98,2,2097,1,2,1003,8,,,,,,,,,,
4740,s==37|Hồng Vận Phúc Lục - Gói Quà 0 KNB - 2,1,9,680,2,4734,50,2,1004,3,2,8226,15,,,,,,,,,,
4741,s==38|Hồng Vận Phúc Lục - Gói Quà 98 KNB - 2,1,9,980,2,4734,198,2,1090,500,2,1003,10,2,1004,6,,,,,,,
4743,s==37|Hồng Vận Phúc Lục - Gói Quà 0 KNB - 3,1,9,60,2,1003,3,2,8226,1,,,,,,,,,,,,,
4744,s==38|Hồng Vận Phúc Lục - Gói Quà 30 KNB - 3,1,9,300,2,4734,30,2,1003,6,2,8226,2,,,,,,,,,,
4745,s==37|Hồng Vận Phúc Lục - Gói Quà 0 KNB - 3,1,9,240,2,4734,18,2,1004,1,2,1003,5,,,,,,,,,,
4746,s==38|Hồng Vận Phúc Lục - Gói Quà 30 KNB - 3,1,9,300,2,4734,30,2,1057,5,2,1003,10,,,,,,,,,,
4747,s==38|Hồng Vận Phúc Lục - Gói Quà 68 KNB - 3,1,9,680,2,4734,68,2,1516,3,2,8226,3,,,,,,,,,,
4748,s==37|Hồng Vận Phúc Lục - Gói Quà 0 KNB - 3,1,9,980,2,4734,58,2,1527,1,2,8226,5,,,,,,,,,,
4749,s==38|Hồng Vận Phúc Lục - Gói Quà 98 KNB - 3,1,9,980,2,4734,98,2,1509,1,2,1003,8,,,,,,,,,,
4750,s==37|Hồng Vận Phúc Lục - Gói Quà 0 KNB - 3,1,9,680,2,4734,50,2,1004,3,2,8226,20,,,,,,,,,,
4751,s==38|Hồng Vận Phúc Lục - Gói Quà 98 KNB - 3,1,9,980,2,4734,198,2,1090,500,2,1003,10,2,1004,6,,,,,,,
4752,s==37|Hồng Vận Phúc Lục - Gói Quà 0 KNB - 4,1,9,60,2,1003,3,2,8226,1,,,,,,,,,,,,,
4753,s==38|Hồng Vận Phúc Lục - Gói Quà 30 KNB - 4,1,9,300,2,4734,30,2,1003,6,2,8226,2,,,,,,,,,,
4754,s==37|Hồng Vận Phúc Lục - Gói Quà 0 KNB - 4,1,9,240,2,4734,18,2,1004,1,2,1003,5,,,,,,,,,,
4755,s==38|Hồng Vận Phúc Lục - Gói Quà 30 KNB - 4,1,9,300,2,4734,30,2,1057,5,2,1003,10,,,,,,,,,,
4756,s==38|Hồng Vận Phúc Lục - Gói Quà 68 KNB - 4,1,9,680,2,4734,68,2,1516,3,2,8226,3,,,,,,,,,,
4757,s==37|Hồng Vận Phúc Lục - Gói Quà 0 KNB - 4,1,9,980,2,4734,58,2,1527,1,2,8226,5,,,,,,,,,,
4758,s==38|Hồng Vận Phúc Lục - Gói Quà 98 KNB - 4,1,9,980,2,4734,98,2,1509,1,2,1003,8,,,,,,,,,,
4759,s==37|Hồng Vận Phúc Lục - Gói Quà 0 KNB - 4,1,9,680,2,4734,50,2,1004,3,2,8226,15,,,,,,,,,,
4760,s==38|Hồng Vận Phúc Lục - Gói Quà 98 KNB - 4,1,9,980,2,4734,198,2,1090,500,2,1003,10,2,1004,6,,,,,,,
4761,s==37|Hồng Vận Phúc Lục - Gói Quà 0 KNB - 5,1,9,60,2,1003,3,2,8226,1,,,,,,,,,,,,,
4762,s==38|Hồng Vận Phúc Lục - Gói Quà 30 KNB - 5,1,9,300,2,4734,30,2,1003,6,2,8226,2,,,,,,,,,,
4763,s==37|Hồng Vận Phúc Lục - Gói Quà 0 KNB - 5,1,9,240,2,4734,18,2,1004,1,2,1003,5,,,,,,,,,,
4764,s==38|Hồng Vận Phúc Lục - Gói Quà 30 KNB - 5,1,9,300,2,4734,30,2,1004,3,2,1003,10,,,,,,,,,,
4765,s==38|Hồng Vận Phúc Lục - Gói Quà 68 KNB - 5,1,9,680,2,4734,68,2,1516,3,2,8226,3,,,,,,,,,,
4766,s==37|Hồng Vận Phúc Lục - Gói Quà 0 KNB - 5,1,9,980,2,4734,58,2,1527,1,2,8226,5,,,,,,,,,,
4767,s==38|Hồng Vận Phúc Lục - Gói Quà 98 KNB - 5,1,9,980,2,4734,98,2,1258,8,2,1003,8,,,,,,,,,,
4768,s==37|Hồng Vận Phúc Lục - Gói Quà 0 KNB - 5,1,9,680,2,4734,50,2,1004,3,2,8226,15,,,,,,,,,,
4769,s==38|Hồng Vận Phúc Lục - Gói Quà 98 KNB - 5,1,9,980,2,4734,198,2,1090,500,2,1003,10,2,1004,6,,,,,,,
4770,s==37|Hồng Vận Phúc Lục - Gói Quà 0 KNB - 6,1,9,60,2,1003,3,2,8226,1,,,,,,,,,,,,,
4771,s==38|Hồng Vận Phúc Lục - Gói Quà 30 KNB - 6,1,9,300,2,4734,30,2,1003,6,2,8226,2,,,,,,,,,,
4772,s==37|Hồng Vận Phúc Lục - Gói Quà 0 KNB - 6,1,9,240,2,4734,18,2,1004,1,2,1003,5,,,,,,,,,,
4773,s==38|Hồng Vận Phúc Lục - Gói Quà 30 KNB - 6,1,9,300,2,4734,30,2,1004,3,2,1003,10,,,,,,,,,,
4774,s==38|Hồng Vận Phúc Lục - Gói Quà 68 KNB - 6,1,9,680,2,4734,68,2,1516,3,2,8226,3,,,,,,,,,,
4775,s==37|Hồng Vận Phúc Lục - Gói Quà 0 KNB - 6,1,9,980,2,4734,58,2,1527,1,2,8226,5,,,,,,,,,,
4776,s==38|Hồng Vận Phúc Lục - Gói Quà 98 KNB - 6,1,9,980,2,4734,98,2,1286,10,2,1003,8,,,,,,,,,,
4777,s==37|Hồng Vận Phúc Lục - Gói Quà 0 KNB - 6,1,9,680,2,4734,50,2,1004,3,2,8226,15,,,,,,,,,,
4778,s==38|Hồng Vận Phúc Lục - Gói Quà 98 KNB - 6,1,9,980,2,4734,198,2,1090,500,2,1003,10,2,1004,6,,,,,,,
4715,s==37|300 KNB - Phát Khâu Bí Tàng Hoạt Động,2,7022,1,,,,,,,,,,,,,,,,,,,
4716,s==32|30 - Phát Khâu Bí Tàng Hoạt Động,1,9,300,2,7022,6,2,1003,4,2,8226,30,,,,,,,,,,
4717,s==32|68 - Phát Khâu Bí Tàng Hoạt Động,1,9,680,2,7022,12,2,1003,10,2,8226,68,,,,,,,,,,
4718,s==33|128 - Phát Khâu Bí Tàng Hoạt Động,1,9,1280,2,7022,24,2,1004,4,2,8226,128,,,,,,,,,,
4719,s==33|128 - Phát Khâu Bí Tàng Hoạt Động,1,9,1280,2,7022,24,,,,,,,,,,,,,,,,
4800,s==23|Triệu Tập Nguyên Liệu 1,2,1004,1,2,1003,5,1,8,200000,,,,,,,,,,,,,
4801,s==22|Võ Tướng Dưỡng Thành 1,2,3008,50,2,1001,1000,1,8,200000,,,,,,,,,,,,,
4802,s==23|Triệu Tập Nguyên Liệu 2,2,1004,10,2,1003,15,1,8,5000000,,,,,,,,,,,,,
4803,s==22|Võ Tướng Dưỡng Thành 2,2,3008,300,2,1001,2500,1,8,5000000,,,,,,,,,,,,,
4804,s==20|Trang Bị Cường Hóa 2,2,2162,4,2,1006,5000,1,8,5000000,,,,,,,,,,,,,
4805,s==21|Bảo Thạch Cường Hóa 2,2,1761,1,2,1104,15,1,8,5000000,,,,,,,,,,,,,
4806,s==23|Triệu Tập Nguyên Liệu 3,2,1004,20,2,1003,30,2,1001,5000,,,,,,,,,,,,,
4807,s==22|Võ Tướng Dưỡng Thành 3,2,5095,5,2,1003,30,2,1001,5000,,,,,,,,,,,,,
4808,s==21|Ấn Chương Cường Hóa 3,2,1105,35,2,1006,8000,1,8,15000000,,,,,,,,,,,,,
4809,s==21|Bảo Thạch Cường Hóa 3,2,1761,3,2,1036,50,2,1037,50,,,,,,,,,,,,,
4810,s==22|Võ Tướng Dưỡng Thành 4,2,1530,3,2,1004,10,2,1003,50,,,,,,,,,,,,,
4811,s==21|Ấn Chương Cường Hóa 4,2,1105,100,2,1006,17000,2,1020,100,,,,,,,,,,,,,
4812,s==20|Trang Bị Cường Hóa 4,2,2128,2,2,1029,150,2,1030,100,,,,,,,,,,,,,
4813,s==22|Võ Tướng Dưỡng Thành 5,2,1530,6,2,1004,25,2,1056,300,,,,,,,,,,,,,
4814,s==20|Trang Bị Cường Hóa 5,2,2149,1,2,1029,300,2,1030,200,,,,,,,,,,,,,
4815,s==21|Bảo Thạch Cường Hóa 5,2,5137,1,2,1036,200,2,1037,300,,,,,,,,,,,,,
4816,s==21|Ấn Chương Cường Hóa 5,2,1177,2,2,1105,70,2,1006,35000,,,,,,,,,,,,,
4822,s==28|0_Hoàng Nguyệt Anh Hoạt Động,1,9,10,2,6998,1,1,8,50000,2,1027,10,,,,,,,,,,
4823,s==29|30_Hoàng Nguyệt Anh Hoạt Động,1,9,300,2,6998,3,2,1003,4,2,1027,50,,,,,,,,,,
4824,s==29|68_Hoàng Nguyệt Anh Hoạt Động,1,9,680,2,6998,6,2,1003,10,2,1027,100,,,,,,,,,,
4825,s==30|128_Hoàng Nguyệt Anh Hoạt Động,1,9,1280,2,6998,10,2,1004,4,2,1006,1000,,,,,,,,,,
4826,s==30|128_Hoàng Nguyệt Anh Hoạt Động,1,9,1280,2,6998,10,2,1105,10,2,1006,1000,,,,,,,,,,
4827,s==30|328_Hoàng Nguyệt Anh Hoạt Động,1,9,3280,2,6998,30,2,1004,13,2,1006,2000,,,,,,,,,,
4828,s==30|328_Hoàng Nguyệt Anh Hoạt Động,1,9,3280,2,6998,30,2,1516,5,2,1006,2000,,,,,,,,,,
4829,s==30|648_Hoàng Nguyệt Anh Hoạt Động,1,9,6480,2,6998,60,2,1527,5,2,1006,4000,,,,,,,,,,
4830,s==30|648_Hoàng Nguyệt Anh Hoạt Động,1,9,6480,2,6998,60,2,1056,280,2,1006,4000,,,,,,,,,,
4831,s==30|648_Hoàng Nguyệt Anh Hoạt Động,1,9,6480,2,6998,60,1,8,2000000,2,1006,4000,,,,,,,,,,
4832,s==30|0_Hoàng Nguyệt Anh Hoạt Động 2,1,9,10,2,6998,1,1,8,50000,2,1027,10,,,,,,,,,,
4833,s==31|30_Hoàng Nguyệt Anh Hoạt Động 2,1,9,300,2,6998,3,2,1003,4,2,1027,50,,,,,,,,,,
4834,s==31|68_Hoàng Nguyệt Anh Hoạt Động 2,1,9,680,2,6998,6,2,1003,10,2,1027,100,,,,,,,,,,
4835,s==32|128_Hoàng Nguyệt Anh Hoạt Động 2,1,9,1280,2,6998,10,2,1004,4,2,1006,1000,,,,,,,,,,
4836,s==32|128_Hoàng Nguyệt Anh Hoạt Động 2,1,9,1280,2,6998,10,2,1105,10,2,1006,1000,,,,,,,,,,
4837,s==32|328_Hoàng Nguyệt Anh Hoạt Động 2,1,9,3280,2,6998,30,2,1004,13,2,1006,2000,,,,,,,,,,
4838,s==32|328_Hoàng Nguyệt Anh Hoạt Động 2,1,9,3280,2,6998,30,2,1516,5,2,1006,2000,,,,,,,,,,
4839,s==32|648_Hoàng Nguyệt Anh Hoạt Động 2,1,9,6480,2,6998,60,2,1527,5,2,1006,4000,,,,,,,,,,
4840,s==32|648_Hoàng Nguyệt Anh Hoạt Động 2,1,9,6480,2,6998,60,2,1056,280,2,1006,4000,,,,,,,,,,
4841,s==32|648_Hoàng Nguyệt Anh Hoạt Động 2,1,9,6480,2,6998,60,1,8,2000000,2,1006,4000,,,,,,,,,,
4842,s==30|0_Hoàng Nguyệt Anh Hoạt Động 3,1,9,10,2,6998,1,1,8,50000,2,1027,10,,,,,,,,,,
4843,s==31|30_Hoàng Nguyệt Anh Hoạt Động 3,1,9,300,2,6998,3,2,1003,4,2,1027,50,,,,,,,,,,
4844,s==31|68_Hoàng Nguyệt Anh Hoạt Động 3,1,9,680,2,6998,6,2,1003,10,2,1027,100,,,,,,,,,,
4845,s==32|128_Hoàng Nguyệt Anh Hoạt Động 3,1,9,1280,2,6998,11,2,1004,4,2,1006,1000,,,,,,,,,,
4846,s==32|128_Hoàng Nguyệt Anh Hoạt Động 3,1,9,1280,2,6998,10,2,1105,10,2,1006,800,,,,,,,,,,
4847,s==32|328_Hoàng Nguyệt Anh Hoạt Động 3,1,9,3280,2,6998,30,2,1004,13,2,1006,2000,,,,,,,,,,
4848,s==32|328_Hoàng Nguyệt Anh Hoạt Động 3,1,9,3280,2,6998,30,2,1516,5,2,1006,2000,,,,,,,,,,
4849,s==32|648_Hoàng Nguyệt Anh Hoạt Động 3,1,9,6480,2,6998,60,2,1527,5,2,1006,4000,,,,,,,,,,
4850,s==32|648_Hoàng Nguyệt Anh Hoạt Động 3,1,9,6480,2,6998,60,2,1056,280,2,1006,4000,,,,,,,,,,
4851,s==32|648_Hoàng Nguyệt Anh Hoạt Động 3,1,9,6480,2,6998,60,1,8,2000000,2,1006,4000,,,,,,,,,,
7240,s==49|Thiên Chỉ Ngụy Truyền Trang Phục Trực Mua Gói Quà,1,9,3280,2,13758,1,2,1527,1,2,1003,22,,,,,,,,,,
7241,s==44|Bá Vương Biệt Cơ Trang Phục Trực Mua Gói Quà,1,9,3280,2,13762,1,2,1527,1,2,1003,22,,,,,,,,,,
7242,s==39|Cẩm Mã Siêu Trang Phục Trực Mua Gói Quà,1,9,3280,2,13767,1,2,1527,1,2,1003,22,,,,,,,,,,
4860,s==48|68_Thần·Trương Phi Tuyệt Bản Độc Quyền Gói Quà 1,1,9,680,2,1527,1,2,1516,1,2,8226,10,,,,,,,,,,
4861,s==49|198_Thần·Trương Phi Tuyệt Bản Độc Quyền Gói Quà 2,1,9,1980,2,1176,1,2,1105,20,2,8226,20,,,,,,,,,,
4862,s==49|328_Thần·Trương Phi Tuyệt Bản Độc Quyền Gói Quà 3,1,9,3280,2,24516,50,2,1003,30,2,8226,30,,,,,,,,,,
4863,s==54|68_Thục·Hoàng Nguyệt Anh Tuyệt Bản Độc Quyền Gói Quà 1,1,9,680,2,1527,1,2,1516,1,2,8226,10,,,,,,,,,,
4864,s==55|198_Thục·Hoàng Nguyệt Anh Tuyệt Bản Độc Quyền Gói Quà 2,1,9,1980,2,1176,1,2,1105,20,2,8226,20,,,,,,,,,,
4865,s==55|198_Thục·Hoàng Nguyệt Anh Tuyệt Bản Độc Quyền Gói Quà 3,1,9,1980,2,22515,50,2,1003,30,2,8226,30,,,,,,,,,,
4866,s==43|68 Ma·Tư Mã Ý Tuyệt Bản Độc Quyền Gói Quà 1,1,9,680,2,1527,1,2,1516,1,2,8226,10,,,,,,,,,,
4867,s==44|198 Ma·Tư Mã Ý Tuyệt Bản Độc Quyền Gói Quà 2,1,9,1980,2,1176,1,2,1105,20,2,8226,20,,,,,,,,,,
4868,s==44|328 Ma·Tư Mã Ý Tuyệt Bản Độc Quyền Gói Quà 3,1,9,3280,2,25516,50,2,1003,30,2,8226,30,,,,,,,,,,
4869,s==45|68_Thần·Mã Siêu Tuyệt Bản Độc Quyền Gói Quà 1,1,9,680,2,1527,1,2,1003,10,2,8226,10,,,,,,,,,,
4870,s==46|198_Thần·Mã Siêu Tuyệt Bản Độc Quyền Gói Quà 2,1,9,1980,2,1176,1,2,1105,20,2,8226,20,,,,,,,,,,
4871,s==46|328_Thần·Mã Siêu Tuyệt Bản Độc Quyền Gói Quà 3,1,9,3280,2,24517,50,2,1003,30,2,8226,30,,,,,,,,,,
4872,s==50|68 Ma·Quan Ngân Bình Tuyệt Bản Độc Quyền Gói Quà 1,1,9,680,2,1527,1,2,1516,1,2,8226,10,,,,,,,,,,
4873,s==51|198 Ma·Quan Ngân Bình Tuyệt Bản Độc Quyền Gói Quà 2,1,9,1980,2,1176,1,2,1105,20,2,8226,20,,,,,,,,,,
4874,s==51|328 Ma·Quan Ngân Bình Tuyệt Bản Độc Quyền Gói Quà 3,1,9,3280,2,25517,50,2,1003,30,2,8226,30,,,,,,,,,,
4875,s==44|68_Thục·Lưu Bị Tuyệt Bản Độc Quyền Gói Quà 1,1,9,680,2,1527,1,2,1516,1,2,8226,10,,,,,,,,,,
4876,s==45|198_Thục·Lưu Bị Tuyệt Bản Độc Quyền Gói Quà 2,1,9,1980,2,1176,1,2,1105,20,2,8226,20,,,,,,,,,,
4877,s==45|328_Thục·Lưu Bị Tuyệt Bản Độc Quyền Gói Quà 3,1,9,3280,2,1530,1,2,1003,30,2,8226,30,,,,,,,,,,
4878,s==46|68_Ngụy·Tào Tháo Tuyệt Bản Độc Quyền Gói Quà 1,1,9,680,2,1527,1,2,1516,1,2,8226,10,,,,,,,,,,
4879,s==47|198_Ngụy·Tào Tháo Tuyệt Bản Độc Quyền Gói Quà 2,1,9,1980,2,1176,1,2,1105,20,2,8226,20,,,,,,,,,,
4880,s==47|328_Ngụy·Tào Tháo Tuyệt Bản Độc Quyền Gói Quà 3,1,9,3280,2,1530,1,2,1003,30,2,8226,30,,,,,,,,,,
4881,s==46|68_Ngô·Tôn Quyền Tuyệt Bản Độc Quyền Gói Quà 1,1,9,680,2,1527,1,2,1516,1,2,8226,10,,,,,,,,,,
4882,s==47|198_Ngô·Tôn Quyền Tuyệt Bản Độc Quyền Gói Quà 2,1,9,1980,2,1176,1,2,1105,20,2,8226,20,,,,,,,,,,
4883,s==47|328_Ngô·Tôn Quyền Tuyệt Bản Độc Quyền Gói Quà 3,1,9,3280,2,1530,1,2,1003,30,2,8226,30,,,,,,,,,,
4884,s==43|68 Ma·Hạng Vũ Tuyệt Bản Độc Quyền Gói Quà 1,1,9,680,2,1527,1,2,1516,1,2,8226,10,,,,,,,,,,
4885,s==44|198 Ma·Hạng Vũ Tuyệt Bản Độc Quyền Gói Quà 2,1,9,1980,2,1176,1,2,1105,20,2,8226,20,,,,,,,,,,
4886,s==44|328 Ma·Hạng Vũ Tuyệt Bản Độc Quyền Gói Quà 3,1,9,3280,2,1530,1,2,1003,30,2,8226,30,,,,,,,,,,
4887,s==46|68 Thần·Lưu Bang Tuyệt Bản Độc Quyền Gói Quà 1,1,9,680,2,1527,1,2,1516,1,2,8226,10,,,,,,,,,,
4888,s==47|198 Thần·Lưu Bang Tuyệt Bản Độc Quyền Gói Quà 2,1,9,1980,2,1176,1,2,1105,20,2,8226,20,,,,,,,,,,
4889,s==47|328 Thần·Lưu Bang Tuyệt Bản Độc Quyền Gói Quà 3,1,9,3280,2,1530,1,2,1003,30,2,8226,30,,,,,,,,,,
4900,s==51|30 Thần·Trương Phi Trưởng Thành Độc Quyền Gói Quà 1,1,9,300,2,1004,1,2,1003,10,2,8226,10,,,,,,,,,,
4901,s==51|68 Thần·Trương Phi Trưởng Thành Độc Quyền Gói Quà 1,1,9,680,2,1004,1,2,1533,1,2,8226,10,,,,,,,,,,
4902,s==52|198 Thần·Trương Phi Trưởng Thành Độc Quyền Gói Quà 1,1,9,1980,2,1468,1,2,1533,2,2,8226,20,,,,,,,,,,
4903,s==52|328 Thần·Trương Phi Trưởng Thành Độc Quyền Gói Quà 1,1,9,3280,2,100086,1,2,1533,4,2,8226,40,,,,,,,,,,
4904,s==52|328 Thần·Trương Phi Trưởng Thành Độc Quyền Gói Quà 2,1,9,3280,2,24516,50,2,1761,1,2,8226,40,,,,,,,,,,
4905,s==52|328 Thần·Trương Phi Trưởng Thành Độc Quyền Gói Quà 3,1,9,3280,2,100087,1,2,1475,1,2,8226,40,,,,,,,,,,
4906,s==52|648 Thần·Trương Phi Trưởng Thành Độc Quyền Gói Quà 1,1,9,6480,2,14809,1,2,1475,2,2,8226,60,,,,,,,,,,
4907,s==52|30 Hoàng Nguyệt Anh Trưởng Thành Độc Quyền Gói Quà 1,1,9,300,2,1004,1,2,1003,10,2,8226,10,,,,,,,,,,
4908,s==52|68 Hoàng Nguyệt Anh Trưởng Thành Độc Quyền Gói Quà 1,1,9,680,2,1004,1,2,1534,1,2,8226,10,,,,,,,,,,
4909,s==53|198 Hoàng Nguyệt Anh Trưởng Thành Độc Quyền Gói Quà 1,1,9,1980,2,1468,1,2,1534,2,2,8226,20,,,,,,,,,,
4910,s==53|198 Hoàng Nguyệt Anh Trưởng Thành Độc Quyền Gói Quà 2,1,9,1980,2,100096,1,2,1534,2,2,8226,20,,,,,,,,,,
4911,s==53|328 Hoàng Nguyệt Anh Trưởng Thành Độc Quyền Gói Quà 1,1,9,3280,2,22515,50,2,1761,1,2,8226,40,,,,,,,,,,
4912,s==53|328 Hoàng Nguyệt Anh Trưởng Thành Độc Quyền Gói Quà 2,1,9,3280,2,100097,1,2,1475,1,2,8226,40,,,,,,,,,,
4913,s==53|648 Hoàng Nguyệt Anh Trưởng Thành Độc Quyền Gói Quà 1,1,9,6480,2,14810,1,2,1475,2,2,8226,60,,,,,,,,,,
4914,s==55|30 Ngô Vương Tôn Quyền Trưởng Thành Độc Quyền Gói Quà 1,1,9,300,2,1004,1,2,1003,10,2,8226,10,,,,,,,,,,
4915,s==55|68 Ngô Vương Tôn Quyền Trưởng Thành Độc Quyền Gói Quà 1,1,9,680,2,1004,1,2,1533,1,2,8226,10,,,,,,,,,,
4916,s==56|198 Ngô Vương Tôn Quyền Trưởng Thành Độc Quyền Gói Quà 1,1,9,1980,2,1468,1,2,1533,2,2,8226,20,,,,,,,,,,
4917,s==56|328 Ngô Vương Tôn Quyền Trưởng Thành Độc Quyền Gói Quà 1,1,9,3280,2,100006,1,2,1533,4,2,8226,40,,,,,,,,,,
4918,s==56|328 Ngô Vương Tôn Quyền Trưởng Thành Độc Quyền Gói Quà 2,1,9,3280,2,1530,1,2,1760,1,2,8226,40,,,,,,,,,,
4919,s==56|648 Ngô Vương Tôn Quyền Trưởng Thành Độc Quyền Gói Quà 1,1,9,6480,2,100007,1,2,1475,2,2,8226,60,,,,,,,,,,
4920,s==56|648 Ngô Vương Tôn Quyền Trưởng Thành Độc Quyền Gói Quà 2,1,9,6480,2,14801,1,2,1475,2,2,8226,60,,,,,,,,,,
4921,s==52|30 Thục Quân Lưu Bị Trưởng Thành Độc Quyền Gói Quà 1,1,9,300,2,1004,1,2,1003,10,2,8226,10,,,,,,,,,,
4922,s==52|68 Thục Quân Lưu Bị Trưởng Thành Độc Quyền Gói Quà 1,1,9,680,2,1004,1,2,1533,1,2,8226,10,,,,,,,,,,
4923,s==53|198 Thục Quân Lưu Bị Trưởng Thành Độc Quyền Gói Quà 1,1,9,1980,2,1468,1,2,1533,2,2,8226,20,,,,,,,,,,
4924,s==53|328 Thục Quân Lưu Bị Trưởng Thành Độc Quyền Gói Quà 1,1,9,3280,2,100016,1,2,1533,4,2,8226,40,,,,,,,,,,
4925,s==53|328 Thục Quân Lưu Bị Trưởng Thành Độc Quyền Gói Quà 2,1,9,3280,2,1530,1,2,1760,1,2,8226,40,,,,,,,,,,
4926,s==53|648 Thục Quân Lưu Bị Trưởng Thành Độc Quyền Gói Quà 1,1,9,6480,2,100017,1,2,1475,2,2,8226,60,,,,,,,,,,
4927,s==53|648 Thục Quân Lưu Bị Trưởng Thành Độc Quyền Gói Quà 2,1,9,6480,2,14802,1,2,1475,2,2,8226,60,,,,,,,,,,
4928,s==52|30 Ngụy Đế Tào Tháo Trưởng Thành Độc Quyền Gói Quà 1,1,9,300,2,1004,1,2,1003,10,2,8226,10,,,,,,,,,,
4929,s==52|68 Ngụy Đế Tào Tháo Trưởng Thành Độc Quyền Gói Quà 1,1,9,680,2,1004,1,2,1533,1,2,8226,10,,,,,,,,,,
4930,s==53|198 Ngụy Đế Tào Tháo Trưởng Thành Độc Quyền Gói Quà 1,1,9,1980,2,1468,1,2,1533,2,2,8226,20,,,,,,,,,,
4931,s==53|328 Ngụy Đế Tào Tháo Trưởng Thành Độc Quyền Gói Quà 1,1,9,3280,2,100026,1,2,1533,4,2,8226,40,,,,,,,,,,
4932,s==53|328 Ngụy Đế Tào Tháo Trưởng Thành Độc Quyền Gói Quà 2,1,9,3280,2,1530,1,2,1760,1,2,8226,40,,,,,,,,,,
4933,s==53|648 Ngụy Đế Tào Tháo Trưởng Thành Độc Quyền Gói Quà 1,1,9,6480,2,100027,1,2,1475,2,2,8226,60,,,,,,,,,,
4934,s==53|648 Ngụy Đế Tào Tháo Trưởng Thành Độc Quyền Gói Quà 2,1,9,6480,2,14803,1,2,1475,2,2,8226,60,,,,,,,,,,
4935,s==50|30 Ma Tôn Hạng Vũ Trưởng Thành Độc Quyền Gói Quà 1,1,9,300,2,1004,1,2,1003,10,2,8226,10,,,,,,,,,,
4936,s==50|68 Ma Tôn Hạng Vũ Trưởng Thành Độc Quyền Gói Quà 1,1,9,680,2,1004,1,2,1533,1,2,8226,10,,,,,,,,,,
4937,s==51|198 Ma Tôn Hạng Vũ Trưởng Thành Độc Quyền Gói Quà 1,1,9,1980,2,1468,1,2,1533,2,2,8226,20,,,,,,,,,,
4938,s==51|328 Ma Tôn Hạng Vũ Trưởng Thành Độc Quyền Gói Quà 1,1,9,3280,2,100036,1,2,1533,4,2,8226,40,,,,,,,,,,
4939,s==51|328 Ma Tôn Hạng Vũ Trưởng Thành Độc Quyền Gói Quà 2,1,9,3280,2,1530,1,2,1760,1,2,8226,40,,,,,,,,,,
4940,s==51|648 Ma Tôn Hạng Vũ Trưởng Thành Độc Quyền Gói Quà 1,1,9,6480,2,100037,1,2,1475,2,2,8226,60,,,,,,,,,,
4941,s==51|648 Ma Tôn Hạng Vũ Trưởng Thành Độc Quyền Gói Quà 2,1,9,6480,2,14804,1,2,1475,2,2,8226,60,,,,,,,,,,
4942,s==55|30 Thần Vương Lưu Bang Trưởng Thành Độc Quyền Gói Quà 1,1,9,300,2,1004,1,2,1003,10,2,8226,10,,,,,,,,,,
4943,s==55|68 Thần Vương Lưu Bang Trưởng Thành Độc Quyền Gói Quà 1,1,9,680,2,1004,1,2,1533,1,2,8226,10,,,,,,,,,,
4944,s==56|198 Thần Vương Lưu Bang Trưởng Thành Độc Quyền Gói Quà 1,1,9,1980,2,1468,1,2,1533,2,2,8226,20,,,,,,,,,,
4945,s==56|328 Thần Vương Lưu Bang Trưởng Thành Độc Quyền Gói Quà 1,1,9,3280,2,100046,1,2,1533,4,2,8226,40,,,,,,,,,,
4946,s==56|328 Thần Vương Lưu Bang Trưởng Thành Độc Quyền Gói Quà 2,1,9,3280,2,1530,1,2,1760,1,2,8226,40,,,,,,,,,,
4947,s==56|648 Thần Vương Lưu Bang Trưởng Thành Độc Quyền Gói Quà 1,1,9,6480,2,100047,1,2,1475,2,2,8226,60,,,,,,,,,,
4948,s==56|648 Thần Vương Lưu Bang Trưởng Thành Độc Quyền Gói Quà 2,1,9,6480,2,14805,1,2,1475,2,2,8226,60,,,,,,,,,,
4949,s==46|30 Ma·Tư Mã Ý Trưởng Thành Độc Quyền Gói Quà 1,1,9,300,2,1004,1,2,1003,10,2,8226,10,,,,,,,,,,
4950,s==46|68 Ma·Tư Mã Ý Trưởng Thành Độc Quyền Gói Quà 1,1,9,680,2,1004,1,2,1533,1,2,8226,10,,,,,,,,,,
4951,s==47|198 Ma·Tư Mã Ý Trưởng Thành Độc Quyền Gói Quà 1,1,9,1980,2,1468,1,2,1533,2,2,8226,20,,,,,,,,,,
4952,s==47|328 Ma·Tư Mã Ý Trưởng Thành Độc Quyền Gói Quà 1,1,9,3280,2,100056,1,2,1533,4,2,8226,40,,,,,,,,,,
4953,s==47|328 Ma·Tư Mã Ý Trưởng Thành Độc Quyền Gói Quà 2,1,9,3280,2,25516,50,2,1761,1,2,8226,40,,,,,,,,,,
4954,s==47|328 Ma·Tư Mã Ý Trưởng Thành Độc Quyền Gói Quà 3,1,9,3280,2,100057,1,2,1475,1,2,8226,40,,,,,,,,,,
4955,s==47|648 Ma·Tư Mã Ý Trưởng Thành Độc Quyền Gói Quà 1,1,9,6480,2,14806,1,2,1475,2,2,8226,60,,,,,,,,,,
4956,s==48|30 Thần·Mã Siêu Trưởng Thành Độc Quyền Gói Quà 1,1,9,300,2,1004,1,2,1003,10,2,8226,10,,,,,,,,,,
4957,s==48|68 Thần·Mã Siêu Trưởng Thành Độc Quyền Gói Quà 1,1,9,680,2,1004,1,2,1533,1,2,8226,10,,,,,,,,,,
4958,s==49|198 Thần·Mã Siêu Trưởng Thành Độc Quyền Gói Quà 1,1,9,1980,2,1468,1,2,1533,2,2,8226,20,,,,,,,,,,
4959,s==49|328 Thần·Mã Siêu Trưởng Thành Độc Quyền Gói Quà 1,1,9,3280,2,100076,1,2,1533,4,2,8226,40,,,,,,,,,,
4960,s==49|328 Thần·Mã Siêu Trưởng Thành Độc Quyền Gói Quà 2,1,9,3280,2,24517,50,2,1761,1,2,8226,40,,,,,,,,,,
4961,s==49|328 Thần·Mã Siêu Trưởng Thành Độc Quyền Gói Quà 3,1,9,3280,2,100077,1,2,1475,1,2,8226,40,,,,,,,,,,
4962,s==49|648 Thần·Mã Siêu Trưởng Thành Độc Quyền Gói Quà 1,1,9,6480,2,14808,1,2,1475,2,2,8226,60,,,,,,,,,,
4963,s==53|30 Ma·Quan Ngân Bình Trưởng Thành Độc Quyền Gói Quà 1,1,9,300,2,1004,1,2,1003,10,2,8226,10,,,,,,,,,,
4964,s==53|68 Ma·Quan Ngân Bình Trưởng Thành Độc Quyền Gói Quà 1,1,9,680,2,1004,1,2,1533,1,2,8226,10,,,,,,,,,,
4965,s==54|198 Ma·Quan Ngân Bình Trưởng Thành Độc Quyền Gói Quà 1,1,9,1980,2,1468,1,2,1533,2,2,8226,20,,,,,,,,,,
4966,s==54|328 Ma·Quan Ngân Bình Trưởng Thành Độc Quyền Gói Quà 1,1,9,3280,2,100066,1,2,1533,4,2,8226,40,,,,,,,,,,
4967,s==54|328 Ma·Quan Ngân Bình Trưởng Thành Độc Quyền Gói Quà 2,1,9,3280,2,25517,50,2,1761,1,2,8226,40,,,,,,,,,,
4968,s==54|328 Ma·Quan Ngân Bình Trưởng Thành Độc Quyền Gói Quà 3,1,9,3280,2,100067,1,2,1475,1,2,8226,40,,,,,,,,,,
4969,s==50|648_Ma·Quan Vân Bình Trưởng Thành Đặc Thù Lễ Bao 1,1,9,6480,2,14807,1,2,1475,2,2,8226,60,,,,,,,,,,
4970,s==25|0_Hoàng Kim Chu Hoạt Động,1,9,10,2,7033,1,1,8,50000,2,1006,50,,,,,,,,,,
4971,s==26|30_Hoàng Kim Chu Hoạt Động,1,9,300,2,7033,3,2,1003,4,2,7031,1,,,,,,,,,,
4972,s==26|68_Hoàng Kim Chu Hoạt Động,1,9,680,2,7033,6,2,1003,10,2,7031,2,,,,,,,,,,
4973,s==27|128_Hoàng Kim Chu Hoạt Động,1,9,1280,2,7033,10,2,1004,4,2,7031,2,,,,,,,,,,
4974,s==27|328_Hoàng Kim Chu Hoạt Động,1,9,3280,2,7033,30,2,1004,13,2,1006,2000,,,,,,,,,,
4975,s==27|328_Hoàng Kim Chu Hoạt Động,1,9,3280,2,7033,30,2,1516,5,2,1006,2000,,,,,,,,,,
4976,s==27|648_Hoàng Kim Chu Hoạt Động,1,9,6480,2,7033,60,2,1004,22,2,1006,4000,,,,,,,,,,
4977,s==27|648_Hoàng Kim Chu Hoạt Động,1,9,6480,2,7033,60,2,1527,3,2,1006,4000,,,,,,,,,,
4978,s==27|128_Hoàng Kim Chu Hoạt Động,1,9,1280,2,7033,10,2,1105,10,2,1006,800,,,,,,,,,,
4979,s==27|648_Hoàng Kim Chu Hoạt Động,1,9,6480,2,7033,60,1,8,2000000,2,1006,4000,,,,,,,,,,
4980,s==27|0_Hoàng Kim Chu Hoạt Động 2,1,9,10,2,7033,1,1,8,50000,2,1006,50,,,,,,,,,,
4981,s==28|30_Hoàng Kim Chu Hoạt Động 2,1,9,300,2,7033,3,2,1003,4,2,7031,1,,,,,,,,,,
4982,s==28|68_Hoàng Kim Chu Hoạt Động 2,1,9,680,2,7033,6,2,1003,10,2,7031,2,,,,,,,,,,
4983,s==29|128_Hoàng Kim Chu Hoạt Động 2,1,9,1280,2,7033,11,2,1004,4,2,7031,2,,,,,,,,,,
4984,s==29|328_Hoàng Kim Chu Hoạt Động 2,1,9,3280,2,7033,30,2,1004,13,2,1006,2000,,,,,,,,,,
4985,s==29|328_Hoàng Kim Chu Hoạt Động 2,1,9,3280,2,7033,30,2,1516,5,2,1006,2000,,,,,,,,,,
4986,s==29|648_Hoàng Kim Chu Hoạt Động 2,1,9,6480,2,7033,60,2,1527,5,2,1006,4000,,,,,,,,,,
4987,s==29|648_Hoàng Kim Chu Hoạt Động 2,1,9,6480,2,7033,60,2,1056,280,2,1006,4000,,,,,,,,,,
4988,s==29|128_Hoàng Kim Chu Hoạt Động 2,1,9,1280,2,7033,10,2,1105,10,2,1006,800,,,,,,,,,,
4989,s==29|648_Hoàng Kim Chu Hoạt Động 2,1,9,6480,2,7033,60,1,8,2000000,2,1006,4000,,,,,,,,,,
5500,s==40|30_Nhữ Cấm Trưởng Thành Đặc Thù Lễ Bao 1,1,9,300,2,1478,1,2,1003,10,2,8226,10,,,,,,,,,,
5501,s==40|68_Nhữ Cấm Trưởng Thành Đặc Thù Lễ Bao 1,1,9,680,2,1004,5,2,1001,500,2,8226,20,,,,,,,,,,
5502,s==41|128_Nhữ Cấm Trưởng Thành Đặc Thù Lễ Bao 1,1,9,1280,2,1675,3,2,1006,1000,2,8226,30,,,,,,,,,,
5503,s==41|198_Nhữ Cấm Trưởng Thành Đặc Thù Lễ Bao 1,1,9,1980,2,21512,50,2,1478,1,2,8226,40,,,,,,,,,,
5504,s==41|328_Nhữ Cấm Trưởng Thành Đặc Thù Lễ Bao 1,1,9,3280,2,1468,1,2,1478,1,2,8226,50,,,,,,,,,,
5505,s==41|328_Nhữ Cấm Trưởng Thành Đặc Thù Lễ Bao 1,1,9,3280,2,4040,1,2,1105,5,2,8226,50,,,,,,,,,,
5506,s==40|30_Hứa Chử Trưởng Thành Đặc Thù Lễ Bao 1,1,9,300,2,1478,1,2,1003,10,2,8226,10,,,,,,,,,,
5507,s==40|68_Hứa Chử Trưởng Thành Đặc Thù Lễ Bao 1,1,9,680,2,1004,5,2,1001,500,2,8226,20,,,,,,,,,,
5508,s==41|128_Hứa Chử Trưởng Thành Đặc Thù Lễ Bao 1,1,9,1280,2,1675,3,2,1006,1000,2,8226,30,,,,,,,,,,
5509,s==41|198_Hứa Chử Trưởng Thành Đặc Thù Lễ Bao 1,1,9,1980,2,21510,50,2,1478,1,2,8226,40,,,,,,,,,,
5510,s==41|328_Hứa Chử Trưởng Thành Đặc Thù Lễ Bao 1,1,9,3280,2,1468,1,2,1478,1,2,8226,50,,,,,,,,,,
5511,s==41|328_Hứa Chử Trưởng Thành Đặc Thù Lễ Bao 2,1,9,3280,2,4040,1,2,1105,5,2,8226,50,,,,,,,,,,
5512,s==40|30_Chân Cơ Trưởng Thành Đặc Thù Lễ Bao 1,1,9,300,2,1478,1,2,1003,10,2,8226,10,,,,,,,,,,
5513,s==40|68_Chân Cơ Trưởng Thành Đặc Thù Lễ Bao 1,1,9,680,2,1004,5,2,1001,500,2,8226,20,,,,,,,,,,
5514,s==41|128_Chân Cơ Trưởng Thành Đặc Thù Lễ Bao 1,1,9,1280,2,1675,3,2,1006,1000,2,8226,30,,,,,,,,,,
5515,s==41|198_Chân Cơ Trưởng Thành Đặc Thù Lễ Bao 1,1,9,1980,2,21503,50,2,1478,1,2,8226,40,,,,,,,,,,
5516,s==41|328_Chân Cơ Trưởng Thành Đặc Thù Lễ Bao 1,1,9,3280,2,1468,1,2,1478,1,2,8226,50,,,,,,,,,,
5517,s==41|328_Chân Cơ Trưởng Thành Đặc Thù Lễ Bao 2,1,9,3280,2,4040,1,2,1105,5,2,8226,50,,,,,,,,,,
5518,s==40|30_Quan Vũ Trưởng Thành Đặc Thù Lễ Bao 1,1,9,300,2,1479,1,2,1003,10,2,8226,10,,,,,,,,,,
5519,s==40|68_Quan Vũ Trưởng Thành Đặc Thù Lễ Bao 1,1,9,680,2,1004,5,2,1001,500,2,8226,20,,,,,,,,,,
5520,s==41|128_Quan Vũ Trưởng Thành Đặc Thù Lễ Bao 1,1,9,1280,2,1675,3,2,1006,1000,2,8226,30,,,,,,,,,,
5521,s==41|198_Quan Vũ Trưởng Thành Đặc Thù Lễ Bao 1,1,9,1980,2,22504,50,2,1479,1,2,8226,40,,,,,,,,,,
5522,s==41|328_Quan Vũ Trưởng Thành Đặc Thù Lễ Bao 1,1,9,3280,2,1468,1,2,1479,1,2,8226,50,,,,,,,,,,
5523,s==41|328_Quan Vũ Trưởng Thành Đặc Thù Lễ Bao 2,1,9,3280,2,4040,1,2,1105,5,2,8226,50,,,,,,,,,,
5524,s==43|30_Trương Phi Trưởng Thành Đặc Thù Lễ Bao 1,1,9,300,2,1479,1,2,1003,10,2,8226,10,,,,,,,,,,
5525,s==43|68_Trương Phi Trưởng Thành Đặc Thù Lễ Bao 1,1,9,680,2,1004,5,2,1001,500,2,8226,20,,,,,,,,,,
5526,s==44|128_Trương Phi Trưởng Thành Đặc Thù Lễ Bao 1,1,9,1280,2,1675,3,2,1006,1000,2,8226,30,,,,,,,,,,
5527,s==44|198_Trương Phi Trưởng Thành Đặc Thù Lễ Bao 1,1,9,1980,2,22502,50,2,1479,1,2,8226,40,,,,,,,,,,
5528,s==44|328_Trương Phi Trưởng Thành Đặc Thù Lễ Bao 1,1,9,3280,2,1468,1,2,1479,1,2,8226,50,,,,,,,,,,
5529,s==44|328_Trương Phi Trưởng Thành Đặc Thù Lễ Bao 2,1,9,3280,2,4040,1,2,1105,5,2,8226,50,,,,,,,,,,
5530,s==46|30_Gia Cát Lượng Trưởng Thành Đặc Thù Lễ Bao 1,1,9,300,2,1479,1,2,1003,10,2,8226,10,,,,,,,,,,
5531,s==46|68_Gia Cát Lượng Trưởng Thành Đặc Thù Lễ Bao 1,1,9,680,2,1004,5,2,1001,500,2,8226,20,,,,,,,,,,
5532,s==48|128_Quà Tặng Đặc Biệt Phát Triển Gia Cát Lượng 1,1,9,1280,2,1675,3,2,1006,1000,2,8226,30,,,,,,,,,,
5533,s==48|198_Quà Tặng Đặc Biệt Phát Triển Gia Cát Lượng 1,1,9,1980,2,22507,50,2,1479,1,2,8226,40,,,,,,,,,,
5534,s==48|328_Quà Tặng Đặc Biệt Phát Triển Gia Cát Lượng 1,1,9,3280,2,1468,1,2,1479,1,2,8226,50,,,,,,,,,,
5535,s==48|328_Quà Tặng Đặc Biệt Phát Triển Gia Cát Lượng 2,1,9,3280,2,4040,1,2,1105,5,2,8226,50,,,,,,,,,,
5536,s==40|30_Quà Tặng Đặc Biệt Phát Triển Chu Du 1,1,9,300,2,1480,1,2,1003,10,2,8226,10,,,,,,,,,,
5537,s==40|68_Quà Tặng Đặc Biệt Phát Triển Chu Du 1,1,9,680,2,1004,5,2,1001,500,2,8226,20,,,,,,,,,,
5538,s==41|128_Quà Tặng Đặc Biệt Phát Triển Chu Du 1,1,9,1280,2,1675,3,2,1006,1000,2,8226,30,,,,,,,,,,
5539,s==41|198_Quà Tặng Đặc Biệt Phát Triển Chu Du 1,1,9,1980,2,23510,50,2,1480,1,2,8226,40,,,,,,,,,,
5540,s==41|328_Quà Tặng Đặc Biệt Phát Triển Chu Du 1,1,9,3280,2,1468,1,2,1480,1,2,8226,50,,,,,,,,,,
5541,s==41|328_Quà Tặng Đặc Biệt Phát Triển Chu Du 2,1,9,3280,2,4040,1,2,1105,5,2,8226,50,,,,,,,,,,
5542,s==44|30_Quà Tặng Đặc Biệt Phát Triển Thái Sử Từ 1,1,9,300,2,1480,1,2,1003,10,2,8226,10,,,,,,,,,,
5543,s==44|68_Quà Tặng Đặc Biệt Phát Triển Thái Sử Từ 1,1,9,680,2,1004,5,2,1001,500,2,8226,20,,,,,,,,,,
5544,s==45|128_Quà Tặng Đặc Biệt Phát Triển Thái Sử Từ 1,1,9,1280,2,1675,3,2,1006,1000,2,8226,30,,,,,,,,,,
5545,s==45|198_Quà Tặng Đặc Biệt Phát Triển Thái Sử Từ 1,1,9,1980,2,23506,50,2,1480,1,2,8226,40,,,,,,,,,,
5546,s==45|328_Quà Tặng Đặc Biệt Phát Triển Thái Sử Từ 1,1,9,3280,2,1468,1,2,1480,1,2,8226,50,,,,,,,,,,
5547,s==45|328_Quà Tặng Đặc Biệt Phát Triển Thái Sử Từ 2,1,9,3280,2,4040,1,2,1105,5,2,8226,50,,,,,,,,,,
5548,s==42|30_Quà Tặng Đặc Biệt Phát Triển Đại Kiều 1,1,9,300,2,1480,1,2,1003,10,2,8226,10,,,,,,,,,,
5549,s==42|68_Quà Tặng Đặc Biệt Phát Triển Đại Kiều 1,1,9,680,2,1004,5,2,1001,500,2,8226,20,,,,,,,,,,
5550,s==43|128_Quà Tặng Đặc Biệt Phát Triển Đại Kiều 1,1,9,1280,2,1675,3,2,1006,1000,2,8226,30,,,,,,,,,,
5551,s==43|198_Quà Tặng Đặc Biệt Phát Triển Đại Kiều 1,1,9,1980,2,23508,50,2,1480,1,2,8226,40,,,,,,,,,,
5552,s==43|328_Quà Tặng Đặc Biệt Phát Triển Đại Kiều 1,1,9,3280,2,1468,1,2,1480,1,2,8226,50,,,,,,,,,,
5553,s==43|328_Quà Tặng Đặc Biệt Phát Triển Đại Kiều 2,1,9,3280,2,4040,1,2,1105,5,2,8226,50,,,,,,,,,,
5554,s==50|30_Quà Tặng Đặc Biệt Phát Triển Thần Trương Giác 1,1,9,300,2,1481,1,2,1003,10,2,8226,10,,,,,,,,,,
5555,s==50|68_Quà Tặng Đặc Biệt Phát Triển Thần Trương Giác 1,1,9,680,2,1004,5,2,1001,500,2,8226,20,,,,,,,,,,
5556,s==51|128_Quà Tặng Đặc Biệt Phát Triển Thần Trương Giác 1,1,9,1280,2,1675,3,2,1006,1000,2,8226,30,,,,,,,,,,
5557,s==51|328_Quà Tặng Đặc Biệt Phát Triển Thần Trương Giác 1,1,9,3280,2,24504,50,2,1481,1,2,8226,40,,,,,,,,,,
5558,s==51|328_Quà Tặng Đặc Biệt Phát Triển Thần Trương Giác 2,1,9,3280,2,1468,1,2,1481,1,2,8226,50,,,,,,,,,,
5559,s==51|328_Quà Tặng Đặc Biệt Phát Triển Thần Trương Giác 3,1,9,3280,2,4040,1,2,1105,5,2,8226,50,,,,,,,,,,
5560,s==48|30_Quà Tặng Đặc Biệt Phát Triển Thần Khương Vĩ 1,1,9,300,2,1481,1,2,1003,10,2,8226,10,,,,,,,,,,
5561,s==48|68_Quà Tặng Đặc Biệt Phát Triển Thần Khương Vĩ 1,1,9,680,2,1004,5,2,1001,500,2,8226,20,,,,,,,,,,
5562,s==49|128_Quà Tặng Đặc Biệt Phát Triển Thần Khương Vĩ 1,1,9,1280,2,1675,3,2,1006,1000,2,8226,30,,,,,,,,,,
5563,s==49|328_Quà Tặng Đặc Biệt Phát Triển Thần Khương Vĩ 1,1,9,3280,2,24503,50,2,1481,1,2,8226,40,,,,,,,,,,
5564,s==49|328_Quà Tặng Đặc Biệt Phát Triển Thần Khương Vĩ 2,1,9,3280,2,1468,1,2,1481,1,2,8226,50,,,,,,,,,,
5565,s==49|328_Quà Tặng Đặc Biệt Phát Triển Thần Khương Vĩ 3,1,9,3280,2,4040,1,2,1105,5,2,8226,50,,,,,,,,,,
5566,s==52|30_Quà Tặng Đặc Biệt Phát Triển Thần Gia Cát Lượng 1,1,9,300,2,1481,1,2,1003,10,2,8226,10,,,,,,,,,,
5567,s==52|68_Quà Tặng Đặc Biệt Phát Triển Thần Gia Cát Lượng 1,1,9,680,2,1004,5,2,1001,500,2,8226,20,,,,,,,,,,
5568,s==53|128_Quà Tặng Đặc Biệt Phát Triển Thần Gia Cát Lượng 1,1,9,1280,2,1675,3,2,1006,1000,2,8226,30,,,,,,,,,,
5569,s==53|328_Quà Tặng Đặc Biệt Phát Triển Thần Gia Cát Lượng 1,1,9,3280,2,24508,50,2,1481,1,2,8226,40,,,,,,,,,,
5570,s==53|328_Quà Tặng Đặc Biệt Phát Triển Thần Gia Cát Lượng 2,1,9,3280,2,1468,1,2,1481,1,2,8226,50,,,,,,,,,,
5571,s==53|328_Quà Tặng Đặc Biệt Phát Triển Thần Gia Cát Lượng 3,1,9,3280,2,4040,1,2,1105,5,2,8226,50,,,,,,,,,,
5572,s==42|30_Quà Tặng Đặc Biệt Phát Triển Ma Lữ Bố 1,1,9,300,2,1482,1,2,1003,10,2,8226,10,,,,,,,,,,
5573,s==42|68_Quà Tặng Đặc Biệt Phát Triển Ma Lữ Bố 1,1,9,680,2,1004,5,2,1001,500,2,8226,20,,,,,,,,,,
5574,s==43|128_Quà Tặng Đặc Biệt Phát Triển Ma Lữ Bố 1,1,9,1280,2,1675,3,2,1006,1000,2,8226,30,,,,,,,,,,
5575,s==43|328_Quà Tặng Đặc Biệt Phát Triển Ma Lữ Bố 1,1,9,3280,2,25504,50,2,1482,1,2,8226,40,,,,,,,,,,
5576,s==43|328_Quà Tặng Đặc Biệt Phát Triển Ma Lữ Bố 2,1,9,3280,2,1468,1,2,1482,1,2,8226,50,,,,,,,,,,
5577,s==43|328_Quà Tặng Đặc Biệt Phát Triển Ma Lữ Bố 3,1,9,3280,2,4040,1,2,1105,5,2,8226,50,,,,,,,,,,
5578,s==46|30_Quà Tặng Đặc Biệt Phát Triển Ma Triệu Vân 1,1,9,300,2,1482,1,2,1003,10,2,8226,10,,,,,,,,,,
5579,s==46|68_Quà Tặng Đặc Biệt Phát Triển Ma Triệu Vân 1,1,9,680,2,1004,5,2,1001,500,2,8226,20,,,,,,,,,,
5580,s==47|128_Quà Tặng Đặc Biệt Phát Triển Ma Triệu Vân 1,1,9,1280,2,1675,3,2,1006,1000,2,8226,30,,,,,,,,,,
5581,s==47|328_Quà Tặng Đặc Biệt Phát Triển Ma Triệu Vân 1,1,9,3280,2,25515,50,2,1482,1,2,8226,40,,,,,,,,,,
5582,s==47|328_Quà Tặng Đặc Biệt Phát Triển Ma Triệu Vân 2,1,9,3280,2,1468,1,2,1482,1,2,8226,50,,,,,,,,,,
5583,s==47|328_Quà Tặng Đặc Biệt Phát Triển Ma Triệu Vân 3,1,9,3280,2,4040,1,2,1105,5,2,8226,50,,,,,,,,,,
5584,s==52|30_Quà Tặng Đặc Biệt Phát Triển Ma Trương Xuân Hoa 1,1,9,300,2,1482,1,2,1003,10,2,8226,10,,,,,,,,,,
5585,s==52|68_Quà Tặng Đặc Biệt Phát Triển Ma Trương Xuân Hoa 1,1,9,680,2,1004,5,2,1001,500,2,8226,20,,,,,,,,,,
5586,s==53|128_Quà Tặng Đặc Biệt Phát Triển Ma Trương Xuân Hoa 1,1,9,1280,2,1675,3,2,1006,1000,2,8226,30,,,,,,,,,,
5587,s==53|328_Quà Tặng Đặc Biệt Phát Triển Ma Trương Xuân Hoa 1,1,9,3280,2,25509,50,2,1482,1,2,8226,40,,,,,,,,,,
5588,s==53|328_Quà Tặng Đặc Biệt Phát Triển Ma Trương Xuân Hoa 2,1,9,3280,2,1468,1,2,1482,1,2,8226,50,,,,,,,,,,
5589,s==53|328_Quà Tặng Đặc Biệt Phát Triển Ma Trương Xuân Hoa 3,1,9,3280,2,4040,1,2,1105,5,2,8226,50,,,,,,,,,,
5600,s==32|68_Quà Tặng Tuyệt Phiên Vu Cấm 1,1,9,680,2,1527,1,2,1516,1,2,8226,10,,,,,,,,,,
5601,s==33|198_Quà Tặng Tuyệt Phiên Vu Cấm 2,1,9,1980,2,1176,1,2,1105,20,2,8226,20,,,,,,,,,,
5602,s==33|198_Quà Tặng Tuyệt Phiên Vu Cấm 3,1,9,1980,2,21512,50,2,1003,30,2,8226,30,,,,,,,,,,
5603,s==33|68_Quà Tặng Tuyệt Phiên Hứa Chử 1,1,9,680,2,1527,1,2,1516,1,2,8226,10,,,,,,,,,,
5604,s==34|198_Quà Tặng Tuyệt Phiên Hứa Chử 2,1,9,1980,2,1176,1,2,1105,20,2,8226,20,,,,,,,,,,
5605,s==34|198_Quà Tặng Tuyệt Phiên Hứa Chử 3,1,9,1980,2,21510,50,2,1003,30,2,8226,30,,,,,,,,,,
5606,s==33|68_Quà Tặng Tuyệt Phiên Chân Cơ 1,1,9,680,2,1527,1,2,1516,1,2,8226,10,,,,,,,,,,
5607,s==34|198_Quà Tặng Tuyệt Phiên Chân Cơ 2,1,9,1980,2,1176,1,2,1105,20,2,8226,20,,,,,,,,,,
5608,s==34|198_Quà Tặng Tuyệt Phiên Chân Cơ 3,1,9,1980,2,21503,50,2,1003,30,2,8226,30,,,,,,,,,,
5609,s==33|68_Quà Tặng Tuyệt Phiên Quan Vũ 1,1,9,680,2,1527,1,2,1516,1,2,8226,10,,,,,,,,,,
5610,s==34|198_Quà Tặng Tuyệt Phiên Quan Vũ 2,1,9,1980,2,1176,1,2,1105,20,2,8226,20,,,,,,,,,,
5611,s==34|198_Quà Tặng Tuyệt Phiên Quan Vũ 3,1,9,1980,2,22504,50,2,1003,30,2,8226,30,,,,,,,,,,
5612,s==36|68_Quà Tặng Tuyệt Phiên Trương Phi 1,1,9,680,2,1527,1,2,1516,1,2,8226,10,,,,,,,,,,
5613,s==37|198_Quà Tặng Tuyệt Phiên Trương Phi 2,1,9,1980,2,1176,1,2,1105,20,2,8226,20,,,,,,,,,,
5614,s==37|198_Quà Tặng Tuyệt Phiên Trương Phi 3,1,9,1980,2,22502,50,2,1003,30,2,8226,30,,,,,,,,,,
5615,s==39|68_Quà Tặng Tuyệt Phiên Gia Cát Lượng 1,1,9,680,2,1527,1,2,1516,1,2,8226,10,,,,,,,,,,
5616,s==40|198_Quà Tặng Tuyệt Phiên Gia Cát Lượng 2,1,9,1980,2,1176,1,2,1105,20,2,8226,20,,,,,,,,,,
5617,s==40|198_Quà Tặng Tuyệt Phiên Gia Cát Lượng 3,1,9,1980,2,22507,50,2,1003,30,2,8226,30,,,,,,,,,,
5618,s==32|68_Quà Tặng Tuyệt Phiên Chu Du 1,1,9,680,2,1527,1,2,1516,1,2,8226,10,,,,,,,,,,
5619,s==33|198_Quà Tặng Tuyệt Phiên Chu Du 2,1,9,1980,2,1176,1,2,1105,20,2,8226,20,,,,,,,,,,
5620,s==33|198_Quà Tặng Tuyệt Phiên Chu Du 3,1,9,1980,2,23510,50,2,1003,30,2,8226,30,,,,,,,,,,
5621,s==36|68_Quà Tặng Tuyệt Phiên Thái Sử Từ 1,1,9,680,2,1527,1,2,1516,1,2,8226,10,,,,,,,,,,
5622,s==36|198_Thái Sử Từ Tuyệt Bản Phong Bao 2,1,9,1980,2,1176,1,2,1105,20,2,8226,20,,,,,,,,,,
5623,s==36|198_Thái Sử Từ Tuyệt Bản Phong Bao 3,1,9,1980,2,23506,50,2,1003,30,2,8226,30,,,,,,,,,,
5624,s==33|68_Đại Kiều Tuyệt Bản Phong Bao 1,1,9,680,2,1527,1,2,1516,1,2,8226,10,,,,,,,,,,
5625,s==34|198_Đại Kiều Tuyệt Bản Phong Bao 2,1,9,1980,2,1176,1,2,1105,20,2,8226,20,,,,,,,,,,
5626,s==34|198_Đại Kiều Tuyệt Bản Phong Bao 3,1,9,1980,2,23508,50,2,1003,30,2,8226,30,,,,,,,,,,
5627,s==41|68_Thần·Trương Giác Tuyệt Bản Phong Bao 1,1,9,680,2,1527,1,2,1516,1,2,8226,10,,,,,,,,,,
5628,s==42|198_Thần·Trương Giác Tuyệt Bản Phong Bao 2,1,9,1980,2,1176,1,2,1105,20,2,8226,20,,,,,,,,,,
5629,s==42|328_Thần·Trương Giác Tuyệt Bản Phong Bao 3,1,9,3280,2,24504,50,2,1003,30,2,8226,30,,,,,,,,,,
5630,s==40|68_Thần·Khương Duy Tuyệt Bản Phong Bao 1,1,9,680,2,1527,1,2,1516,1,2,8226,10,,,,,,,,,,
5631,s==41|198_Thần·Khương Duy Tuyệt Bản Phong Bao 2,1,9,1980,2,1176,1,2,1105,20,2,8226,20,,,,,,,,,,
5632,s==41|328_Thần·Khương Duy Tuyệt Bản Phong Bao 3,1,9,3280,2,24503,50,2,1003,30,2,8226,30,,,,,,,,,,
5633,s==43|68_Thần·Gia Cát Lượng Tuyệt Bản Phong Bao 1,1,9,680,2,1527,1,2,1516,1,2,8226,10,,,,,,,,,,
5634,s==44|198_Thần·Gia Cát Lượng Tuyệt Bản Phong Bao 2,1,9,1980,2,1176,1,2,1105,20,2,8226,20,,,,,,,,,,
5635,s==44|328_Thần·Gia Cát Lượng Tuyệt Bản Phong Bao 3,1,9,3280,2,24508,50,2,1003,30,2,8226,30,,,,,,,,,,
5636,s==33|68_Ma·Lữ Bố Tuyệt Bản Phong Bao 1,1,9,680,2,1527,1,2,1516,1,2,8226,10,,,,,,,,,,
5637,s==34|198_Ma·Lữ Bố Tuyệt Bản Phong Bao 2,1,9,1980,2,1176,1,2,1105,20,2,8226,20,,,,,,,,,,
5638,s==34|328_Ma·Lữ Bố Tuyệt Bản Phong Bao 3,1,9,3280,2,25504,50,2,1003,30,2,8226,30,,,,,,,,,,
5639,s==37|68_Ma·Triệu Vân Tuyệt Bản Phong Bao 1,1,9,680,2,1527,1,2,1516,1,2,8226,10,,,,,,,,,,
5640,s==38|198_Ma·Triệu Vân Tuyệt Bản Phong Bao 2,1,9,1980,2,1176,1,2,1105,20,2,8226,20,,,,,,,,,,
5641,s==38|328_Ma·Triệu Vân Tuyệt Bản Phong Bao 3,1,9,3280,2,25515,50,2,1003,30,2,8226,30,,,,,,,,,,
5642,s==43|68_Ma·Trương Xuân Hoa Tuyệt Bản Phong Bao 1,1,9,680,2,1527,1,2,1516,1,2,8226,10,,,,,,,,,,
5643,s==44|198_Ma·Trương Xuân Hoa Tuyệt Bản Phong Bao 2,1,9,1980,2,1176,1,2,1105,20,2,8226,20,,,,,,,,,,
5644,s==44|328_Ma·Trương Xuân Hoa Tuyệt Bản Phong Bao 3,1,9,3280,2,25509,50,2,1003,30,2,8226,30,,,,,,,,,,
4990,s==25|Lễ Bao Bất Ngờ Dịp Lễ Hội,2,1004,1,2,1014,2,2,7033,3,,,,,,,,,,,,,
4991,s==26|Lễ Bao Quý Hiếm Dịp Lễ Hội,2,1004,1,2,1014,2,2,7033,6,,,,,,,,,,,,,
7300,s==6|VIP777,1,9,100,1,8,100000,1,10,100000,2,1002,5,2,3001,20,2,3002,10,2,3008,5,
5647,s==20|Nhi Đồng Tiết Lễ Bao,2,1002,3,2,1006,50,1,8,38888,,,,,,,,,,,,,
5648,s==17|Lễ Bao Mãng Chủng,2,1003,1,2,1006,50,1,8,38888,,,,,,,,,,,,,
5649,s==23|Lễ Bao Đại Lễ Hảo Khang,2,1005,10,2,1001,50,1,10,5000,,,,,,,,,,,,,
5650,s==15|Lễ Bao Đoan Ngọ,2,3001,60,2,1001,100,1,8,20000,,,,,,,,,,,,,
5651,s==15|Lễ Bao Tiểu Thử,2,1019,5,2,1001,100,1,8,10000,,,,,,,,,,,,,
5652,s==14|Lễ Bao Đại Thử,2,1007,4,1,10,100000,1,8,20000,,,,,,,,,,,,,
5653,s==14|Lễ Bao Lập Thu,2,1012,10,1,10,100000,1,8,20000,,,,,,,,,,,,,
5654,s==16|Lễ Bao Thất Tịch,1,9,288,2,1001,100,1,8,20000,,,,,,,,,,,,,
5655,s==19|Lễ Bao Trung Nguyên,2,1002,10,2,1006,100,1,10,20000,,,,,,,,,,,,,
5656,s==14|Lễ Bao Thần Bí,2,1007,4,1,10,100000,1,8,20000,,,,,,,,,,,,,
5657,s==16|Lễ Bao Hạnh Phúc,2,1005,4,1,10,100000,1,8,20000,,,,,,,,,,,,,
5658,s==16|Lễ Bao Kinh Ngạc,2,1012,10,1,10,100000,1,8,20000,,,,,,,,,,,,,
5659,s==17|Lễ Vật Nguyên Khí,2,1003,3,2,1001,150,1,8,30000,,,,,,,,,,,,,
5660,s==16|Lễ Bao Hảo Vận A,1,9,288,2,1001,150,1,8,30000,,,,,,,,,,,,,
5661,s==17|Lễ Bao Hạnh Vận A,2,1019,6,2,1001,150,1,8,30000,,,,,,,,,,,,,
5662,s==18|Lễ Bao Hảo Khoản A,1,9,288,2,1006,300,1,10,30000,,,,,,,,,,,,,
5663,s==18|Lễ Bao Chúc Phúc A,2,3001,30,2,1001,150,1,8,30000,,,,,,,,,,,,,
5664,s==23|Lễ Vật Nguyên Khí Hào A,2,1012,10,2,1006,300,1,8,20000,,,,,,,,,,,,,
5665,s==15|Lễ Bao Âu Khí A,2,1003,3,2,1006,300,1,8,100000,,,,,,,,,,,,,
5666,s==25|Phúc Lợi Liên Hạ Đoan Ngọ,2,1005,4,1,10,100000,1,8,20000,,,,,,,,,,,,,
5667,s==18|Phúc Lợi Tháng Bảy,2,1012,10,1,10,100000,1,8,20000,,,,,,,,,,,,,
5668,s==18|Phúc Lợi Tháng Tám,2,1003,3,2,1001,150,1,8,30000,,,,,,,,,,,,,
5669,s==35|Lễ Tuần Chuyên Quyền (Tiềm Lực Gia),2,1003,1,2,1001,100,1,8,100000,,,,,,,,,,,,,
5670,s==38|Lễ Tuần Chuyên Quyền (Chuẩn Ngoạn Gia),2,1003,2,2,1001,200,1,8,200000,,,,,,,,,,,,,
5671,s==36|Lễ Tuần Chuyên Quyền (Đại Ngoạn Gia),2,1004,1,2,1003,5,2,1007,6,,,,,,,,,,,,,
5672,s==45|Lễ Tuần Chuyên Quyền (Siêu Cấp Đại Ngoạn Gia),2,2116,2,2,1014,5,2,1006,2000,,,,,,,,,,,,,
5678,s==37|Chuyên Quyền Tuyệt Bản (Tiềm Lực Gia),2,5673,1,2,19628,1,2,1516,5,,,,,,,,,,,,,
5679,s==40|Chuyên Quyền Tuyệt Bản (Chuẩn Ngoạn Gia),2,19629,1,2,5674,1,2,1527,3,,,,,,,,,,,,,
5680,s==38|Chuyên Quyền Tuyệt Bản (Đại Ngoạn Gia),2,19630,1,2,5675,1,2,30049,1,,,,,,,,,,,,,
5681,s==47|Chuyên Quyền Tuyệt Bản (Siêu Cấp Đại Ngoạn Gia),2,19631,1,2,5676,1,2,30050,1,,,,,,,,,,,,,
5682,s==50|30_Trương Liêu Trưởng Thành Chuyên Hữu Phong Bao 1,1,9,300,2,1478,1,2,1003,10,2,8226,10,,,,,,,,,,
5683,s==50|68_Trương Liêu Trưởng Thành Chuyên Hữu Phong Bao 1,1,9,680,2,1004,5,2,1001,500,2,8226,20,,,,,,,,,,
5684,s==51|128_Trương Liêu Trưởng Thành Chuyên Hữu Phong Bao 1,1,9,1280,2,1675,3,2,1006,1000,2,8226,30,,,,,,,,,,
5685,s==51|198_Trương Liêu Trưởng Thành Chuyên Hữu Phong Bao 1,1,9,1980,2,21508,50,2,1478,1,2,8226,40,,,,,,,,,,
5686,s==51|328_Trương Liêu Trưởng Thành Chuyên Hữu Phong Bao 1,1,9,3280,2,1468,1,2,1478,1,2,8226,50,,,,,,,,,,
5687,s==51|328_Trương Liêu Trưởng Thành Chuyên Hữu Phong Bao 1,1,9,3280,2,4040,1,2,1105,5,2,8226,50,,,,,,,,,,
5688,s==48|30_Triệu Vân Trưởng Thành Chuyên Hữu Phong Bao 1,1,9,300,2,1479,1,2,1003,10,2,8226,10,,,,,,,,,,
5689,s==48|68_Triệu Vân Trưởng Thành Chuyên Hữu Phong Bao 1,1,9,680,2,1004,5,2,1001,500,2,8226,20,,,,,,,,,,
5690,s==49|128_Triệu Vân Trưởng Thành Chuyên Hữu Phong Bao 1,1,9,1280,2,1675,3,2,1006,1000,2,8226,30,,,,,,,,,,
5691,s==49|198_Triệu Vân Trưởng Thành Chuyên Hữu Phong Bao 1,1,9,1980,2,22508,50,2,1479,1,2,8226,40,,,,,,,,,,
5692,s==49|328_Triệu Vân Trưởng Thành Chuyên Hữu Phong Bao 1,1,9,3280,2,1468,1,2,1479,1,2,8226,50,,,,,,,,,,
5693,s==49|328_Triệu Vân Trưởng Thành Chuyên Hữu Phong Bao 1,1,9,3280,2,4040,1,2,1105,5,2,8226,50,,,,,,,,,,
5694,s==40|30_Quà Tặng Đặc Biệt Phát Triển Chu Du 1,1,9,300,2,1480,1,2,1003,10,2,8226,10,,,,,,,,,,
5695,s==40|68_Quà Tặng Đặc Biệt Phát Triển Chu Du 1,1,9,680,2,1004,5,2,1001,500,2,8226,20,,,,,,,,,,
5696,s==41|128_Quà Tặng Đặc Biệt Phát Triển Chu Du 1,1,9,1280,2,1675,3,2,1006,1000,2,8226,30,,,,,,,,,,
5697,s==41|198_Quà Tặng Đặc Biệt Phát Triển Chu Du 1,1,9,1980,2,23510,50,2,1480,1,2,8226,40,,,,,,,,,,
5698,s==41|328_Quà Tặng Đặc Biệt Phát Triển Chu Du 1,1,9,3280,2,1468,1,2,1480,1,2,8226,50,,,,,,,,,,
5699,s==41|328_Quà Tặng Đặc Biệt Phát Triển Chu Du 2,1,9,3280,2,4040,1,2,1105,5,2,8226,50,,,,,,,,,,
5700,s==50|30_Quà Tặng Đặc Biệt Phát Triển Thần Trương Giác 1,1,9,300,2,1481,1,2,1003,10,2,8226,10,,,,,,,,,,
5701,s==50|68_Quà Tặng Đặc Biệt Phát Triển Thần Trương Giác 1,1,9,680,2,1004,5,2,1001,500,2,8226,20,,,,,,,,,,
5702,s==51|128_Quà Tặng Đặc Biệt Phát Triển Thần Trương Giác 1,1,9,1280,2,1675,3,2,1006,1000,2,8226,30,,,,,,,,,,
5703,s==51|328_Quà Tặng Đặc Biệt Phát Triển Thần Trương Giác 1,1,9,3280,2,24504,50,2,1481,1,2,8226,40,,,,,,,,,,
5704,s==51|328_Quà Tặng Đặc Biệt Phát Triển Thần Trương Giác 2,1,9,3280,2,1468,1,2,1481,1,2,8226,50,,,,,,,,,,
5705,s==51|328_Quà Tặng Đặc Biệt Phát Triển Thần Trương Giác 3,1,9,3280,2,4040,1,2,1105,5,2,8226,50,,,,,,,,,,
5706,s==46|30_Quà Tặng Đặc Biệt Phát Triển Ma Triệu Vân 1,1,9,300,2,1482,1,2,1003,10,2,8226,10,,,,,,,,,,
5707,s==46|68_Quà Tặng Đặc Biệt Phát Triển Ma Triệu Vân 1,1,9,680,2,1004,5,2,1001,500,2,8226,20,,,,,,,,,,
5708,s==47|128_Quà Tặng Đặc Biệt Phát Triển Ma Triệu Vân 1,1,9,1280,2,1675,3,2,1006,1000,2,8226,30,,,,,,,,,,
5709,s==47|328_Quà Tặng Đặc Biệt Phát Triển Ma Triệu Vân 1,1,9,3280,2,25515,50,2,1482,1,2,8226,40,,,,,,,,,,
5710,s==47|328_Quà Tặng Đặc Biệt Phát Triển Ma Triệu Vân 2,1,9,3280,2,1468,1,2,1482,1,2,8226,50,,,,,,,,,,
5711,s==47|328_Quà Tặng Đặc Biệt Phát Triển Ma Triệu Vân 3,1,9,3280,2,4040,1,2,1105,5,2,8226,50,,,,,,,,,,
5712,s==36|68_Trương Liêu Tuyệt Bản Phong Bao 1,1,9,680,2,1527,1,2,1516,1,2,8226,10,,,,,,,,,,
5713,s==37|198_Trương Liêu Tuyệt Bản Phong Bao 2,1,9,1980,2,1176,1,2,1105,20,2,8226,20,,,,,,,,,,
5714,s==37|198_Trương Liêu Tuyệt Bản Phong Bao 3,1,9,1980,2,21508,50,2,1003,30,2,8226,30,,,,,,,,,,
5715,s==34|68_Triệu Vân Tuyệt Bản Phong Bao 1,1,9,680,2,1527,1,2,1516,1,2,8226,10,,,,,,,,,,
5716,s==35|198_Triệu Vân Tuyệt Bản Phong Bao 2,1,9,1980,2,1176,1,2,1105,20,2,8226,20,,,,,,,,,,
5717,s==35|198_Triệu Vân Tuyệt Bản Phong Bao 3,1,9,1980,2,22508,50,2,1003,30,2,8226,30,,,,,,,,,,
5718,s==32|68_Quà Tặng Tuyệt Phiên Chu Du 1,1,9,680,2,1527,1,2,1516,1,2,8226,10,,,,,,,,,,
5719,s==33|198_Quà Tặng Tuyệt Phiên Chu Du 2,1,9,1980,2,1176,1,2,1105,20,2,8226,20,,,,,,,,,,
5720,s==33|198_Quà Tặng Tuyệt Phiên Chu Du 3,1,9,1980,2,23510,50,2,1003,30,2,8226,30,,,,,,,,,,
5721,s==41|68_Thần·Trương Giác Tuyệt Bản Phong Bao 1,1,9,680,2,1527,1,2,1516,1,2,8226,10,,,,,,,,,,
5722,s==42|198_Thần·Trương Giác Tuyệt Bản Phong Bao 2,1,9,1980,2,1176,1,2,1105,20,2,8226,20,,,,,,,,,,
5723,s==42|328_Thần·Trương Giác Tuyệt Bản Phong Bao 3,1,9,3280,2,24504,50,2,1003,30,2,8226,30,,,,,,,,,,
5724,s==37|68_Ma·Triệu Vân Tuyệt Bản Phong Bao 1,1,9,680,2,1527,1,2,1516,1,2,8226,10,,,,,,,,,,
5725,s==38|198_Ma·Triệu Vân Tuyệt Bản Phong Bao 2,1,9,1980,2,1176,1,2,1105,20,2,8226,20,,,,,,,,,,
5726,s==38|328_Ma·Triệu Vân Tuyệt Bản Phong Bao 3,1,9,3280,2,25515,50,2,1003,30,2,8226,30,,,,,,,,,,
1674,s==31|198_Gói Quà Ưu Đãi Hàng Tháng 2,1,9,1980,2,1292,2,2,50050,200,2,1290,800,,,,,,,,,,
1676,s==32|Lễ Phát Triển Linh Thú Tuyệt Bản,1,9,3280,2,1292,5,2,50050,400,2,1290,1600,,,,,,,,,,
1677,s==30|Lễ Ấp Trứng Linh Thú Tuyệt Bản,1,9,3280,2,8832,1,2,50050,200,2,1290,350,,,,,,,,,,
1678,s==29|Lễ Kỹ Năng Linh Thú Tuyệt Bản,1,9,6480,2,1291,1,2,50050,350,2,1290,500,,,,,,,,,,
5727,s==17|Đạt Thành 500 000,2,1002,20,2,1001,500,,,,,,,,,,,,,,,,
5728,s==19|Đạt Thành 1 000 000,2,22403,30,2,1006,500,,,,,,,,,,,,,,,,
5729,s==19|Đạt Thành 1 500 000,2,22504,50,1,9,1000,2,1027,100,,,,,,,,,,,,,
6471,s==32|Gói Quà Miễn Phí Chung Hoạt Động,1,9,10,2,1001,50,2,1007,1,,,,,,,,,,,,,
6472,s==29|Hoa Giá Hoạt Động Phong Bao 1,1,9,300,2,6467,10,2,1078,50,2,1006,500,,,,,,,,,,
6473,s==29|Hoa Giá Hoạt Động Phong Bao 1,1,9,680,2,6467,20,2,1078,100,2,1006,1500,,,,,,,,,,
6474,s==29|Hoa Giá Hoạt Động Phong Bao 1,1,9,980,2,6467,30,2,1078,500,1,8,68880000,,,,,,,,,,
6475,s==29|Hoa Giá Hoạt Động Phong Bao 1,1,9,1280,2,6467,40,2,1082,40,2,1006,2000,,,,,,,,,,
6476,s==29|Hoa Giá Hoạt Động Phong Bao 1,1,9,1280,2,6467,40,2,1081,10,2,1006,2000,,,,,,,,,,
6477,s==29|Hoa Giá Hoạt Động Phong Bao 1,1,9,3280,2,6467,100,2,1082,80,2,1006,3000,,,,,,,,,,
6478,s==29|Hoa Giá Hoạt Động Phong Bao 1,1,9,3280,2,6467,100,2,1081,20,2,1006,3000,,,,,,,,,,
6479,s==29|Hoa Giá Hoạt Động Phong Bao 1,1,9,6480,2,6467,200,2,1080,80,2,1006,3000,,,,,,,,,,
5730,s==33|Lễ Bao Tự Chọn Tướng Kim Tam Quốc,2,1295,1,,,,,,,,,,,,,,,,,,,
5731,s==40|Lễ Bao Đặt Trước Hoạt Động Cơ Giáp 1 Vạn,2,1003,1,2,1001,50,,,,,,,,,,,,,,,,
5732,s==40|Lễ Bao Đặt Trước Hoạt Động Cơ Giáp 2 Vạn,2,1003,1,2,1006,100,,,,,,,,,,,,,,,,
5733,s==40|Lễ Bao Đặt Trước Hoạt Động Cơ Giáp 5 Vạn,2,1012,5,1,10,100000,,,,,,,,,,,,,,,,
5734,s==40|Lễ Bao Đặt Trước Hoạt Động Cơ Giáp 8 Vạn,2,1005,10,2,1001,100,,,,,,,,,,,,,,,,
5735,s==20|Lễ Bao Cơ Giáp Lữ Bố,2,13052,1,2,1006,150,,,,,,,,,,,,,,,,
5736,s==23|Lễ Bao Hâm Nóng Cơ Giáp,2,1007,3,2,1001,50,1,8,38888,,,,,,,,,,,,,
5737,s==22|Lễ Bao Trợ Lực Cơ Giáp,2,1005,10,2,1001,50,1,10,5000,,,,,,,,,,,,,
5738,s==22|Lễ Bao Bất Ngờ Cơ Giáp,2,1019,5,2,1001,100,1,8,10000,,,,,,,,,,,,,
5739,s==21|Lễ Bao Ra Mắt Cơ Giáp,2,1003,1,2,1006,50,1,8,38888,,,,,,,,,,,,,
5740,s==18|Lễ Bao Đặc Quyền A,2,1007,2,1,10,50000,1,8,10000,,,,,,,,,,,,,
5741,s==18|Lễ Bao Đặc Quyền B,2,1005,2,1,10,50000,1,8,10000,,,,,,,,,,,,,
5742,s==18|Lễ Bao Đặc Quyền C,2,1012,5,1,10,50000,1,8,10000,,,,,,,,,,,,,
5743,s==18|Lễ Bao Đặc Quyền D,2,1019,3,1,10,50000,1,8,10000,,,,,,,,,,,,,
5744,s==27|Lễ Bao Quà Tặng Cơ Giáp 520,2,1002,3,2,1006,50,1,8,38888,,,,,,,,,,,,,
5745,s==25|Lễ Bao Quà Tặng Cơ Giáp ①,2,1003,1,2,1006,50,1,8,38888,,,,,,,,,,,,,
5746,s==25|Lễ Bao Quà Tặng Cơ Giáp ②,2,1005,10,2,1001,50,1,10,5000,,,,,,,,,,,,,
5747,s==25|Lễ Bao Quà Tặng Cơ Giáp ③,2,1019,5,2,1001,100,1,8,10000,,,,,,,,,,,,,
5748,s==23|Lễ Bao Phúc Lộc Cơ Giáp,2,1012,10,1,10,50000,1,8,20000,,,,,,,,,,,,,
5749,s==21|Lễ Bao Hỷ Lạc Cơ Giáp,2,3001,30,2,1001,100,1,8,10000,,,,,,,,,,,,,
5750,s==23|Lễ Bao May Mắn Đặc Biệt,2,1007,3,2,1001,100,1,8,38888,,,,,,,,,,,,,
5751,s==24|Lễ Bao Sinh Lực Đặc Biệt,2,1006,100,1,10,50000,1,8,38888,,,,,,,,,,,,,
5752,s==22|Lễ Bao Quý Tộc May Mắn,2,1003,1,2,1006,50,1,8,38888,,,,,,,,,,,,,
5753,s==24|Lễ Bao Hào Phóng Quý Tộc,1,9,288,2,1001,150,1,8,20000,,,,,,,,,,,,,
5754,s==17|Lễ Bao Thiên Chọn,2,1003,3,2,1006,300,1,8,100000,,,,,,,,,,,,,
6500,s==29|30_Gói Quà Thề Ước Hoa Cưới_1,1,9,300,2,1680,150,2,1516,1,2,8226,15,,,,,,,,,,
6501,s==29|68_Gói Quà Thề Ước Hoa Cưới_1,1,9,680,2,1680,340,2,1681,1,2,1527,1,,,,,,,,,,
6502,s==30|128_Gói Quà Thề Ước Hoa Cưới_1,1,9,1280,2,1680,640,2,1681,1,2,1527,1,,,,,,,,,,
6503,s==30|128_Gói Quà Thề Ước Hoa Cưới_2,1,9,1280,2,1680,640,2,8226,60,,,,,,,,,,,,,
6510,s==32|0_Sự Kiện Ngày Quốc Tế Thiếu Nhi,1,9,10,2,6495,1,1,8,50000,2,1027,10,,,,,,,,,,
6511,s==32|6_Sự Kiện Ngày Quốc Tế Thiếu Nhi,1,9,60,2,6495,1,2,1003,2,2,1027,10,,,,,,,,,,
6512,s==33|30_Sự Kiện Ngày Quốc Tế Thiếu Nhi,1,9,300,2,6495,3,2,1003,4,2,1027,50,,,,,,,,,,
6513,s==33|68_Sự Kiện Ngày Quốc Tế Thiếu Nhi,1,9,680,2,6495,6,2,1003,10,2,1027,100,,,,,,,,,,
6514,s==34|128_Sự Kiện Ngày Quốc Tế Thiếu Nhi,1,9,1280,2,6495,10,2,1004,4,2,1006,1000,,,,,,,,,,
6515,s==34|128_Sự Kiện Ngày Quốc Tế Thiếu Nhi,1,9,1280,2,6495,10,2,1105,10,2,1006,4000,,,,,,,,,,
6516,s==34|328_Sự Kiện Ngày Quốc Tế Thiếu Nhi,1,9,3280,2,6495,30,2,1004,13,2,1006,1000,,,,,,,,,,
6517,s==34|328_Sự Kiện Ngày Quốc Tế Thiếu Nhi,1,9,3280,2,6495,30,2,1516,5,2,1006,2000,,,,,,,,,,
6518,s==34|648_Sự Kiện Ngày Quốc Tế Thiếu Nhi,1,9,6480,2,6495,60,2,1004,22,2,1006,2000,,,,,,,,,,
6519,s==34|648_Sự Kiện Ngày Quốc Tế Thiếu Nhi,1,9,6480,2,6495,60,2,1527,3,2,1006,4000,,,,,,,,,,
6520,s==34|648_Sự Kiện Ngày Quốc Tế Thiếu Nhi,1,9,6480,2,6495,60,1,8,2000000,2,1006,4000,,,,,,,,,,
6521,s==34|0_Sự Kiện Ngày Quốc Tế Thiếu Nhi 2,1,9,10,2,6495,1,1,8,50000,2,1006,50,,,,,,,,,,
6522,s==34|6_Sự Kiện Ngày Quốc Tế Thiếu Nhi 2,1,9,60,2,6495,1,2,1003,2,2,1006,50,,,,,,,,,,
6523,s==35|30_Sự Kiện Ngày Quốc Tế Thiếu Nhi 2,1,9,300,2,6495,3,2,1003,4,2,1006,300,,,,,,,,,,
6524,s==35|68_Sự Kiện Ngày Quốc Tế Thiếu Nhi 2,1,9,680,2,6495,6,2,1003,10,2,1006,500,,,,,,,,,,
6525,s==36|128_Sự Kiện Ngày Quốc Tế Thiếu Nhi 2,1,9,1280,2,6495,10,2,1004,4,2,1006,1000,,,,,,,,,,
6526,s==36|128_Sự Kiện Ngày Quốc Tế Thiếu Nhi 2,1,9,1280,2,6495,10,2,1105,10,2,1006,4000,,,,,,,,,,
6527,s==36|328_Sự Kiện Ngày Quốc Tế Thiếu Nhi 2,1,9,3280,2,6495,30,2,1004,13,2,1006,1000,,,,,,,,,,
6528,s==36|328_Sự Kiện Ngày Quốc Tế Thiếu Nhi 2,1,9,3280,2,6495,30,2,1516,5,2,1006,2000,,,,,,,,,,
6529,s==36|648_Sự Kiện Ngày Quốc Tế Thiếu Nhi 2,1,9,6480,2,6495,60,2,1527,5,2,1006,2000,,,,,,,,,,
6530,s==36|648_Sự Kiện Ngày Quốc Tế Thiếu Nhi 2,1,9,6480,2,6495,60,2,1056,280,2,1006,4000,,,,,,,,,,
6531,s==36|648_Sự Kiện Ngày Quốc Tế Thiếu Nhi 2,1,9,6480,2,6495,60,1,8,2000000,2,1006,4000,,,,,,,,,,
6532,s==36|Lễ Bao Bất Ngờ Lễ Hội Ngày 1 Tháng 6,2,1003,10,2,1014,2,2,6495,3,,,,,,,,,,,,,
6533,s==37|Lễ Bao Quý Hiếm Lễ Hội Ngày 1 Tháng 6,2,1004,3,2,1014,2,2,6495,6,2,1079,1,,,,,,,,,,
6504,s==30|648_Gói Quà Thề Ước Hoa Cưới_1,1,9,6480,2,1680,3400,2,1681,10,2,1527,4,,,,,,,,,,
6506,s==25|Lễ Bao Trang Bị Cam 2 Sao,2,2521,1,2,2522,1,2,2523,1,2,2524,1,,,,,,,,,,
6507,s==25|Lễ Bao Trang Bị Cam 3 Sao,2,2531,1,2,2532,1,2,2533,1,2,2534,1,,,,,,,,,,
6540,s==19|0_Sự Kiện Hồn Tả Từ,1,9,10,2,6573,1,1,8,50000,2,1027,10,,,,,,,,,,
6541,s==22|30_Hoạt Động Hồn Tả Từ,1,9,300,2,6573,3,2,1003,4,2,1027,50,,,,,,,,,,
6542,s==22|68_Hoạt Động Hồn Tả Từ,1,9,680,2,6573,6,2,1003,10,2,1027,100,,,,,,,,,,
6543,s==23|128_Hoạt Động Hồn Tả Từ,1,9,1280,2,6573,10,2,1004,4,2,1006,1000,,,,,,,,,,
6544,s==23|128_Hoạt Động Hồn Tả Từ,1,9,1280,2,6573,10,2,1105,10,2,1006,1000,,,,,,,,,,
6545,s==23|328_Hoạt Động Hồn Tả Từ,1,9,3280,2,6573,30,2,1004,13,2,1006,2000,,,,,,,,,,
6546,s==23|328_Hoạt Động Hồn Tả Từ,1,9,3280,2,6573,30,2,1516,5,2,1006,2000,,,,,,,,,,
6547,s==23|648_Hoạt Động Hồn Tả Từ,1,9,6480,2,6573,60,2,1527,5,2,1006,4000,,,,,,,,,,
6548,s==23|648_Hoạt Động Hồn Tả Từ,1,9,6480,2,6573,60,2,1056,280,2,1006,4000,,,,,,,,,,
6549,s==23|648_Hoạt Động Hồn Tả Từ,1,9,6480,2,6573,60,1,8,2000000,2,1006,4000,,,,,,,,,,
5493,s==31|6_Gói Quà Nguyện Khởi Tinh Thần,1,9,60,2,1197,1,1,8,50000,2,1027,10,,,,,,,,,,
5494,s==33|6_Gói Quà Nguyện Khởi Tinh Thần 2,1,9,60,2,1197,1,1,8,50000,2,1027,10,,,,,,,,,,
5495,s==27|6_Sự Kiện Du Viên Kinh Mộng,1,9,60,2,1198,1,1,8,50000,2,1027,10,,,,,,,,,,
5496,s==29|6_Sự Kiện Du Viên Kinh Mộng 2,1,9,60,2,1198,1,1,8,50000,2,1027,10,,,,,,,,,,
5497,s==19|6_Hoa Hỏa Thiên Thụ,1,9,60,2,1202,1,1,8,50000,2,1027,10,,,,,,,,,,
5498,s==21|6_Hoa Hỏa Thiên Thụ 2,1,9,60,2,1202,1,1,8,50000,2,1027,10,,,,,,,,,,
6600,s==20|0_Hoạt Động Ấp Trứng,1,9,10,2,1683,1,2,1682,2,2,1027,10,,,,,,,,,,
6601,s==20|6_Hoạt Động Ấp Trứng,1,9,60,2,1683,2,2,1003,2,2,1027,10,,,,,,,,,,
6602,s==21|30_Hoạt Động Ấp Trứng,1,9,300,2,1683,3,2,1003,4,2,1027,50,,,,,,,,,,
6603,s==21|68_Hoạt Động Ấp Trứng,1,9,680,2,1683,6,2,1003,10,2,1027,100,,,,,,,,,,
6604,s==22|128_Hoạt Động Ấp Trứng,1,9,1280,2,1683,10,2,1004,4,2,1006,1000,,,,,,,,,,
6605,s==22|128_Hoạt Động Ấp Trứng,1,9,1280,2,1683,10,2,1105,10,2,1006,4000,,,,,,,,,,
6606,s==22|328_Hoạt Động Ấp Trứng,1,9,3280,2,1683,30,2,1004,13,2,1006,1000,,,,,,,,,,
6607,s==22|328_Hoạt Động Ấp Trứng,1,9,3280,2,1683,30,2,1516,5,2,1006,2000,,,,,,,,,,
6608,s==22|648_Hoạt Động Ấp Trứng,1,9,6480,2,1683,60,2,1004,22,2,1006,2000,,,,,,,,,,
6609,s==22|648_Hoạt Động Ấp Trứng,1,9,6480,2,1683,60,2,1527,3,2,1006,4000,,,,,,,,,,
6610,s==22|648_Hoạt Động Ấp Trứng,1,9,6480,2,1683,60,1,8,2000000,2,1006,4000,,,,,,,,,,
6611,s==22|0_Hoạt Động Ấp Trứng 2,1,9,10,2,1683,1,2,1682,2,2,1006,50,,,,,,,,,,
6612,s==22|6_Hoạt Động Ấp Trứng 2,1,9,60,2,1683,2,2,1003,2,2,1006,50,,,,,,,,,,
6613,s==23|30_Hoạt Động Ấp Trứng 2,1,9,300,2,1683,3,2,1003,4,2,1006,300,,,,,,,,,,
6614,s==23|68_Hoạt Động Ấp Trứng 2,1,9,680,2,1683,6,2,1003,10,2,1006,500,,,,,,,,,,
6615,s==24|128_Hoạt Động Ấp Trứng 2,1,9,1280,2,1683,11,2,1004,4,2,1006,1000,,,,,,,,,,
6616,s==24|128_Hoạt Động Ấp Trứng 2,1,9,1280,2,1683,10,2,1105,10,2,1006,4000,,,,,,,,,,
6617,s==24|328_Hoạt Động Ấp Trứng 2,1,9,3280,2,1683,30,2,1004,13,2,1006,1000,,,,,,,,,,
6618,s==24|328_Hoạt Động Ấp Trứng 2,1,9,3280,2,1683,30,2,1516,5,2,1006,2000,,,,,,,,,,
6619,s==24|648_Hoạt Động Ấp Trứng 2,1,9,6480,2,1683,60,2,1527,5,2,1006,2000,,,,,,,,,,
6620,s==24|648_Hoạt Động Ấp Trứng 2,1,9,6480,2,1683,60,2,1056,280,2,1006,4000,,,,,,,,,,
6621,s==24|648_Hoạt Động Ấp Trứng 2,1,9,6480,2,1683,60,1,8,2000000,2,1006,4000,,,,,,,,,,
6560,s==42|30_Hồn·Tả Từ Trưởng Thành Đặc Thù Lễ Bao 1,1,9,300,2,1004,1,2,1003,10,2,8226,10,,,,,,,,,,
6561,s==42|68_Hồn·Tả Từ Trưởng Thành Đặc Thù Lễ Bao 1,1,9,680,2,1004,1,2,1533,1,2,8226,10,,,,,,,,,,
6562,s==43|198_Hồn·Tả Từ Trưởng Thành Đặc Thù Lễ Bao 1,1,9,1980,2,1468,1,2,1533,2,2,8226,20,,,,,,,,,,
6563,s==43|328_Hồn·Tả Từ Trưởng Thành Đặc Thù Lễ Bao 1,1,9,3280,2,100106,1,2,1533,4,2,8226,40,,,,,,,,,,
6564,s==43|328_Hồn·Tả Từ Trưởng Thành Đặc Thù Lễ Bao 2,1,9,3280,2,26501,50,2,1761,1,2,8226,40,,,,,,,,,,
6565,s==43|328_Hồn·Tả Từ Trưởng Thành Đặc Thù Lễ Bao 3,1,9,3280,2,100107,1,2,1475,1,2,8226,40,,,,,,,,,,
6566,s==43|648_Hồn·Tả Từ Trưởng Thành Đặc Thù Lễ Bao 1,1,9,6480,2,14811,1,2,1475,2,2,8226,60,,,,,,,,,,
6570,s==42|68 Hồn·Tả Từ Tuyệt Bản Độc Quyền Gói Quà 1,1,9,680,2,1527,1,2,1516,1,2,8226,10,,,,,,,,,,
6571,s==43|198 Hồn·Tả Từ Tuyệt Bản Độc Quyền Gói Quà 2,1,9,1980,2,1176,1,2,1105,20,2,8226,20,,,,,,,,,,
6572,s==43|328 Hồn·Tả Từ Tuyệt Bản Độc Quyền Gói Quà 3,1,9,3280,2,26501,50,2,1003,30,2,8226,30,,,,,,,,,,
6582,s==24|500 KNB_Sự Kiện Tào Tháo,2,6580,1,1,8,10000,2,1006,10,,,,,,,,,,,,,
6583,s==25|0_Hoạt Động Ngụy Tào Tháo,1,9,10,2,6580,1,1,8,50000,2,1001,20,,,,,,,,,,
6584,s==18|6_Sự Kiện Tào Tháo,1,9,60,2,6580,2,2,1003,2,2,1001,10,,,,,,,,,,
6585,s==26|30_Hoạt Động Ngụy Tào Tháo,1,9,300,2,6580,3,2,1003,4,2,2074,1,,,,,,,,,,
6586,s==26|68_Hoạt Động Ngụy Tào Tháo,1,9,680,2,6580,6,2,1003,10,2,2074,2,,,,,,,,,,
6587,s==27|128_Hoạt Động Ngụy Tào Tháo,1,9,1280,2,6580,10,2,1004,4,2,2074,4,,,,,,,,,,
6588,s==27|128_Hoạt Động Ngụy Tào Tháo,1,9,1280,2,6580,10,2,1003,20,2,2074,4,,,,,,,,,,
6589,s==27|328_Hoạt Động Ngụy Tào Tháo,1,9,3280,2,6580,30,2,1004,13,2,2074,8,,,,,,,,,,
6590,s==27|328_Hoạt Động Ngụy Tào Tháo,1,9,3280,2,6580,30,2,1516,5,2,2074,8,,,,,,,,,,
6591,s==27|648_Hoạt Động Ngụy Tào Tháo,1,9,6480,2,6580,60,2,1527,5,2,2074,14,,,,,,,,,,
6592,s==27|648_Hoạt Động Ngụy Tào Tháo,1,9,6480,2,6580,60,2,1004,28,2,2074,14,,,,,,,,,,
6593,s==27|648_Hoạt Động Ngụy Tào Tháo,1,9,6480,2,6580,60,1,8,2000000,2,2074,8,,,,,,,,,,
6595,s==30|6_Kim Cương Hồng Lâm Hoạt Động,1,9,60,2,6860,2,1,8,50000,2,1027,10,,,,,,,,,,
6596,s==19|6_Tư Mã Ý Hoạt Động,1,9,60,2,6862,2,1,8,50000,2,1027,10,,,,,,,,,,
6597,s==24|6_Thần Mã Siêu Hoạt Động,1,9,60,2,6866,2,1,8,50000,2,1027,10,,,,,,,,,,
6598,s==19|6_Sự Kiện Hồn Tả Từ,1,9,60,2,6573,2,1,8,50000,2,1027,10,,,,,,,,,,
6630,s==29|0_Hoạt Động Hạ Màu Sắc Rực Rỡ,1,9,10,2,2749,1,1,8,50000,2,2747,5,,,,,,,,,,
6631,s==34|500 KNB - Hoạt Động Hạ Nhật Rực Rỡ,2,2749,3,1,8,10000,1,8,10000,2,1006,100,,,,,,,,,,
6632,s==29|6_Hoạt Động Hạ Màu Sắc Rực Rỡ,1,9,60,2,2749,1,2,1003,2,2,2747,5,,,,,,,,,,
6633,s==30|30_Hoạt Động Hạ Màu Sắc Rực Rỡ,1,9,300,2,2749,3,2,1003,4,2,2747,15,,,,,,,,,,
6634,s==30|68_Hoạt Động Hạ Màu Sắc Rực Rỡ,1,9,680,2,2749,6,2,1003,10,2,2747,30,,,,,,,,,,
6635,s==31|128_Hoạt Động Hạ Màu Sắc Rực Rỡ,1,9,1280,2,2749,10,2,1004,4,2,2747,50,,,,,,,,,,
6636,s==31|128_Hoạt Động Hạ Màu Sắc Rực Rỡ,1,9,1280,2,2749,10,2,1105,10,2,2747,50,,,,,,,,,,
6637,s==31|328_Hoạt Động Hạ Màu Sắc Rực Rỡ,1,9,3280,2,2749,30,2,1004,13,2,2747,80,,,,,,,,,,
6638,s==31|328_Hoạt Động Hạ Màu Sắc Rực Rỡ,1,9,3280,2,2749,30,2,1516,5,2,2747,80,,,,,,,,,,
6639,s==31|648_Hoạt Động Hạ Màu Sắc Rực Rỡ,1,9,6480,2,2749,60,2,1004,22,2,1006,2000,,,,,,,,,,
6640,s==31|648_Hoạt Động Hạ Màu Sắc Rực Rỡ,1,9,6480,2,2749,60,2,1527,3,2,1006,4000,,,,,,,,,,
6641,s==31|648_Hoạt Động Hạ Màu Sắc Rực Rỡ,1,9,6480,2,2749,60,1,8,2000000,2,1006,4000,,,,,,,,,,
6642,s==31|0_Hoạt Động Hạ Màu Sắc Rực Rỡ 2,1,9,10,2,2749,1,1,8,50000,2,2747,5,,,,,,,,,,
6643,s==36|500 KNB - Hoạt Động Hạ Nhật Rực Rỡ 2,2,2749,3,1,8,10000,1,8,10000,2,1006,100,,,,,,,,,,
6644,s==31|6_Hoạt Động Hạ Màu Sắc Rực Rỡ 2,1,9,60,2,2749,1,2,1003,2,2,2747,5,,,,,,,,,,
6645,s==32|30_Hoạt Động Hạ Màu Sắc Rực Rỡ 2,1,9,300,2,2749,3,2,1003,4,2,2747,15,,,,,,,,,,
6646,s==32|68_Hoạt Động Hạ Màu Sắc Rực Rỡ 2,1,9,680,2,2749,6,2,1003,10,2,2747,30,,,,,,,,,,
6647,s==33|128_Hoạt Động Hạ Màu Sắc Rực Rỡ 2,1,9,1280,2,2749,10,2,1004,4,2,2747,50,,,,,,,,,,
6648,s==33|128_Hoạt Động Hạ Màu Sắc Rực Rỡ 2,1,9,1280,2,2749,10,2,1105,10,2,2747,50,,,,,,,,,,
6649,s==33|328_Hoạt Động Hạ Màu Sắc Rực Rỡ 2,1,9,3280,2,2749,30,2,1004,13,2,2747,80,,,,,,,,,,
6650,s==33|328_Hoạt Động Hạ Màu Sắc Rực Rỡ 2,1,9,3280,2,2749,30,2,1516,5,2,2747,80,,,,,,,,,,
6651,s==33|648_Hoạt Động Hạ Màu Sắc Rực Rỡ 2,1,9,6480,2,2749,60,2,1527,5,2,1006,2000,,,,,,,,,,
6652,s==33|648_Hoạt Động Hạ Màu Sắc Rực Rỡ 2,1,9,6480,2,2749,60,2,1056,280,2,1006,4000,,,,,,,,,,
6653,s==33|648_Hoạt Động Hạ Màu Sắc Rực Rỡ 2,1,9,6480,2,2749,60,1,8,2000000,2,1006,4000,,,,,,,,,,
6654,s==25|Lễ Bao Bất Ngờ Dịp Lễ Hội,2,1003,10,2,1014,2,2,2749,3,,,,,,,,,,,,,
6655,s==26|Lễ Bao Quý Hiếm Dịp Lễ Hội,2,1004,3,2,1014,2,2,2749,6,2,1079,1,,,,,,,,,,
6656,s==36|500 KNB_Kim Cương Hồng Lâm Hoạt Động,2,6860,3,1,8,50000,2,1027,10,2,,,,,,,,,,,,
6657,s==26|500 KNB - Hoạt Động Lưu Bị,2,6864,3,1,8,50000,2,1027,10,2,,,,,,,,,,,,
6658,s==25|500 KNB_Tư Mã Ý Hoạt Động,2,6862,3,1,8,50000,2,1027,10,2,,,,,,,,,,,,
6659,s==30|500 KNB_Thần Mã Siêu Hoạt Động,2,6866,3,1,8,50000,2,1027,10,2,,,,,,,,,,,,
6660,s==24|500 KNB_Sự Kiện Tào Tháo,2,6868,3,1,8,50000,2,1027,10,2,,,,,,,,,,,,
6661,s==34|500 KNB - Hoạt Động Quan Ngân Bình,2,6874,3,1,8,50000,2,1027,10,2,,,,,,,,,,,,
6662,s==30|500 KNB - Hoạt Động Ma Hạng Vũ,2,6971,3,1,8,50000,2,1027,10,2,,,,,,,,,,,,
6663,s==33|500 KNB - Hoạt Động Thần Lưu Bang,2,6984,3,1,8,50000,2,1027,10,2,,,,,,,,,,,,
6664,s==36|500 KNB - Hoạt Động Hoàng Nguyệt Anh,2,6998,3,1,8,50000,2,1027,10,2,,,,,,,,,,,,
6665,s==25|500 KNB_Sự Kiện Hồn Tả Từ,2,6573,3,1,8,50000,2,1027,10,2,,,,,,,,,,,,
7400,s==33|Thiên Càn Thám Bảo 400 KNB Lễ Bao,2,1187,2,1,8,50000,2,1006,50,2,1001,50,,,,,,,,,,
7402,s==26|Gói Quà Toàn Dân Kinh Ngạc,2,1004,2,2,1003,10,2,1027,20,1,8,20000,,,,,,,,,,
7403,s==20|Gói Quà Tinh Tế VIP5,2,1004,4,2,1533,1,2,1027,40,1,8,40000,,,,,,,,,,
7404,s==21|Gói Quà Cao Cấp VIP10,2,1530,1,2,4040,1,2,1105,20,1,8,100000,,,,,,,,,,
7405,s==21|Gói Quà Hào Hoa VIP16,2,7406,1,2,1055,100,2,1105,50,1,8,500000,,,,,,,,,,
1687,s==29|Lễ Vật Huyền Vũ Cam Tuyệt Bản,1,9,3280,2,800213,2,2,800200,200,2,1290,300,,,,,,,,,,
1688,s==30|Lễ Vật Huyền Vũ Hồng Tuyệt Bản,1,9,6480,2,800214,1,2,800200,400,2,1290,600,,,,,,,,,,
7407,s==35|Gói Quà Mua Trực Tiếp Huyền Vũ Tuần,1,9,1980,2,800200,400,2,800200,400,2,1006,800,,,,,,,,,,
7510,s==16|Gói quà toàn dân,1,9,120,2,1003,1,2,50050,3,2,1006,80,,,,,,,,,,
7511,s==14|Gói quý phẩm 1,2,1400,1,1,9,240,2,1003,2,2,50050,5,2,1006,250,,,,,,,
7512,s==14|Gói quý phẩm 2,2,1400,3,1,9,600,2,1003,3,2,50050,10,2,1006,500,,,,,,,
7513,s==14|Gói quý phẩm 3,2,1400,6,1,9,1360,2,1003,6,2,50050,20,2,1006,1200,,,,,,,
8863,s==20|Lễ Bao Nạp Lần Đầu 6,2,1105,25,2,1006,1500,1,8,1000000,,,,,,,,,,,,,
8864,s==20|Lễ Bao Nạp Lần Đầu 7,2,1105,40,2,1006,2500,1,8,1500000,,,,,,,,,,,,,
8865,s==31|Lễ Bao Nạp Không Phải Lần Đầu 6,2,1105,10,2,1006,1500,2,1003,15,,,,,,,,,,,,,
8866,s==31|Lễ Bao Nạp Không Phải Lần Đầu 7,2,1105,20,2,1006,2500,2,1003,25,,,,,,,,,,,,,
1689,s==20|Gói Quà Hộ Phù Tử Vi,1,9,6480,2,1012,200,2,1006,6000,,,,,,,,,,,,,
1690,s==30|Gói Quà Mệnh Lệnh Thử Luyện Đế,1,9,6480,2,19641,1,2,1056,300,2,1006,6000,1,83,1,,,,,,,
7247,s==50|Gói Quà Mua Trực Tiếp Trang Phục Uyên Long Ma Quân,1,9,3280,2,13771,1,2,1527,1,2,1003,22,,,,,,,,,,
7248,s==50|Gói Quà Mua Trực Tiếp Trang Phục Uyên Long Ma Quân,1,9,3280,2,13772,1,2,1527,1,2,1003,22,,,,,,,,,,
8876,s==48|Lễ Bao Hoàn Trả Tích Lũy 10 000 KNB Trong Ngày 1,2,1004,6,2,1003,9,2,1001,1500,,,,,,,,,,,,,
8877,s==48|Lễ Bao Hoàn Trả Tích Lũy 10 000 KNB Trong Ngày 2,2,5095,2,2,1003,9,2,1001,1500,,,,,,,,,,,,,
8878,s==48|Lễ Bao Hoàn Trả Tích Lũy 10 000 KNB Trong Ngày 3,2,1105,11,2,1006,3000,1,8,4500000,,,,,,,,,,,,,
8879,s==48|Lễ Bao Hoàn Trả Tích Lũy 10 000 KNB Trong Ngày 4,2,1761,2,2,1036,15,2,1037,15,,,,,,,,,,,,,
8880,s==48|Lễ Bao Hoàn Trả Tích Lũy 30 000 KNB Trong Ngày 1,2,1475,2,2,1010,45,2,1009,30,,,,,,,,,,,,,
8881,s==48|Lễ Bao Hoàn Trả Tích Lũy 30 000 KNB Trong Ngày 2,2,5095,3,2,1003,45,2,1001,4500,,,,,,,,,,,,,
8882,s==48|Lễ Bao Hoàn Trả Tích Lũy 30 000 KNB Trong Ngày 3,2,1105,20,2,1006,4500,2,1020,30,,,,,,,,,,,,,
8883,s==48|Lễ Bao Hoàn Trả Tích Lũy 30 000 KNB Trong Ngày 4,2,1468,2,2,1029,45,2,1030,30,,,,,,,,,,,,,
8884,s==48|Lễ Bao Hoàn Trả Tích Lũy 50 000 KNB Trong Ngày 1,2,1004,30,2,1003,76,2,1001,7500,,,,,,,,,,,,,
8885,s==48|Lễ Bao Hoàn Trả Tích Lũy 50 000 KNB Trong Ngày 2,2,1530,2,2,1105,30,2,1006,7500,,,,,,,,,,,,,
8886,s==48|Lễ Bao Hoàn Trả Tích Lũy 50 000 KNB Trong Ngày 3,2,1468,3,2,1029,75,2,1030,38,,,,,,,,,,,,,
8887,s==48|Lễ Bao Hoàn Trả Tích Lũy 50 000 KNB Trong Ngày 4,2,1475,3,2,1010,75,2,1009,38,,,,,,,,,,,,,
8889,s==49|Lễ Bao Hoàn Trả Tích Lũy 100 000 KNB Trong Ngày 1,2,1530,3,2,1003,120,2,1004,15,,,,,,,,,,,,,
8890,s==49|Lễ Bao Hoàn Trả Tích Lũy 100 000 KNB Trong Ngày 2,2,1177,2,2,1105,60,2,1006,15000,,,,,,,,,,,,,
8891,s==49|Lễ Bao Hoàn Trả Tích Lũy 100 000 KNB Trong Ngày 3,2,1222,2,2,1029,120,2,1030,60,,,,,,,,,,,,,
8892,s==49|Lễ Bao Hoàn Trả Tích Lũy 100 000 KNB Trong Ngày 4,2,2088,2,2,1036,120,2,1037,60,,,,,,,,,,,,,
8893,s==49|Lễ Bao Hoàn Trả Tích Lũy 100 000 KNB Trong Ngày 5,2,1227,3,2,1230,150,2,1228,30,,,,,,,,,,,,,
8895,s==49|Lễ Bao Hoàn Trả Tích Lũy 200 000 KNB Trong Ngày 1,2,1530,6,2,1056,600,2,1004,38,,,,,,,,,,,,,
8896,s==49|Lễ Bao Hoàn Trả Tích Lũy 200 000 KNB Trong Ngày 2,2,1070,2,2,1509,6,2,1057,30,,,,,,,,,,,,,
8897,s==49|Lễ Bao Hoàn Trả Tích Lũy 200 000 KNB Trong Ngày 3,2,1211,2,2,1049,120,2,1051,45,,,,,,,,,,,,,
8898,s==49|Lễ Bao Hoàn Trả Tích Lũy 200 000 KNB Trong Ngày 4,2,2149,2,2,1029,180,2,1030,90,,,,,,,,,,,,,
8899,s==49|Lễ Bao Hoàn Trả Tích Lũy 200 000 KNB Trong Ngày 5,2,5137,2,2,1036,180,2,1037,90,,,,,,,,,,,,,
8872,s==47|Lễ Bao Hoàn Trả Tích Lũy 5 000 KNB Trong Ngày 1,2,1004,3,2,1003,5,1,8,1500000,,,,,,,,,,,,,
8873,s==47|Lễ Bao Hoàn Trả Tích Lũy 5 000 KNB Trong Ngày 2,2,3008,150,2,1001,750,1,8,1500000,,,,,,,,,,,,,
8874,s==47|Lễ Bao Hoàn Trả Tích Lũy 5 000 KNB Trong Ngày 3,2,2162,2,2,1006,1500,1,8,1500000,,,,,,,,,,,,,
8875,s==47|Lễ Bao Hoàn Trả Tích Lũy 5 000 KNB Trong Ngày 4,2,1760,3,2,1104,5,1,8,1500000,,,,,,,,,,,,,
8888,s==48|Lễ Bao Hoàn Trả Tích Lũy 50 000 KNB Trong Ngày 5,2,1761,3,2,1036,75,2,1037,38,,,,,,,,,,,,,
8894,s==49|Lễ Bao Hoàn Trả Tích Lũy 100 000 KNB Trong Ngày 6,2,71004,2,2,1105,30,2,1006,15000,,,,,,,,,,,,,
8900,s==49|Lễ Bao Hoàn Trả Tích Lũy 200 000 KNB Trong Ngày 6,2,5137,2,2,1105,90,2,1006,30000,,,,,,,,,,,,,
8013,s==26|0_ Sự Kiện Tào Tháo Văn Hí,1,9,10,2,6575,1,1,8,50000,2,1027,10,,,,,,,,,,
8014,s==32|500 KNB_ Sự Kiện Tào Tháo Văn Hí,2,6575,3,1,8,50000,2,1027,10,,,,,,,,,,,,,
8015,s==26|6_ Sự Kiện Tào Tháo Văn Hí,1,9,60,2,6575,2,1,8,50000,2,1027,10,,,,,,,,,,
8016,s==27|30_ Sự Kiện Tào Tháo Văn Hí,1,9,300,2,6575,3,2,1003,4,2,1027,50,,,,,,,,,,
8017,s==27|68_ Sự Kiện Tào Tháo Văn Hí,1,9,680,2,6575,6,2,1003,10,2,1027,100,,,,,,,,,,
8018,s==28|128_ Sự Kiện Tào Tháo Văn Hí,1,9,1280,2,6575,10,2,1004,4,2,1006,1000,,,,,,,,,,
8019,s==28|128_ Sự Kiện Tào Tháo Văn Hí,1,9,1280,2,6575,10,2,1105,10,2,1006,1000,,,,,,,,,,
8020,s==28|328_ Sự Kiện Tào Tháo Văn Hí,1,9,3280,2,6575,30,2,1004,13,2,1006,2000,,,,,,,,,,
8021,s==28|328_ Sự Kiện Tào Tháo Văn Hí,1,9,3280,2,6575,30,2,1516,5,2,1006,2000,,,,,,,,,,
8022,s==28|648_ Sự Kiện Tào Tháo Văn Hí,1,9,6480,2,6575,60,2,1004,22,2,1006,4000,,,,,,,,,,
8023,s==28|648_ Sự Kiện Tào Tháo Văn Hí,1,9,6480,2,6575,60,2,1527,3,2,1006,4000,,,,,,,,,,
8024,s==28|648_ Sự Kiện Tào Tháo Văn Hí,1,9,6480,2,6575,60,1,8,2000000,2,1006,4000,,,,,,,,,,
8025,s==28|0_ Sự Kiện Tào Tháo Văn Hí 2,1,9,10,2,6575,1,1,8,50000,2,1027,10,,,,,,,,,,
8026,s==34|500 KNB_ Sự Kiện Tào Tháo Văn Hí 2,2,6575,3,1,8,50000,2,1027,10,,,,,,,,,,,,,
8027,s==28|6_ Sự Kiện Tào Tháo Văn Hí 2,1,9,60,2,6575,2,1,8,50000,2,1027,10,,,,,,,,,,
8028,s==29|30_ Sự Kiện Tào Tháo Văn Hí 2,1,9,300,2,6575,3,2,1003,4,2,1027,50,,,,,,,,,,
8029,s==29|68_ Sự Kiện Tào Tháo Văn Hí 2,1,9,680,2,6575,6,2,1003,10,2,1027,100,,,,,,,,,,
8030,s==30|128_ Sự Kiện Tào Tháo Văn Hí 2,1,9,1280,2,6575,10,2,1004,4,2,1006,1000,,,,,,,,,,
8031,s==30|128_ Sự Kiện Tào Tháo Văn Hí 2,1,9,1280,2,6575,10,2,1105,10,2,1006,1000,,,,,,,,,,
8032,s==30|328_ Sự Kiện Tào Tháo Văn Hí 2,1,9,3280,2,6575,30,2,1004,13,2,1006,2000,,,,,,,,,,
8033,s==30|328_ Sự Kiện Tào Tháo Văn Hí 2,1,9,3280,2,6575,30,2,1516,5,2,1006,2000,,,,,,,,,,
8034,s==30|648_ Sự Kiện Tào Tháo Văn Hí 2,1,9,6480,2,6575,60,2,1527,5,2,1006,4000,,,,,,,,,,
8035,s==30|648_ Sự Kiện Tào Tháo Văn Hí 2,1,9,6480,2,6575,60,2,1056,280,2,1006,4000,,,,,,,,,,
8036,s==30|648_ Sự Kiện Tào Tháo Văn Hí 2,1,9,6480,2,6575,60,1,8,2000000,2,1006,4000,,,,,,,,,,
4890,s==45|68_ Gói Quà Riêng Tuyệt Bản Tào Tháo Văn Hí 1,1,9,680,2,1527,1,2,1516,1,2,8226,10,,,,,,,,,,
4891,s==46|198_ Gói Quà Riêng Tuyệt Bản Tào Tháo Văn Hí 2,1,9,1980,2,1176,1,2,1105,20,2,8226,20,,,,,,,,,,
4892,s==46|198_ Gói Quà Riêng Tuyệt Bản Tào Tháo Văn Hí 3,1,9,1980,2,21516,50,2,1003,30,2,8226,30,,,,,,,,,,
6567,s==46|30_ Gói Quà Riêng Phát Triển Tào Tháo Văn Hí 1,1,9,300,2,1004,1,2,1003,10,2,8226,10,,,,,,,,,,
6568,s==46|68_ Gói Quà Riêng Phát Triển Tào Tháo Văn Hí 1,1,9,680,2,1004,1,2,1534,1,2,8226,10,,,,,,,,,,
6569,s==47|198_ Gói Quà Riêng Phát Triển Tào Tháo Văn Hí 1,1,9,1980,2,1468,1,2,1534,2,2,8226,20,,,,,,,,,,
6577,s==47|198_ Gói Quà Riêng Phát Triển Tào Tháo Văn Hí 2,1,9,1980,2,100116,1,2,1534,2,2,8226,20,,,,,,,,,,
6578,s==47|328_ Gói Quà Riêng Phát Triển Tào Tháo Văn Hí 1,1,9,3280,2,21516,50,2,1761,1,2,8226,40,,,,,,,,,,
6579,s==47|328_ Gói Quà Riêng Phát Triển Tào Tháo Văn Hí 2,1,9,3280,2,100117,1,2,1475,1,2,8226,40,,,,,,,,,,
6624,s==47|648_ Gói Quà Riêng Phát Triển Tào Tháo Văn Hí 1,1,9,6480,2,14812,1,2,1475,2,2,8226,60,,,,,,,,,,
6625,s==28|6_Hoàng Nguyệt Anh Hoạt Động,1,9,60,2,6998,2,1,8,50000,2,1027,10,,,,,,,,,,
6626,s==18|6_Lưu Bị Hoạt Động,1,9,60,2,6864,2,1,8,50000,2,1027,10,,,,,,,,,,
6627,s==25|6_Ngụy Tào Tháo Hoạt Động,1,9,60,2,6868,2,1,8,50000,2,1027,10,,,,,,,,,,
6628,s==22|6_Ma Hạng Vũ Hoạt Động,1,9,60,2,6971,2,1,8,50000,2,1027,10,,,,,,,,,,
6629,s==25|6_Thần Lưu Bang Hoạt Động,1,9,60,2,6984,2,1,8,50000,2,1027,10,,,,,,,,,,
4893,s==16|198_Thẻ Trọn Đời,2,30060,1,2,1004,5,1,9,1980,,,,,,,,,,,,,
6733,s==42|Tích Nạp Trong Ngày 5000 Hoàn Lợi Bao Lì 6,2,6496,1,2,1057,10,2,1006,5000,,,,,,,,,,,,,
6734,s==43|Tích Nạp Trong Ngày 1 Vạn Hoàn Lợi Bao Lì 7,2,6496,2,2,1057,20,2,1006,10000,,,,,,,,,,,,,
6735,s==43|Tích Nạp Trong Ngày 2 Vạn Hoàn Lợi Bao Lì 7,2,6496,4,2,1057,60,2,1006,20000,,,,,,,,,,,,,
7409,s==31|Gói Quà Ẩn Danh Danh Tướng Tuần,1,9,980,1,82,1,2,7412,1,2,1004,3,2,1006,1000,2,7408,1000,,,,
8037,s==24|0_ Sự Kiện Hồn Triệu Vân,1,9,10,2,6554,1,1,8,50000,2,1027,10,,,,,,,,,,
8038,s==30|500 KNB_ Sự Kiện Hồn Triệu Vân,2,6554,3,1,8,50000,2,1027,10,,,,,,,,,,,,,
8039,s==24|6_ Sự Kiện Hồn Triệu Vân,1,9,60,2,6554,2,1,8,50000,2,1027,10,,,,,,,,,,
8040,s==25|30_ Sự Kiện Hồn Triệu Vân,1,9,300,2,6554,3,2,1003,4,2,1027,50,,,,,,,,,,
8041,s==25|68_ Sự Kiện Hồn Triệu Vân,1,9,680,2,6554,6,2,1003,10,2,1027,100,,,,,,,,,,
8042,s==26|128_ Sự Kiện Hồn Triệu Vân,1,9,1280,2,6554,10,2,1004,4,2,1006,1000,,,,,,,,,,
8043,s==26|128_ Sự Kiện Hồn Triệu Vân,1,9,1280,2,6554,10,2,1105,10,2,1006,1000,,,,,,,,,,
8044,s==26|328_ Sự Kiện Hồn Triệu Vân,1,9,3280,2,6554,30,2,1004,13,2,1006,2000,,,,,,,,,,
8045,s==26|328_ Sự Kiện Hồn Triệu Vân,1,9,3280,2,6554,30,2,1516,5,2,1006,2000,,,,,,,,,,
8046,s==26|648_ Sự Kiện Hồn Triệu Vân,1,9,6480,2,6554,60,2,1527,5,2,1006,4000,,,,,,,,,,
8047,s==26|648_ Sự Kiện Hồn Triệu Vân,1,9,6480,2,6554,60,2,1056,280,2,1006,4000,,,,,,,,,,
8048,s==26|648_ Sự Kiện Hồn Triệu Vân,1,9,6480,2,6554,60,1,8,2000000,2,1006,4000,,,,,,,,,,
8049,s==26|0_ Sự Kiện Hồn Triệu Vân 2,1,9,10,2,6554,1,1,8,50000,2,1027,10,,,,,,,,,,
8050,s==32|500 KNB_ Sự Kiện Hồn Triệu Vân 2,2,6554,3,1,8,50000,2,1027,10,,,,,,,,,,,,,
8051,s==26|6_ Sự Kiện Hồn Triệu Vân 2,1,9,60,2,6554,2,1,8,50000,2,1027,10,,,,,,,,,,
8052,s==27|30_ Sự Kiện Hồn Triệu Vân 2,1,9,300,2,6554,3,2,1003,4,2,1027,50,,,,,,,,,,
8053,s==27|68_ Sự Kiện Hồn Triệu Vân 2,1,9,680,2,6554,6,2,1003,10,2,1027,100,,,,,,,,,,
8054,s==28|128_ Sự Kiện Hồn Triệu Vân 2,1,9,1280,2,6554,10,2,1004,4,2,1006,1000,,,,,,,,,,
8055,s==28|128_ Sự Kiện Hồn Triệu Vân 2,1,9,1280,2,6554,10,2,1105,10,2,1006,1000,,,,,,,,,,
8056,s==28|328_ Sự Kiện Hồn Triệu Vân 2,1,9,3280,2,6554,30,2,1004,13,2,1006,2000,,,,,,,,,,
8057,s==28|328_ Sự Kiện Hồn Triệu Vân 2,1,9,3280,2,6554,30,2,1516,5,2,1006,2000,,,,,,,,,,
8058,s==28|648_ Sự Kiện Hồn Triệu Vân 2,1,9,6480,2,6554,60,2,1527,5,2,1006,4000,,,,,,,,,,
8059,s==28|648_ Sự Kiện Hồn Triệu Vân 2,1,9,6480,2,6554,60,2,1056,280,2,1006,4000,,,,,,,,,,
8060,s==28|648_ Sự Kiện Hồn Triệu Vân 2,1,9,6480,2,6554,60,1,8,2000000,2,1006,4000,,,,,,,,,,
7249,s==50|Vương Hài Ma Quân trang phục trực tiếp mua gói quà,1,9,3280,2,13778,1,2,1527,1,2,1003,22,,,,,,,,,,
4894,s==43|68_ Gói Quà Riêng Tuyệt Bản Hồn Triệu Vân 1,1,9,680,2,1527,1,2,1516,1,2,8226,10,,,,,,,,,,
4895,s==49|198_Hồn · Triệu Vân tuyệt bản đặc quyền gói quà 2,1,9,1980,2,1176,1,2,1105,20,2,8226,20,,,,,,,,,,
4896,s==49|328_Hồn · Triệu Vân tuyệt bản đặc quyền gói quà 3,1,9,3280,2,26502,50,2,1003,30,2,8226,30,,,,,,,,,,
8061,s==51|30_Hồn · Triệu Vân trưởng thành đặc quyền gói quà 1,1,9,300,2,1004,1,2,1003,10,2,8226,10,,,,,,,,,,
8062,s==51|68_Hồn · Triệu Vân trưởng thành đặc quyền gói quà 1,1,9,680,2,1004,1,2,1533,1,2,8226,10,,,,,,,,,,
8063,s==52|198_Hồn · Triệu Vân trưởng thành đặc quyền gói quà 1,1,9,1980,2,1468,1,2,1533,2,2,8226,20,,,,,,,,,,
8064,s==52|328_Hồn · Triệu Vân trưởng thành đặc quyền gói quà 2,1,9,3280,2,100126,1,2,1533,4,2,8226,40,,,,,,,,,,
8065,s==52|328_Hồn · Triệu Vân trưởng thành đặc quyền gói quà 1,1,9,3280,2,26502,50,2,1761,1,2,8226,40,,,,,,,,,,
8066,s==52|328_Hồn · Triệu Vân trưởng thành đặc quyền gói quà 2,1,9,3280,2,100127,1,2,1475,1,2,8226,40,,,,,,,,,,
8067,s==52|648_Hồn · Triệu Vân trưởng thành đặc quyền gói quà 1,1,9,6480,2,14813,1,2,1475,2,2,8226,60,,,,,,,,,,
8070,s==34|328-Hư Không · Trương Giác gói quà,2,24519,50,1,9,3280,2,1527,1,2,1003,22,,,,,,,,,,
8071,s==28|328-Hư Không · Lữ Bố gói quà,2,25519,50,1,9,3280,2,1527,1,2,1003,22,,,,,,,,,,
7250,s==19|Cửu Châu Chiến Lệnh,1,9,3280,2,1003,10,2,1036,20,2,1006,3280,1,84,1,2,6556,1000,,,,
8072,s==25|Chư hầu đặc quyền gói quà,1,86,1,1,9,300,2,10017,100,2,1001,300,,,,,,,,,,
8073,s==35|200 KNB_Chư hầu hằng ngày gói quà 1,2,10017,35,,,,,,1,,,,,,,,,,,,,
8074,s==29|6_Chư hầu hằng ngày gói quà 1,1,9,60,2,10017,80,2,1003,3,,,,,,,,,,,,,
8075,s==30|12_Chư hầu hằng ngày gói quà 1,1,9,120,2,10017,120,2,1003,5,,,,,,,,,,,,,
8076,s==30|30_Chư hầu hằng ngày gói quà 1,1,9,300,2,10017,240,2,1003,10,,,,,,,,,,,,,
8077,s==30|68_Chư hầu hằng ngày gói quà 1,1,9,680,2,10017,280,2,1003,15,,,,,,,,,,,,,
8078,s==29|1_Chư hầu hằng ngày gói quà 2,1,9,10,2,10017,10,2,1003,1,,,,,,,,,,,,,
8079,s==29|6_Chư hầu hằng ngày gói quà 2,1,9,60,2,10017,80,2,1003,3,,,,,,,,,,,,,
8080,s==30|12_Chư hầu hằng ngày gói quà 2,1,9,120,2,10017,120,2,1003,5,,,,,,,,,,,,,
8083,s==48|68_Hồn · Tiểu Kiều tuyệt bản đặc quyền gói quà 1,1,9,680,2,1527,1,2,1516,1,2,8226,10,,,,,,,,,,
8084,s==49|198_Hồn · Tiểu Kiều tuyệt bản đặc quyền gói quà 2,1,9,1980,2,1176,1,2,1105,20,2,8226,20,,,,,,,,,,
8085,s==46|328_Hồn Tiểu Kiều Tuyệt Bản Độc Quyền Bao Lì 3,1,9,3280,2,26503,50,2,1003,30,2,8226,30,,,,,,,,,,
8086,s==51|30_Hồn · Tiểu Kiều trưởng thành đặc quyền gói quà 1,1,9,300,2,1004,1,2,1003,10,2,8226,10,,,,,,,,,,
8087,s==51|68_Hồn · Tiểu Kiều trưởng thành đặc quyền gói quà 1,1,9,680,2,1004,1,2,1533,1,2,8226,10,,,,,,,,,,
8088,s==52|198_Hồn · Tiểu Kiều trưởng thành đặc quyền gói quà 1,1,9,1980,2,1468,1,2,1533,2,2,8226,20,,,,,,,,,,
8089,s==52|328_Hồn · Tiểu Kiều trưởng thành đặc quyền gói quà 2,1,9,3280,2,100134,1,2,1533,4,2,8226,40,,,,,,,,,,
8090,s==52|328_Hồn · Tiểu Kiều trưởng thành đặc quyền gói quà 1,1,9,3280,2,26503,50,2,1761,1,2,8226,40,,,,,,,,,,
8091,s==52|328_Hồn · Tiểu Kiều trưởng thành đặc quyền gói quà 2,1,9,3280,2,100135,1,2,1475,1,2,8226,40,,,,,,,,,,
8092,s==52|648_Hồn · Tiểu Kiều trưởng thành đặc quyền gói quà 1,1,9,6480,2,14814,1,2,1475,2,2,8226,60,,,,,,,,,,
8093,s==27|0_Hồn · Tiểu Kiều hoạt động,1,9,10,2,8081,1,1,8,50000,2,1027,10,,,,,,,,,,
8094,s==33|500 KNB_Hồn · Tiểu Kiều hoạt động,2,8081,3,1,8,50000,2,1027,10,,,,,,,,,,,,,
8095,s==27|6_Hồn · Tiểu Kiều hoạt động,1,9,60,2,8081,2,1,8,50000,2,1027,10,,,,,,,,,,
8096,s==28|30_Hồn · Tiểu Kiều hoạt động,1,9,300,2,8081,3,2,1003,4,2,1027,50,,,,,,,,,,
8097,s==28|68_Hồn · Tiểu Kiều hoạt động,1,9,680,2,8081,6,2,1003,10,2,1027,100,,,,,,,,,,
8098,s==29|128_Hồn · Tiểu Kiều hoạt động,1,9,1280,2,8081,10,2,1004,4,2,1006,1000,,,,,,,,,,
8099,s==29|128_Hồn · Tiểu Kiều hoạt động,1,9,1280,2,8081,10,2,1105,10,2,1006,1000,,,,,,,,,,
8100,s==29|328_Hồn · Tiểu Kiều hoạt động,1,9,3280,2,8081,30,2,1004,13,2,1006,2000,,,,,,,,,,
8101,s==29|328_Hồn · Tiểu Kiều hoạt động,1,9,3280,2,8081,30,2,1516,5,2,1006,2000,,,,,,,,,,
8102,s==29|648_Hồn · Tiểu Kiều hoạt động,1,9,6480,2,8081,60,2,1527,5,2,1006,4000,,,,,,,,,,
8103,s==29|648_Hồn · Tiểu Kiều hoạt động,1,9,6480,2,8081,60,2,1056,280,2,1006,4000,,,,,,,,,,
8104,s==29|648_Hồn · Tiểu Kiều hoạt động,1,9,6480,2,8081,60,1,8,2000000,2,1006,4000,,,,,,,,,,
8105,s==29|0_Hồn · Tiểu Kiều hoạt động 2,1,9,10,2,8081,1,1,8,50000,2,1027,10,,,,,,,,,,
8106,s==35|500 KNB_Hồn · Tiểu Kiều hoạt động 2,2,8081,3,1,8,50000,2,1027,10,,,,,,,,,,,,,
8107,s==29|6_Hồn · Tiểu Kiều hoạt động 2,1,9,60,2,8081,2,1,8,50000,2,1027,10,,,,,,,,,,
8108,s==30|30_Hồn · Tiểu Kiều hoạt động 2,1,9,300,2,8081,3,2,1003,4,2,1027,50,,,,,,,,,,
8109,s==30|68_Hồn · Tiểu Kiều hoạt động 2,1,9,680,2,8081,6,2,1003,10,2,1027,100,,,,,,,,,,
8110,s==31|128_Hồn · Tiểu Kiều hoạt động 2,1,9,1280,2,8081,10,2,1004,4,2,1006,1000,,,,,,,,,,
8111,s==31|128_Hồn · Tiểu Kiều hoạt động 2,1,9,1280,2,8081,10,2,1105,10,2,1006,1000,,,,,,,,,,
8112,s==31|328_Hồn · Tiểu Kiều hoạt động 2,1,9,3280,2,8081,30,2,1004,13,2,1006,2000,,,,,,,,,,
8113,s==31|328_Hồn · Tiểu Kiều hoạt động 2,1,9,3280,2,8081,30,2,1516,5,2,1006,2000,,,,,,,,,,
8114,s==31|648_Hồn · Tiểu Kiều hoạt động 2,1,9,6480,2,8081,60,2,1527,5,2,1006,4000,,,,,,,,,,
8115,s==31|648_Hồn · Tiểu Kiều hoạt động 2,1,9,6480,2,8081,60,2,1056,280,2,1006,4000,,,,,,,,,,
8116,s==31|648_Hồn · Tiểu Kiều hoạt động 2,1,9,6480,2,8081,60,1,8,2000000,2,1006,4000,,,,,,,,,,
4497,s==26|198_Long Mạch Mật Tàng 2_5,1,9,1980,2,1292,4,2,50050,350,2,1290,1000,,,,,,,,,,
4498,s==26|198_Long Mạch Mật Tàng 3_5,1,9,1980,2,8832,1,2,50050,350,2,1290,350,,,,,,,,,,
4499,s==26|648_Long Mạch Mật Tàng 4_2,1,9,6480,2,1291,1,2,50050,350,2,1290,500,,,,,,,,,,
8119,s==32|0_Đông Nhật Noãn Dương hoạt động,1,9,10,2,2754,1,1,8,50000,2,2752,5,,,,,,,,,,
8120,s==35|500 KNB - Hoạt Động Đông Nhật Ấm Áp,2,2754,3,1,8,10000,1,8,10000,2,1006,100,,,,,,,,,,
8121,s==32|6_Đông Nhật Noãn Dương hoạt động,1,9,60,2,2754,1,2,1003,2,2,2752,5,,,,,,,,,,
8122,s==33|30_Đông Nhật Noãn Dương hoạt động,1,9,300,2,2754,3,2,1003,4,2,2752,15,,,,,,,,,,
8123,s==33|68_Đông Nhật Noãn Dương hoạt động,1,9,680,2,2754,6,2,1003,10,2,2752,30,,,,,,,,,,
8124,s==34|128_Đông Nhật Noãn Dương hoạt động,1,9,1280,2,2754,10,2,1004,4,2,2752,50,,,,,,,,,,
8125,s==34|128_Đông Nhật Noãn Dương hoạt động,1,9,1280,2,2754,10,2,1105,10,2,2752,50,,,,,,,,,,
8126,s==34|328_Đông Nhật Noãn Dương hoạt động,1,9,3280,2,2754,30,2,1004,13,2,2752,80,,,,,,,,,,
8127,s==34|328_Đông Nhật Noãn Dương hoạt động,1,9,3280,2,2754,30,2,1516,5,2,2752,80,,,,,,,,,,
8128,s==34|648_Đông Nhật Noãn Dương hoạt động,1,9,6480,2,2754,60,2,1004,22,2,1006,4000,,,,,,,,,,
8129,s==34|648_Đông Nhật Noãn Dương hoạt động,1,9,6480,2,2754,60,2,1527,3,2,1006,4000,,,,,,,,,,
8130,s==34|648_Đông Nhật Noãn Dương hoạt động,1,9,6480,2,2754,60,1,8,2000000,2,1006,4000,,,,,,,,,,
8131,s==34|0_Đông Nhật Noãn Dương hoạt động 2,1,9,10,2,2754,1,1,8,50000,2,2752,5,,,,,,,,,,
8132,s==37|500 KNB - Hoạt Động Đông Nhật Ấm Áp 2,2,2754,3,1,8,10000,1,8,10000,2,1006,100,,,,,,,,,,
8133,s==34|6_Đông Nhật Noãn Dương hoạt động 2,1,9,60,2,2754,1,2,1003,2,2,2752,5,,,,,,,,,,
8134,s==35|30_Đông Nhật Noãn Dương hoạt động 2,1,9,300,2,2754,3,2,1003,4,2,2752,15,,,,,,,,,,
8135,s==35|68_Đông Nhật Noãn Dương hoạt động 2,1,9,680,2,2754,6,2,1003,10,2,2752,30,,,,,,,,,,
8136,s==36|128_Đông Nhật Noãn Dương hoạt động 2,1,9,1280,2,2754,10,2,1004,4,2,2752,50,,,,,,,,,,
8137,s==36|128_Đông Nhật Noãn Dương hoạt động 2,1,9,1280,2,2754,10,2,1105,10,2,2752,50,,,,,,,,,,
8138,s==36|328_Đông Nhật Noãn Dương hoạt động 2,1,9,3280,2,2754,30,2,1004,13,2,2752,80,,,,,,,,,,
8139,s==36|328_Đông Nhật Noãn Dương hoạt động 2,1,9,3280,2,2754,30,2,1516,5,2,2752,80,,,,,,,,,,
8140,s==36|648_Đông Nhật Noãn Dương hoạt động 2,1,9,6480,2,2754,60,2,1527,5,2,1006,4000,,,,,,,,,,
8141,s==36|648_Đông Nhật Noãn Dương hoạt động 2,1,9,6480,2,2754,60,2,1056,280,2,1006,4000,,,,,,,,,,
8142,s==36|648_Đông Nhật Noãn Dương hoạt động 2,1,9,6480,2,2754,60,1,8,2000000,2,1006,4000,,,,,,,,,,
8143,s==25|Lễ Bao Bất Ngờ Dịp Lễ Hội,2,1003,10,2,1014,2,2,2754,3,,,,,,,,,,,,,
8144,s==26|Lễ Bao Quý Hiếm Dịp Lễ Hội,2,1004,3,2,1014,2,2,2754,6,2,1079,1,,,,,,,,,,
8147,s==57|68_Quà Tặng Đặc Biệt Hồn Trương Liêu Phiên Bản Giới Hạn 1,1,9,680,2,1527,1,2,1516,1,2,8226,10,,,,,,,,,,
8148,s==58|198_Quà Tặng Đặc Biệt Hồn Trương Liêu Phiên Bản Giới Hạn 2,1,9,1980,2,1176,1,2,1105,20,2,8226,20,,,,,,,,,,
8149,s==49|328_Hồn Trương Liêu Tuyệt Bản Độc Quyền Gói Quà 3,1,9,3280,2,26504,50,2,1003,30,2,8226,30,,,,,,,,,,
8150,s==40|30_Quà Tặng Phát Triển Hồn Trương Liêu 1,1,9,300,2,1004,1,2,1003,10,2,8226,10,,,,,,,,,,
8151,s==40|68_Quà Tặng Phát Triển Hồn Trương Liêu 1,1,9,680,2,1004,1,2,1533,1,2,8226,10,,,,,,,,,,
8152,s==41|198_Quà Tặng Phát Triển Hồn Trương Liêu 1,1,9,1980,2,1468,1,2,1533,2,2,8226,20,,,,,,,,,,
8153,s==41|328_Quà Tặng Phát Triển Hồn Trương Liêu 2,1,9,3280,2,100144,1,2,1533,4,2,8226,40,,,,,,,,,,
8154,s==41|328_Quà Tặng Phát Triển Hồn Trương Liêu 1,1,9,3280,2,26504,50,2,1761,1,2,8226,40,,,,,,,,,,
8155,s==41|328_Quà Tặng Phát Triển Hồn Trương Liêu 2,1,9,3280,2,100145,1,2,1475,1,2,8226,40,,,,,,,,,,
8156,s==41|648_Quà Tặng Phát Triển Hồn Trương Liêu 1,1,9,6480,2,14815,1,2,1475,2,2,8226,60,,,,,,,,,,
8157,s==25|0_Sự Kiện Hồn Trương Liêu,1,9,10,2,8145,1,1,8,50000,2,1027,10,,,,,,,,,,
8158,s==31|500 KNB_Sự Kiện Hồn Trương Liêu,2,8145,3,1,8,50000,2,1027,10,,,,,,,,,,,,,
8159,s==25|6_Sự Kiện Hồn Trương Liêu,1,9,60,2,8145,2,1,8,50000,2,1027,10,,,,,,,,,,
8160,s==26|30_Sự Kiện Hồn Trương Liêu,1,9,300,2,8145,3,2,1003,4,2,1027,50,,,,,,,,,,
8161,s==26|68_Sự Kiện Hồn Trương Liêu,1,9,680,2,8145,6,2,1003,10,2,1027,100,,,,,,,,,,
8162,s==27|128_Sự Kiện Hồn Trương Liêu,1,9,1280,2,8145,10,2,1004,4,2,1006,1000,,,,,,,,,,
8163,s==27|128_Sự Kiện Hồn Trương Liêu,1,9,1280,2,8145,10,2,1105,10,2,1006,1000,,,,,,,,,,
8164,s==27|328_Sự Kiện Hồn Trương Liêu,1,9,3280,2,8145,30,2,1004,13,2,1006,2000,,,,,,,,,,
8165,s==27|328_Sự Kiện Hồn Trương Liêu,1,9,3280,2,8145,30,2,1516,5,2,1006,2000,,,,,,,,,,
8166,s==27|648_Sự Kiện Hồn Trương Liêu,1,9,6480,2,8145,60,2,1527,5,2,1006,4000,,,,,,,,,,
8167,s==27|648_Sự Kiện Hồn Trương Liêu,1,9,6480,2,8145,60,2,1056,280,2,1006,4000,,,,,,,,,,
8168,s==27|648_Sự Kiện Hồn Trương Liêu,1,9,6480,2,8145,60,1,8,2000000,2,1006,4000,,,,,,,,,,
8169,s==27|0_Sự Kiện Hồn Trương Liêu 2,1,9,10,2,8145,1,1,8,50000,2,1027,10,,,,,,,,,,
8170,s==33|500 KNB_Sự Kiện Hồn Trương Liêu 2,2,8145,3,1,8,50000,2,1027,10,,,,,,,,,,,,,
8171,s==27|6_Sự Kiện Hồn Trương Liêu 2,1,9,60,2,8145,2,1,8,50000,2,1027,10,,,,,,,,,,
8172,s==28|30_Sự Kiện Hồn Trương Liêu 2,1,9,300,2,8145,3,2,1003,4,2,1027,50,,,,,,,,,,
8173,s==28|68_Sự Kiện Hồn Trương Liêu 2,1,9,680,2,8145,6,2,1003,10,2,1027,100,,,,,,,,,,
8174,s==29|128_Sự Kiện Hồn Trương Liêu 2,1,9,1280,2,8145,10,2,1004,4,2,1006,1000,,,,,,,,,,
8175,s==29|128_Sự Kiện Hồn Trương Liêu 2,1,9,1280,2,8145,10,2,1105,10,2,1006,1000,,,,,,,,,,
8176,s==29|328_Sự Kiện Hồn Trương Liêu 2,1,9,3280,2,8145,30,2,1004,13,2,1006,2000,,,,,,,,,,
8177,s==29|328_Sự Kiện Hồn Trương Liêu 2,1,9,3280,2,8145,30,2,1516,5,2,1006,2000,,,,,,,,,,
8178,s==29|648_Sự Kiện Hồn Trương Liêu 2,1,9,6480,2,8145,60,2,1527,5,2,1006,4000,,,,,,,,,,
8179,s==29|648_Sự Kiện Hồn Trương Liêu 2,1,9,6480,2,8145,60,2,1056,280,2,1006,4000,,,,,,,,,,
8180,s==29|648_Sự Kiện Hồn Trương Liêu 2,1,9,6480,2,8145,60,1,8,2000000,2,1006,4000,,,,,,,,,,
8181,s==41|500 KNB_Sự Kiện Cá Chép Nhảy Vọt Tân Niên,2,6980,3,1,8,10000,1,8,10000,2,1006,100,,,,,,,,,,
8182,s==35|6_Sự Kiện Cá Chép Nhảy Vọt Tân Niên,1,9,60,2,6980,1,2,1003,2,2,2755,5,,,,,,,,,,
8183,s==41|500 KNB_Sự Kiện Cá Chép Nhảy Vọt Tân Niên,2,6980,3,1,8,10000,1,8,10000,2,1006,100,,,,,,,,,,
8184,s==35|6_Sự Kiện Cá Chép Nhảy Vọt Tân Niên,1,9,60,2,6980,1,2,1003,2,2,2755,5,,,,,,,,,,
8185,s==41|500 KNB_Sự Kiện Cá Chép Nhảy Vọt Tân Niên,2,6980,3,1,8,10000,1,8,10000,2,1006,100,,,,,,,,,,
8186,s==35|6_Sự Kiện Cá Chép Nhảy Vọt Tân Niên,1,9,60,2,6980,1,2,1003,2,2,2755,5,,,,,,,,,,
8187,s==41|500 KNB_Sự Kiện Cá Chép Nhảy Vọt Tân Niên,2,6980,3,1,8,10000,1,8,10000,2,1006,100,,,,,,,,,,
8188,s==35|6_Sự Kiện Cá Chép Nhảy Vọt Tân Niên,1,9,60,2,6980,1,2,1003,2,2,2755,5,,,,,,,,,,
8189,s==25|98-Gian Hàng Giới Hạn-120,1,9,980,2,1527,4,2,1468,1,2,6993,2,,,,,,,,,,
8230,s==45|68_ Hồn Chu Du Tuyệt Bản Chuyên Thừa Lễ Bao 1,1,9,680,2,1527,1,2,1516,1,2,8226,10,,,,,,,,,,
8231,s==46|198_ Hồn Chu Du Tuyệt Bản Chuyên Thừa Lễ Bao 2,1,9,1980,2,1176,1,2,1105,20,2,8226,20,,,,,,,,,,
8232,s==44|328_Hồn Chu Du Tuyệt Bản Độc Quyền Gói Quà 3,1,9,3280,2,26505,50,2,1003,30,2,8226,30,,,,,,,,,,
8233,s==48|30_ Hồn Chu Du Trưởng Thành Chuyên Thừa Lễ Bao 1,1,9,300,2,1004,1,2,1003,10,2,8226,10,,,,,,,,,,
8234,s==48|68_ Hồn Chu Du Trưởng Thành Chuyên Thừa Lễ Bao 1,1,9,680,2,1004,1,2,1533,1,2,8226,10,,,,,,,,,,
8235,s==49|198_ Hồn Chu Du Trưởng Thành Chuyên Thừa Lễ Bao 1,1,9,1980,2,1468,1,2,1533,2,2,8226,20,,,,,,,,,,
8236,s==49|328_ Hồn Chu Du Trưởng Thành Chuyên Thừa Lễ Bao 2,1,9,3280,2,100154,1,2,1533,4,2,8226,40,,,,,,,,,,
8237,s==49|328_ Hồn Chu Du Trưởng Thành Chuyên Thừa Lễ Bao 1,1,9,3280,2,26505,50,2,1761,1,2,8226,40,,,,,,,,,,
8238,s==49|328_ Hồn Chu Du Trưởng Thành Chuyên Thừa Lễ Bao 2,1,9,3280,2,100155,1,2,1475,1,2,8226,40,,,,,,,,,,
8239,s==49|648_ Hồn Chu Du Trưởng Thành Chuyên Thừa Lễ Bao 1,1,9,6480,2,14816,1,2,1475,2,2,8226,60,,,,,,,,,,
8240,s==20|0_Sự Kiện Hồn Chu Du,1,9,10,2,8190,1,1,8,50000,2,1027,10,,,,,,,,,,
8241,s==26|500 KNB_Sự Kiện Hồn Chu Du,2,8190,3,1,8,50000,2,1027,10,,,,,,,,,,,,,
8242,s==20|6_Sự Kiện Hồn Chu Du,1,9,60,2,8190,2,1,8,50000,2,1027,10,,,,,,,,,,
8243,s==21|30_Sự Kiện Hồn Chu Du,1,9,300,2,8190,3,2,1003,4,2,1027,50,,,,,,,,,,
8244,s==21|68_Sự Kiện Hồn Chu Du,1,9,680,2,8190,6,2,1003,10,2,1027,100,,,,,,,,,,
8245,s==22|128_Sự Kiện Hồn Chu Du,1,9,1280,2,8190,10,2,1004,4,2,1006,1000,,,,,,,,,,
8246,s==22|128_Sự Kiện Hồn Chu Du,1,9,1280,2,8190,10,2,1105,10,2,1006,1000,,,,,,,,,,
8247,s==22|328_Sự Kiện Hồn Chu Du,1,9,3280,2,8190,30,2,1004,13,2,1006,2000,,,,,,,,,,
8248,s==22|328_Sự Kiện Hồn Chu Du,1,9,3280,2,8190,30,2,1516,5,2,1006,2000,,,,,,,,,,
8249,s==22|648_Sự Kiện Hồn Chu Du,1,9,6480,2,8190,60,2,1527,5,2,1006,4000,,,,,,,,,,
8250,s==22|648_Sự Kiện Hồn Chu Du,1,9,6480,2,8190,60,2,1056,280,2,1006,4000,,,,,,,,,,
8251,s==22|648_Sự Kiện Hồn Chu Du,1,9,6480,2,8190,60,1,8,2000000,2,1006,4000,,,,,,,,,,
8252,s==22|0_Sự Kiện Hồn Chu Du 2,1,9,10,2,8190,1,1,8,50000,2,1027,10,,,,,,,,,,
8253,s==31|500 KNB_ Hồn Chu Du Hoạt Động 2,2,8190,3,1,8,50000,2,1027,10,,,,,,,,,,,,,
8254,s==25|6_ Hồn Chu Du Hoạt Động 2,1,9,60,2,8190,2,1,8,50000,2,1027,10,,,,,,,,,,
8255,s==26|30_ Hồn Chu Du Hoạt Động 2,1,9,300,2,8190,3,2,1003,4,2,1027,50,,,,,,,,,,
8256,s==26|68_ Hồn Chu Du Hoạt Động 2,1,9,680,2,8190,6,2,1003,10,2,1027,100,,,,,,,,,,
8257,s==27|128_ Hồn Chu Du Hoạt Động 2,1,9,1280,2,8190,10,2,1004,4,2,1006,1000,,,,,,,,,,
8258,s==27|128_ Hồn Chu Du Hoạt Động 2,1,9,1280,2,8190,10,2,1105,10,2,1006,1000,,,,,,,,,,
8259,s==27|328_ Hồn Chu Du Hoạt Động 2,1,9,3280,2,8190,30,2,1004,13,2,1006,2000,,,,,,,,,,
8260,s==27|328_ Hồn Chu Du Hoạt Động 2,1,9,3280,2,8190,30,2,1516,5,2,1006,2000,,,,,,,,,,
8261,s==27|648_ Hồn Chu Du Hoạt Động 2,1,9,6480,2,8190,60,2,1527,5,2,1006,4000,,,,,,,,,,
8262,s==27|648_ Hồn Chu Du Hoạt Động 2,1,9,6480,2,8190,60,2,1056,280,2,1006,4000,,,,,,,,,,
8263,s==27|648_ Hồn Chu Du Hoạt Động 2,1,9,6480,2,8190,60,1,8,2000000,2,1006,4000,,,,,,,,,,
7517,s==35|Lăng Lộng Bảo Điển Điển Tàng Lễ Bao,1,9,3280,1,87,1,2,1003,10,2,1004,5,2,1006,3280,2,7516,1000,,,,
1691,s==32|Nội Đan Tuyệt Bản Dưỡng Thành Lễ,1,9,3280,2,2759,20,2,2758,60,2,1290,300,,,,,,,,,,
7414,s==27|Nội Đan Chu Trực Cấp Lễ Bao,1,9,1280,2,2759,4,2,2758,12,2,1006,800,,,,,,,,,,
4585,s==22|500 KNB_Hoạt động Xuân,2,6983,3,1,8,10000,1,8,10000,2,1006,100,,,,,,,,,,
4586,s==16|6_Hoạt động Xuân,1,9,60,2,6983,1,2,1003,2,2,1217,5,,,,,,,,,,
4587,s==24|500 KNB_Hoạt động Xuân 2,2,6983,3,1,8,10000,1,8,10000,2,1006,100,,,,,,,,,,
4588,s==18|6_Hoạt động Xuân 2,1,9,60,2,6983,1,2,1003,2,2,1217,5,,,,,,,,,,
7415,s==39|98_Mỗi Tháng Đặc Ưu Gói Quà (Long Mạch),1,9,980,2,2761,100,2,2760,500,2,1006,800,,,,,,,,,,
1692,s==34|Long Mạch Tuyệt Bản Dưỡng Thành Lễ,1,9,3280,2,2761,450,2,2760,2500,2,1006,5000,,,,,,,,,,