id,name,battle,battleScene,heroId,firstRewards-type-1,firstRewards-id-1,firstRewards-value-1,firstRewards-type-2,firstRewards-id-2,firstRewards-value-2,passRewards-type-1,passRewards-id-1,passRewards-value-1,passRewards-type-2,passRewards-id-2,passRewards-value-2,condition%1,condition%2,condition%3,words,battle2,heroId2,wave,
1,s==6|Tầng 1,60001,50001,22501,1,9,50,,,,2,1055,3,1,8,110000,1,8,7,,,,1,
2,s==6|Tầng 2,60002,50001,21510,1,9,50,,,,2,1055,3,1,8,110000,1,9,7,,,,1,
3,s==6|Tầng 3,60003,50001,24510,1,9,50,,,,2,1055,3,1,8,110000,1,10,7,,,,1,
4,s==6|Tầng 4,60004,50001,23504,1,9,50,,,,2,1055,3,1,8,110000,1,11,4,,,,1,
5,s==6|Tầng 5,60005,50001,24504,2,1056,5,,,,2,1055,3,1,8,110000,1,12,7,,,,1,
6,s==6|Tầng 6,60006,50001,24510,1,9,50,,,,2,1055,3,1,8,110000,1,13,7,,,,1,
7,s==6|Tầng 7,60007,50001,21505,1,9,50,,,,2,1055,3,1,8,111000,1,14,7,,,,1,
8,s==6|Tầng 8,60008,50001,22509,1,9,50,,,,2,1055,3,1,8,111000,1,15,2,,,,1,
9,s==6|Tầng 9,60009,50001,21505,1,9,50,,,,2,1055,3,1,8,111000,1,16,7,,,,1,
10,s==7|Tầng 10,60010,50001,24508,2,1056,5,,,,2,1055,3,1,8,111000,1,17,7,,,,1,
11,s==7|Tầng 11,60011,50001,22507,1,9,50,,,,2,1055,3,1,8,111000,1,18,7,,,,1,
12,s==7|Tầng 12,60012,50001,22501,1,9,50,,,,2,1055,3,1,8,111000,1,19,4,,,,1,
13,s==7|Tầng 13,60013,50001,22507,1,9,50,,,,2,1055,3,1,8,112000,1,20,7,,,,1,
14,s==7|Tầng 14,60014,50001,24513,1,9,50,,,,2,1055,3,1,8,112000,1,21,7,,,,1,
15,s==7|Tầng 15,60015,50001,25503,2,1056,5,,,,2,1055,3,1,8,112000,1,22,7,,,,1,
16,s==7|Tầng 16,60016,50001,24510,1,9,50,,,,2,1055,3,1,8,112000,1,23,2,,,,1,
17,s==7|Tầng 17,60017,50001,23503,1,9,50,,,,2,1055,3,1,8,112000,1,24,7,,,,1,
18,s==7|Tầng 18,60018,50001,24508,1,9,50,,,,2,1055,3,1,8,112000,1,25,7,,,,1,
19,s==7|Tầng 19,60019,50001,24506,1,9,50,,,,2,1055,3,1,8,113000,1,8,7,,,,1,
20,s==7|Tầng 20,60020,50001,22509,2,1056,5,,,,2,1055,3,1,8,113000,1,9,4,,,,1,
21,s==7|Tầng 21,60021,50001,21505,1,9,50,,,,2,1055,3,1,8,113000,1,10,7,,,,1,
22,s==7|Tầng 22,60022,50001,25503,1,9,50,,,,2,1055,3,1,8,113000,1,11,7,,,,1,
23,s==7|Tầng 23,60023,50001,21508,1,9,50,,,,2,1055,3,1,8,113000,1,12,7,,,,1,
24,s==7|Tầng 24,60024,50001,25506,1,9,50,,,,2,1055,3,1,8,113000,1,13,2,,,,1,
25,s==7|Tầng 25,60025,50001,24502,2,1056,5,,,,2,1055,3,1,8,114000,1,14,7,,,,1,
26,s==7|Tầng 26,60026,50001,22501,1,9,50,,,,2,1055,3,1,8,114000,1,15,7,,,,1,
27,s==7|Tầng 27,60027,50001,21510,1,9,50,,,,2,1055,3,1,8,114000,1,16,7,,,,1,
28,s==7|Tầng 28,60028,50001,24510,1,9,50,,,,2,1055,3,1,8,114000,1,17,4,,,,1,
29,s==7|Tầng 29,60029,50001,23504,1,9,50,,,,2,1055,3,1,8,114000,1,18,7,,,,1,
30,s==7|Tầng 30,60030,50001,24504,2,1056,5,,,,2,1055,3,1,8,114000,1,19,7,,,,1,
31,s==7|Tầng 31,60031,50001,24510,1,9,50,,,,2,1055,3,1,8,115000,1,20,7,,,,1,
32,s==7|Tầng 32,60032,50001,21505,1,9,50,,,,2,1055,3,1,8,115000,1,21,2,,,,1,
33,s==7|Tầng 33,60033,50001,22509,1,9,50,,,,2,1055,3,1,8,115000,1,22,7,,,,1,
34,s==7|Tầng 34,60034,50001,21505,1,9,50,,,,2,1055,3,1,8,115000,1,23,7,,,,1,
35,s==7|Tầng 35,60035,50001,24508,2,1056,5,,,,2,1055,3,1,8,115000,1,24,7,,,,1,
36,s==7|Tầng 36,60036,50001,22507,1,9,50,,,,2,1055,3,1,8,115000,1,25,4,,,,1,
37,s==7|Tầng 37,60037,50001,22501,1,9,50,,,,2,1055,3,1,8,116000,1,8,7,,,,1,
38,s==7|Tầng 38,60038,50001,22507,1,9,50,,,,2,1055,3,1,8,116000,1,9,7,,,,1,
39,s==7|Tầng 39,60039,50001,24513,1,9,50,,,,2,1055,3,1,8,116000,1,10,7,,,,1,
40,s==7|Tầng 40,60040,50001,25503,2,1056,5,,,,2,1055,3,1,8,116000,1,11,2,,,,1,
41,s==7|Tầng 41,60041,50001,24510,1,9,50,,,,2,1055,3,1,8,116000,1,12,7,,,,1,
42,s==7|Tầng 42,60042,50001,23503,1,9,50,,,,2,1055,3,1,8,116000,1,13,7,,,,1,
43,s==7|Tầng 43,60043,50001,24508,1,9,50,,,,2,1055,3,1,8,117000,1,14,7,,,,1,
44,s==7|Tầng 44,60044,50001,24506,1,9,50,,,,2,1055,3,1,8,117000,1,15,4,,,,1,
45,s==7|Tầng 45,60045,50001,22509,2,1056,5,,,,2,1055,3,1,8,117000,1,16,7,,,,1,
46,s==7|Tầng 46,60046,50001,21505,1,9,50,,,,2,1055,3,1,8,117000,1,17,7,,,,1,
47,s==7|Tầng 47,60047,50001,25503,1,9,50,,,,2,1055,3,1,8,117000,1,18,7,,,,1,
48,s==7|Tầng 48,60048,50001,21508,1,9,50,,,,2,1055,3,1,8,117000,1,19,2,,,,1,
49,s==7|Tầng 49,60049,50001,25506,1,9,50,,,,2,1055,3,1,8,118000,1,20,7,,,,1,
50,s==7|Tầng 50,60050,50001,24502,2,1056,5,,,,2,1055,3,1,8,118000,1,21,7,,,,1,
51,s==7|Tầng 51,60051,50001,22501,1,9,50,,,,2,1055,3,1,8,118000,1,22,7,,,,1,
52,s==7|Tầng 52,60052,50001,21510,1,9,50,,,,2,1055,3,1,8,118000,1,23,4,,,,1,
53,s==7|Tầng 53,60053,50001,24510,1,9,50,,,,2,1055,3,1,8,118000,1,24,7,,,,1,
54,s==7|Tầng 54,60054,50001,23504,1,9,50,,,,2,1055,3,1,8,118000,1,25,7,,,,1,
55,s==7|Tầng 55,60055,50001,24504,2,1056,5,,,,2,1055,3,1,8,119000,1,8,7,,,,1,
56,s==7|Tầng 56,60056,50001,24510,1,9,50,,,,2,1055,3,1,8,119000,1,9,2,,,,1,
57,s==7|Tầng 57,60057,50001,21505,1,9,50,,,,2,1055,3,1,8,119000,1,10,7,,,,1,
58,s==7|Tầng 58,60058,50001,22509,1,9,50,,,,2,1055,3,1,8,119000,1,11,7,,,,1,
59,s==7|Tầng 59,60059,50001,21505,1,9,50,,,,2,1055,3,1,8,119000,1,12,7,,,,1,
60,s==7|Tầng 60,60060,50001,24508,2,1056,5,,,,2,1055,3,1,8,119000,1,13,4,,,,1,
61,s==7|Tầng 61,60061,50001,22507,1,9,50,,,,2,1055,3,1,8,120000,1,14,7,,,,1,
62,s==7|Tầng 62,60062,50001,22501,1,9,50,,,,2,1055,3,1,8,120000,1,15,7,,,,1,
63,s==7|Tầng 63,60063,50001,22507,1,9,50,,,,2,1055,3,1,8,120000,1,16,7,,,,1,
64,s==7|Tầng 64,60064,50001,24513,1,9,50,,,,2,1055,3,1,8,120000,1,17,2,,,,1,
65,s==7|Tầng 65,60065,50001,25503,2,1056,5,,,,2,1055,3,1,8,120000,1,18,7,,,,1,
66,s==7|Tầng 66,60066,50001,24510,1,9,50,,,,2,1055,3,1,8,120000,1,19,7,,,,1,
67,s==7|Tầng 67,60067,50001,23503,1,9,50,,,,2,1055,3,1,8,121000,1,20,7,,,,1,
68,s==7|Tầng 68,60068,50001,24508,1,9,50,,,,2,1055,3,1,8,121000,1,21,4,,,,1,
69,s==7|Tầng 69,60069,50001,24506,1,9,50,,,,2,1055,3,1,8,121000,1,22,7,,,,1,
70,s==7|Tầng 70,60070,50001,22509,2,1056,5,,,,2,1055,3,1,8,121000,1,23,7,,,,1,
71,s==7|Tầng 71,60071,50001,21505,1,9,50,,,,2,1055,3,1,8,121000,1,24,7,,,,1,
72,s==7|Tầng 72,60072,50001,25503,1,9,50,,,,2,1055,3,1,8,121000,1,25,2,,,,1,
73,s==7|Tầng 73,60073,50001,21508,1,9,50,,,,2,1055,3,1,8,122000,1,8,7,,,,1,
74,s==7|Tầng 74,60074,50001,25506,1,9,50,,,,2,1055,3,1,8,122000,1,9,7,,,,1,
75,s==7|Tầng 75,60075,50001,24502,2,1056,5,,,,2,1055,3,1,8,122000,1,10,7,,,,1,
76,s==7|Tầng 76,60076,50001,22501,1,9,50,,,,2,1055,3,1,8,122000,1,11,4,,,,1,
77,s==7|Tầng 77,60077,50001,21510,1,9,50,,,,2,1055,3,1,8,122000,1,12,7,,,,1,
78,s==7|Tầng 78,60078,50001,24510,1,9,50,,,,2,1055,3,1,8,122000,1,13,7,,,,1,
79,s==7|Tầng 79,60079,50001,23504,1,9,50,,,,2,1055,3,1,8,123000,1,14,7,,,,1,
80,s==7|Tầng 80,60080,50001,24504,2,1056,5,,,,2,1055,3,1,8,123000,1,15,2,,,,1,
81,s==7|Tầng 81,60081,50001,24510,1,9,50,,,,2,1055,3,1,8,123000,1,16,7,,,,1,
82,s==7|Tầng 82,60082,50001,21505,1,9,50,,,,2,1055,3,1,8,123000,1,17,7,,,,1,
83,s==7|Tầng 83,60083,50001,22509,1,9,50,,,,2,1055,3,1,8,123000,1,18,7,,,,1,
84,s==7|Tầng 84,60084,50001,21505,1,9,50,,,,2,1055,3,1,8,123000,1,19,4,,,,1,
85,s==7|Tầng 85,60085,50001,24508,2,1056,5,,,,2,1055,3,1,8,124000,1,20,7,,,,1,
86,s==7|Tầng 86,60086,50001,22507,1,9,50,,,,2,1055,3,1,8,124000,1,21,7,,,,1,
87,s==7|Tầng 87,60087,50001,22501,1,9,50,,,,2,1055,3,1,8,124000,1,22,7,,,,1,
88,s==7|Tầng 88,60088,50001,22507,1,9,50,,,,2,1055,3,1,8,124000,1,23,2,,,,1,
89,s==7|Tầng 89,60089,50001,24513,1,9,50,,,,2,1055,3,1,8,124000,1,24,7,,,,1,
90,s==7|Tầng 90,60090,50001,25503,2,1056,5,,,,2,1055,3,1,8,124000,1,25,7,,,,1,
91,s==7|Tầng 91,60091,50001,24510,1,9,50,,,,2,1055,3,1,8,125000,1,8,7,,,,1,
92,s==7|Tầng 92,60092,50001,23503,1,9,50,,,,2,1055,3,1,8,125000,1,9,4,,,,1,
93,s==7|Tầng 93,60093,50001,24508,1,9,50,,,,2,1055,3,1,8,125000,1,10,7,,,,1,
94,s==7|Tầng 94,60094,50001,24506,1,9,50,,,,2,1055,3,1,8,125000,1,11,7,,,,1,
95,s==7|Tầng 95,60095,50001,22509,2,1056,5,,,,2,1055,3,1,8,125000,1,12,7,,,,1,
96,s==7|Tầng 96,60096,50001,21505,1,9,50,,,,2,1055,3,1,8,125000,1,13,2,,,,1,
97,s==7|Tầng 97,60097,50001,25503,1,9,50,,,,2,1055,3,1,8,126000,1,14,7,,,,1,
98,s==7|Tầng 98,60098,50001,21508,1,9,50,,,,2,1055,3,1,8,126000,1,15,7,,,,1,
99,s==7|Tầng 99,60099,50001,25506,1,9,50,,,,2,1055,3,1,8,126000,1,16,7,,,,1,
100,s==8|Tầng 100,60100,50001,24502,2,1056,5,,,,2,1055,3,1,8,126000,1,17,4,,,,1,
101,s==8|Tầng 101,60101,50001,22501,1,9,50,,,,2,1055,3,1,8,126000,1,18,7,,,,1,
102,s==8|Tầng 102,60102,50001,21510,1,9,50,,,,2,1055,3,1,8,126000,1,19,7,,,,1,
103,s==8|Tầng 103,60103,50001,24510,1,9,50,,,,2,1055,3,1,8,127000,1,20,7,,,,1,
104,s==8|Tầng 104,60104,50001,23504,1,9,50,,,,2,1055,3,1,8,127000,1,21,2,,,,1,
105,s==8|Tầng 105,60105,50001,24504,2,1056,5,,,,2,1055,3,1,8,127000,1,22,7,,,,1,
106,s==8|Tầng 106,60106,50001,24510,1,9,50,,,,2,1055,3,1,8,127000,1,23,7,,,,1,
107,s==8|Tầng 107,60107,50001,21505,1,9,50,,,,2,1055,3,1,8,127000,1,24,7,,,,1,
108,s==8|Tầng 108,60108,50001,22509,1,9,50,,,,2,1055,3,1,8,127000,1,25,4,,,,1,
109,s==8|Tầng 109,60109,50001,21505,1,9,50,,,,2,1055,3,1,8,128000,1,8,7,,,,1,
110,s==8|Tầng 110,60110,50001,24508,2,1056,5,,,,2,1055,3,1,8,128000,1,9,7,,,,1,
111,s==8|Tầng 111,60111,50001,22507,1,9,50,,,,2,1055,3,1,8,128000,1,10,7,,,,1,
112,s==8|Tầng 112,60112,50001,22501,1,9,50,,,,2,1055,3,1,8,128000,1,11,2,,,,1,
113,s==8|Tầng 113,60113,50001,22507,1,9,50,,,,2,1055,3,1,8,128000,1,12,7,,,,1,
114,s==8|Tầng 114,60114,50001,24513,1,9,50,,,,2,1055,3,1,8,128000,1,13,7,,,,1,
115,s==8|Tầng 115,60115,50001,25503,2,1056,5,,,,2,1055,3,1,8,129000,1,14,7,,,,1,
116,s==8|Tầng 116,60116,50001,24510,1,9,50,,,,2,1055,3,1,8,129000,1,15,4,,,,1,
117,s==8|Tầng 117,60117,50001,23503,1,9,50,,,,2,1055,3,1,8,129000,1,16,7,,,,1,
118,s==8|Tầng 118,60118,50001,24508,1,9,50,,,,2,1055,3,1,8,129000,1,17,7,,,,1,
119,s==8|Tầng 119,60119,50001,24506,1,9,50,,,,2,1055,3,1,8,129000,1,18,7,,,,1,
120,s==8|Tầng 120,60120,50001,22509,2,1056,5,,,,2,1055,3,1,8,129000,1,19,2,,,,1,
121,s==8|Tầng 121,60121,50001,21505,1,9,50,,,,2,1055,3,1,8,130000,1,20,7,,,,1,
122,s==8|Tầng 122,60122,50001,25503,1,9,50,,,,2,1055,3,1,8,130000,1,21,7,,,,1,
123,s==8|Tầng 123,60123,50001,21508,1,9,50,,,,2,1055,3,1,8,130000,1,22,7,,,,1,
124,s==8|Tầng 124,60124,50001,25506,1,9,50,,,,2,1055,3,1,8,130000,1,23,4,,,,1,
125,s==8|Tầng 125,60125,50001,24502,2,1056,5,,,,2,1055,3,1,8,130000,1,24,7,,,,1,
126,s==8|Tầng 126,60126,50001,22501,1,9,50,,,,2,1055,3,1,8,130000,1,25,7,,,,1,
127,s==8|Tầng 127,60127,50001,21510,1,9,50,,,,2,1055,3,1,8,131000,1,8,7,,,,1,
128,s==8|Tầng 128,60128,50001,24510,1,9,50,,,,2,1055,3,1,8,131000,1,9,2,,,,1,
129,s==8|Tầng 129,60129,50001,23504,1,9,50,,,,2,1055,3,1,8,131000,1,10,7,,,,1,
130,s==8|Tầng 130,60130,50001,24504,2,1056,5,,,,2,1055,3,1,8,131000,1,11,7,,,,1,
131,s==8|Tầng 131,60131,50001,24510,1,9,50,,,,2,1055,3,1,8,131000,1,12,7,,,,1,
132,s==8|Tầng 132,60132,50001,21505,1,9,50,,,,2,1055,3,1,8,131000,1,13,4,,,,1,
133,s==8|Tầng 133,60133,50001,22509,1,9,50,,,,2,1055,3,1,8,132000,1,14,7,,,,1,
134,s==8|Tầng 134,60134,50001,21505,1,9,50,,,,2,1055,3,1,8,132000,1,15,7,,,,1,
135,s==8|Tầng 135,60135,50001,24508,2,1056,5,,,,2,1055,3,1,8,132000,1,16,7,,,,1,
136,s==8|Tầng 136,60136,50001,22507,1,9,50,,,,2,1055,3,1,8,132000,1,17,2,,,,1,
137,s==8|Tầng 137,60137,50001,22501,1,9,50,,,,2,1055,3,1,8,132000,1,18,7,,,,1,
138,s==8|Tầng 138,60138,50001,22507,1,9,50,,,,2,1055,3,1,8,132000,1,19,7,,,,1,
139,s==8|Tầng 139,60139,50001,24513,1,9,50,,,,2,1055,3,1,8,133000,1,20,7,,,,1,
140,s==8|Tầng 140,60140,50001,25503,2,1056,5,,,,2,1055,3,1,8,133000,1,21,4,,,,1,
141,s==8|Tầng 141,60141,50001,24510,1,9,50,,,,2,1055,3,1,8,133000,1,22,7,,,,1,
142,s==8|Tầng 142,60142,50001,23503,1,9,50,,,,2,1055,3,1,8,133000,1,23,7,,,,1,
143,s==8|Tầng 143,60143,50001,24508,1,9,50,,,,2,1055,3,1,8,133000,1,24,7,,,,1,
144,s==8|Tầng 144,60144,50001,24506,1,9,50,,,,2,1055,3,1,8,133000,1,25,2,,,,1,
145,s==8|Tầng 145,60145,50001,22509,2,1056,5,,,,2,1055,3,1,8,134000,1,8,7,,,,1,
146,s==8|Tầng 146,60146,50001,21505,1,9,50,,,,2,1055,3,1,8,134000,1,9,7,,,,1,
147,s==8|Tầng 147,60147,50001,25503,1,9,50,,,,2,1055,3,1,8,134000,1,10,7,,,,1,
148,s==8|Tầng 148,60148,50001,21508,1,9,50,,,,2,1055,3,1,8,134000,1,11,4,,,,1,
149,s==8|Tầng 149,60149,50001,25506,1,9,50,,,,2,1055,3,1,8,134000,1,12,7,,,,1,
150,s==8|Tầng 150,60150,50001,24502,2,1056,5,,,,2,1055,3,1,8,134000,1,13,7,,,,1,
151,s==8|Tầng 151,60151,50001,22501,1,9,50,,,,2,1055,3,1,8,135000,1,14,7,,,,1,
152,s==8|Tầng 152,60152,50001,21510,1,9,50,,,,2,1055,3,1,8,135000,1,15,2,,,,1,
153,s==8|Tầng 153,60153,50001,24510,1,9,50,,,,2,1055,3,1,8,135000,1,16,7,,,,1,
154,s==8|Tầng 154,60154,50001,23504,1,9,50,,,,2,1055,3,1,8,135000,1,17,7,,,,1,
155,s==8|Tầng 155,60155,50001,24504,2,1056,5,,,,2,1055,3,1,8,135000,1,18,7,,,,1,
156,s==8|Tầng 156,60156,50001,24510,1,9,50,,,,2,1055,3,1,8,135000,1,19,4,,,,1,
157,s==8|Tầng 157,60157,50001,21505,1,9,50,,,,2,1055,3,1,8,136000,1,20,7,,,,1,
158,s==8|Tầng 158,60158,50001,22509,1,9,50,,,,2,1055,3,1,8,136000,1,21,7,,,,1,
159,s==8|Tầng 159,60159,50001,21505,1,9,50,,,,2,1055,3,1,8,136000,1,22,7,,,,1,
160,s==8|Tầng 160,60160,50001,24508,2,1056,5,,,,2,1055,3,1,8,136000,1,23,2,,,,1,
161,s==8|Tầng 161,60161,50001,22507,1,9,50,,,,2,1055,3,1,8,136000,1,24,7,,,,1,
162,s==8|Tầng 162,60162,50001,22501,1,9,50,,,,2,1055,3,1,8,136000,1,25,7,,,,1,
163,s==8|Tầng 163,60163,50001,22507,1,9,50,,,,2,1055,3,1,8,137000,1,8,7,,,,1,
164,s==8|Tầng 164,60164,50001,24513,1,9,50,,,,2,1055,3,1,8,137000,1,9,4,,,,1,
165,s==8|Tầng 165,60165,50001,25503,2,1056,5,,,,2,1055,3,1,8,137000,1,10,7,,,,1,
166,s==8|Tầng 166,60166,50001,24510,1,9,50,,,,2,1055,3,1,8,137000,1,11,7,,,,1,
167,s==8|Tầng 167,60167,50001,23503,1,9,50,,,,2,1055,3,1,8,137000,1,12,7,,,,1,
168,s==8|Tầng 168,60168,50001,24508,1,9,50,,,,2,1055,3,1,8,137000,1,13,2,,,,1,
169,s==8|Tầng 169,60169,50001,24506,1,9,50,,,,2,1055,3,1,8,138000,1,14,7,,,,1,
170,s==8|Tầng 170,60170,50001,22509,2,1056,5,,,,2,1055,3,1,8,138000,1,15,7,,,,1,
171,s==8|Tầng 171,60171,50001,21505,1,9,50,,,,2,1055,3,1,8,138000,1,16,7,,,,1,
172,s==8|Tầng 172,60172,50001,25503,1,9,50,,,,2,1055,3,1,8,138000,1,17,4,,,,1,
173,s==8|Tầng 173,60173,50001,21508,1,9,50,,,,2,1055,3,1,8,138000,1,18,7,,,,1,
174,s==8|Tầng 174,60174,50001,25506,1,9,50,,,,2,1055,3,1,8,138000,1,19,7,,,,1,
175,s==8|Tầng 175,60175,50001,24502,2,1056,5,,,,2,1055,3,1,8,139000,1,20,7,,,,1,
176,s==8|Tầng 176,60176,50001,22501,1,9,50,,,,2,1055,3,1,8,139000,1,21,2,,,,1,
177,s==8|Tầng 177,60177,50001,21510,1,9,50,,,,2,1055,3,1,8,139000,1,22,7,,,,1,
178,s==8|Tầng 178,60178,50001,24510,1,9,50,,,,2,1055,3,1,8,139000,1,23,7,,,,1,
179,s==8|Tầng 179,60179,50001,23504,1,9,50,,,,2,1055,3,1,8,139000,1,24,7,,,,1,
180,s==8|Tầng 180,60180,50001,24504,2,1056,5,,,,2,1055,3,1,8,139000,1,25,4,,,,1,
181,s==8|Tầng 181,60181,50001,24510,1,9,50,,,,2,1055,3,1,8,140000,1,8,7,,,,1,
182,s==8|Tầng 182,60182,50001,21505,1,9,50,,,,2,1055,3,1,8,140000,1,9,7,,,,1,
183,s==8|Tầng 183,60183,50001,22509,1,9,50,,,,2,1055,3,1,8,140000,1,10,7,,,,1,
184,s==8|Tầng 184,60184,50001,21505,1,9,50,,,,2,1055,3,1,8,140000,1,11,2,,,,1,
185,s==8|Tầng 185,60185,50001,24508,2,1056,5,,,,2,1055,3,1,8,140000,1,12,7,,,,1,
186,s==8|Tầng 186,60186,50001,22507,1,9,50,,,,2,1055,3,1,8,140000,1,13,7,,,,1,
187,s==8|Tầng 187,60187,50001,22501,1,9,50,,,,2,1055,3,1,8,141000,1,14,7,,,,1,
188,s==8|Tầng 188,60188,50001,22507,1,9,50,,,,2,1055,3,1,8,141000,1,15,4,,,,1,
189,s==8|Tầng 189,60189,50001,24513,1,9,50,,,,2,1055,3,1,8,141000,1,16,7,,,,1,
190,s==8|Tầng 190,60190,50001,25503,2,1056,5,,,,2,1055,3,1,8,141000,1,17,7,,,,1,
191,s==8|Tầng 191,60191,50001,24510,1,9,50,,,,2,1055,3,1,8,141000,1,18,7,,,,1,
192,s==8|Tầng 192,60192,50001,23503,1,9,50,,,,2,1055,3,1,8,141000,1,19,2,,,,1,
193,s==8|Tầng 193,60193,50001,24508,1,9,50,,,,2,1055,3,1,8,142000,1,20,7,,,,1,
194,s==8|Tầng 194,60194,50001,24506,1,9,50,,,,2,1055,3,1,8,142000,1,21,7,,,,1,
195,s==8|Tầng 195,60195,50001,22509,2,1056,5,,,,2,1055,3,1,8,142000,1,22,7,,,,1,
196,s==8|Tầng 196,60196,50001,21505,1,9,50,,,,2,1055,3,1,8,142000,1,23,4,,,,1,
197,s==8|Tầng 197,60197,50001,25503,1,9,50,,,,2,1055,3,1,8,142000,1,24,7,,,,1,
198,s==8|Tầng 198,60198,50001,21508,1,9,50,,,,2,1055,3,1,8,142000,1,25,7,,,,1,
199,s==8|Tầng 199,60199,50001,25506,1,9,50,,,,2,1055,3,1,8,143000,1,8,7,,,,1,
200,s==8|Tầng 200,60200,50001,24502,2,1056,5,,,,2,1055,3,1,8,143000,1,9,2,,,,1,
201,s==8|Tầng 201,60201,50001,22501,1,9,50,,,,2,1055,3,1,8,143000,1,10,7,,,,1,
202,s==8|Tầng 202,60202,50001,21510,1,9,50,,,,2,1055,3,1,8,143000,1,11,7,,,,1,
203,s==8|Tầng 203,60203,50001,24510,1,9,50,,,,2,1055,3,1,8,143000,1,12,7,,,,1,
204,s==8|Tầng 204,60204,50001,23504,1,9,50,,,,2,1055,3,1,8,143000,1,13,4,,,,1,
205,s==8|Tầng 205,60205,50001,24504,2,1056,5,,,,2,1055,3,1,8,144000,1,14,7,,,,1,
206,s==8|Tầng 206,60206,50001,24510,1,9,50,,,,2,1055,3,1,8,144000,1,15,7,,,,1,
207,s==8|Tầng 207,60207,50001,21505,1,9,50,,,,2,1055,3,1,8,144000,1,16,7,,,,1,
208,s==8|Tầng 208,60208,50001,22509,1,9,50,,,,2,1055,3,1,8,144000,1,17,2,,,,1,
209,s==8|Tầng 209,60209,50001,21505,1,9,50,,,,2,1055,3,1,8,144000,1,18,7,,,,1,
210,s==8|Tầng 210,60210,50001,24508,2,1056,5,,,,2,1055,3,1,8,144000,1,19,7,,,,1,
211,s==8|Tầng 211,60211,50001,22507,1,9,50,,,,2,1055,3,1,8,145000,1,20,7,,,,1,
212,s==8|Tầng 212,60212,50001,22501,1,9,50,,,,2,1055,3,1,8,145000,1,21,4,,,,1,
213,s==8|Tầng 213,60213,50001,22507,1,9,50,,,,2,1055,3,1,8,145000,1,22,7,,,,1,
214,s==8|Tầng 214,60214,50001,24513,1,9,50,,,,2,1055,3,1,8,145000,1,23,7,,,,1,
215,s==8|Tầng 215,60215,50001,25503,2,1056,5,,,,2,1055,3,1,8,145000,1,24,7,,,,1,
216,s==8|Tầng 216,60216,50001,24510,1,9,50,,,,2,1055,3,1,8,145000,1,25,2,,,,1,
217,s==8|Tầng 217,60217,50001,23503,1,9,50,,,,2,1055,3,1,8,146000,1,8,7,,,,1,
218,s==8|Tầng 218,60218,50001,24508,1,9,50,,,,2,1055,3,1,8,146000,1,9,7,,,,1,
219,s==8|Tầng 219,60219,50001,24506,1,9,50,,,,2,1055,3,1,8,146000,1,10,7,,,,1,
220,s==8|Tầng 220,60220,50001,22509,2,1056,5,,,,2,1055,3,1,8,146000,1,11,4,,,,1,
221,s==8|Tầng 221,60221,50001,21505,1,9,50,,,,2,1055,3,1,8,146000,1,12,7,,,,1,
222,s==8|Tầng 222,60222,50001,25503,1,9,50,,,,2,1055,3,1,8,146000,1,13,7,,,,1,
223,s==8|Tầng 223,60223,50001,21508,1,9,50,,,,2,1055,3,1,8,147000,1,14,7,,,,1,
224,s==8|Tầng 224,60224,50001,25506,1,9,50,,,,2,1055,3,1,8,147000,1,15,2,,,,1,
225,s==8|Tầng 225,60225,50001,24502,2,1056,5,,,,2,1055,3,1,8,147000,1,16,7,,,,1,
226,s==8|Tầng 226,60226,50001,22501,1,9,50,,,,2,1055,3,1,8,147000,1,17,7,,,,1,
227,s==8|Tầng 227,60227,50001,21510,1,9,50,,,,2,1055,3,1,8,147000,1,18,7,,,,1,
228,s==8|Tầng 228,60228,50001,24510,1,9,50,,,,2,1055,3,1,8,147000,1,19,4,,,,1,
229,s==8|Tầng 229,60229,50001,23504,1,9,50,,,,2,1055,3,1,8,148000,1,20,7,,,,1,
230,s==8|Tầng 230,60230,50001,24504,2,1056,5,,,,2,1055,3,1,8,148000,1,21,7,,,,1,
231,s==8|Tầng 231,60231,50001,24510,1,9,50,,,,2,1055,3,1,8,148000,1,22,7,,,,1,
232,s==8|Tầng 232,60232,50001,21505,1,9,50,,,,2,1055,3,1,8,148000,1,23,2,,,,1,
233,s==8|Tầng 233,60233,50001,22509,1,9,50,,,,2,1055,3,1,8,148000,1,24,7,,,,1,
234,s==8|Tầng 234,60234,50001,21505,1,9,50,,,,2,1055,3,1,8,148000,1,25,7,,,,1,
235,s==8|Tầng 235,60235,50001,24508,2,1056,5,,,,2,1055,3,1,8,149000,1,8,7,,,,1,
236,s==8|Tầng 236,60236,50001,22507,1,9,50,,,,2,1055,3,1,8,149000,1,9,4,,,,1,
237,s==8|Tầng 237,60237,50001,22501,1,9,50,,,,2,1055,3,1,8,149000,1,10,7,,,,1,
238,s==8|Tầng 238,60238,50001,22507,1,9,50,,,,2,1055,3,1,8,149000,1,11,7,,,,1,
239,s==8|Tầng 239,60239,50001,24513,1,9,50,,,,2,1055,3,1,8,149000,1,12,7,,,,1,
240,s==8|Tầng 240,60240,50001,25503,2,1056,5,,,,2,1055,3,1,8,149000,1,13,2,,,,1,
241,s==8|Tầng 241,60241,50001,24510,1,9,50,,,,2,1055,3,1,8,150000,1,14,7,,,,1,
242,s==8|Tầng 242,60242,50001,23503,1,9,50,,,,2,1055,3,1,8,150000,1,15,7,,,,1,
243,s==8|Tầng 243,60243,50001,24508,1,9,50,,,,2,1055,3,1,8,150000,1,16,7,,,,1,
244,s==8|Tầng 244,60244,50001,24506,1,9,50,,,,2,1055,3,1,8,150000,1,17,4,,,,1,
245,s==8|Tầng 245,60245,50001,22509,2,1056,5,,,,2,1055,3,1,8,150000,1,18,7,,,,1,
246,s==8|Tầng 246,60246,50001,21505,1,9,50,,,,2,1055,3,1,8,150000,1,19,7,,,,1,
247,s==8|Tầng 247,60247,50001,25503,1,9,50,,,,2,1055,3,1,8,151000,1,20,7,,,,1,
248,s==8|Tầng 248,60248,50001,21508,1,9,50,,,,2,1055,3,1,8,151000,1,21,2,,,,1,
249,s==8|Tầng 249,60249,50001,25506,1,9,50,,,,2,1055,3,1,8,151000,1,22,7,,,,1,
250,s==8|Tầng 250,60250,50001,24502,2,1056,5,,,,2,1055,3,1,8,151000,1,23,7,,,,1,
251,s==8|Tầng 251,60251,50001,22501,1,9,50,,,,2,1055,3,1,8,151000,1,24,7,,,,1,
252,s==8|Tầng 252,60252,50001,21510,1,9,50,,,,2,1055,3,1,8,151000,1,25,4,,,,1,
253,s==8|Tầng 253,60253,50001,24510,1,9,50,,,,2,1055,3,1,8,152000,1,8,7,,,,1,
254,s==8|Tầng 254,60254,50001,23504,1,9,50,,,,2,1055,3,1,8,152000,1,9,7,,,,1,
255,s==8|Tầng 255,60255,50001,24504,2,1056,5,,,,2,1055,3,1,8,152000,1,10,7,,,,1,
256,s==8|Tầng 256,60256,50001,24510,1,9,50,,,,2,1055,3,1,8,152000,1,11,2,,,,1,
257,s==8|Tầng 257,60257,50001,21505,1,9,50,,,,2,1055,3,1,8,152000,1,12,7,,,,1,
258,s==8|Tầng 258,60258,50001,22509,1,9,50,,,,2,1055,3,1,8,152000,1,13,7,,,,1,
259,s==8|Tầng 259,60259,50001,21505,1,9,50,,,,2,1055,3,1,8,153000,1,14,7,,,,1,
260,s==8|Tầng 260,60260,50001,24508,2,1056,5,,,,2,1055,3,1,8,153000,1,15,4,,,,1,
261,s==8|Tầng 261,60261,50001,22507,1,9,50,,,,2,1055,3,1,8,153000,1,16,7,,,,1,
262,s==8|Tầng 262,60262,50001,22501,1,9,50,,,,2,1055,3,1,8,153000,1,17,7,,,,1,
263,s==8|Tầng 263,60263,50001,22507,1,9,50,,,,2,1055,3,1,8,153000,1,18,7,,,,1,
264,s==8|Tầng 264,60264,50001,24513,1,9,50,,,,2,1055,3,1,8,153000,1,19,2,,,,1,
265,s==8|Tầng 265,60265,50001,25503,2,1056,5,,,,2,1055,3,1,8,154000,1,20,7,,,,1,
266,s==8|Tầng 266,60266,50001,24510,1,9,50,,,,2,1055,3,1,8,154000,1,21,7,,,,1,
267,s==8|Tầng 267,60267,50001,23503,1,9,50,,,,2,1055,3,1,8,154000,1,22,7,,,,1,
268,s==8|Tầng 268,60268,50001,24508,1,9,50,,,,2,1055,3,1,8,154000,1,23,4,,,,1,
269,s==8|Tầng 269,60269,50001,24506,1,9,50,,,,2,1055,3,1,8,154000,1,24,7,,,,1,
270,s==8|Tầng 270,60270,50001,22509,2,1056,5,,,,2,1055,3,1,8,154000,1,25,7,,,,1,
271,s==8|Tầng 271,60271,50001,21505,1,9,50,,,,2,1055,3,1,8,155000,1,8,7,,,,1,
272,s==8|Tầng 272,60272,50001,25503,1,9,50,,,,2,1055,3,1,8,155000,1,9,2,,,,1,
273,s==8|Tầng 273,60273,50001,21508,1,9,50,,,,2,1055,3,1,8,155000,1,10,7,,,,1,
274,s==8|Tầng 274,60274,50001,25506,1,9,50,,,,2,1055,3,1,8,155000,1,11,7,,,,1,
275,s==8|Tầng 275,60275,50001,24502,2,1056,5,,,,2,1055,3,1,8,155000,1,12,7,,,,1,
276,s==8|Tầng 276,60276,50001,22501,1,9,50,,,,2,1055,3,1,8,155000,1,13,4,,,,1,
277,s==8|Tầng 277,60277,50001,21510,1,9,50,,,,2,1055,3,1,8,156000,1,14,7,,,,1,
278,s==8|Tầng 278,60278,50001,24510,1,9,50,,,,2,1055,3,1,8,156000,1,15,7,,,,1,
279,s==8|Tầng 279,60279,50001,23504,1,9,50,,,,2,1055,3,1,8,156000,1,16,7,,,,1,
280,s==8|Tầng 280,60280,50001,24504,2,1056,5,,,,2,1055,3,1,8,156000,1,17,2,,,,1,
281,s==8|Tầng 281,60281,50001,24510,1,9,50,,,,2,1055,3,1,8,156000,1,18,7,,,,1,
282,s==8|Tầng 282,60282,50001,21505,1,9,50,,,,2,1055,3,1,8,156000,1,19,7,,,,1,
283,s==8|Tầng 283,60283,50001,22509,1,9,50,,,,2,1055,3,1,8,157000,1,20,7,,,,1,
284,s==8|Tầng 284,60284,50001,21505,1,9,50,,,,2,1055,3,1,8,157000,1,21,4,,,,1,
285,s==8|Tầng 285,60285,50001,24508,2,1056,5,,,,2,1055,3,1,8,157000,1,22,7,,,,1,
286,s==8|Tầng 286,60286,50001,22507,1,9,50,,,,2,1055,3,1,8,157000,1,23,7,,,,1,
287,s==8|Tầng 287,60287,50001,22501,1,9,50,,,,2,1055,3,1,8,157000,1,24,7,,,,1,
288,s==8|Tầng 288,60288,50001,22507,1,9,50,,,,2,1055,3,1,8,157000,1,25,2,,,,1,
289,s==8|Tầng 289,60289,50001,24513,1,9,50,,,,2,1055,3,1,8,158000,1,8,7,,,,1,
290,s==8|Tầng 290,60290,50001,25503,2,1056,5,,,,2,1055,3,1,8,158000,1,9,7,,,,1,
291,s==8|Tầng 291,60291,50001,24510,1,9,50,,,,2,1055,3,1,8,158000,1,10,7,,,,1,
292,s==8|Tầng 292,60292,50001,23503,1,9,50,,,,2,1055,3,1,8,158000,1,11,4,,,,1,
293,s==8|Tầng 293,60293,50001,24508,1,9,50,,,,2,1055,3,1,8,158000,1,12,7,,,,1,
294,s==8|Tầng 294,60294,50001,24506,1,9,50,,,,2,1055,3,1,8,158000,1,13,7,,,,1,
295,s==8|Tầng 295,60295,50001,22509,2,1056,5,,,,2,1055,3,1,8,159000,1,14,7,,,,1,
296,s==8|Tầng 296,60296,50001,21505,1,9,50,,,,2,1055,3,1,8,159000,1,15,2,,,,1,
297,s==8|Tầng 297,60297,50001,25503,1,9,50,,,,2,1055,3,1,8,159000,1,16,7,,,,1,
298,s==8|Tầng 298,60298,50001,21508,1,9,50,,,,2,1055,3,1,8,159000,1,17,7,,,,1,
299,s==8|Tầng 299,60299,50001,25506,1,9,50,,,,2,1055,3,1,8,159000,1,18,7,,,,1,
300,s==8|Tầng 300,60300,50001,24502,2,1056,5,,,,2,1055,3,1,8,159000,1,19,4,,,,1,
301,s==8|Tầng 301,60301,50001,22501,1,9,50,,,,2,1055,3,1,8,160000,1,20,7,,,,1,
302,s==8|Tầng 302,60302,50001,21510,1,9,50,,,,2,1055,3,1,8,160000,1,21,7,,,,1,
303,s==8|Tầng 303,60303,50001,24510,1,9,50,,,,2,1055,3,1,8,160000,1,22,7,,,,1,
304,s==8|Tầng 304,60304,50001,23504,1,9,50,,,,2,1055,3,1,8,160000,1,23,2,,,,1,
305,s==8|Tầng 305,60305,50001,24504,2,1056,5,,,,2,1055,3,1,8,160000,1,24,7,,,,1,
306,s==8|Tầng 306,60306,50001,24510,1,9,50,,,,2,1055,3,1,8,160000,1,25,7,,,,1,
307,s==8|Tầng 307,60307,50001,21505,1,9,50,,,,2,1055,3,1,8,161000,1,8,7,,,,1,
308,s==8|Tầng 308,60308,50001,22509,1,9,50,,,,2,1055,3,1,8,161000,1,9,4,,,,1,
309,s==8|Tầng 309,60309,50001,21505,1,9,50,,,,2,1055,3,1,8,161000,1,10,7,,,,1,
310,s==8|Tầng 310,60310,50001,24508,2,1056,5,,,,2,1055,3,1,8,161000,1,11,7,,,,1,
311,s==8|Tầng 311,60311,50001,22507,1,9,50,,,,2,1055,3,1,8,161000,1,12,7,,,,1,
312,s==8|Tầng 312,60312,50001,22501,1,9,50,,,,2,1055,3,1,8,161000,1,13,2,,,,1,
313,s==8|Tầng 313,60313,50001,22507,1,9,50,,,,2,1055,3,1,8,162000,1,14,7,,,,1,
314,s==8|Tầng 314,60314,50001,24513,1,9,50,,,,2,1055,3,1,8,162000,1,15,7,,,,1,
315,s==8|Tầng 315,60315,50001,25503,2,1056,5,,,,2,1055,3,1,8,162000,1,16,7,,,,1,
316,s==8|Tầng 316,60316,50001,24510,1,9,50,,,,2,1055,3,1,8,162000,1,17,4,,,,1,
317,s==8|Tầng 317,60317,50001,23503,1,9,50,,,,2,1055,3,1,8,162000,1,18,7,,,,1,
318,s==8|Tầng 318,60318,50001,24508,1,9,50,,,,2,1055,3,1,8,162000,1,19,7,,,,1,
319,s==8|Tầng 319,60319,50001,24506,1,9,50,,,,2,1055,3,1,8,163000,1,20,7,,,,1,
320,s==8|Tầng 320,60320,50001,22509,2,1056,5,,,,2,1055,3,1,8,163000,1,21,2,,,,1,
321,s==8|Tầng 321,60321,50001,21505,1,9,50,,,,2,1055,3,1,8,163000,1,22,7,,,,1,
322,s==8|Tầng 322,60322,50001,25503,1,9,50,,,,2,1055,3,1,8,163000,1,23,7,,,,1,
323,s==8|Tầng 323,60323,50001,21508,1,9,50,,,,2,1055,3,1,8,163000,1,24,7,,,,1,
324,s==8|Tầng 324,60324,50001,25506,1,9,50,,,,2,1055,3,1,8,163000,1,25,4,,,,1,
325,s==8|Tầng 325,60325,50001,24502,2,1056,5,,,,2,1055,3,1,8,164000,1,8,7,,,,1,
326,s==8|Tầng 326,60326,50001,22501,1,9,50,,,,2,1055,3,1,8,164000,1,9,7,,,,1,
327,s==8|Tầng 327,60327,50001,21510,1,9,50,,,,2,1055,3,1,8,164000,1,10,7,,,,1,
328,s==8|Tầng 328,60328,50001,24510,1,9,50,,,,2,1055,3,1,8,164000,1,11,2,,,,1,
329,s==8|Tầng 329,60329,50001,23504,1,9,50,,,,2,1055,3,1,8,164000,1,12,7,,,,1,
330,s==8|Tầng 330,60330,50001,24504,2,1056,5,,,,2,1055,3,1,8,164000,1,13,7,,,,1,
331,s==8|Tầng 331,60331,50001,24510,1,9,50,,,,2,1055,3,1,8,165000,1,14,7,,,,1,
332,s==8|Tầng 332,60332,50001,21505,1,9,50,,,,2,1055,3,1,8,165000,1,15,4,,,,1,
333,s==8|Tầng 333,60333,50001,22509,1,9,50,,,,2,1055,3,1,8,165000,1,16,7,,,,1,
334,s==8|Tầng 334,60334,50001,21505,1,9,50,,,,2,1055,3,1,8,165000,1,17,7,,,,1,
335,s==8|Tầng 335,60335,50001,24508,2,1056,5,,,,2,1055,3,1,8,165000,1,18,7,,,,1,
336,s==8|Tầng 336,60336,50001,22507,1,9,50,,,,2,1055,3,1,8,165000,1,19,2,,,,1,
337,s==8|Tầng 337,60337,50001,22501,1,9,50,,,,2,1055,3,1,8,166000,1,20,7,,,,1,
338,s==8|Tầng 338,60338,50001,22507,1,9,50,,,,2,1055,3,1,8,166000,1,21,7,,,,1,
339,s==8|Tầng 339,60339,50001,24513,1,9,50,,,,2,1055,3,1,8,166000,1,22,7,,,,1,
340,s==8|Tầng 340,60340,50001,25503,2,1056,5,,,,2,1055,3,1,8,166000,1,23,4,,,,1,
341,s==8|Tầng 341,60341,50001,24510,1,9,50,,,,2,1055,3,1,8,166000,1,24,7,,,,1,
342,s==8|Tầng 342,60342,50001,23503,1,9,50,,,,2,1055,3,1,8,166000,1,25,7,,,,1,
343,s==8|Tầng 343,60343,50001,24508,1,9,50,,,,2,1055,3,1,8,167000,1,8,7,,,,1,
344,s==8|Tầng 344,60344,50001,24506,1,9,50,,,,2,1055,3,1,8,167000,1,9,2,,,,1,
345,s==8|Tầng 345,60345,50001,22509,2,1056,5,,,,2,1055,3,1,8,167000,1,10,7,,,,1,
346,s==8|Tầng 346,60346,50001,21505,1,9,50,,,,2,1055,3,1,8,167000,1,11,7,,,,1,
347,s==8|Tầng 347,60347,50001,25503,1,9,50,,,,2,1055,3,1,8,167000,1,12,7,,,,1,
348,s==8|Tầng 348,60348,50001,21508,1,9,50,,,,2,1055,3,1,8,167000,1,13,4,,,,1,
349,s==8|Tầng 349,60349,50001,25506,1,9,50,,,,2,1055,3,1,8,168000,1,14,7,,,,1,
350,s==8|Tầng 350,60350,50001,24502,2,1056,5,,,,2,1055,3,1,8,168000,1,15,7,,,,1,
351,s==8|Tầng 351,60351,50001,22501,1,9,50,,,,2,1055,3,1,8,168000,1,16,7,,,,1,
352,s==8|Tầng 352,60352,50001,21510,1,9,50,,,,2,1055,3,1,8,168000,1,17,2,,,,1,
353,s==8|Tầng 353,60353,50001,24510,1,9,50,,,,2,1055,3,1,8,168000,1,18,7,,,,1,
354,s==8|Tầng 354,60354,50001,23504,1,9,50,,,,2,1055,3,1,8,168000,1,19,7,,,,1,
355,s==8|Tầng 355,60355,50001,24504,2,1056,5,,,,2,1055,3,1,8,169000,1,20,7,,,,1,
356,s==8|Tầng 356,60356,50001,24510,1,9,50,,,,2,1055,3,1,8,169000,1,21,4,,,,1,
357,s==8|Tầng 357,60357,50001,21505,1,9,50,,,,2,1055,3,1,8,169000,1,22,7,,,,1,
358,s==8|Tầng 358,60358,50001,22509,1,9,50,,,,2,1055,3,1,8,169000,1,23,7,,,,1,
359,s==8|Tầng 359,60359,50001,21505,1,9,50,,,,2,1055,3,1,8,169000,1,24,7,,,,1,
360,s==8|Tầng 360,60360,50001,24508,2,1056,5,,,,2,1055,3,1,8,169000,1,25,2,,,,1,
361,s==8|Tầng 361,60361,50001,22507,1,9,50,,,,2,1055,3,1,8,170000,1,8,7,,,,1,
362,s==8|Tầng 362,60362,50001,22501,1,9,50,,,,2,1055,3,1,8,170000,1,9,7,,,,1,
363,s==8|Tầng 363,60363,50001,22507,1,9,50,,,,2,1055,3,1,8,170000,1,10,7,,,,1,
364,s==8|Tầng 364,60364,50001,24513,1,9,50,,,,2,1055,3,1,8,170000,1,11,4,,,,1,
365,s==8|Tầng 365,60365,50001,25503,2,1056,5,,,,2,1055,3,1,8,170000,1,12,7,,,,1,
366,s==8|Tầng 366,60366,50001,24510,1,9,50,,,,2,1055,3,1,8,170000,1,13,7,,,,1,
367,s==8|Tầng 367,60367,50001,23503,1,9,50,,,,2,1055,3,1,8,171000,1,14,7,,,,1,
368,s==8|Tầng 368,60368,50001,24508,1,9,50,,,,2,1055,3,1,8,171000,1,15,2,,,,1,
369,s==8|Tầng 369,60369,50001,24506,1,9,50,,,,2,1055,3,1,8,171000,1,16,7,,,,1,
370,s==8|Tầng 370,60370,50001,22509,2,1056,5,,,,2,1055,3,1,8,171000,1,17,7,,,,1,
371,s==8|Tầng 371,60371,50001,21505,1,9,50,,,,2,1055,3,1,8,171000,1,18,7,,,,1,
372,s==8|Tầng 372,60372,50001,25503,1,9,50,,,,2,1055,3,1,8,171000,1,19,4,,,,1,
373,s==8|Tầng 373,60373,50001,21508,1,9,50,,,,2,1055,3,1,8,172000,1,20,7,,,,1,
374,s==8|Tầng 374,60374,50001,25506,1,9,50,,,,2,1055,3,1,8,172000,1,21,7,,,,1,
375,s==8|Tầng 375,60375,50001,24502,2,1056,5,,,,2,1055,3,1,8,172000,1,22,7,,,,1,
376,s==8|Tầng 376,60376,50001,22501,1,9,50,,,,2,1055,3,1,8,172000,1,23,2,,,,1,
377,s==8|Tầng 377,60377,50001,21510,1,9,50,,,,2,1055,3,1,8,172000,1,24,7,,,,1,
378,s==8|Tầng 378,60378,50001,24510,1,9,50,,,,2,1055,3,1,8,172000,1,25,7,,,,1,
379,s==8|Tầng 379,60379,50001,23504,1,9,50,,,,2,1055,3,1,8,173000,1,8,7,,,,1,
380,s==8|Tầng 380,60380,50001,24504,2,1056,5,,,,2,1055,3,1,8,173000,1,9,4,,,,1,
381,s==8|Tầng 381,60381,50001,24510,1,9,50,,,,2,1055,3,1,8,173000,1,10,7,,,,1,
382,s==8|Tầng 382,60382,50001,21505,1,9,50,,,,2,1055,3,1,8,173000,1,11,7,,,,1,
383,s==8|Tầng 383,60383,50001,22509,1,9,50,,,,2,1055,3,1,8,173000,1,12,7,,,,1,
384,s==8|Tầng 384,60384,50001,21505,1,9,50,,,,2,1055,3,1,8,173000,1,13,2,,,,1,
385,s==8|Tầng 385,60385,50001,24508,2,1056,5,,,,2,1055,3,1,8,174000,1,14,7,,,,1,
386,s==8|Tầng 386,60386,50001,22507,1,9,50,,,,2,1055,3,1,8,174000,1,15,7,,,,1,
387,s==8|Tầng 387,60387,50001,22501,1,9,50,,,,2,1055,3,1,8,174000,1,16,7,,,,1,
388,s==8|Tầng 388,60388,50001,22507,1,9,50,,,,2,1055,3,1,8,174000,1,17,4,,,,1,
389,s==8|Tầng 389,60389,50001,24513,1,9,50,,,,2,1055,3,1,8,174000,1,18,7,,,,1,
390,s==8|Tầng 390,60390,50001,25503,2,1056,5,,,,2,1055,3,1,8,174000,1,19,7,,,,1,
391,s==8|Tầng 391,60391,50001,24510,1,9,50,,,,2,1055,3,1,8,175000,1,20,7,,,,1,
392,s==8|Tầng 392,60392,50001,23503,1,9,50,,,,2,1055,3,1,8,175000,1,21,2,,,,1,
393,s==8|Tầng 393,60393,50001,24508,1,9,50,,,,2,1055,3,1,8,175000,1,22,7,,,,1,
394,s==8|Tầng 394,60394,50001,24506,1,9,50,,,,2,1055,3,1,8,175000,1,23,7,,,,1,
395,s==8|Tầng 395,60395,50001,22509,2,1056,5,,,,2,1055,3,1,8,175000,1,24,7,,,,1,
396,s==8|Tầng 396,60396,50001,21505,1,9,50,,,,2,1055,3,1,8,175000,1,25,4,,,,1,
397,s==8|Tầng 397,60397,50001,25503,1,9,50,,,,2,1055,3,1,8,176000,1,8,7,,,,1,
398,s==8|Tầng 398,60398,50001,21508,1,9,50,,,,2,1055,3,1,8,176000,1,9,7,,,,1,
399,s==8|Tầng 399,60399,50001,25506,1,9,50,,,,2,1055,3,1,8,176000,1,10,7,,,,1,
400,s==8|Tầng 400,60400,50001,24502,2,1056,5,,,,2,1055,3,1,8,176000,1,11,2,,,,1,
401,s==8|Tầng 401,60401,50001,22501,1,9,50,,,,2,1055,3,1,8,176000,1,12,7,,,,1,
402,s==8|Tầng 402,60402,50001,21510,1,9,50,,,,2,1055,3,1,8,176000,1,13,7,,,,1,
403,s==8|Tầng 403,60403,50001,24510,1,9,50,,,,2,1055,3,1,8,177000,1,14,7,,,,1,
404,s==8|Tầng 404,60404,50001,23504,1,9,50,,,,2,1055,3,1,8,177000,1,15,4,,,,1,
405,s==8|Tầng 405,60405,50001,24504,2,1056,5,,,,2,1055,3,1,8,177000,1,16,7,,,,1,
406,s==8|Tầng 406,60406,50001,24510,1,9,50,,,,2,1055,3,1,8,177000,1,17,7,,,,1,
407,s==8|Tầng 407,60407,50001,21505,1,9,50,,,,2,1055,3,1,8,177000,1,18,7,,,,1,
408,s==8|Tầng 408,60408,50001,22509,1,9,50,,,,2,1055,3,1,8,177000,1,19,2,,,,1,
409,s==8|Tầng 409,60409,50001,21505,1,9,50,,,,2,1055,3,1,8,178000,1,20,7,,,,1,
410,s==8|Tầng 410,60410,50001,24508,2,1056,5,,,,2,1055,3,1,8,178000,1,21,7,,,,1,
411,s==8|Tầng 411,60411,50001,22507,1,9,50,,,,2,1055,3,1,8,178000,1,22,7,,,,1,
412,s==8|Tầng 412,60412,50001,22501,1,9,50,,,,2,1055,3,1,8,178000,1,23,4,,,,1,
413,s==8|Tầng 413,60413,50001,22507,1,9,50,,,,2,1055,3,1,8,178000,1,24,7,,,,1,
414,s==8|Tầng 414,60414,50001,24513,1,9,50,,,,2,1055,3,1,8,178000,1,25,7,,,,1,
415,s==8|Tầng 415,60415,50001,25503,2,1056,5,,,,2,1055,3,1,8,179000,1,8,7,,,,1,
416,s==8|Tầng 416,60416,50001,24510,1,9,50,,,,2,1055,3,1,8,179000,1,9,2,,,,1,
417,s==8|Tầng 417,60417,50001,23503,1,9,50,,,,2,1055,3,1,8,179000,1,10,7,,,,1,
418,s==8|Tầng 418,60418,50001,24508,1,9,50,,,,2,1055,3,1,8,179000,1,11,7,,,,1,
419,s==8|Tầng 419,60419,50001,24506,1,9,50,,,,2,1055,3,1,8,179000,1,12,7,,,,1,
420,s==8|Tầng 420,60420,50001,22509,2,1056,5,,,,2,1055,3,1,8,179000,1,13,4,,,,1,
421,s==8|Tầng 421,60421,50001,21505,1,9,50,,,,2,1055,3,1,8,180000,1,14,7,,,,1,
422,s==8|Tầng 422,60422,50001,25503,1,9,50,,,,2,1055,3,1,8,180000,1,15,7,,,,1,
423,s==8|Tầng 423,60423,50001,21508,1,9,50,,,,2,1055,3,1,8,180000,1,16,7,,,,1,
424,s==8|Tầng 424,60424,50001,25506,1,9,50,,,,2,1055,3,1,8,180000,1,17,2,,,,1,
425,s==8|Tầng 425,60425,50001,24502,2,1056,5,,,,2,1055,3,1,8,180000,1,18,7,,,,1,
426,s==8|Tầng 426,60426,50001,22501,1,9,50,,,,2,1055,3,1,8,180000,1,19,7,,,,1,
427,s==8|Tầng 427,60427,50001,21510,1,9,50,,,,2,1055,3,1,8,181000,1,20,7,,,,1,
428,s==8|Tầng 428,60428,50001,24510,1,9,50,,,,2,1055,3,1,8,181000,1,21,4,,,,1,
429,s==8|Tầng 429,60429,50001,23504,1,9,50,,,,2,1055,3,1,8,181000,1,22,7,,,,1,
430,s==8|Tầng 430,60430,50001,24504,2,1056,5,,,,2,1055,3,1,8,181000,1,23,7,,,,1,
431,s==8|Tầng 431,60431,50001,24510,1,9,50,,,,2,1055,3,1,8,181000,1,24,7,,,,1,
432,s==8|Tầng 432,60432,50001,21505,1,9,50,,,,2,1055,3,1,8,181000,1,25,2,,,,1,
433,s==8|Tầng 433,60433,50001,22509,1,9,50,,,,2,1055,3,1,8,182000,1,8,7,,,,1,
434,s==8|Tầng 434,60434,50001,21505,1,9,50,,,,2,1055,3,1,8,182000,1,9,7,,,,1,
435,s==8|Tầng 435,60435,50001,24508,2,1056,5,,,,2,1055,3,1,8,182000,1,10,7,,,,1,
436,s==8|Tầng 436,60436,50001,22507,1,9,50,,,,2,1055,3,1,8,182000,1,11,4,,,,1,
437,s==8|Tầng 437,60437,50001,22501,1,9,50,,,,2,1055,3,1,8,182000,1,12,7,,,,1,
438,s==8|Tầng 438,60438,50001,22507,1,9,50,,,,2,1055,3,1,8,182000,1,13,7,,,,1,
439,s==8|Tầng 439,60439,50001,24513,1,9,50,,,,2,1055,3,1,8,183000,1,14,7,,,,1,
440,s==8|Tầng 440,60440,50001,25503,2,1056,5,,,,2,1055,3,1,8,183000,1,15,2,,,,1,
441,s==8|Tầng 441,60441,50001,24510,1,9,50,,,,2,1055,3,1,8,183000,1,16,7,,,,1,
442,s==8|Tầng 442,60442,50001,23503,1,9,50,,,,2,1055,3,1,8,183000,1,17,7,,,,1,
443,s==8|Tầng 443,60443,50001,24508,1,9,50,,,,2,1055,3,1,8,183000,1,18,7,,,,1,
444,s==8|Tầng 444,60444,50001,24506,1,9,50,,,,2,1055,3,1,8,183000,1,19,4,,,,1,
445,s==8|Tầng 445,60445,50001,22509,2,1056,5,,,,2,1055,3,1,8,184000,1,20,7,,,,1,
446,s==8|Tầng 446,60446,50001,21505,1,9,50,,,,2,1055,3,1,8,184000,1,21,7,,,,1,
447,s==8|Tầng 447,60447,50001,25503,1,9,50,,,,2,1055,3,1,8,184000,1,22,7,,,,1,
448,s==8|Tầng 448,60448,50001,21508,1,9,50,,,,2,1055,3,1,8,184000,1,23,2,,,,1,
449,s==8|Tầng 449,60449,50001,25506,1,9,50,,,,2,1055,3,1,8,184000,1,24,7,,,,1,
450,s==8|Tầng 450,60450,50001,24502,2,1056,5,,,,2,1055,3,1,8,184000,1,25,7,,,,1,
451,s==8|Tầng 451,60451,50001,22501,1,9,50,,,,2,1055,3,1,8,185000,1,8,7,,,,1,
452,s==8|Tầng 452,60452,50001,21510,1,9,50,,,,2,1055,3,1,8,185000,1,9,4,,,,1,
453,s==8|Tầng 453,60453,50001,24510,1,9,50,,,,2,1055,3,1,8,185000,1,10,7,,,,1,
454,s==8|Tầng 454,60454,50001,23504,1,9,50,,,,2,1055,3,1,8,185000,1,11,7,,,,1,
455,s==8|Tầng 455,60455,50001,24504,2,1056,5,,,,2,1055,3,1,8,185000,1,12,7,,,,1,
456,s==8|Tầng 456,60456,50001,24510,1,9,50,,,,2,1055,3,1,8,185000,1,13,2,,,,1,
457,s==8|Tầng 457,60457,50001,21505,1,9,50,,,,2,1055,3,1,8,186000,1,14,7,,,,1,
458,s==8|Tầng 458,60458,50001,22509,1,9,50,,,,2,1055,3,1,8,186000,1,15,7,,,,1,
459,s==8|Tầng 459,60459,50001,21505,1,9,50,,,,2,1055,3,1,8,186000,1,16,7,,,,1,
460,s==8|Tầng 460,60460,50001,24508,2,1056,5,,,,2,1055,3,1,8,186000,1,17,4,,,,1,
461,s==8|Tầng 461,60461,50001,22507,1,9,50,,,,2,1055,3,1,8,186000,1,18,7,,,,1,
462,s==8|Tầng 462,60462,50001,22501,1,9,50,,,,2,1055,3,1,8,186000,1,19,7,,,,1,
463,s==8|Tầng 463,60463,50001,22507,1,9,50,,,,2,1055,3,1,8,187000,1,20,7,,,,1,
464,s==8|Tầng 464,60464,50001,24513,1,9,50,,,,2,1055,3,1,8,187000,1,21,2,,,,1,
465,s==8|Tầng 465,60465,50001,25503,2,1056,5,,,,2,1055,3,1,8,187000,1,22,7,,,,1,
466,s==8|Tầng 466,60466,50001,24510,1,9,50,,,,2,1055,3,1,8,187000,1,23,7,,,,1,
467,s==8|Tầng 467,60467,50001,23503,1,9,50,,,,2,1055,3,1,8,187000,1,24,7,,,,1,
468,s==8|Tầng 468,60468,50001,24508,1,9,50,,,,2,1055,3,1,8,187000,1,25,4,,,,1,
469,s==8|Tầng 469,60469,50001,24506,1,9,50,,,,2,1055,3,1,8,188000,1,8,7,,,,1,
470,s==8|Tầng 470,60470,50001,22509,2,1056,5,,,,2,1055,3,1,8,188000,1,9,7,,,,1,
471,s==8|Tầng 471,60471,50001,21505,1,9,50,,,,2,1055,3,1,8,188000,1,10,7,,,,1,
472,s==8|Tầng 472,60472,50001,25503,1,9,50,,,,2,1055,3,1,8,188000,1,11,2,,,,1,
473,s==8|Tầng 473,60473,50001,21508,1,9,50,,,,2,1055,3,1,8,188000,1,12,7,,,,1,
474,s==8|Tầng 474,60474,50001,25506,1,9,50,,,,2,1055,3,1,8,188000,1,13,7,,,,1,
475,s==8|Tầng 475,60475,50001,24502,2,1056,5,,,,2,1055,3,1,8,189000,1,14,7,,,,1,
476,s==8|Tầng 476,60476,50001,22501,1,9,50,,,,2,1055,3,1,8,189000,1,15,4,,,,1,
477,s==8|Tầng 477,60477,50001,21510,1,9,50,,,,2,1055,3,1,8,189000,1,16,7,,,,1,
478,s==8|Tầng 478,60478,50001,24510,1,9,50,,,,2,1055,3,1,8,189000,1,17,7,,,,1,
479,s==8|Tầng 479,60479,50001,23504,1,9,50,,,,2,1055,3,1,8,189000,1,18,7,,,,1,
480,s==8|Tầng 480,60480,50001,24504,2,1056,5,,,,2,1055,3,1,8,189000,1,19,2,,,,1,
481,s==8|Tầng 481,60481,50001,24510,1,9,50,,,,2,1055,3,1,8,190000,1,20,7,,,,1,
482,s==8|Tầng 482,60482,50001,21505,1,9,50,,,,2,1055,3,1,8,190000,1,21,7,,,,1,
483,s==8|Tầng 483,60483,50001,22509,1,9,50,,,,2,1055,3,1,8,190000,1,22,7,,,,1,
484,s==8|Tầng 484,60484,50001,21505,1,9,50,,,,2,1055,3,1,8,190000,1,23,4,,,,1,
485,s==8|Tầng 485,60485,50001,24508,2,1056,5,,,,2,1055,3,1,8,190000,1,24,7,,,,1,
486,s==8|Tầng 486,60486,50001,22507,1,9,50,,,,2,1055,3,1,8,190000,1,25,7,,,,1,
487,s==8|Tầng 487,60487,50001,22501,1,9,50,,,,2,1055,3,1,8,191000,1,8,7,,,,1,
488,s==8|Tầng 488,60488,50001,22507,1,9,50,,,,2,1055,3,1,8,191000,1,9,2,,,,1,
489,s==8|Tầng 489,60489,50001,24513,1,9,50,,,,2,1055,3,1,8,191000,1,10,7,,,,1,
490,s==8|Tầng 490,60490,50001,25503,2,1056,5,,,,2,1055,3,1,8,191000,1,11,7,,,,1,
491,s==8|Tầng 491,60491,50001,24510,1,9,50,,,,2,1055,3,1,8,191000,1,12,7,,,,1,
492,s==8|Tầng 492,60492,50001,23503,1,9,50,,,,2,1055,3,1,8,191000,1,13,4,,,,1,
493,s==8|Tầng 493,60493,50001,24508,1,9,50,,,,2,1055,3,1,8,192000,1,14,7,,,,1,
494,s==8|Tầng 494,60494,50001,24506,1,9,50,,,,2,1055,3,1,8,192000,1,15,7,,,,1,
495,s==8|Tầng 495,60495,50001,22509,2,1056,5,,,,2,1055,3,1,8,192000,1,16,7,,,,1,
496,s==8|Tầng 496,60496,50001,21505,1,9,50,,,,2,1055,3,1,8,192000,1,17,2,,,,1,
497,s==8|Tầng 497,60497,50001,25503,1,9,50,,,,2,1055,3,1,8,192000,1,18,7,,,,1,
498,s==8|Tầng 498,60498,50001,21508,1,9,50,,,,2,1055,3,1,8,192000,1,19,7,,,,1,
499,s==8|Tầng 499,60499,50001,25506,1,9,50,,,,2,1055,3,1,8,193000,1,20,7,,,,1,
500,s==8|Tầng 500,60500,50001,24502,2,1056,5,,,,2,1055,3,1,8,193000,1,21,4,,,,1,
501,s==8|Tầng 501,60501,50001,22501,1,9,50,,,,2,1055,3,1,8,193000,1,8,7,,,,1,
502,s==8|Tầng 502,60502,50001,21510,1,9,50,,,,2,1055,3,1,8,193000,1,9,7,,,,1,
503,s==8|Tầng 503,60503,50001,24510,1,9,50,,,,2,1055,3,1,8,193000,1,10,7,,,,1,
504,s==8|Tầng 504,60504,50001,23504,1,9,50,,,,2,1055,3,1,8,193000,1,11,4,,,,1,
505,s==8|Tầng 505,60505,50001,24504,2,1056,5,,,,2,1055,3,1,8,194000,1,12,7,,,,1,
506,s==8|Tầng 506,60506,50001,24510,1,9,50,,,,2,1055,3,1,8,194000,1,13,7,,,,1,
507,s==8|Tầng 507,60507,50001,21505,1,9,50,,,,2,1055,3,1,8,194000,1,14,7,,,,1,
508,s==8|Tầng 508,60508,50001,22509,1,9,50,,,,2,1055,3,1,8,194000,1,15,2,,,,1,
509,s==8|Tầng 509,60509,50001,21505,1,9,50,,,,2,1055,3,1,8,194000,1,16,7,,,,1,
510,s==8|Tầng 510,60510,50001,24508,2,1056,5,,,,2,1055,3,1,8,194000,1,17,7,,,,1,
511,s==8|Tầng 511,60511,50001,22507,1,9,50,,,,2,1055,3,1,8,195000,1,18,7,,,,1,
512,s==8|Tầng 512,60512,50001,22501,1,9,50,,,,2,1055,3,1,8,195000,1,19,4,,,,1,
513,s==8|Tầng 513,60513,50001,22507,1,9,50,,,,2,1055,3,1,8,195000,1,20,7,,,,1,
514,s==8|Tầng 514,60514,50001,24513,1,9,50,,,,2,1055,3,1,8,195000,1,21,7,,,,1,
515,s==8|Tầng 515,60515,50001,25503,2,1056,5,,,,2,1055,3,1,8,195000,1,22,7,,,,1,
516,s==8|Tầng 516,60516,50001,24510,1,9,50,,,,2,1055,3,1,8,195000,1,23,2,,,,1,
517,s==8|Tầng 517,60517,50001,23503,1,9,50,,,,2,1055,3,1,8,196000,1,24,7,,,,1,
518,s==8|Tầng 518,60518,50001,24508,1,9,50,,,,2,1055,3,1,8,196000,1,25,7,,,,1,
519,s==8|Tầng 519,60519,50001,24506,1,9,50,,,,2,1055,3,1,8,196000,1,8,7,,,,1,
520,s==8|Tầng 520,60520,50001,22509,2,1056,5,,,,2,1055,3,1,8,196000,1,9,4,,,,1,
521,s==8|Tầng 521,60521,50001,21505,1,9,50,,,,2,1055,3,1,8,196000,1,10,7,,,,1,
522,s==8|Tầng 522,60522,50001,25503,1,9,50,,,,2,1055,3,1,8,196000,1,11,7,,,,1,
523,s==8|Tầng 523,60523,50001,21508,1,9,50,,,,2,1055,3,1,8,197000,1,12,7,,,,1,
524,s==8|Tầng 524,60524,50001,25506,1,9,50,,,,2,1055,3,1,8,197000,1,13,2,,,,1,
525,s==8|Tầng 525,60525,50001,24502,2,1056,5,,,,2,1055,3,1,8,197000,1,14,7,,,,1,
526,s==8|Tầng 526,60526,50001,22501,1,9,50,,,,2,1055,3,1,8,197000,1,15,7,,,,1,
527,s==8|Tầng 527,60527,50001,21510,1,9,50,,,,2,1055,3,1,8,197000,1,16,7,,,,1,
528,s==8|Tầng 528,60528,50001,24510,1,9,50,,,,2,1055,3,1,8,197000,1,17,4,,,,1,
529,s==8|Tầng 529,60529,50001,23504,1,9,50,,,,2,1055,3,1,8,198000,1,18,7,,,,1,
530,s==8|Tầng 530,60530,50001,24504,2,1056,5,,,,2,1055,3,1,8,198000,1,19,7,,,,1,
531,s==8|Tầng 531,60531,50001,24510,1,9,50,,,,2,1055,3,1,8,198000,1,20,7,,,,1,
532,s==8|Tầng 532,60532,50001,21505,1,9,50,,,,2,1055,3,1,8,198000,1,21,2,,,,1,
533,s==8|Tầng 533,60533,50001,22509,1,9,50,,,,2,1055,3,1,8,198000,1,22,7,,,,1,
534,s==8|Tầng 534,60534,50001,21505,1,9,50,,,,2,1055,3,1,8,198000,1,23,7,,,,1,
535,s==8|Tầng 535,60535,50001,24508,2,1056,5,,,,2,1055,3,1,8,199000,1,24,7,,,,1,
536,s==8|Tầng 536,60536,50001,22507,1,9,50,,,,2,1055,3,1,8,199000,1,25,4,,,,1,
537,s==8|Tầng 537,60537,50001,22501,1,9,50,,,,2,1055,3,1,8,199000,1,8,7,,,,1,
538,s==8|Tầng 538,60538,50001,22507,1,9,50,,,,2,1055,3,1,8,199000,1,9,7,,,,1,
539,s==8|Tầng 539,60539,50001,24513,1,9,50,,,,2,1055,3,1,8,199000,1,10,7,,,,1,
540,s==8|Tầng 540,60540,50001,25503,2,1056,5,,,,2,1055,3,1,8,199000,1,11,2,,,,1,
541,s==8|Tầng 541,60541,50001,24510,1,9,50,,,,2,1055,3,1,8,200000,1,12,7,,,,1,
542,s==8|Tầng 542,60542,50001,23503,1,9,50,,,,2,1055,3,1,8,200000,1,13,7,,,,1,
543,s==8|Tầng 543,60543,50001,24508,1,9,50,,,,2,1055,3,1,8,200000,1,14,7,,,,1,
544,s==8|Tầng 544,60544,50001,24506,1,9,50,,,,2,1055,3,1,8,200000,1,15,4,,,,1,
545,s==8|Tầng 545,60545,50001,22509,2,1056,5,,,,2,1055,3,1,8,200000,1,16,7,,,,1,
546,s==8|Tầng 546,60546,50001,21505,1,9,50,,,,2,1055,3,1,8,200000,1,17,7,,,,1,
547,s==8|Tầng 547,60547,50001,25503,1,9,50,,,,2,1055,3,1,8,201000,1,18,7,,,,1,
548,s==8|Tầng 548,60548,50001,21508,1,9,50,,,,2,1055,3,1,8,201000,1,19,2,,,,1,
549,s==8|Tầng 549,60549,50001,25506,1,9,50,,,,2,1055,3,1,8,201000,1,20,7,,,,1,
550,s==8|Tầng 550,60550,50001,24502,2,1056,5,,,,2,1055,3,1,8,201000,1,21,7,,,,1,
551,s==8|Tầng 551,60551,50001,22501,1,9,50,,,,2,1055,3,1,8,201000,1,22,7,,,,1,
552,s==8|Tầng 552,60552,50001,21510,1,9,50,,,,2,1055,3,1,8,201000,1,23,4,,,,1,
553,s==8|Tầng 553,60553,50001,24510,1,9,50,,,,2,1055,3,1,8,202000,1,24,7,,,,1,
554,s==8|Tầng 554,60554,50001,23504,1,9,50,,,,2,1055,3,1,8,202000,1,25,7,,,,1,
555,s==8|Tầng 555,60555,50001,24504,2,1056,5,,,,2,1055,3,1,8,202000,1,8,7,,,,1,
556,s==8|Tầng 556,60556,50001,24510,1,9,50,,,,2,1055,3,1,8,202000,1,9,2,,,,1,
557,s==8|Tầng 557,60557,50001,21505,1,9,50,,,,2,1055,3,1,8,202000,1,10,7,,,,1,
558,s==8|Tầng 558,60558,50001,22509,1,9,50,,,,2,1055,3,1,8,202000,1,11,7,,,,1,
559,s==8|Tầng 559,60559,50001,21505,1,9,50,,,,2,1055,3,1,8,203000,1,12,7,,,,1,
560,s==8|Tầng 560,60560,50001,24508,2,1056,5,,,,2,1055,3,1,8,203000,1,13,4,,,,1,
561,s==8|Tầng 561,60561,50001,22507,1,9,50,,,,2,1055,3,1,8,203000,1,14,7,,,,1,
562,s==8|Tầng 562,60562,50001,22501,1,9,50,,,,2,1055,3,1,8,203000,1,15,7,,,,1,
563,s==8|Tầng 563,60563,50001,22507,1,9,50,,,,2,1055,3,1,8,203000,1,16,7,,,,1,
564,s==8|Tầng 564,60564,50001,24513,1,9,50,,,,2,1055,3,1,8,203000,1,17,2,,,,1,
565,s==8|Tầng 565,60565,50001,25503,2,1056,5,,,,2,1055,3,1,8,204000,1,18,7,,,,1,
566,s==8|Tầng 566,60566,50001,24510,1,9,50,,,,2,1055,3,1,8,204000,1,19,7,,,,1,
567,s==8|Tầng 567,60567,50001,23503,1,9,50,,,,2,1055,3,1,8,204000,1,20,7,,,,1,
568,s==8|Tầng 568,60568,50001,24508,1,9,50,,,,2,1055,3,1,8,204000,1,21,4,,,,1,
569,s==8|Tầng 569,60569,50001,24506,1,9,50,,,,2,1055,3,1,8,204000,1,22,7,,,,1,
570,s==8|Tầng 570,60570,50001,22509,2,1056,5,,,,2,1055,3,1,8,204000,1,23,7,,,,1,
571,s==8|Tầng 571,60571,50001,21505,1,9,50,,,,2,1055,3,1,8,205000,1,24,7,,,,1,
572,s==8|Tầng 572,60572,50001,25503,1,9,50,,,,2,1055,3,1,8,205000,1,25,2,,,,1,
573,s==8|Tầng 573,60573,50001,21508,1,9,50,,,,2,1055,3,1,8,205000,1,8,7,,,,1,
574,s==8|Tầng 574,60574,50001,25506,1,9,50,,,,2,1055,3,1,8,205000,1,9,7,,,,1,
575,s==8|Tầng 575,60575,50001,24502,2,1056,5,,,,2,1055,3,1,8,205000,1,10,7,,,,1,
576,s==8|Tầng 576,60576,50001,22501,1,9,50,,,,2,1055,3,1,8,205000,1,11,4,,,,1,
577,s==8|Tầng 577,60577,50001,21510,1,9,50,,,,2,1055,3,1,8,206000,1,12,7,,,,1,
578,s==8|Tầng 578,60578,50001,24510,1,9,50,,,,2,1055,3,1,8,206000,1,13,7,,,,1,
579,s==8|Tầng 579,60579,50001,23504,1,9,50,,,,2,1055,3,1,8,206000,1,14,7,,,,1,
580,s==8|Tầng 580,60580,50001,24504,2,1056,5,,,,2,1055,3,1,8,206000,1,15,2,,,,1,
581,s==8|Tầng 581,60581,50001,24510,1,9,50,,,,2,1055,3,1,8,206000,1,16,7,,,,1,
582,s==8|Tầng 582,60582,50001,21505,1,9,50,,,,2,1055,3,1,8,206000,1,17,7,,,,1,
583,s==8|Tầng 583,60583,50001,22509,1,9,50,,,,2,1055,3,1,8,207000,1,18,7,,,,1,
584,s==8|Tầng 584,60584,50001,21505,1,9,50,,,,2,1055,3,1,8,207000,1,19,4,,,,1,
585,s==8|Tầng 585,60585,50001,24508,2,1056,5,,,,2,1055,3,1,8,207000,1,20,7,,,,1,
586,s==8|Tầng 586,60586,50001,22507,1,9,50,,,,2,1055,3,1,8,207000,1,21,7,,,,1,
587,s==8|Tầng 587,60587,50001,22501,1,9,50,,,,2,1055,3,1,8,207000,1,22,7,,,,1,
588,s==8|Tầng 588,60588,50001,22507,1,9,50,,,,2,1055,3,1,8,207000,1,23,2,,,,1,
589,s==8|Tầng 589,60589,50001,24513,1,9,50,,,,2,1055,3,1,8,208000,1,24,7,,,,1,
590,s==8|Tầng 590,60590,50001,25503,2,1056,5,,,,2,1055,3,1,8,208000,1,25,7,,,,1,
591,s==8|Tầng 591,60591,50001,24510,1,9,50,,,,2,1055,3,1,8,208000,1,8,7,,,,1,
592,s==8|Tầng 592,60592,50001,23503,1,9,50,,,,2,1055,3,1,8,208000,1,9,4,,,,1,
593,s==8|Tầng 593,60593,50001,24508,1,9,50,,,,2,1055,3,1,8,208000,1,10,7,,,,1,
594,s==8|Tầng 594,60594,50001,24506,1,9,50,,,,2,1055,3,1,8,208000,1,11,7,,,,1,
595,s==8|Tầng 595,60595,50001,22509,2,1056,5,,,,2,1055,3,1,8,209000,1,12,7,,,,1,
596,s==8|Tầng 596,60596,50001,21505,1,9,50,,,,2,1055,3,1,8,209000,1,13,2,,,,1,
597,s==8|Tầng 597,60597,50001,25503,1,9,50,,,,2,1055,3,1,8,209000,1,14,7,,,,1,
598,s==8|Tầng 598,60598,50001,21508,1,9,50,,,,2,1055,3,1,8,209000,1,15,7,,,,1,
599,s==8|Tầng 599,60599,50001,25506,1,9,50,,,,2,1055,3,1,8,209000,1,16,7,,,,1,
600,s==8|Tầng 600,60600,50001,24502,2,1056,5,,,,2,1055,3,1,8,209000,1,17,4,,,,1,
601,s==8|Tầng 601,60601,50001,22501,1,9,50,,,,2,1055,3,1,8,210000,1,18,7,,,,1,
602,s==8|Tầng 602,60602,50001,21510,1,9,50,,,,2,1055,3,1,8,210000,1,19,7,,,,1,
603,s==8|Tầng 603,60603,50001,24510,1,9,50,,,,2,1055,3,1,8,210000,1,20,7,,,,1,
604,s==8|Tầng 604,60604,50001,23504,1,9,50,,,,2,1055,3,1,8,210000,1,21,2,,,,1,
605,s==8|Tầng 605,60605,50001,24504,2,1056,5,,,,2,1055,3,1,8,210000,1,22,7,,,,1,
606,s==8|Tầng 606,60606,50001,24510,1,9,50,,,,2,1055,3,1,8,210000,1,23,7,,,,1,
607,s==8|Tầng 607,60607,50001,21505,1,9,50,,,,2,1055,3,1,8,211000,1,24,7,,,,1,
608,s==8|Tầng 608,60608,50001,22509,1,9,50,,,,2,1055,3,1,8,211000,1,25,4,,,,1,
609,s==8|Tầng 609,60609,50001,21505,1,9,50,,,,2,1055,3,1,8,211000,1,8,7,,,,1,
610,s==8|Tầng 610,60610,50001,24508,2,1056,5,,,,2,1055,3,1,8,211000,1,9,7,,,,1,
611,s==8|Tầng 611,60611,50001,22507,1,9,50,,,,2,1055,3,1,8,211000,1,10,7,,,,1,
612,s==8|Tầng 612,60612,50001,22501,1,9,50,,,,2,1055,3,1,8,211000,1,11,2,,,,1,
613,s==8|Tầng 613,60613,50001,22507,1,9,50,,,,2,1055,3,1,8,212000,1,12,7,,,,1,
614,s==8|Tầng 614,60614,50001,24513,1,9,50,,,,2,1055,3,1,8,212000,1,13,7,,,,1,
615,s==8|Tầng 615,60615,50001,25503,2,1056,5,,,,2,1055,3,1,8,212000,1,14,7,,,,1,
616,s==8|Tầng 616,60616,50001,24510,1,9,50,,,,2,1055,3,1,8,212000,1,15,4,,,,1,
617,s==8|Tầng 617,60617,50001,23503,1,9,50,,,,2,1055,3,1,8,212000,1,16,7,,,,1,
618,s==8|Tầng 618,60618,50001,24508,1,9,50,,,,2,1055,3,1,8,212000,1,17,7,,,,1,
619,s==8|Tầng 619,60619,50001,24506,1,9,50,,,,2,1055,3,1,8,213000,1,18,7,,,,1,
620,s==8|Tầng 620,60620,50001,22509,2,1056,5,,,,2,1055,3,1,8,213000,1,19,2,,,,1,
621,s==8|Tầng 621,60621,50001,21505,1,9,50,,,,2,1055,3,1,8,213000,1,20,7,,,,1,
622,s==8|Tầng 622,60622,50001,25503,1,9,50,,,,2,1055,3,1,8,213000,1,21,7,,,,1,
623,s==8|Tầng 623,60623,50001,21508,1,9,50,,,,2,1055,3,1,8,213000,1,22,7,,,,1,
624,s==8|Tầng 624,60624,50001,25506,1,9,50,,,,2,1055,3,1,8,213000,1,23,4,,,,1,
625,s==8|Tầng 625,60625,50001,24502,2,1056,5,,,,2,1055,3,1,8,214000,1,24,7,,,,1,
626,s==8|Tầng 626,60626,50001,22501,1,9,50,,,,2,1055,3,1,8,214000,1,25,7,,,,1,
627,s==8|Tầng 627,60627,50001,21510,1,9,50,,,,2,1055,3,1,8,214000,1,8,7,,,,1,
628,s==8|Tầng 628,60628,50001,24510,1,9,50,,,,2,1055,3,1,8,214000,1,9,2,,,,1,
629,s==8|Tầng 629,60629,50001,23504,1,9,50,,,,2,1055,3,1,8,214000,1,10,7,,,,1,
630,s==8|Tầng 630,60630,50001,24504,2,1056,5,,,,2,1055,3,1,8,214000,1,11,7,,,,1,
631,s==8|Tầng 631,60631,50001,24510,1,9,50,,,,2,1055,3,1,8,215000,1,12,7,,,,1,
632,s==8|Tầng 632,60632,50001,21505,1,9,50,,,,2,1055,3,1,8,215000,1,13,4,,,,1,
633,s==8|Tầng 633,60633,50001,22509,1,9,50,,,,2,1055,3,1,8,215000,1,14,7,,,,1,
634,s==8|Tầng 634,60634,50001,21505,1,9,50,,,,2,1055,3,1,8,215000,1,15,7,,,,1,
635,s==8|Tầng 635,60635,50001,24508,2,1056,5,,,,2,1055,3,1,8,215000,1,16,7,,,,1,
636,s==8|Tầng 636,60636,50001,22507,1,9,50,,,,2,1055,3,1,8,215000,1,17,2,,,,1,
637,s==8|Tầng 637,60637,50001,22501,1,9,50,,,,2,1055,3,1,8,216000,1,18,7,,,,1,
638,s==8|Tầng 638,60638,50001,22507,1,9,50,,,,2,1055,3,1,8,216000,1,19,7,,,,1,
639,s==8|Tầng 639,60639,50001,24513,1,9,50,,,,2,1055,3,1,8,216000,1,20,7,,,,1,
640,s==8|Tầng 640,60640,50001,25503,2,1056,5,,,,2,1055,3,1,8,216000,1,21,4,,,,1,
641,s==8|Tầng 641,60641,50001,24510,1,9,50,,,,2,1055,3,1,8,216000,1,22,7,,,,1,
642,s==8|Tầng 642,60642,50001,23503,1,9,50,,,,2,1055,3,1,8,216000,1,23,7,,,,1,
643,s==8|Tầng 643,60643,50001,24508,1,9,50,,,,2,1055,3,1,8,217000,1,24,7,,,,1,
644,s==8|Tầng 644,60644,50001,24506,1,9,50,,,,2,1055,3,1,8,217000,1,25,2,,,,1,
645,s==8|Tầng 645,60645,50001,22509,2,1056,5,,,,2,1055,3,1,8,217000,1,8,7,,,,1,
646,s==8|Tầng 646,60646,50001,21505,1,9,50,,,,2,1055,3,1,8,217000,1,9,7,,,,1,
647,s==8|Tầng 647,60647,50001,25503,1,9,50,,,,2,1055,3,1,8,217000,1,10,7,,,,1,
648,s==8|Tầng 648,60648,50001,21508,1,9,50,,,,2,1055,3,1,8,217000,1,11,4,,,,1,
649,s==8|Tầng 649,60649,50001,25506,1,9,50,,,,2,1055,3,1,8,218000,1,12,7,,,,1,
650,s==8|Tầng 650,60650,50001,24502,2,1056,5,,,,2,1055,3,1,8,218000,1,13,7,,,,1,
651,s==8|Tầng 651,60651,50001,22501,1,9,50,,,,2,1055,3,1,8,218000,1,14,7,,,,1,
652,s==8|Tầng 652,60652,50001,21510,1,9,50,,,,2,1055,3,1,8,218000,1,15,2,,,,1,
653,s==8|Tầng 653,60653,50001,24510,1,9,50,,,,2,1055,3,1,8,218000,1,16,7,,,,1,
654,s==8|Tầng 654,60654,50001,23504,1,9,50,,,,2,1055,3,1,8,218000,1,17,7,,,,1,
655,s==8|Tầng 655,60655,50001,24504,2,1056,5,,,,2,1055,3,1,8,219000,1,18,7,,,,1,
656,s==8|Tầng 656,60656,50001,24510,1,9,50,,,,2,1055,3,1,8,219000,1,19,4,,,,1,
657,s==8|Tầng 657,60657,50001,21505,1,9,50,,,,2,1055,3,1,8,219000,1,20,7,,,,1,
658,s==8|Tầng 658,60658,50001,22509,1,9,50,,,,2,1055,3,1,8,219000,1,21,7,,,,1,
659,s==8|Tầng 659,60659,50001,21505,1,9,50,,,,2,1055,3,1,8,219000,1,22,7,,,,1,
660,s==8|Tầng 660,60660,50001,24508,2,1056,5,,,,2,1055,3,1,8,219000,1,23,2,,,,1,
661,s==8|Tầng 661,60661,50001,22507,1,9,50,,,,2,1055,3,1,8,220000,1,24,7,,,,1,
662,s==8|Tầng 662,60662,50001,22501,1,9,50,,,,2,1055,3,1,8,220000,1,25,7,,,,1,
663,s==8|Tầng 663,60663,50001,22507,1,9,50,,,,2,1055,3,1,8,220000,1,8,7,,,,1,
664,s==8|Tầng 664,60664,50001,24513,1,9,50,,,,2,1055,3,1,8,220000,1,9,4,,,,1,
665,s==8|Tầng 665,60665,50001,25503,2,1056,5,,,,2,1055,3,1,8,220000,1,10,7,,,,1,
666,s==8|Tầng 666,60666,50001,24510,1,9,50,,,,2,1055,3,1,8,220000,1,11,7,,,,1,
667,s==8|Tầng 667,60667,50001,23503,1,9,50,,,,2,1055,3,1,8,221000,1,12,7,,,,1,
668,s==8|Tầng 668,60668,50001,24508,1,9,50,,,,2,1055,3,1,8,221000,1,13,2,,,,1,
669,s==8|Tầng 669,60669,50001,24506,1,9,50,,,,2,1055,3,1,8,221000,1,14,7,,,,1,
670,s==8|Tầng 670,60670,50001,22509,2,1056,5,,,,2,1055,3,1,8,221000,1,15,7,,,,1,
671,s==8|Tầng 671,60671,50001,21505,1,9,50,,,,2,1055,3,1,8,221000,1,16,7,,,,1,
672,s==8|Tầng 672,60672,50001,25503,1,9,50,,,,2,1055,3,1,8,221000,1,17,4,,,,1,
673,s==8|Tầng 673,60673,50001,21508,1,9,50,,,,2,1055,3,1,8,222000,1,18,7,,,,1,
674,s==8|Tầng 674,60674,50001,25506,1,9,50,,,,2,1055,3,1,8,222000,1,19,7,,,,1,
675,s==8|Tầng 675,60675,50001,24502,2,1056,5,,,,2,1055,3,1,8,222000,1,20,7,,,,1,
676,s==8|Tầng 676,60676,50001,22501,1,9,50,,,,2,1055,3,1,8,222000,1,21,2,,,,1,
677,s==8|Tầng 677,60677,50001,21510,1,9,50,,,,2,1055,3,1,8,222000,1,22,7,,,,1,
678,s==8|Tầng 678,60678,50001,24510,1,9,50,,,,2,1055,3,1,8,222000,1,23,7,,,,1,
679,s==8|Tầng 679,60679,50001,23504,1,9,50,,,,2,1055,3,1,8,223000,1,24,7,,,,1,
680,s==8|Tầng 680,60680,50001,24504,2,1056,5,,,,2,1055,3,1,8,223000,1,25,4,,,,1,
681,s==8|Tầng 681,60681,50001,24510,1,9,50,,,,2,1055,3,1,8,223000,1,8,7,,,,1,
682,s==8|Tầng 682,60682,50001,21505,1,9,50,,,,2,1055,3,1,8,223000,1,9,7,,,,1,
683,s==8|Tầng 683,60683,50001,22509,1,9,50,,,,2,1055,3,1,8,223000,1,10,7,,,,1,
684,s==8|Tầng 684,60684,50001,21505,1,9,50,,,,2,1055,3,1,8,223000,1,11,2,,,,1,
685,s==8|Tầng 685,60685,50001,24508,2,1056,5,,,,2,1055,3,1,8,224000,1,12,7,,,,1,
686,s==8|Tầng 686,60686,50001,22507,1,9,50,,,,2,1055,3,1,8,224000,1,13,7,,,,1,
687,s==8|Tầng 687,60687,50001,22501,1,9,50,,,,2,1055,3,1,8,224000,1,14,7,,,,1,
688,s==8|Tầng 688,60688,50001,22507,1,9,50,,,,2,1055,3,1,8,224000,1,15,4,,,,1,
689,s==8|Tầng 689,60689,50001,24513,1,9,50,,,,2,1055,3,1,8,224000,1,16,7,,,,1,
690,s==8|Tầng 690,60690,50001,25503,2,1056,5,,,,2,1055,3,1,8,224000,1,17,7,,,,1,
691,s==8|Tầng 691,60691,50001,24510,1,9,50,,,,2,1055,3,1,8,225000,1,18,7,,,,1,
692,s==8|Tầng 692,60692,50001,23503,1,9,50,,,,2,1055,3,1,8,225000,1,19,2,,,,1,
693,s==8|Tầng 693,60693,50001,24508,1,9,50,,,,2,1055,3,1,8,225000,1,20,7,,,,1,
694,s==8|Tầng 694,60694,50001,24506,1,9,50,,,,2,1055,3,1,8,225000,1,21,7,,,,1,
695,s==8|Tầng 695,60695,50001,22509,2,1056,5,,,,2,1055,3,1,8,225000,1,22,7,,,,1,
696,s==8|Tầng 696,60696,50001,21505,1,9,50,,,,2,1055,3,1,8,225000,1,23,4,,,,1,
697,s==8|Tầng 697,60697,50001,25503,1,9,50,,,,2,1055,3,1,8,226000,1,24,7,,,,1,
698,s==8|Tầng 698,60698,50001,21508,1,9,50,,,,2,1055,3,1,8,226000,1,25,7,,,,1,
699,s==8|Tầng 699,60699,50001,25506,1,9,50,,,,2,1055,3,1,8,226000,1,8,7,,,,1,
700,s==8|Tầng 700,60700,50001,24502,2,1056,5,,,,2,1055,3,1,8,226000,1,9,2,,,,1,
701,s==8|Tầng 701,60701,50001,22501,1,9,50,,,,2,1055,3,1,8,226000,1,10,7,,,,1,
702,s==8|Tầng 702,60702,50001,21510,1,9,50,,,,2,1055,3,1,8,226000,1,11,7,,,,1,
703,s==8|Tầng 703,60703,50001,24510,1,9,50,,,,2,1055,3,1,8,227000,1,12,7,,,,1,
704,s==8|Tầng 704,60704,50001,23504,1,9,50,,,,2,1055,3,1,8,227000,1,13,4,,,,1,
705,s==8|Tầng 705,60705,50001,24504,2,1056,5,,,,2,1055,3,1,8,227000,1,14,7,,,,1,
706,s==8|Tầng 706,60706,50001,24510,1,9,50,,,,2,1055,3,1,8,227000,1,15,7,,,,1,
707,s==8|Tầng 707,60707,50001,21505,1,9,50,,,,2,1055,3,1,8,227000,1,16,7,,,,1,
708,s==8|Tầng 708,60708,50001,22509,1,9,50,,,,2,1055,3,1,8,227000,1,17,2,,,,1,
709,s==8|Tầng 709,60709,50001,21505,1,9,50,,,,2,1055,3,1,8,228000,1,18,7,,,,1,
710,s==8|Tầng 710,60710,50001,24508,2,1056,5,,,,2,1055,3,1,8,228000,1,19,7,,,,1,
711,s==8|Tầng 711,60711,50001,22507,1,9,50,,,,2,1055,3,1,8,228000,1,20,7,,,,1,
712,s==8|Tầng 712,60712,50001,22501,1,9,50,,,,2,1055,3,1,8,228000,1,21,4,,,,1,
713,s==8|Tầng 713,60713,50001,22507,1,9,50,,,,2,1055,3,1,8,228000,1,22,7,,,,1,
714,s==8|Tầng 714,60714,50001,24513,1,9,50,,,,2,1055,3,1,8,228000,1,23,7,,,,1,
715,s==8|Tầng 715,60715,50001,25503,2,1056,5,,,,2,1055,3,1,8,229000,1,24,7,,,,1,
716,s==8|Tầng 716,60716,50001,24510,1,9,50,,,,2,1055,3,1,8,229000,1,25,2,,,,1,
717,s==8|Tầng 717,60717,50001,23503,1,9,50,,,,2,1055,3,1,8,229000,1,8,7,,,,1,
718,s==8|Tầng 718,60718,50001,24508,1,9,50,,,,2,1055,3,1,8,229000,1,9,7,,,,1,
719,s==8|Tầng 719,60719,50001,24506,1,9,50,,,,2,1055,3,1,8,229000,1,10,7,,,,1,
720,s==8|Tầng 720,60720,50001,22509,2,1056,5,,,,2,1055,3,1,8,229000,1,11,4,,,,1,
721,s==8|Tầng 721,60721,50001,21505,1,9,50,,,,2,1055,3,1,8,230000,1,12,7,,,,1,
722,s==8|Tầng 722,60722,50001,25503,1,9,50,,,,2,1055,3,1,8,230000,1,13,7,,,,1,
723,s==8|Tầng 723,60723,50001,21508,1,9,50,,,,2,1055,3,1,8,230000,1,14,7,,,,1,
724,s==8|Tầng 724,60724,50001,25506,1,9,50,,,,2,1055,3,1,8,230000,1,15,2,,,,1,
725,s==8|Tầng 725,60725,50001,24502,2,1056,5,,,,2,1055,3,1,8,230000,1,16,7,,,,1,
726,s==8|Tầng 726,60726,50001,22501,1,9,50,,,,2,1055,3,1,8,230000,1,17,7,,,,1,
727,s==8|Tầng 727,60727,50001,21510,1,9,50,,,,2,1055,3,1,8,231000,1,18,7,,,,1,
728,s==8|Tầng 728,60728,50001,24510,1,9,50,,,,2,1055,3,1,8,231000,1,19,4,,,,1,
729,s==8|Tầng 729,60729,50001,23504,1,9,50,,,,2,1055,3,1,8,231000,1,20,7,,,,1,
730,s==8|Tầng 730,60730,50001,24504,2,1056,5,,,,2,1055,3,1,8,231000,1,21,7,,,,1,
731,s==8|Tầng 731,60731,50001,24510,1,9,50,,,,2,1055,3,1,8,231000,1,22,7,,,,1,
732,s==8|Tầng 732,60732,50001,21505,1,9,50,,,,2,1055,3,1,8,231000,1,23,2,,,,1,
733,s==8|Tầng 733,60733,50001,22509,1,9,50,,,,2,1055,3,1,8,232000,1,24,7,,,,1,
734,s==8|Tầng 734,60734,50001,21505,1,9,50,,,,2,1055,3,1,8,232000,1,25,7,,,,1,
735,s==8|Tầng 735,60735,50001,24508,2,1056,5,,,,2,1055,3,1,8,232000,1,8,7,,,,1,
736,s==8|Tầng 736,60736,50001,22507,1,9,50,,,,2,1055,3,1,8,232000,1,9,4,,,,1,
737,s==8|Tầng 737,60737,50001,22501,1,9,50,,,,2,1055,3,1,8,232000,1,10,7,,,,1,
738,s==8|Tầng 738,60738,50001,22507,1,9,50,,,,2,1055,3,1,8,232000,1,11,7,,,,1,
739,s==8|Tầng 739,60739,50001,24513,1,9,50,,,,2,1055,3,1,8,233000,1,12,7,,,,1,
740,s==8|Tầng 740,60740,50001,25503,2,1056,5,,,,2,1055,3,1,8,233000,1,13,2,,,,1,
741,s==8|Tầng 741,60741,50001,24510,1,9,50,,,,2,1055,3,1,8,233000,1,14,7,,,,1,
742,s==8|Tầng 742,60742,50001,23503,1,9,50,,,,2,1055,3,1,8,233000,1,15,7,,,,1,
743,s==8|Tầng 743,60743,50001,24508,1,9,50,,,,2,1055,3,1,8,233000,1,16,7,,,,1,
744,s==8|Tầng 744,60744,50001,24506,1,9,50,,,,2,1055,3,1,8,233000,1,17,4,,,,1,
745,s==8|Tầng 745,60745,50001,22509,2,1056,5,,,,2,1055,3,1,8,234000,1,18,7,,,,1,
746,s==8|Tầng 746,60746,50001,21505,1,9,50,,,,2,1055,3,1,8,234000,1,19,7,,,,1,
747,s==8|Tầng 747,60747,50001,25503,1,9,50,,,,2,1055,3,1,8,234000,1,20,7,,,,1,
748,s==8|Tầng 748,60748,50001,21508,1,9,50,,,,2,1055,3,1,8,234000,1,21,2,,,,1,
749,s==8|Tầng 749,60749,50001,25506,1,9,50,,,,2,1055,3,1,8,234000,1,22,7,,,,1,
750,s==8|Tầng 750,60750,50001,24502,2,1056,5,,,,2,1055,3,1,8,234000,1,23,7,,,,1,
751,s==8|Tầng 751,60751,50001,22501,1,9,50,,,,2,1055,3,1,8,235000,1,24,7,,,,1,
752,s==8|Tầng 752,60752,50001,21510,1,9,50,,,,2,1055,3,1,8,235000,1,25,4,,,,1,
753,s==8|Tầng 753,60753,50001,24510,1,9,50,,,,2,1055,3,1,8,235000,1,8,7,,,,1,
754,s==8|Tầng 754,60754,50001,23504,1,9,50,,,,2,1055,3,1,8,235000,1,9,7,,,,1,
755,s==8|Tầng 755,60755,50001,24504,2,1056,5,,,,2,1055,3,1,8,235000,1,10,7,,,,1,
756,s==8|Tầng 756,60756,50001,24510,1,9,50,,,,2,1055,3,1,8,235000,1,11,2,,,,1,
757,s==8|Tầng 757,60757,50001,21505,1,9,50,,,,2,1055,3,1,8,236000,1,12,7,,,,1,
758,s==8|Tầng 758,60758,50001,22509,1,9,50,,,,2,1055,3,1,8,236000,1,13,7,,,,1,
759,s==8|Tầng 759,60759,50001,21505,1,9,50,,,,2,1055,3,1,8,236000,1,14,7,,,,1,
760,s==8|Tầng 760,60760,50001,24508,2,1056,5,,,,2,1055,3,1,8,236000,1,15,4,,,,1,
761,s==8|Tầng 761,60761,50001,22507,1,9,50,,,,2,1055,3,1,8,236000,1,16,7,,,,1,
762,s==8|Tầng 762,60762,50001,22501,1,9,50,,,,2,1055,3,1,8,236000,1,17,7,,,,1,
763,s==8|Tầng 763,60763,50001,22507,1,9,50,,,,2,1055,3,1,8,237000,1,18,7,,,,1,
764,s==8|Tầng 764,60764,50001,24513,1,9,50,,,,2,1055,3,1,8,237000,1,19,2,,,,1,
765,s==8|Tầng 765,60765,50001,25503,2,1056,5,,,,2,1055,3,1,8,237000,1,20,7,,,,1,
766,s==8|Tầng 766,60766,50001,24510,1,9,50,,,,2,1055,3,1,8,237000,1,21,7,,,,1,
767,s==8|Tầng 767,60767,50001,23503,1,9,50,,,,2,1055,3,1,8,237000,1,22,7,,,,1,
768,s==8|Tầng 768,60768,50001,24508,1,9,50,,,,2,1055,3,1,8,237000,1,23,4,,,,1,
769,s==8|Tầng 769,60769,50001,24506,1,9,50,,,,2,1055,3,1,8,238000,1,24,7,,,,1,
770,s==8|Tầng 770,60770,50001,22509,2,1056,5,,,,2,1055,3,1,8,238000,1,25,7,,,,1,
771,s==8|Tầng 771,60771,50001,21505,1,9,50,,,,2,1055,3,1,8,238000,1,8,7,,,,1,
772,s==8|Tầng 772,60772,50001,25503,1,9,50,,,,2,1055,3,1,8,238000,1,9,2,,,,1,
773,s==8|Tầng 773,60773,50001,21508,1,9,50,,,,2,1055,3,1,8,238000,1,10,7,,,,1,
774,s==8|Tầng 774,60774,50001,25506,1,9,50,,,,2,1055,3,1,8,238000,1,11,7,,,,1,
775,s==8|Tầng 775,60775,50001,24502,2,1056,5,,,,2,1055,3,1,8,239000,1,12,7,,,,1,
776,s==8|Tầng 776,60776,50001,22501,1,9,50,,,,2,1055,3,1,8,239000,1,13,4,,,,1,
777,s==8|Tầng 777,60777,50001,21510,1,9,50,,,,2,1055,3,1,8,239000,1,14,7,,,,1,
778,s==8|Tầng 778,60778,50001,24510,1,9,50,,,,2,1055,3,1,8,239000,1,15,7,,,,1,
779,s==8|Tầng 779,60779,50001,23504,1,9,50,,,,2,1055,3,1,8,239000,1,16,7,,,,1,
780,s==8|Tầng 780,60780,50001,24504,2,1056,5,,,,2,1055,3,1,8,239000,1,17,2,,,,1,
781,s==8|Tầng 781,60781,50001,24510,1,9,50,,,,2,1055,3,1,8,240000,1,18,7,,,,1,
782,s==8|Tầng 782,60782,50001,21505,1,9,50,,,,2,1055,3,1,8,240000,1,19,7,,,,1,
783,s==8|Tầng 783,60783,50001,22509,1,9,50,,,,2,1055,3,1,8,240000,1,20,7,,,,1,
784,s==8|Tầng 784,60784,50001,21505,1,9,50,,,,2,1055,3,1,8,240000,1,21,4,,,,1,
785,s==8|Tầng 785,60785,50001,24508,2,1056,5,,,,2,1055,3,1,8,240000,1,22,7,,,,1,
786,s==8|Tầng 786,60786,50001,22507,1,9,50,,,,2,1055,3,1,8,240000,1,23,7,,,,1,
787,s==8|Tầng 787,60787,50001,22501,1,9,50,,,,2,1055,3,1,8,241000,1,24,7,,,,1,
788,s==8|Tầng 788,60788,50001,22507,1,9,50,,,,2,1055,3,1,8,241000,1,25,2,,,,1,
789,s==8|Tầng 789,60789,50001,24513,1,9,50,,,,2,1055,3,1,8,241000,1,8,7,,,,1,
790,s==8|Tầng 790,60790,50001,25503,2,1056,5,,,,2,1055,3,1,8,241000,1,9,7,,,,1,
791,s==8|Tầng 791,60791,50001,24510,1,9,50,,,,2,1055,3,1,8,241000,1,10,7,,,,1,
792,s==8|Tầng 792,60792,50001,23503,1,9,50,,,,2,1055,3,1,8,241000,1,11,4,,,,1,
793,s==8|Tầng 793,60793,50001,24508,1,9,50,,,,2,1055,3,1,8,242000,1,12,7,,,,1,
794,s==8|Tầng 794,60794,50001,24506,1,9,50,,,,2,1055,3,1,8,242000,1,13,7,,,,1,
795,s==8|Tầng 795,60795,50001,22509,2,1056,5,,,,2,1055,3,1,8,242000,1,14,7,,,,1,
796,s==8|Tầng 796,60796,50001,21505,1,9,50,,,,2,1055,3,1,8,242000,1,15,2,,,,1,
797,s==8|Tầng 797,60797,50001,25503,1,9,50,,,,2,1055,3,1,8,242000,1,16,7,,,,1,
798,s==8|Tầng 798,60798,50001,21508,1,9,50,,,,2,1055,3,1,8,242000,1,17,7,,,,1,
799,s==8|Tầng 799,60799,50001,25506,1,9,50,,,,2,1055,3,1,8,243000,1,18,7,,,,1,
800,s==8|Tầng 800,60800,50001,24502,2,1056,5,,,,2,1055,3,1,8,243000,1,19,4,,,,1,
801,s==8|Tầng 801,60801,50001,22501,1,9,50,,,,2,1055,3,1,8,243000,1,20,7,,,,1,
802,s==8|Tầng 802,60802,50001,21510,1,9,50,,,,2,1055,3,1,8,243000,1,21,7,,,,1,
803,s==8|Tầng 803,60803,50001,24510,1,9,50,,,,2,1055,3,1,8,243000,1,22,7,,,,1,
804,s==8|Tầng 804,60804,50001,23504,1,9,50,,,,2,1055,3,1,8,243000,1,23,2,,,,1,
805,s==8|Tầng 805,60805,50001,24504,2,1056,5,,,,2,1055,3,1,8,244000,1,24,7,,,,1,
806,s==8|Tầng 806,60806,50001,24510,1,9,50,,,,2,1055,3,1,8,244000,1,25,7,,,,1,
807,s==8|Tầng 807,60807,50001,21505,1,9,50,,,,2,1055,3,1,8,244000,1,8,7,,,,1,
808,s==8|Tầng 808,60808,50001,22509,1,9,50,,,,2,1055,3,1,8,244000,1,9,4,,,,1,
809,s==8|Tầng 809,60809,50001,21505,1,9,50,,,,2,1055,3,1,8,244000,1,10,7,,,,1,
810,s==8|Tầng 810,60810,50001,24508,2,1056,5,,,,2,1055,3,1,8,244000,1,11,7,,,,1,
811,s==8|Tầng 811,60811,50001,22507,1,9,50,,,,2,1055,3,1,8,245000,1,12,7,,,,1,
812,s==8|Tầng 812,60812,50001,22501,1,9,50,,,,2,1055,3,1,8,245000,1,13,2,,,,1,
813,s==8|Tầng 813,60813,50001,22507,1,9,50,,,,2,1055,3,1,8,245000,1,14,7,,,,1,
814,s==8|Tầng 814,60814,50001,24513,1,9,50,,,,2,1055,3,1,8,245000,1,15,7,,,,1,
815,s==8|Tầng 815,60815,50001,25503,2,1056,5,,,,2,1055,3,1,8,245000,1,16,7,,,,1,
816,s==8|Tầng 816,60816,50001,24510,1,9,50,,,,2,1055,3,1,8,245000,1,17,4,,,,1,
817,s==8|Tầng 817,60817,50001,23503,1,9,50,,,,2,1055,3,1,8,246000,1,18,7,,,,1,
818,s==8|Tầng 818,60818,50001,24508,1,9,50,,,,2,1055,3,1,8,246000,1,19,7,,,,1,
819,s==8|Tầng 819,60819,50001,24506,1,9,50,,,,2,1055,3,1,8,246000,1,20,7,,,,1,
820,s==8|Tầng 820,60820,50001,22509,2,1056,5,,,,2,1055,3,1,8,246000,1,21,2,,,,1,
821,s==8|Tầng 821,60821,50001,21505,1,9,50,,,,2,1055,3,1,8,246000,1,22,7,,,,1,
822,s==8|Tầng 822,60822,50001,25503,1,9,50,,,,2,1055,3,1,8,246000,1,23,7,,,,1,
823,s==8|Tầng 823,60823,50001,21508,1,9,50,,,,2,1055,3,1,8,247000,1,24,7,,,,1,
824,s==8|Tầng 824,60824,50001,25506,1,9,50,,,,2,1055,3,1,8,247000,1,25,4,,,,1,
825,s==8|Tầng 825,60825,50001,24502,2,1056,5,,,,2,1055,3,1,8,247000,1,8,7,,,,1,
826,s==8|Tầng 826,60826,50001,22501,1,9,50,,,,2,1055,3,1,8,247000,1,9,7,,,,1,
827,s==8|Tầng 827,60827,50001,21510,1,9,50,,,,2,1055,3,1,8,247000,1,10,7,,,,1,
828,s==8|Tầng 828,60828,50001,24510,1,9,50,,,,2,1055,3,1,8,247000,1,11,2,,,,1,
829,s==8|Tầng 829,60829,50001,23504,1,9,50,,,,2,1055,3,1,8,248000,1,12,7,,,,1,
830,s==8|Tầng 830,60830,50001,24504,2,1056,5,,,,2,1055,3,1,8,248000,1,13,7,,,,1,
831,s==8|Tầng 831,60831,50001,24510,1,9,50,,,,2,1055,3,1,8,248000,1,14,7,,,,1,
832,s==8|Tầng 832,60832,50001,21505,1,9,50,,,,2,1055,3,1,8,248000,1,15,4,,,,1,
833,s==8|Tầng 833,60833,50001,22509,1,9,50,,,,2,1055,3,1,8,248000,1,16,7,,,,1,
834,s==8|Tầng 834,60834,50001,21505,1,9,50,,,,2,1055,3,1,8,248000,1,17,7,,,,1,
835,s==8|Tầng 835,60835,50001,24508,2,1056,5,,,,2,1055,3,1,8,249000,1,18,7,,,,1,
836,s==8|Tầng 836,60836,50001,22507,1,9,50,,,,2,1055,3,1,8,249000,1,19,2,,,,1,
837,s==8|Tầng 837,60837,50001,22501,1,9,50,,,,2,1055,3,1,8,249000,1,20,7,,,,1,
838,s==8|Tầng 838,60838,50001,22507,1,9,50,,,,2,1055,3,1,8,249000,1,21,7,,,,1,
839,s==8|Tầng 839,60839,50001,24513,1,9,50,,,,2,1055,3,1,8,249000,1,22,7,,,,1,
840,s==8|Tầng 840,60840,50001,25503,2,1056,5,,,,2,1055,3,1,8,249000,1,23,4,,,,1,
841,s==8|Tầng 841,60841,50001,24510,1,9,50,,,,2,1055,3,1,8,250000,1,24,7,,,,1,
842,s==8|Tầng 842,60842,50001,23503,1,9,50,,,,2,1055,3,1,8,250000,1,25,7,,,,1,
843,s==8|Tầng 843,60843,50001,24508,1,9,50,,,,2,1055,3,1,8,250000,1,8,7,,,,1,
844,s==8|Tầng 844,60844,50001,24506,1,9,50,,,,2,1055,3,1,8,250000,1,9,2,,,,1,
845,s==8|Tầng 845,60845,50001,22509,2,1056,5,,,,2,1055,3,1,8,250000,1,10,7,,,,1,
846,s==8|Tầng 846,60846,50001,21505,1,9,50,,,,2,1055,3,1,8,250000,1,11,7,,,,1,
847,s==8|Tầng 847,60847,50001,25503,1,9,50,,,,2,1055,3,1,8,251000,1,12,7,,,,1,
848,s==8|Tầng 848,60848,50001,21508,1,9,50,,,,2,1055,3,1,8,251000,1,13,4,,,,1,
849,s==8|Tầng 849,60849,50001,25506,1,9,50,,,,2,1055,3,1,8,251000,1,14,7,,,,1,
850,s==8|Tầng 850,60850,50001,24502,2,1056,5,,,,2,1055,3,1,8,251000,1,15,7,,,,1,
851,s==8|Tầng 851,60851,50001,22501,1,9,50,,,,2,1055,3,1,8,251000,1,16,7,,,,1,
852,s==8|Tầng 852,60852,50001,21510,1,9,50,,,,2,1055,3,1,8,251000,1,17,2,,,,1,
853,s==8|Tầng 853,60853,50001,24510,1,9,50,,,,2,1055,3,1,8,252000,1,18,7,,,,1,
854,s==8|Tầng 854,60854,50001,23504,1,9,50,,,,2,1055,3,1,8,252000,1,19,7,,,,1,
855,s==8|Tầng 855,60855,50001,24504,2,1056,5,,,,2,1055,3,1,8,252000,1,20,7,,,,1,
856,s==8|Tầng 856,60856,50001,24510,1,9,50,,,,2,1055,3,1,8,252000,1,21,4,,,,1,
857,s==8|Tầng 857,60857,50001,21505,1,9,50,,,,2,1055,3,1,8,252000,1,22,7,,,,1,
858,s==8|Tầng 858,60858,50001,22509,1,9,50,,,,2,1055,3,1,8,252000,1,23,7,,,,1,
859,s==8|Tầng 859,60859,50001,21505,1,9,50,,,,2,1055,3,1,8,253000,1,24,7,,,,1,
860,s==8|Tầng 860,60860,50001,24508,2,1056,5,,,,2,1055,3,1,8,253000,1,25,2,,,,1,
861,s==8|Tầng 861,60861,50001,22507,1,9,50,,,,2,1055,3,1,8,253000,1,8,7,,,,1,
862,s==8|Tầng 862,60862,50001,22501,1,9,50,,,,2,1055,3,1,8,253000,1,9,7,,,,1,
863,s==8|Tầng 863,60863,50001,22507,1,9,50,,,,2,1055,3,1,8,253000,1,10,7,,,,1,
864,s==8|Tầng 864,60864,50001,24513,1,9,50,,,,2,1055,3,1,8,253000,1,11,4,,,,1,
865,s==8|Tầng 865,60865,50001,25503,2,1056,5,,,,2,1055,3,1,8,254000,1,12,7,,,,1,
866,s==8|Tầng 866,60866,50001,24510,1,9,50,,,,2,1055,3,1,8,254000,1,13,7,,,,1,
867,s==8|Tầng 867,60867,50001,23503,1,9,50,,,,2,1055,3,1,8,254000,1,14,7,,,,1,
868,s==8|Tầng 868,60868,50001,24508,1,9,50,,,,2,1055,3,1,8,254000,1,15,2,,,,1,
869,s==8|Tầng 869,60869,50001,24506,1,9,50,,,,2,1055,3,1,8,254000,1,16,7,,,,1,
870,s==8|Tầng 870,60870,50001,22509,2,1056,5,,,,2,1055,3,1,8,254000,1,17,7,,,,1,
871,s==8|Tầng 871,60871,50001,21505,1,9,50,,,,2,1055,3,1,8,255000,1,18,7,,,,1,
872,s==8|Tầng 872,60872,50001,25503,1,9,50,,,,2,1055,3,1,8,255000,1,19,4,,,,1,
873,s==8|Tầng 873,60873,50001,21508,1,9,50,,,,2,1055,3,1,8,255000,1,20,7,,,,1,
874,s==8|Tầng 874,60874,50001,25506,1,9,50,,,,2,1055,3,1,8,255000,1,21,7,,,,1,
875,s==8|Tầng 875,60875,50001,24502,2,1056,5,,,,2,1055,3,1,8,255000,1,22,7,,,,1,
876,s==8|Tầng 876,60876,50001,22501,1,9,50,,,,2,1055,3,1,8,255000,1,23,2,,,,1,
877,s==8|Tầng 877,60877,50001,21510,1,9,50,,,,2,1055,3,1,8,256000,1,24,7,,,,1,
878,s==8|Tầng 878,60878,50001,24510,1,9,50,,,,2,1055,3,1,8,256000,1,25,7,,,,1,
879,s==8|Tầng 879,60879,50001,23504,1,9,50,,,,2,1055,3,1,8,256000,1,8,7,,,,1,
880,s==8|Tầng 880,60880,50001,24504,2,1056,5,,,,2,1055,3,1,8,256000,1,9,4,,,,1,
881,s==8|Tầng 881,60881,50001,24510,1,9,50,,,,2,1055,3,1,8,256000,1,10,7,,,,1,
882,s==8|Tầng 882,60882,50001,21505,1,9,50,,,,2,1055,3,1,8,256000,1,11,7,,,,1,
883,s==8|Tầng 883,60883,50001,22509,1,9,50,,,,2,1055,3,1,8,257000,1,12,7,,,,1,
884,s==8|Tầng 884,60884,50001,21505,1,9,50,,,,2,1055,3,1,8,257000,1,13,2,,,,1,
885,s==8|Tầng 885,60885,50001,24508,2,1056,5,,,,2,1055,3,1,8,257000,1,14,7,,,,1,
886,s==8|Tầng 886,60886,50001,22507,1,9,50,,,,2,1055,3,1,8,257000,1,15,7,,,,1,
887,s==8|Tầng 887,60887,50001,22501,1,9,50,,,,2,1055,3,1,8,257000,1,16,7,,,,1,
888,s==8|Tầng 888,60888,50001,22507,1,9,50,,,,2,1055,3,1,8,257000,1,17,4,,,,1,
889,s==8|Tầng 889,60889,50001,24513,1,9,50,,,,2,1055,3,1,8,258000,1,18,7,,,,1,
890,s==8|Tầng 890,60890,50001,25503,2,1056,5,,,,2,1055,3,1,8,258000,1,19,7,,,,1,
891,s==8|Tầng 891,60891,50001,24510,1,9,50,,,,2,1055,3,1,8,258000,1,20,7,,,,1,
892,s==8|Tầng 892,60892,50001,23503,1,9,50,,,,2,1055,3,1,8,258000,1,21,2,,,,1,
893,s==8|Tầng 893,60893,50001,24508,1,9,50,,,,2,1055,3,1,8,258000,1,22,7,,,,1,
894,s==8|Tầng 894,60894,50001,24506,1,9,50,,,,2,1055,3,1,8,258000,1,23,7,,,,1,
895,s==8|Tầng 895,60895,50001,22509,2,1056,5,,,,2,1055,3,1,8,259000,1,24,7,,,,1,
896,s==8|Tầng 896,60896,50001,21505,1,9,50,,,,2,1055,3,1,8,259000,1,25,4,,,,1,
897,s==8|Tầng 897,60897,50001,25503,1,9,50,,,,2,1055,3,1,8,259000,1,8,7,,,,1,
898,s==8|Tầng 898,60898,50001,21508,1,9,50,,,,2,1055,3,1,8,259000,1,9,7,,,,1,
899,s==8|Tầng 899,60899,50001,25506,1,9,50,,,,2,1055,3,1,8,259000,1,10,7,,,,1,
900,s==8|Tầng 900,60900,50001,24502,2,1056,5,,,,2,1055,3,1,8,259000,1,11,2,,,,1,
901,s==8|Tầng 901,60901,50001,22501,1,9,50,,,,2,1055,3,1,8,260000,1,12,7,,,,1,
902,s==8|Tầng 902,60902,50001,21510,1,9,50,,,,2,1055,3,1,8,260000,1,13,7,,,,1,
903,s==8|Tầng 903,60903,50001,24510,1,9,50,,,,2,1055,3,1,8,260000,1,14,7,,,,1,
904,s==8|Tầng 904,60904,50001,23504,1,9,50,,,,2,1055,3,1,8,260000,1,15,4,,,,1,
905,s==8|Tầng 905,60905,50001,24504,2,1056,5,,,,2,1055,3,1,8,260000,1,16,7,,,,1,
906,s==8|Tầng 906,60906,50001,24510,1,9,50,,,,2,1055,3,1,8,260000,1,17,7,,,,1,
907,s==8|Tầng 907,60907,50001,21505,1,9,50,,,,2,1055,3,1,8,261000,1,18,7,,,,1,
908,s==8|Tầng 908,60908,50001,22509,1,9,50,,,,2,1055,3,1,8,261000,1,19,2,,,,1,
909,s==8|Tầng 909,60909,50001,21505,1,9,50,,,,2,1055,3,1,8,261000,1,20,7,,,,1,
910,s==8|Tầng 910,60910,50001,24508,2,1056,5,,,,2,1055,3,1,8,261000,1,21,7,,,,1,
911,s==8|Tầng 911,60911,50001,22507,1,9,50,,,,2,1055,3,1,8,261000,1,22,7,,,,1,
912,s==8|Tầng 912,60912,50001,22501,1,9,50,,,,2,1055,3,1,8,261000,1,23,4,,,,1,
913,s==8|Tầng 913,60913,50001,22507,1,9,50,,,,2,1055,3,1,8,262000,1,24,7,,,,1,
914,s==8|Tầng 914,60914,50001,24513,1,9,50,,,,2,1055,3,1,8,262000,1,25,7,,,,1,
915,s==8|Tầng 915,60915,50001,25503,2,1056,5,,,,2,1055,3,1,8,262000,1,8,7,,,,1,
916,s==8|Tầng 916,60916,50001,24510,1,9,50,,,,2,1055,3,1,8,262000,1,9,2,,,,1,
917,s==8|Tầng 917,60917,50001,23503,1,9,50,,,,2,1055,3,1,8,262000,1,10,7,,,,1,
918,s==8|Tầng 918,60918,50001,24508,1,9,50,,,,2,1055,3,1,8,262000,1,11,7,,,,1,
919,s==8|Tầng 919,60919,50001,24506,1,9,50,,,,2,1055,3,1,8,263000,1,12,7,,,,1,
920,s==8|Tầng 920,60920,50001,22509,2,1056,5,,,,2,1055,3,1,8,263000,1,13,4,,,,1,
921,s==8|Tầng 921,60921,50001,21505,1,9,50,,,,2,1055,3,1,8,263000,1,14,7,,,,1,
922,s==8|Tầng 922,60922,50001,25503,1,9,50,,,,2,1055,3,1,8,263000,1,15,7,,,,1,
923,s==8|Tầng 923,60923,50001,21508,1,9,50,,,,2,1055,3,1,8,263000,1,16,7,,,,1,
924,s==8|Tầng 924,60924,50001,25506,1,9,50,,,,2,1055,3,1,8,263000,1,17,2,,,,1,
925,s==8|Tầng 925,60925,50001,24502,2,1056,5,,,,2,1055,3,1,8,264000,1,18,7,,,,1,
926,s==8|Tầng 926,60926,50001,22501,1,9,50,,,,2,1055,3,1,8,264000,1,19,7,,,,1,
927,s==8|Tầng 927,60927,50001,21510,1,9,50,,,,2,1055,3,1,8,264000,1,20,7,,,,1,
928,s==8|Tầng 928,60928,50001,24510,1,9,50,,,,2,1055,3,1,8,264000,1,21,4,,,,1,
929,s==8|Tầng 929,60929,50001,23504,1,9,50,,,,2,1055,3,1,8,264000,1,22,7,,,,1,
930,s==8|Tầng 930,60930,50001,24504,2,1056,5,,,,2,1055,3,1,8,264000,1,23,7,,,,1,
931,s==8|Tầng 931,60931,50001,24510,1,9,50,,,,2,1055,3,1,8,265000,1,24,7,,,,1,
932,s==8|Tầng 932,60932,50001,21505,1,9,50,,,,2,1055,3,1,8,265000,1,25,2,,,,1,
933,s==8|Tầng 933,60933,50001,22509,1,9,50,,,,2,1055,3,1,8,265000,1,8,7,,,,1,
934,s==8|Tầng 934,60934,50001,21505,1,9,50,,,,2,1055,3,1,8,265000,1,9,7,,,,1,
935,s==8|Tầng 935,60935,50001,24508,2,1056,5,,,,2,1055,3,1,8,265000,1,10,7,,,,1,
936,s==8|Tầng 936,60936,50001,22507,1,9,50,,,,2,1055,3,1,8,265000,1,11,4,,,,1,
937,s==8|Tầng 937,60937,50001,22501,1,9,50,,,,2,1055,3,1,8,266000,1,12,7,,,,1,
938,s==8|Tầng 938,60938,50001,22507,1,9,50,,,,2,1055,3,1,8,266000,1,13,7,,,,1,
939,s==8|Tầng 939,60939,50001,24513,1,9,50,,,,2,1055,3,1,8,266000,1,14,7,,,,1,
940,s==8|Tầng 940,60940,50001,25503,2,1056,5,,,,2,1055,3,1,8,266000,1,15,2,,,,1,
941,s==8|Tầng 941,60941,50001,24510,1,9,50,,,,2,1055,3,1,8,266000,1,16,7,,,,1,
942,s==8|Tầng 942,60942,50001,23503,1,9,50,,,,2,1055,3,1,8,266000,1,17,7,,,,1,
943,s==8|Tầng 943,60943,50001,24508,1,9,50,,,,2,1055,3,1,8,267000,1,18,7,,,,1,
944,s==8|Tầng 944,60944,50001,24506,1,9,50,,,,2,1055,3,1,8,267000,1,19,4,,,,1,
945,s==8|Tầng 945,60945,50001,22509,2,1056,5,,,,2,1055,3,1,8,267000,1,20,7,,,,1,
946,s==8|Tầng 946,60946,50001,21505,1,9,50,,,,2,1055,3,1,8,267000,1,21,7,,,,1,
947,s==8|Tầng 947,60947,50001,25503,1,9,50,,,,2,1055,3,1,8,267000,1,22,7,,,,1,
948,s==8|Tầng 948,60948,50001,21508,1,9,50,,,,2,1055,3,1,8,267000,1,23,2,,,,1,
949,s==8|Tầng 949,60949,50001,25506,1,9,50,,,,2,1055,3,1,8,268000,1,24,7,,,,1,
950,s==8|Tầng 950,60950,50001,24502,2,1056,5,,,,2,1055,3,1,8,268000,1,25,7,,,,1,
951,s==8|Tầng 951,60951,50001,22501,1,9,50,,,,2,1055,3,1,8,268000,1,8,7,,,,1,
952,s==8|Tầng 952,60952,50001,21510,1,9,50,,,,2,1055,3,1,8,268000,1,9,4,,,,1,
953,s==8|Tầng 953,60953,50001,24510,1,9,50,,,,2,1055,3,1,8,268000,1,10,7,,,,1,
954,s==8|Tầng 954,60954,50001,23504,1,9,50,,,,2,1055,3,1,8,268000,1,11,7,,,,1,
955,s==8|Tầng 955,60955,50001,24504,2,1056,5,,,,2,1055,3,1,8,269000,1,12,7,,,,1,
956,s==8|Tầng 956,60956,50001,24510,1,9,50,,,,2,1055,3,1,8,269000,1,13,2,,,,1,
957,s==8|Tầng 957,60957,50001,21505,1,9,50,,,,2,1055,3,1,8,269000,1,14,7,,,,1,
958,s==8|Tầng 958,60958,50001,22509,1,9,50,,,,2,1055,3,1,8,269000,1,15,7,,,,1,
959,s==8|Tầng 959,60959,50001,21505,1,9,50,,,,2,1055,3,1,8,269000,1,16,7,,,,1,
960,s==8|Tầng 960,60960,50001,24508,2,1056,5,,,,2,1055,3,1,8,269000,1,17,4,,,,1,
961,s==8|Tầng 961,60961,50001,22507,1,9,50,,,,2,1055,3,1,8,270000,1,18,7,,,,1,
962,s==8|Tầng 962,60962,50001,22501,1,9,50,,,,2,1055,3,1,8,270000,1,19,7,,,,1,
963,s==8|Tầng 963,60963,50001,22507,1,9,50,,,,2,1055,3,1,8,270000,1,20,7,,,,1,
964,s==8|Tầng 964,60964,50001,24513,1,9,50,,,,2,1055,3,1,8,270000,1,21,2,,,,1,
965,s==8|Tầng 965,60965,50001,25503,2,1056,5,,,,2,1055,3,1,8,270000,1,22,7,,,,1,
966,s==8|Tầng 966,60966,50001,24510,1,9,50,,,,2,1055,3,1,8,270000,1,23,7,,,,1,
967,s==8|Tầng 967,60967,50001,23503,1,9,50,,,,2,1055,3,1,8,271000,1,24,7,,,,1,
968,s==8|Tầng 968,60968,50001,24508,1,9,50,,,,2,1055,3,1,8,271000,1,25,4,,,,1,
969,s==8|Tầng 969,60969,50001,24506,1,9,50,,,,2,1055,3,1,8,271000,1,8,7,,,,1,
970,s==8|Tầng 970,60970,50001,22509,2,1056,5,,,,2,1055,3,1,8,271000,1,9,7,,,,1,
971,s==8|Tầng 971,60971,50001,21505,1,9,50,,,,2,1055,3,1,8,271000,1,10,7,,,,1,
972,s==8|Tầng 972,60972,50001,25503,1,9,50,,,,2,1055,3,1,8,271000,1,11,2,,,,1,
973,s==8|Tầng 973,60973,50001,21508,1,9,50,,,,2,1055,3,1,8,272000,1,12,7,,,,1,
974,s==8|Tầng 974,60974,50001,25506,1,9,50,,,,2,1055,3,1,8,272000,1,13,7,,,,1,
975,s==8|Tầng 975,60975,50001,24502,2,1056,5,,,,2,1055,3,1,8,272000,1,14,7,,,,1,
976,s==8|Tầng 976,60976,50001,22501,1,9,50,,,,2,1055,3,1,8,272000,1,15,4,,,,1,
977,s==8|Tầng 977,60977,50001,21510,1,9,50,,,,2,1055,3,1,8,272000,1,16,7,,,,1,
978,s==8|Tầng 978,60978,50001,24510,1,9,50,,,,2,1055,3,1,8,272000,1,17,7,,,,1,
979,s==8|Tầng 979,60979,50001,23504,1,9,50,,,,2,1055,3,1,8,273000,1,18,7,,,,1,
980,s==8|Tầng 980,60980,50001,24504,2,1056,5,,,,2,1055,3,1,8,273000,1,19,2,,,,1,
981,s==8|Tầng 981,60981,50001,24510,1,9,50,,,,2,1055,3,1,8,273000,1,20,7,,,,1,
982,s==8|Tầng 982,60982,50001,21505,1,9,50,,,,2,1055,3,1,8,273000,1,21,7,,,,1,
983,s==8|Tầng 983,60983,50001,22509,1,9,50,,,,2,1055,3,1,8,273000,1,22,7,,,,1,
984,s==8|Tầng 984,60984,50001,21505,1,9,50,,,,2,1055,3,1,8,273000,1,23,4,,,,1,
985,s==8|Tầng 985,60985,50001,24508,2,1056,5,,,,2,1055,3,1,8,274000,1,24,7,,,,1,
986,s==8|Tầng 986,60986,50001,22507,1,9,50,,,,2,1055,3,1,8,274000,1,25,7,,,,1,
987,s==8|Tầng 987,60987,50001,22501,1,9,50,,,,2,1055,3,1,8,274000,1,8,7,,,,1,
988,s==8|Tầng 988,60988,50001,22507,1,9,50,,,,2,1055,3,1,8,274000,1,9,2,,,,1,
989,s==8|Tầng 989,60989,50001,24513,1,9,50,,,,2,1055,3,1,8,274000,1,10,7,,,,1,
990,s==8|Tầng 990,60990,50001,25503,2,1056,5,,,,2,1055,3,1,8,274000,1,11,7,,,,1,
991,s==8|Tầng 991,60991,50001,24510,1,9,50,,,,2,1055,3,1,8,275000,1,12,7,,,,1,
992,s==8|Tầng 992,60992,50001,23503,1,9,50,,,,2,1055,3,1,8,275000,1,13,4,,,,1,
993,s==8|Tầng 993,60993,50001,24508,1,9,50,,,,2,1055,3,1,8,275000,1,14,7,,,,1,
994,s==8|Tầng 994,60994,50001,24506,1,9,50,,,,2,1055,3,1,8,275000,1,15,7,,,,1,
995,s==8|Tầng 995,60995,50001,22509,2,1056,5,,,,2,1055,3,1,8,275000,1,16,7,,,,1,
996,s==8|Tầng 996,60996,50001,21505,1,9,50,,,,2,1055,3,1,8,275000,1,17,2,,,,1,
997,s==8|Tầng 997,60997,50001,25503,1,9,50,,,,2,1055,3,1,8,276000,1,18,7,,,,1,
998,s==8|Tầng 998,60998,50001,21508,1,9,50,,,,2,1055,3,1,8,276000,1,19,7,,,,1,
999,s==8|Tầng 999,60999,50001,25506,1,9,50,,,,2,1055,3,1,8,276000,1,20,7,,,,1,
1000,s==9|Tầng 1000,61000,50001,24502,2,1056,5,,,,2,1055,3,1,8,276000,1,21,4,,,,1,
1001,s==9|Tầng 1001,61001,50001,22502,1,9,50,,,,2,1055,3,1,8,277000,1,41,40,,62001,21510,2,
1002,s==9|Tầng 1002,61002,50001,23506,1,9,50,,,,2,1055,3,1,8,277000,1,42,40,,62002,24501,2,
1003,s==9|Tầng 1003,61003,50001,25513,1,9,50,,,,2,1055,3,1,8,277000,1,43,40,,62003,22502,2,
1004,s==9|Tầng 1004,61004,50001,21510,1,9,50,,,,2,1055,3,1,8,277000,1,44,35,,62004,23506,2,
1005,s==9|Tầng 1005,61005,50001,24503,2,1056,5,,,,2,1055,3,1,8,278000,1,45,40,,62005,25515,2,
1006,s==9|Tầng 1006,61006,50001,22502,1,9,50,,,,2,1055,3,1,8,277500,1,46,40,,62006,21510,2,
1007,s==9|Tầng 1007,61007,50001,21510,1,9,50,,,,2,1055,3,1,8,277500,1,47,40,,62007,23506,2,
1008,s==9|Tầng 1008,61008,50001,23506,1,9,50,,,,2,1055,3,1,8,277500,1,48,37,,62008,24501,2,
1009,s==9|Tầng 1009,61009,50001,22502,1,9,50,,,,2,1055,3,1,8,277500,1,49,40,,62009,25515,2,
1010,s==9|Tầng 1010,61010,50001,25515,2,1056,5,,,,2,1055,3,1,8,278500,1,50,40,,62010,24501,2,
1011,s==9|Tầng 1011,61011,50001,22502,1,9,50,,,,2,1055,3,1,8,278000,1,51,40,,62011,21510,2,
1012,s==9|Tầng 1012,61012,50001,23506,1,9,50,,,,2,1055,3,1,8,278000,1,52,35,,62012,24501,2,
1013,s==9|Tầng 1013,61013,50001,25513,1,9,50,,,,2,1055,3,1,8,278000,1,53,40,,62013,22502,2,
1014,s==9|Tầng 1014,61014,50001,21510,1,9,50,,,,2,1055,3,1,8,278000,1,54,40,,62014,23506,2,
1015,s==9|Tầng 1015,61015,50001,24503,2,1056,5,,,,2,1055,3,1,8,279000,1,55,40,,62015,25515,2,
1016,s==9|Tầng 1016,61016,50001,22502,1,9,50,,,,2,1055,3,1,8,278500,1,56,37,,62016,21510,2,
1017,s==9|Tầng 1017,61017,50001,21510,1,9,50,,,,2,1055,3,1,8,278500,1,57,40,,62017,23506,2,
1018,s==9|Tầng 1018,61018,50001,23506,1,9,50,,,,2,1055,3,1,8,278500,1,58,40,,62018,24501,2,
1019,s==9|Tầng 1019,61019,50001,22502,1,9,50,,,,2,1055,3,1,8,278500,1,41,40,,62019,25515,2,
1020,s==9|Tầng 1020,61020,50001,25515,2,1056,5,,,,2,1055,3,1,8,279500,1,42,35,,62020,24501,2,
1021,s==9|Tầng 1021,61021,50001,22502,1,9,50,,,,2,1055,3,1,8,279000,1,43,40,,62021,21510,2,
1022,s==9|Tầng 1022,61022,50001,23506,1,9,50,,,,2,1055,3,1,8,279000,1,44,40,,62022,24501,2,
1023,s==9|Tầng 1023,61023,50001,25513,1,9,50,,,,2,1055,3,1,8,279000,1,45,40,,62023,22502,2,
1024,s==9|Tầng 1024,61024,50001,21510,1,9,50,,,,2,1055,3,1,8,279000,1,46,37,,62024,23506,2,
1025,s==9|Tầng 1025,61025,50001,24503,2,1056,5,,,,2,1055,3,1,8,280000,1,47,40,,62025,25515,2,
1026,s==9|Tầng 1026,61026,50001,22502,1,9,50,,,,2,1055,3,1,8,279500,1,48,40,,62026,21510,2,
1027,s==9|Tầng 1027,61027,50001,21510,1,9,50,,,,2,1055,3,1,8,279500,1,49,40,,62027,23506,2,
1028,s==9|Tầng 1028,61028,50001,23506,1,9,50,,,,2,1055,3,1,8,279500,1,50,35,,62028,24501,2,
1029,s==9|Tầng 1029,61029,50001,22502,1,9,50,,,,2,1055,3,1,8,279500,1,51,40,,62029,25515,2,
1030,s==9|Tầng 1030,61030,50001,25515,2,1056,5,,,,2,1055,3,1,8,280500,1,52,40,,62030,24501,2,
1031,s==9|Tầng 1031,61031,50001,22502,1,9,50,,,,2,1055,3,1,8,280000,1,53,40,,62031,21510,2,
1032,s==9|Tầng 1032,61032,50001,23506,1,9,50,,,,2,1055,3,1,8,280000,1,54,37,,62032,24501,2,
1033,s==9|Tầng 1033,61033,50001,25513,1,9,50,,,,2,1055,3,1,8,280000,1,55,40,,62033,22502,2,
1034,s==9|Tầng 1034,61034,50001,21510,1,9,50,,,,2,1055,3,1,8,280000,1,56,40,,62034,23506,2,
1035,s==9|Tầng 1035,61035,50001,24503,2,1056,5,,,,2,1055,3,1,8,281000,1,57,40,,62035,25515,2,
1036,s==9|Tầng 1036,61036,50001,22502,1,9,50,,,,2,1055,3,1,8,280500,1,58,35,,62036,21510,2,
1037,s==9|Tầng 1037,61037,50001,21510,1,9,50,,,,2,1055,3,1,8,280500,1,41,40,,62037,23506,2,
1038,s==9|Tầng 1038,61038,50001,23506,1,9,50,,,,2,1055,3,1,8,280500,1,42,40,,62038,24501,2,
1039,s==9|Tầng 1039,61039,50001,22502,1,9,50,,,,2,1055,3,1,8,280500,1,43,40,,62039,25515,2,
1040,s==9|Tầng 1040,61040,50001,25515,2,1056,5,,,,2,1055,3,1,8,281500,1,44,37,,62040,24501,2,
1041,s==9|Tầng 1041,61041,50001,22502,1,9,50,,,,2,1055,3,1,8,281000,1,45,40,,62041,21510,2,
1042,s==9|Tầng 1042,61042,50001,23506,1,9,50,,,,2,1055,3,1,8,281000,1,46,40,,62042,24501,2,
1043,s==9|Tầng 1043,61043,50001,25513,1,9,50,,,,2,1055,3,1,8,281000,1,47,40,,62043,22502,2,
1044,s==9|Tầng 1044,61044,50001,21510,1,9,50,,,,2,1055,3,1,8,281000,1,48,35,,62044,23506,2,
1045,s==9|Tầng 1045,61045,50001,24503,2,1056,5,,,,2,1055,3,1,8,282000,1,49,40,,62045,25515,2,
1046,s==9|Tầng 1046,61046,50001,22502,1,9,50,,,,2,1055,3,1,8,281500,1,50,40,,62046,21510,2,
1047,s==9|Tầng 1047,61047,50001,21510,1,9,50,,,,2,1055,3,1,8,281500,1,51,40,,62047,23506,2,
1048,s==9|Tầng 1048,61048,50001,23506,1,9,50,,,,2,1055,3,1,8,281500,1,52,37,,62048,24501,2,
1049,s==9|Tầng 1049,61049,50001,22502,1,9,50,,,,2,1055,3,1,8,281500,1,53,40,,62049,25515,2,
1050,s==9|Tầng 1050,61050,50001,25515,2,1056,5,,,,2,1055,3,1,8,282500,1,54,40,,62050,24501,2,
1051,s==9|Tầng 1051,61051,50001,22502,1,9,50,,,,2,1055,3,1,8,282000,1,55,40,,62051,21510,2,
1052,s==9|Tầng 1052,61052,50001,23506,1,9,50,,,,2,1055,3,1,8,282000,1,56,35,,62052,24501,2,
1053,s==9|Tầng 1053,61053,50001,25513,1,9,50,,,,2,1055,3,1,8,282000,1,57,40,,62053,22502,2,
1054,s==9|Tầng 1054,61054,50001,21510,1,9,50,,,,2,1055,3,1,8,282000,1,58,40,,62054,23506,2,
1055,s==9|Tầng 1055,61055,50001,24503,2,1056,5,,,,2,1055,3,1,8,283000,1,41,40,,62055,25515,2,
1056,s==9|Tầng 1056,61056,50001,22502,1,9,50,,,,2,1055,3,1,8,282500,1,42,37,,62056,21510,2,
1057,s==9|Tầng 1057,61057,50001,21510,1,9,50,,,,2,1055,3,1,8,282500,1,43,40,,62057,23506,2,
1058,s==9|Tầng 1058,61058,50001,23506,1,9,50,,,,2,1055,3,1,8,282500,1,44,40,,62058,24501,2,
1059,s==9|Tầng 1059,61059,50001,22502,1,9,50,,,,2,1055,3,1,8,282500,1,45,40,,62059,25515,2,
1060,s==9|Tầng 1060,61060,50001,25515,2,1056,5,,,,2,1055,3,1,8,283500,1,46,35,,62060,24501,2,
1061,s==9|Tầng 1061,61061,50001,22502,1,9,50,,,,2,1055,3,1,8,283000,1,47,40,,62061,21510,2,
1062,s==9|Tầng 1062,61062,50001,23506,1,9,50,,,,2,1055,3,1,8,283000,1,48,40,,62062,24501,2,
1063,s==9|Tầng 1063,61063,50001,25513,1,9,50,,,,2,1055,3,1,8,283000,1,49,40,,62063,22502,2,
1064,s==9|Tầng 1064,61064,50001,21510,1,9,50,,,,2,1055,3,1,8,283000,1,50,37,,62064,23506,2,
1065,s==9|Tầng 1065,61065,50001,24503,2,1056,5,,,,2,1055,3,1,8,284000,1,51,40,,62065,25515,2,
1066,s==9|Tầng 1066,61066,50001,22502,1,9,50,,,,2,1055,3,1,8,283500,1,52,40,,62066,21510,2,
1067,s==9|Tầng 1067,61067,50001,21510,1,9,50,,,,2,1055,3,1,8,283500,1,53,40,,62067,23506,2,
1068,s==9|Tầng 1068,61068,50001,23506,1,9,50,,,,2,1055,3,1,8,283500,1,54,35,,62068,24501,2,
1069,s==9|Tầng 1069,61069,50001,22502,1,9,50,,,,2,1055,3,1,8,283500,1,55,40,,62069,25515,2,
1070,s==9|Tầng 1070,61070,50001,25515,2,1056,5,,,,2,1055,3,1,8,284500,1,56,40,,62070,24501,2,
1071,s==9|Tầng 1071,61071,50001,22502,1,9,50,,,,2,1055,3,1,8,284000,1,57,40,,62071,21510,2,
1072,s==9|Tầng 1072,61072,50001,23506,1,9,50,,,,2,1055,3,1,8,284000,1,58,37,,62072,24501,2,
1073,s==9|Tầng 1073,61073,50001,25513,1,9,50,,,,2,1055,3,1,8,284000,1,41,40,,62073,22502,2,
1074,s==9|Tầng 1074,61074,50001,21510,1,9,50,,,,2,1055,3,1,8,284000,1,42,40,,62074,23506,2,
1075,s==9|Tầng 1075,61075,50001,24503,2,1056,5,,,,2,1055,3,1,8,285000,1,43,40,,62075,25515,2,
1076,s==9|Tầng 1076,61076,50001,22502,1,9,50,,,,2,1055,3,1,8,284500,1,44,35,,62076,21510,2,
1077,s==9|Tầng 1077,61077,50001,21510,1,9,50,,,,2,1055,3,1,8,284500,1,45,40,,62077,23506,2,
1078,s==9|Tầng 1078,61078,50001,23506,1,9,50,,,,2,1055,3,1,8,284500,1,46,40,,62078,24501,2,
1079,s==9|Tầng 1079,61079,50001,22502,1,9,50,,,,2,1055,3,1,8,284500,1,47,40,,62079,25515,2,
1080,s==9|Tầng 1080,61080,50001,25515,2,1056,5,,,,2,1055,3,1,8,285500,1,48,37,,62080,24501,2,
1081,s==9|Tầng 1081,61081,50001,22502,1,9,50,,,,2,1055,3,1,8,285000,1,49,40,,62081,21510,2,
1082,s==9|Tầng 1082,61082,50001,23506,1,9,50,,,,2,1055,3,1,8,285000,1,50,40,,62082,24501,2,
1083,s==9|Tầng 1083,61083,50001,25513,1,9,50,,,,2,1055,3,1,8,285000,1,51,40,,62083,22502,2,
1084,s==9|Tầng 1084,61084,50001,21510,1,9,50,,,,2,1055,3,1,8,285000,1,52,35,,62084,23506,2,
1085,s==9|Tầng 1085,61085,50001,24503,2,1056,5,,,,2,1055,3,1,8,286000,1,53,40,,62085,25515,2,
1086,s==9|Tầng 1086,61086,50001,22502,1,9,50,,,,2,1055,3,1,8,285500,1,54,40,,62086,21510,2,
1087,s==9|Tầng 1087,61087,50001,21510,1,9,50,,,,2,1055,3,1,8,285500,1,55,40,,62087,23506,2,
1088,s==9|Tầng 1088,61088,50001,23506,1,9,50,,,,2,1055,3,1,8,285500,1,56,37,,62088,24501,2,
1089,s==9|Tầng 1089,61089,50001,22502,1,9,50,,,,2,1055,3,1,8,285500,1,57,40,,62089,25515,2,
1090,s==9|Tầng 1090,61090,50001,25515,2,1056,5,,,,2,1055,3,1,8,286500,1,58,40,,62090,24501,2,
1091,s==9|Tầng 1091,61091,50001,22502,1,9,50,,,,2,1055,3,1,8,286000,1,41,40,,62091,21510,2,
1092,s==9|Tầng 1092,61092,50001,23506,1,9,50,,,,2,1055,3,1,8,286000,1,42,35,,62092,24501,2,
1093,s==9|Tầng 1093,61093,50001,25513,1,9,50,,,,2,1055,3,1,8,286000,1,43,40,,62093,22502,2,
1094,s==9|Tầng 1094,61094,50001,21510,1,9,50,,,,2,1055,3,1,8,286000,1,44,40,,62094,23506,2,
1095,s==9|Tầng 1095,61095,50001,24503,2,1056,5,,,,2,1055,3,1,8,287000,1,45,40,,62095,25515,2,
1096,s==9|Tầng 1096,61096,50001,22502,1,9,50,,,,2,1055,3,1,8,286500,1,46,37,,62096,21510,2,
1097,s==9|Tầng 1097,61097,50001,21510,1,9,50,,,,2,1055,3,1,8,286500,1,47,40,,62097,23506,2,
1098,s==9|Tầng 1098,61098,50001,23506,1,9,50,,,,2,1055,3,1,8,286500,1,48,40,,62098,24501,2,
1099,s==9|Tầng 1099,61099,50001,22502,1,9,50,,,,2,1055,3,1,8,286500,1,49,40,,62099,25515,2,
1100,s==9|Tầng 1100,61100,50001,25515,2,1056,5,,,,2,1055,3,1,8,287500,1,50,35,,62100,24501,2,
1101,s==9|Tầng 1101,61101,50001,22502,1,9,50,,,,2,1055,3,1,8,287000,1,51,40,,62101,21510,2,
1102,s==9|Tầng 1102,61102,50001,23506,1,9,50,,,,2,1055,3,1,8,287000,1,52,40,,62102,24501,2,
1103,s==9|Tầng 1103,61103,50001,25513,1,9,50,,,,2,1055,3,1,8,287000,1,53,40,,62103,22502,2,
1104,s==9|Tầng 1104,61104,50001,21510,1,9,50,,,,2,1055,3,1,8,287000,1,54,37,,62104,23506,2,
1105,s==9|Tầng 1105,61105,50001,24503,2,1056,5,,,,2,1055,3,1,8,288000,1,55,40,,62105,25515,2,
1106,s==9|Tầng 1106,61106,50001,22502,1,9,50,,,,2,1055,3,1,8,287500,1,56,40,,62106,21510,2,
1107,s==9|Tầng 1107,61107,50001,21510,1,9,50,,,,2,1055,3,1,8,287500,1,57,40,,62107,23506,2,
1108,s==9|Tầng 1108,61108,50001,23506,1,9,50,,,,2,1055,3,1,8,287500,1,58,35,,62108,24501,2,
1109,s==9|Tầng 1109,61109,50001,22502,1,9,50,,,,2,1055,3,1,8,287500,1,41,40,,62109,25515,2,
1110,s==9|Tầng 1110,61110,50001,25515,2,1056,5,,,,2,1055,3,1,8,288500,1,42,40,,62110,24501,2,
1111,s==9|Tầng 1111,61111,50001,22502,1,9,50,,,,2,1055,3,1,8,288000,1,43,40,,62111,21510,2,
1112,s==9|Tầng 1112,61112,50001,23506,1,9,50,,,,2,1055,3,1,8,288000,1,44,37,,62112,24501,2,
1113,s==9|Tầng 1113,61113,50001,25513,1,9,50,,,,2,1055,3,1,8,288000,1,45,40,,62113,22502,2,
1114,s==9|Tầng 1114,61114,50001,21510,1,9,50,,,,2,1055,3,1,8,288000,1,46,40,,62114,23506,2,
1115,s==9|Tầng 1115,61115,50001,24503,2,1056,5,,,,2,1055,3,1,8,289000,1,47,40,,62115,25515,2,
1116,s==9|Tầng 1116,61116,50001,22502,1,9,50,,,,2,1055,3,1,8,288500,1,48,35,,62116,21510,2,
1117,s==9|Tầng 1117,61117,50001,21510,1,9,50,,,,2,1055,3,1,8,288500,1,49,40,,62117,23506,2,
1118,s==9|Tầng 1118,61118,50001,23506,1,9,50,,,,2,1055,3,1,8,288500,1,50,40,,62118,24501,2,
1119,s==9|Tầng 1119,61119,50001,22502,1,9,50,,,,2,1055,3,1,8,288500,1,51,40,,62119,25515,2,
1120,s==9|Tầng 1120,61120,50001,25515,2,1056,5,,,,2,1055,3,1,8,289500,1,52,37,,62120,24501,2,
1121,s==9|Tầng 1121,61121,50001,22502,1,9,50,,,,2,1055,3,1,8,289000,1,53,40,,62121,21510,2,
1122,s==9|Tầng 1122,61122,50001,23506,1,9,50,,,,2,1055,3,1,8,289000,1,54,40,,62122,24501,2,
1123,s==9|Tầng 1123,61123,50001,25513,1,9,50,,,,2,1055,3,1,8,289000,1,55,40,,62123,22502,2,
1124,s==9|Tầng 1124,61124,50001,21510,1,9,50,,,,2,1055,3,1,8,289000,1,56,35,,62124,23506,2,
1125,s==9|Tầng 1125,61125,50001,24503,2,1056,5,,,,2,1055,3,1,8,290000,1,57,40,,62125,25515,2,
1126,s==9|Tầng 1126,61126,50001,22502,1,9,50,,,,2,1055,3,1,8,289500,1,58,40,,62126,21510,2,
1127,s==9|Tầng 1127,61127,50001,21510,1,9,50,,,,2,1055,3,1,8,289500,1,41,40,,62127,23506,2,
1128,s==9|Tầng 1128,61128,50001,23506,1,9,50,,,,2,1055,3,1,8,289500,1,42,37,,62128,24501,2,
1129,s==9|Tầng 1129,61129,50001,22502,1,9,50,,,,2,1055,3,1,8,289500,1,43,40,,62129,25515,2,
1130,s==9|Tầng 1130,61130,50001,25515,2,1056,5,,,,2,1055,3,1,8,290500,1,44,40,,62130,24501,2,
1131,s==9|Tầng 1131,61131,50001,22502,1,9,50,,,,2,1055,3,1,8,290000,1,45,40,,62131,21510,2,
1132,s==9|Tầng 1132,61132,50001,23506,1,9,50,,,,2,1055,3,1,8,290000,1,46,35,,62132,24501,2,
1133,s==9|Tầng 1133,61133,50001,25513,1,9,50,,,,2,1055,3,1,8,290000,1,47,40,,62133,22502,2,
1134,s==9|Tầng 1134,61134,50001,21510,1,9,50,,,,2,1055,3,1,8,290000,1,48,40,,62134,23506,2,
1135,s==9|Tầng 1135,61135,50001,24503,2,1056,5,,,,2,1055,3,1,8,291000,1,49,40,,62135,25515,2,
1136,s==9|Tầng 1136,61136,50001,22502,1,9,50,,,,2,1055,3,1,8,290500,1,50,37,,62136,21510,2,
1137,s==9|Tầng 1137,61137,50001,21510,1,9,50,,,,2,1055,3,1,8,290500,1,51,40,,62137,23506,2,
1138,s==9|Tầng 1138,61138,50001,23506,1,9,50,,,,2,1055,3,1,8,290500,1,52,40,,62138,24501,2,
1139,s==9|Tầng 1139,61139,50001,22502,1,9,50,,,,2,1055,3,1,8,290500,1,53,40,,62139,25515,2,
1140,s==9|Tầng 1140,61140,50001,25515,2,1056,5,,,,2,1055,3,1,8,291500,1,54,35,,62140,24501,2,
1141,s==9|Tầng 1141,61141,50001,22502,1,9,50,,,,2,1055,3,1,8,291000,1,55,40,,62141,21510,2,
1142,s==9|Tầng 1142,61142,50001,23506,1,9,50,,,,2,1055,3,1,8,291000,1,56,40,,62142,24501,2,
1143,s==9|Tầng 1143,61143,50001,25513,1,9,50,,,,2,1055,3,1,8,291000,1,57,40,,62143,22502,2,
1144,s==9|Tầng 1144,61144,50001,21510,1,9,50,,,,2,1055,3,1,8,291000,1,58,37,,62144,23506,2,
1145,s==9|Tầng 1145,61145,50001,24503,2,1056,5,,,,2,1055,3,1,8,292000,1,41,40,,62145,25515,2,
1146,s==9|Tầng 1146,61146,50001,22502,1,9,50,,,,2,1055,3,1,8,291500,1,42,40,,62146,21510,2,
1147,s==9|Tầng 1147,61147,50001,21510,1,9,50,,,,2,1055,3,1,8,291500,1,43,40,,62147,23506,2,
1148,s==9|Tầng 1148,61148,50001,23506,1,9,50,,,,2,1055,3,1,8,291500,1,44,35,,62148,24501,2,
1149,s==9|Tầng 1149,61149,50001,22502,1,9,50,,,,2,1055,3,1,8,291500,1,45,40,,62149,25515,2,
1150,s==9|Tầng 1150,61150,50001,25515,2,1056,5,,,,2,1055,3,1,8,292500,1,46,40,,62150,24501,2,
1151,s==9|Tầng 1151,61151,50001,22502,1,9,50,,,,2,1055,3,1,8,292000,1,47,40,,62151,21510,2,
1152,s==9|Tầng 1152,61152,50001,23506,1,9,50,,,,2,1055,3,1,8,292000,1,48,37,,62152,24501,2,
1153,s==9|Tầng 1153,61153,50001,25513,1,9,50,,,,2,1055,3,1,8,292000,1,49,40,,62153,22502,2,
1154,s==9|Tầng 1154,61154,50001,21510,1,9,50,,,,2,1055,3,1,8,292000,1,50,40,,62154,23506,2,
1155,s==9|Tầng 1155,61155,50001,24503,2,1056,5,,,,2,1055,3,1,8,293000,1,51,40,,62155,25515,2,
1156,s==9|Tầng 1156,61156,50001,22502,1,9,50,,,,2,1055,3,1,8,292500,1,52,35,,62156,21510,2,
1157,s==9|Tầng 1157,61157,50001,21510,1,9,50,,,,2,1055,3,1,8,292500,1,53,40,,62157,23506,2,
1158,s==9|Tầng 1158,61158,50001,23506,1,9,50,,,,2,1055,3,1,8,292500,1,54,40,,62158,24501,2,
1159,s==9|Tầng 1159,61159,50001,22502,1,9,50,,,,2,1055,3,1,8,292500,1,55,40,,62159,25515,2,
1160,s==9|Tầng 1160,61160,50001,25515,2,1056,5,,,,2,1055,3,1,8,293500,1,56,37,,62160,24501,2,
1161,s==9|Tầng 1161,61161,50001,22502,1,9,50,,,,2,1055,3,1,8,293000,1,57,40,,62161,21510,2,
1162,s==9|Tầng 1162,61162,50001,23506,1,9,50,,,,2,1055,3,1,8,293000,1,58,40,,62162,24501,2,
1163,s==9|Tầng 1163,61163,50001,25513,1,9,50,,,,2,1055,3,1,8,293000,1,41,40,,62163,22502,2,
1164,s==9|Tầng 1164,61164,50001,21510,1,9,50,,,,2,1055,3,1,8,293000,1,42,35,,62164,23506,2,
1165,s==9|Tầng 1165,61165,50001,24503,2,1056,5,,,,2,1055,3,1,8,294000,1,43,40,,62165,25515,2,
1166,s==9|Tầng 1166,61166,50001,22502,1,9,50,,,,2,1055,3,1,8,293500,1,44,40,,62166,21510,2,
1167,s==9|Tầng 1167,61167,50001,21510,1,9,50,,,,2,1055,3,1,8,293500,1,45,40,,62167,23506,2,
1168,s==9|Tầng 1168,61168,50001,23506,1,9,50,,,,2,1055,3,1,8,293500,1,46,37,,62168,24501,2,
1169,s==9|Tầng 1169,61169,50001,22502,1,9,50,,,,2,1055,3,1,8,293500,1,47,40,,62169,25515,2,
1170,s==9|Tầng 1170,61170,50001,25515,2,1056,5,,,,2,1055,3,1,8,294500,1,48,40,,62170,24501,2,
1171,s==9|Tầng 1171,61171,50001,22502,1,9,50,,,,2,1055,3,1,8,294000,1,49,40,,62171,21510,2,
1172,s==9|Tầng 1172,61172,50001,23506,1,9,50,,,,2,1055,3,1,8,294000,1,50,35,,62172,24501,2,
1173,s==9|Tầng 1173,61173,50001,25513,1,9,50,,,,2,1055,3,1,8,294000,1,51,40,,62173,22502,2,
1174,s==9|Tầng 1174,61174,50001,21510,1,9,50,,,,2,1055,3,1,8,294000,1,52,40,,62174,23506,2,
1175,s==9|Tầng 1175,61175,50001,24503,2,1056,5,,,,2,1055,3,1,8,295000,1,53,40,,62175,25515,2,
1176,s==9|Tầng 1176,61176,50001,22502,1,9,50,,,,2,1055,3,1,8,294500,1,54,37,,62176,21510,2,
1177,s==9|Tầng 1177,61177,50001,21510,1,9,50,,,,2,1055,3,1,8,294500,1,55,40,,62177,23506,2,
1178,s==9|Tầng 1178,61178,50001,23506,1,9,50,,,,2,1055,3,1,8,294500,1,56,40,,62178,24501,2,
1179,s==9|Tầng 1179,61179,50001,22502,1,9,50,,,,2,1055,3,1,8,294500,1,57,40,,62179,25515,2,
1180,s==9|Tầng 1180,61180,50001,25515,2,1056,5,,,,2,1055,3,1,8,295500,1,58,35,,62180,24501,2,
1181,s==9|Tầng 1181,61181,50001,22502,1,9,50,,,,2,1055,3,1,8,295000,1,41,40,,62181,21510,2,
1182,s==9|Tầng 1182,61182,50001,23506,1,9,50,,,,2,1055,3,1,8,295000,1,42,40,,62182,24501,2,
1183,s==9|Tầng 1183,61183,50001,25513,1,9,50,,,,2,1055,3,1,8,295000,1,43,40,,62183,22502,2,
1184,s==9|Tầng 1184,61184,50001,21510,1,9,50,,,,2,1055,3,1,8,295000,1,44,37,,62184,23506,2,
1185,s==9|Tầng 1185,61185,50001,24503,2,1056,5,,,,2,1055,3,1,8,296000,1,45,40,,62185,25515,2,
1186,s==9|Tầng 1186,61186,50001,22502,1,9,50,,,,2,1055,3,1,8,295500,1,46,40,,62186,21510,2,
1187,s==9|Tầng 1187,61187,50001,21510,1,9,50,,,,2,1055,3,1,8,295500,1,47,40,,62187,23506,2,
1188,s==9|Tầng 1188,61188,50001,23506,1,9,50,,,,2,1055,3,1,8,295500,1,48,35,,62188,24501,2,
1189,s==9|Tầng 1189,61189,50001,22502,1,9,50,,,,2,1055,3,1,8,295500,1,49,40,,62189,25515,2,
1190,s==9|Tầng 1190,61190,50001,25515,2,1056,5,,,,2,1055,3,1,8,296500,1,50,40,,62190,24501,2,
1191,s==9|Tầng 1191,61191,50001,22502,1,9,50,,,,2,1055,3,1,8,296000,1,51,40,,62191,21510,2,
1192,s==9|Tầng 1192,61192,50001,23506,1,9,50,,,,2,1055,3,1,8,296000,1,52,37,,62192,24501,2,
1193,s==9|Tầng 1193,61193,50001,25513,1,9,50,,,,2,1055,3,1,8,296000,1,53,40,,62193,22502,2,
1194,s==9|Tầng 1194,61194,50001,21510,1,9,50,,,,2,1055,3,1,8,296000,1,54,40,,62194,23506,2,
1195,s==9|Tầng 1195,61195,50001,24503,2,1056,5,,,,2,1055,3,1,8,297000,1,55,40,,62195,25515,2,
1196,s==9|Tầng 1196,61196,50001,22502,1,9,50,,,,2,1055,3,1,8,296500,1,56,35,,62196,21510,2,
1197,s==9|Tầng 1197,61197,50001,21510,1,9,50,,,,2,1055,3,1,8,296500,1,57,40,,62197,23506,2,
1198,s==9|Tầng 1198,61198,50001,23506,1,9,50,,,,2,1055,3,1,8,296500,1,58,40,,62198,24501,2,
1199,s==9|Tầng 1199,61199,50001,22502,1,9,50,,,,2,1055,3,1,8,296500,1,41,40,,62199,25515,2,
1200,s==9|Tầng 1200,61200,50001,25515,2,1056,5,,,,2,1055,3,1,8,297500,1,42,37,,62200,24501,2,
1201,s==9|Tầng 1201,61201,50001,22502,1,9,50,,,,2,1055,3,1,8,297000,1,43,40,,62201,21510,2,
1202,s==9|Tầng 1202,61202,50001,23506,1,9,50,,,,2,1055,3,1,8,297000,1,44,40,,62202,24501,2,
1203,s==9|Tầng 1203,61203,50001,25513,1,9,50,,,,2,1055,3,1,8,297000,1,45,40,,62203,22502,2,
1204,s==9|Tầng 1204,61204,50001,21510,1,9,50,,,,2,1055,3,1,8,297000,1,46,35,,62204,23506,2,
1205,s==9|Tầng 1205,61205,50001,24503,2,1056,5,,,,2,1055,3,1,8,298000,1,47,40,,62205,25515,2,
1206,s==9|Tầng 1206,61206,50001,22502,1,9,50,,,,2,1055,3,1,8,297500,1,48,40,,62206,21510,2,
1207,s==9|Tầng 1207,61207,50001,21510,1,9,50,,,,2,1055,3,1,8,297500,1,49,40,,62207,23506,2,
1208,s==9|Tầng 1208,61208,50001,23506,1,9,50,,,,2,1055,3,1,8,297500,1,50,37,,62208,24501,2,
1209,s==9|Tầng 1209,61209,50001,22502,1,9,50,,,,2,1055,3,1,8,297500,1,51,40,,62209,25515,2,
1210,s==9|Tầng 1210,61210,50001,25515,2,1056,5,,,,2,1055,3,1,8,298500,1,52,40,,62210,24501,2,
1211,s==9|Tầng 1211,61211,50001,22502,1,9,50,,,,2,1055,3,1,8,298000,1,53,40,,62211,21510,2,
1212,s==9|Tầng 1212,61212,50001,23506,1,9,50,,,,2,1055,3,1,8,298000,1,54,35,,62212,24501,2,
1213,s==9|Tầng 1213,61213,50001,25513,1,9,50,,,,2,1055,3,1,8,298000,1,55,40,,62213,22502,2,
1214,s==9|Tầng 1214,61214,50001,21510,1,9,50,,,,2,1055,3,1,8,298000,1,56,40,,62214,23506,2,
1215,s==9|Tầng 1215,61215,50001,24503,2,1056,5,,,,2,1055,3,1,8,299000,1,57,40,,62215,25515,2,
1216,s==9|Tầng 1216,61216,50001,22502,1,9,50,,,,2,1055,3,1,8,298500,1,58,37,,62216,21510,2,
1217,s==9|Tầng 1217,61217,50001,21510,1,9,50,,,,2,1055,3,1,8,298500,1,41,40,,62217,23506,2,
1218,s==9|Tầng 1218,61218,50001,23506,1,9,50,,,,2,1055,3,1,8,298500,1,42,40,,62218,24501,2,
1219,s==9|Tầng 1219,61219,50001,22502,1,9,50,,,,2,1055,3,1,8,298500,1,43,40,,62219,25515,2,
1220,s==9|Tầng 1220,61220,50001,25515,2,1056,5,,,,2,1055,3,1,8,299500,1,44,35,,62220,24501,2,
1221,s==9|Tầng 1221,61221,50001,22502,1,9,50,,,,2,1055,3,1,8,299000,1,45,40,,62221,21510,2,
1222,s==9|Tầng 1222,61222,50001,23506,1,9,50,,,,2,1055,3,1,8,299000,1,46,40,,62222,24501,2,
1223,s==9|Tầng 1223,61223,50001,25513,1,9,50,,,,2,1055,3,1,8,299000,1,47,40,,62223,22502,2,
1224,s==9|Tầng 1224,61224,50001,21510,1,9,50,,,,2,1055,3,1,8,299000,1,48,37,,62224,23506,2,
1225,s==9|Tầng 1225,61225,50001,24503,2,1056,5,,,,2,1055,3,1,8,300000,1,49,40,,62225,25515,2,
1226,s==9|Tầng 1226,61226,50001,22502,1,9,50,,,,2,1055,3,1,8,299500,1,50,40,,62226,21510,2,
1227,s==9|Tầng 1227,61227,50001,21510,1,9,50,,,,2,1055,3,1,8,299500,1,51,40,,62227,23506,2,
1228,s==9|Tầng 1228,61228,50001,23506,1,9,50,,,,2,1055,3,1,8,299500,1,52,35,,62228,24501,2,
1229,s==9|Tầng 1229,61229,50001,22502,1,9,50,,,,2,1055,3,1,8,299500,1,53,40,,62229,25515,2,
1230,s==9|Tầng 1230,61230,50001,25515,2,1056,5,,,,2,1055,3,1,8,300500,1,54,40,,62230,24501,2,
1231,s==9|Tầng 1231,61231,50001,22502,1,9,50,,,,2,1055,3,1,8,300000,1,55,40,,62231,21510,2,
1232,s==9|Tầng 1232,61232,50001,23506,1,9,50,,,,2,1055,3,1,8,300000,1,56,37,,62232,24501,2,
1233,s==9|Tầng 1233,61233,50001,25513,1,9,50,,,,2,1055,3,1,8,300000,1,57,40,,62233,22502,2,
1234,s==9|Tầng 1234,61234,50001,21510,1,9,50,,,,2,1055,3,1,8,300000,1,58,40,,62234,23506,2,
1235,s==9|Tầng 1235,61235,50001,24503,2,1056,5,,,,2,1055,3,1,8,301000,1,41,40,,62235,25515,2,
1236,s==9|Tầng 1236,61236,50001,22502,1,9,50,,,,2,1055,3,1,8,300500,1,42,35,,62236,21510,2,
1237,s==9|Tầng 1237,61237,50001,21510,1,9,50,,,,2,1055,3,1,8,300500,1,43,40,,62237,23506,2,
1238,s==9|Tầng 1238,61238,50001,23506,1,9,50,,,,2,1055,3,1,8,300500,1,44,40,,62238,24501,2,
1239,s==9|Tầng 1239,61239,50001,22502,1,9,50,,,,2,1055,3,1,8,300500,1,45,40,,62239,25515,2,
1240,s==9|Tầng 1240,61240,50001,25515,2,1056,5,,,,2,1055,3,1,8,301500,1,46,37,,62240,24501,2,
1241,s==9|Tầng 1241,61241,50001,22502,1,9,50,,,,2,1055,3,1,8,301000,1,47,40,,62241,21510,2,
1242,s==9|Tầng 1242,61242,50001,23506,1,9,50,,,,2,1055,3,1,8,301000,1,48,40,,62242,24501,2,
1243,s==9|Tầng 1243,61243,50001,25513,1,9,50,,,,2,1055,3,1,8,301000,1,49,40,,62243,22502,2,
1244,s==9|Tầng 1244,61244,50001,21510,1,9,50,,,,2,1055,3,1,8,301000,1,50,35,,62244,23506,2,
1245,s==9|Tầng 1245,61245,50001,24503,2,1056,5,,,,2,1055,3,1,8,302000,1,51,40,,62245,25515,2,
1246,s==9|Tầng 1246,61246,50001,22502,1,9,50,,,,2,1055,3,1,8,301500,1,52,40,,62246,21510,2,
1247,s==9|Tầng 1247,61247,50001,21510,1,9,50,,,,2,1055,3,1,8,301500,1,53,40,,62247,23506,2,
1248,s==9|Tầng 1248,61248,50001,23506,1,9,50,,,,2,1055,3,1,8,301500,1,54,37,,62248,24501,2,
1249,s==9|Tầng 1249,61249,50001,22502,1,9,50,,,,2,1055,3,1,8,301500,1,55,40,,62249,25515,2,
1250,s==9|Tầng 1250,61250,50001,25515,2,1056,5,,,,2,1055,3,1,8,302500,1,56,40,,62250,24501,2,
1251,s==9|Tầng 1251,61251,50001,22502,1,9,50,,,,2,1055,3,1,8,302000,1,57,40,,62251,21510,2,
1252,s==9|Tầng 1252,61252,50001,23506,1,9,50,,,,2,1055,3,1,8,302000,1,58,35,,62252,24501,2,
1253,s==9|Tầng 1253,61253,50001,25513,1,9,50,,,,2,1055,3,1,8,302000,1,41,40,,62253,22502,2,
1254,s==9|Tầng 1254,61254,50001,21510,1,9,50,,,,2,1055,3,1,8,302000,1,42,40,,62254,23506,2,
1255,s==9|Tầng 1255,61255,50001,24503,2,1056,5,,,,2,1055,3,1,8,303000,1,43,40,,62255,25515,2,
1256,s==9|Tầng 1256,61256,50001,22502,1,9,50,,,,2,1055,3,1,8,302500,1,44,37,,62256,21510,2,
1257,s==9|Tầng 1257,61257,50001,21510,1,9,50,,,,2,1055,3,1,8,302500,1,45,40,,62257,23506,2,
1258,s==9|Tầng 1258,61258,50001,23506,1,9,50,,,,2,1055,3,1,8,302500,1,46,40,,62258,24501,2,
1259,s==9|Tầng 1259,61259,50001,22502,1,9,50,,,,2,1055,3,1,8,302500,1,47,40,,62259,25515,2,
1260,s==9|Tầng 1260,61260,50001,25515,2,1056,5,,,,2,1055,3,1,8,303500,1,48,35,,62260,24501,2,
1261,s==9|Tầng 1261,61261,50001,22502,1,9,50,,,,2,1055,3,1,8,303000,1,49,40,,62261,21510,2,
1262,s==9|Tầng 1262,61262,50001,23506,1,9,50,,,,2,1055,3,1,8,303000,1,50,40,,62262,24501,2,
1263,s==9|Tầng 1263,61263,50001,25513,1,9,50,,,,2,1055,3,1,8,303000,1,51,40,,62263,22502,2,
1264,s==9|Tầng 1264,61264,50001,21510,1,9,50,,,,2,1055,3,1,8,303000,1,52,37,,62264,23506,2,
1265,s==9|Tầng 1265,61265,50001,24503,2,1056,5,,,,2,1055,3,1,8,304000,1,53,40,,62265,25515,2,
1266,s==9|Tầng 1266,61266,50001,22502,1,9,50,,,,2,1055,3,1,8,303500,1,54,40,,62266,21510,2,
1267,s==9|Tầng 1267,61267,50001,21510,1,9,50,,,,2,1055,3,1,8,303500,1,55,40,,62267,23506,2,
1268,s==9|Tầng 1268,61268,50001,23506,1,9,50,,,,2,1055,3,1,8,303500,1,56,35,,62268,24501,2,
1269,s==9|Tầng 1269,61269,50001,22502,1,9,50,,,,2,1055,3,1,8,303500,1,57,40,,62269,25515,2,
1270,s==9|Tầng 1270,61270,50001,25515,2,1056,5,,,,2,1055,3,1,8,304500,1,58,40,,62270,24501,2,
1271,s==9|Tầng 1271,61271,50001,22502,1,9,50,,,,2,1055,3,1,8,304000,1,41,40,,62271,21510,2,
1272,s==9|Tầng 1272,61272,50001,23506,1,9,50,,,,2,1055,3,1,8,304000,1,42,37,,62272,24501,2,
1273,s==9|Tầng 1273,61273,50001,25513,1,9,50,,,,2,1055,3,1,8,304000,1,43,40,,62273,22502,2,
1274,s==9|Tầng 1274,61274,50001,21510,1,9,50,,,,2,1055,3,1,8,304000,1,44,40,,62274,23506,2,
1275,s==9|Tầng 1275,61275,50001,24503,2,1056,5,,,,2,1055,3,1,8,305000,1,45,40,,62275,25515,2,
1276,s==9|Tầng 1276,61276,50001,22502,1,9,50,,,,2,1055,3,1,8,304500,1,46,35,,62276,21510,2,
1277,s==9|Tầng 1277,61277,50001,21510,1,9,50,,,,2,1055,3,1,8,304500,1,47,40,,62277,23506,2,
1278,s==9|Tầng 1278,61278,50001,23506,1,9,50,,,,2,1055,3,1,8,304500,1,48,40,,62278,24501,2,
1279,s==9|Tầng 1279,61279,50001,22502,1,9,50,,,,2,1055,3,1,8,304500,1,49,40,,62279,25515,2,
1280,s==9|Tầng 1280,61280,50001,25515,2,1056,5,,,,2,1055,3,1,8,305500,1,50,37,,62280,24501,2,
1281,s==9|Tầng 1281,61281,50001,22502,1,9,50,,,,2,1055,3,1,8,305000,1,51,40,,62281,21510,2,
1282,s==9|Tầng 1282,61282,50001,23506,1,9,50,,,,2,1055,3,1,8,305000,1,52,40,,62282,24501,2,
1283,s==9|Tầng 1283,61283,50001,25513,1,9,50,,,,2,1055,3,1,8,305000,1,53,40,,62283,22502,2,
1284,s==9|Tầng 1284,61284,50001,21510,1,9,50,,,,2,1055,3,1,8,305000,1,54,35,,62284,23506,2,
1285,s==9|Tầng 1285,61285,50001,24503,2,1056,5,,,,2,1055,3,1,8,306000,1,55,40,,62285,25515,2,
1286,s==9|Tầng 1286,61286,50001,22502,1,9,50,,,,2,1055,3,1,8,305500,1,56,40,,62286,21510,2,
1287,s==9|Tầng 1287,61287,50001,21510,1,9,50,,,,2,1055,3,1,8,305500,1,57,40,,62287,23506,2,
1288,s==9|Tầng 1288,61288,50001,23506,1,9,50,,,,2,1055,3,1,8,305500,1,58,37,,62288,24501,2,
1289,s==9|Tầng 1289,61289,50001,22502,1,9,50,,,,2,1055,3,1,8,305500,1,41,40,,62289,25515,2,
1290,s==9|Tầng 1290,61290,50001,25515,2,1056,5,,,,2,1055,3,1,8,306500,1,42,40,,62290,24501,2,
1291,s==9|Tầng 1291,61291,50001,22502,1,9,50,,,,2,1055,3,1,8,306000,1,43,40,,62291,21510,2,
1292,s==9|Tầng 1292,61292,50001,23506,1,9,50,,,,2,1055,3,1,8,306000,1,44,35,,62292,24501,2,
1293,s==9|Tầng 1293,61293,50001,25513,1,9,50,,,,2,1055,3,1,8,306000,1,45,40,,62293,22502,2,
1294,s==9|Tầng 1294,61294,50001,21510,1,9,50,,,,2,1055,3,1,8,306000,1,46,40,,62294,23506,2,
1295,s==9|Tầng 1295,61295,50001,24503,2,1056,5,,,,2,1055,3,1,8,307000,1,47,40,,62295,25515,2,
1296,s==9|Tầng 1296,61296,50001,22502,1,9,50,,,,2,1055,3,1,8,306500,1,48,37,,62296,21510,2,
1297,s==9|Tầng 1297,61297,50001,21510,1,9,50,,,,2,1055,3,1,8,306500,1,49,40,,62297,23506,2,
1298,s==9|Tầng 1298,61298,50001,23506,1,9,50,,,,2,1055,3,1,8,306500,1,50,40,,62298,24501,2,
1299,s==9|Tầng 1299,61299,50001,22502,1,9,50,,,,2,1055,3,1,8,306500,1,51,40,,62299,25515,2,
1300,s==9|Tầng 1300,61300,50001,25515,2,1056,5,,,,2,1055,3,1,8,307500,1,52,35,,62300,24501,2,
1301,s==9|Tầng 1301,61301,50001,22502,1,9,50,,,,2,1055,3,1,8,307000,1,53,40,,62301,21510,2,
1302,s==9|Tầng 1302,61302,50001,23506,1,9,50,,,,2,1055,3,1,8,307000,1,54,40,,62302,24501,2,
1303,s==9|Tầng 1303,61303,50001,25513,1,9,50,,,,2,1055,3,1,8,307000,1,55,40,,62303,22502,2,
1304,s==9|Tầng 1304,61304,50001,21510,1,9,50,,,,2,1055,3,1,8,307000,1,56,37,,62304,23506,2,
1305,s==9|Tầng 1305,61305,50001,24503,2,1056,5,,,,2,1055,3,1,8,308000,1,57,40,,62305,25515,2,
1306,s==9|Tầng 1306,61306,50001,22502,1,9,50,,,,2,1055,3,1,8,307500,1,58,40,,62306,21510,2,
1307,s==9|Tầng 1307,61307,50001,21510,1,9,50,,,,2,1055,3,1,8,307500,1,41,40,,62307,23506,2,
1308,s==9|Tầng 1308,61308,50001,23506,1,9,50,,,,2,1055,3,1,8,307500,1,42,35,,62308,24501,2,
1309,s==9|Tầng 1309,61309,50001,22502,1,9,50,,,,2,1055,3,1,8,307500,1,43,40,,62309,25515,2,
1310,s==9|Tầng 1310,61310,50001,25515,2,1056,5,,,,2,1055,3,1,8,308500,1,44,40,,62310,24501,2,
1311,s==9|Tầng 1311,61311,50001,22502,1,9,50,,,,2,1055,3,1,8,308000,1,45,40,,62311,21510,2,
1312,s==9|Tầng 1312,61312,50001,23506,1,9,50,,,,2,1055,3,1,8,308000,1,46,37,,62312,24501,2,
1313,s==9|Tầng 1313,61313,50001,25513,1,9,50,,,,2,1055,3,1,8,308000,1,47,40,,62313,22502,2,
1314,s==9|Tầng 1314,61314,50001,21510,1,9,50,,,,2,1055,3,1,8,308000,1,48,40,,62314,23506,2,
1315,s==9|Tầng 1315,61315,50001,24503,2,1056,5,,,,2,1055,3,1,8,309000,1,49,40,,62315,25515,2,
1316,s==9|Tầng 1316,61316,50001,22502,1,9,50,,,,2,1055,3,1,8,308500,1,50,35,,62316,21510,2,
1317,s==9|Tầng 1317,61317,50001,21510,1,9,50,,,,2,1055,3,1,8,308500,1,51,40,,62317,23506,2,
1318,s==9|Tầng 1318,61318,50001,23506,1,9,50,,,,2,1055,3,1,8,308500,1,52,40,,62318,24501,2,
1319,s==9|Tầng 1319,61319,50001,22502,1,9,50,,,,2,1055,3,1,8,308500,1,53,40,,62319,25515,2,
1320,s==9|Tầng 1320,61320,50001,25515,2,1056,5,,,,2,1055,3,1,8,309500,1,54,37,,62320,24501,2,
1321,s==9|Tầng 1321,61321,50001,22502,1,9,50,,,,2,1055,3,1,8,309000,1,55,40,,62321,21510,2,
1322,s==9|Tầng 1322,61322,50001,23506,1,9,50,,,,2,1055,3,1,8,309000,1,56,40,,62322,24501,2,
1323,s==9|Tầng 1323,61323,50001,25513,1,9,50,,,,2,1055,3,1,8,309000,1,57,40,,62323,22502,2,
1324,s==9|Tầng 1324,61324,50001,21510,1,9,50,,,,2,1055,3,1,8,309000,1,58,35,,62324,23506,2,
1325,s==9|Tầng 1325,61325,50001,24503,2,1056,5,,,,2,1055,3,1,8,310000,1,41,40,,62325,25515,2,
1326,s==9|Tầng 1326,61326,50001,22502,1,9,50,,,,2,1055,3,1,8,309500,1,42,40,,62326,21510,2,
1327,s==9|Tầng 1327,61327,50001,21510,1,9,50,,,,2,1055,3,1,8,309500,1,43,40,,62327,23506,2,
1328,s==9|Tầng 1328,61328,50001,23506,1,9,50,,,,2,1055,3,1,8,309500,1,44,37,,62328,24501,2,
1329,s==9|Tầng 1329,61329,50001,22502,1,9,50,,,,2,1055,3,1,8,309500,1,45,40,,62329,25515,2,
1330,s==9|Tầng 1330,61330,50001,25515,2,1056,5,,,,2,1055,3,1,8,310500,1,46,40,,62330,24501,2,
1331,s==9|Tầng 1331,61331,50001,22502,1,9,50,,,,2,1055,3,1,8,310000,1,47,40,,62331,21510,2,
1332,s==9|Tầng 1332,61332,50001,23506,1,9,50,,,,2,1055,3,1,8,310000,1,48,35,,62332,24501,2,
1333,s==9|Tầng 1333,61333,50001,25513,1,9,50,,,,2,1055,3,1,8,310000,1,49,40,,62333,22502,2,
1334,s==9|Tầng 1334,61334,50001,21510,1,9,50,,,,2,1055,3,1,8,310000,1,50,40,,62334,23506,2,
1335,s==9|Tầng 1335,61335,50001,24503,2,1056,5,,,,2,1055,3,1,8,311000,1,51,40,,62335,25515,2,
1336,s==9|Tầng 1336,61336,50001,22502,1,9,50,,,,2,1055,3,1,8,310500,1,52,37,,62336,21510,2,
1337,s==9|Tầng 1337,61337,50001,21510,1,9,50,,,,2,1055,3,1,8,310500,1,53,40,,62337,23506,2,
1338,s==9|Tầng 1338,61338,50001,23506,1,9,50,,,,2,1055,3,1,8,310500,1,54,40,,62338,24501,2,
1339,s==9|Tầng 1339,61339,50001,22502,1,9,50,,,,2,1055,3,1,8,310500,1,55,40,,62339,25515,2,
1340,s==9|Tầng 1340,61340,50001,25515,2,1056,5,,,,2,1055,3,1,8,311500,1,56,35,,62340,24501,2,
1341,s==9|Tầng 1341,61341,50001,22502,1,9,50,,,,2,1055,3,1,8,311000,1,57,40,,62341,21510,2,
1342,s==9|Tầng 1342,61342,50001,23506,1,9,50,,,,2,1055,3,1,8,311000,1,58,40,,62342,24501,2,
1343,s==9|Tầng 1343,61343,50001,25513,1,9,50,,,,2,1055,3,1,8,311000,1,41,40,,62343,22502,2,
1344,s==9|Tầng 1344,61344,50001,21510,1,9,50,,,,2,1055,3,1,8,311000,1,42,37,,62344,23506,2,
1345,s==9|Tầng 1345,61345,50001,24503,2,1056,5,,,,2,1055,3,1,8,312000,1,43,40,,62345,25515,2,
1346,s==9|Tầng 1346,61346,50001,22502,1,9,50,,,,2,1055,3,1,8,311500,1,44,40,,62346,21510,2,
1347,s==9|Tầng 1347,61347,50001,21510,1,9,50,,,,2,1055,3,1,8,311500,1,45,40,,62347,23506,2,
1348,s==9|Tầng 1348,61348,50001,23506,1,9,50,,,,2,1055,3,1,8,311500,1,46,35,,62348,24501,2,
1349,s==9|Tầng 1349,61349,50001,22502,1,9,50,,,,2,1055,3,1,8,311500,1,47,40,,62349,25515,2,
1350,s==9|Tầng 1350,61350,50001,25515,2,1056,5,,,,2,1055,3,1,8,312500,1,48,40,,62350,24501,2,
1351,s==9|Tầng 1351,61351,50001,22502,1,9,50,,,,2,1055,3,1,8,312000,1,49,40,,62351,21510,2,
1352,s==9|Tầng 1352,61352,50001,23506,1,9,50,,,,2,1055,3,1,8,312000,1,50,37,,62352,24501,2,
1353,s==9|Tầng 1353,61353,50001,25513,1,9,50,,,,2,1055,3,1,8,312000,1,51,40,,62353,22502,2,
1354,s==9|Tầng 1354,61354,50001,21510,1,9,50,,,,2,1055,3,1,8,312000,1,52,40,,62354,23506,2,
1355,s==9|Tầng 1355,61355,50001,24503,2,1056,5,,,,2,1055,3,1,8,313000,1,53,40,,62355,25515,2,
1356,s==9|Tầng 1356,61356,50001,22502,1,9,50,,,,2,1055,3,1,8,312500,1,54,35,,62356,21510,2,
1357,s==9|Tầng 1357,61357,50001,21510,1,9,50,,,,2,1055,3,1,8,312500,1,55,40,,62357,23506,2,
1358,s==9|Tầng 1358,61358,50001,23506,1,9,50,,,,2,1055,3,1,8,312500,1,56,40,,62358,24501,2,
1359,s==9|Tầng 1359,61359,50001,22502,1,9,50,,,,2,1055,3,1,8,312500,1,57,40,,62359,25515,2,
1360,s==9|Tầng 1360,61360,50001,25515,2,1056,5,,,,2,1055,3,1,8,313500,1,58,37,,62360,24501,2,
1361,s==9|Tầng 1361,61361,50001,22502,1,9,50,,,,2,1055,3,1,8,313000,1,41,40,,62361,21510,2,
1362,s==9|Tầng 1362,61362,50001,23506,1,9,50,,,,2,1055,3,1,8,313000,1,42,40,,62362,24501,2,
1363,s==9|Tầng 1363,61363,50001,25513,1,9,50,,,,2,1055,3,1,8,313000,1,43,40,,62363,22502,2,
1364,s==9|Tầng 1364,61364,50001,21510,1,9,50,,,,2,1055,3,1,8,313000,1,44,35,,62364,23506,2,
1365,s==9|Tầng 1365,61365,50001,24503,2,1056,5,,,,2,1055,3,1,8,314000,1,45,40,,62365,25515,2,
1366,s==9|Tầng 1366,61366,50001,22502,1,9,50,,,,2,1055,3,1,8,313500,1,46,40,,62366,21510,2,
1367,s==9|Tầng 1367,61367,50001,21510,1,9,50,,,,2,1055,3,1,8,313500,1,47,40,,62367,23506,2,
1368,s==9|Tầng 1368,61368,50001,23506,1,9,50,,,,2,1055,3,1,8,313500,1,48,37,,62368,24501,2,
1369,s==9|Tầng 1369,61369,50001,22502,1,9,50,,,,2,1055,3,1,8,313500,1,49,40,,62369,25515,2,
1370,s==9|Tầng 1370,61370,50001,25515,2,1056,5,,,,2,1055,3,1,8,314500,1,50,40,,62370,24501,2,
1371,s==9|Tầng 1371,61371,50001,22502,1,9,50,,,,2,1055,3,1,8,314000,1,51,40,,62371,21510,2,
1372,s==9|Tầng 1372,61372,50001,23506,1,9,50,,,,2,1055,3,1,8,314000,1,52,35,,62372,24501,2,
1373,s==9|Tầng 1373,61373,50001,25513,1,9,50,,,,2,1055,3,1,8,314000,1,53,40,,62373,22502,2,
1374,s==9|Tầng 1374,61374,50001,21510,1,9,50,,,,2,1055,3,1,8,314000,1,54,40,,62374,23506,2,
1375,s==9|Tầng 1375,61375,50001,24503,2,1056,5,,,,2,1055,3,1,8,315000,1,55,40,,62375,25515,2,
1376,s==9|Tầng 1376,61376,50001,22502,1,9,50,,,,2,1055,3,1,8,314500,1,56,37,,62376,21510,2,
1377,s==9|Tầng 1377,61377,50001,21510,1,9,50,,,,2,1055,3,1,8,314500,1,57,40,,62377,23506,2,
1378,s==9|Tầng 1378,61378,50001,23506,1,9,50,,,,2,1055,3,1,8,314500,1,58,40,,62378,24501,2,
1379,s==9|Tầng 1379,61379,50001,22502,1,9,50,,,,2,1055,3,1,8,314500,1,41,40,,62379,25515,2,
1380,s==9|Tầng 1380,61380,50001,25515,2,1056,5,,,,2,1055,3,1,8,315500,1,42,35,,62380,24501,2,
1381,s==9|Tầng 1381,61381,50001,22502,1,9,50,,,,2,1055,3,1,8,315000,1,43,40,,62381,21510,2,
1382,s==9|Tầng 1382,61382,50001,23506,1,9,50,,,,2,1055,3,1,8,315000,1,44,40,,62382,24501,2,
1383,s==9|Tầng 1383,61383,50001,25513,1,9,50,,,,2,1055,3,1,8,315000,1,45,40,,62383,22502,2,
1384,s==9|Tầng 1384,61384,50001,21510,1,9,50,,,,2,1055,3,1,8,315000,1,46,37,,62384,23506,2,
1385,s==9|Tầng 1385,61385,50001,24503,2,1056,5,,,,2,1055,3,1,8,316000,1,47,40,,62385,25515,2,
1386,s==9|Tầng 1386,61386,50001,22502,1,9,50,,,,2,1055,3,1,8,315500,1,48,40,,62386,21510,2,
1387,s==9|Tầng 1387,61387,50001,21510,1,9,50,,,,2,1055,3,1,8,315500,1,49,40,,62387,23506,2,
1388,s==9|Tầng 1388,61388,50001,23506,1,9,50,,,,2,1055,3,1,8,315500,1,50,35,,62388,24501,2,
1389,s==9|Tầng 1389,61389,50001,22502,1,9,50,,,,2,1055,3,1,8,315500,1,51,40,,62389,25515,2,
1390,s==9|Tầng 1390,61390,50001,25515,2,1056,5,,,,2,1055,3,1,8,316500,1,52,40,,62390,24501,2,
1391,s==9|Tầng 1391,61391,50001,22502,1,9,50,,,,2,1055,3,1,8,316000,1,53,40,,62391,21510,2,
1392,s==9|Tầng 1392,61392,50001,23506,1,9,50,,,,2,1055,3,1,8,316000,1,54,37,,62392,24501,2,
1393,s==9|Tầng 1393,61393,50001,25513,1,9,50,,,,2,1055,3,1,8,316000,1,55,40,,62393,22502,2,
1394,s==9|Tầng 1394,61394,50001,21510,1,9,50,,,,2,1055,3,1,8,316000,1,56,40,,62394,23506,2,
1395,s==9|Tầng 1395,61395,50001,24503,2,1056,5,,,,2,1055,3,1,8,317000,1,57,40,,62395,25515,2,
1396,s==9|Tầng 1396,61396,50001,22502,1,9,50,,,,2,1055,3,1,8,316500,1,58,35,,62396,21510,2,
1397,s==9|Tầng 1397,61397,50001,21510,1,9,50,,,,2,1055,3,1,8,316500,1,41,40,,62397,23506,2,
1398,s==9|Tầng 1398,61398,50001,23506,1,9,50,,,,2,1055,3,1,8,316500,1,42,40,,62398,24501,2,
1399,s==9|Tầng 1399,61399,50001,22502,1,9,50,,,,2,1055,3,1,8,316500,1,43,40,,62399,25515,2,
1400,s==9|Tầng 1400,61400,50001,25515,2,1056,5,,,,2,1055,3,1,8,317500,1,44,37,,62400,24501,2,
1401,s==9|Tầng 1401,61401,50001,22502,1,9,50,,,,2,1055,3,1,8,317000,1,45,40,,62401,21510,2,
1402,s==9|Tầng 1402,61402,50001,23506,1,9,50,,,,2,1055,3,1,8,317000,1,46,40,,62402,24501,2,
1403,s==9|Tầng 1403,61403,50001,25513,1,9,50,,,,2,1055,3,1,8,317000,1,47,40,,62403,22502,2,
1404,s==9|Tầng 1404,61404,50001,21510,1,9,50,,,,2,1055,3,1,8,317000,1,48,35,,62404,23506,2,
1405,s==9|Tầng 1405,61405,50001,24503,2,1056,5,,,,2,1055,3,1,8,318000,1,49,40,,62405,25515,2,
1406,s==9|Tầng 1406,61406,50001,22502,1,9,50,,,,2,1055,3,1,8,317500,1,50,40,,62406,21510,2,
1407,s==9|Tầng 1407,61407,50001,21510,1,9,50,,,,2,1055,3,1,8,317500,1,51,40,,62407,23506,2,
1408,s==9|Tầng 1408,61408,50001,23506,1,9,50,,,,2,1055,3,1,8,317500,1,52,37,,62408,24501,2,
1409,s==9|Tầng 1409,61409,50001,22502,1,9,50,,,,2,1055,3,1,8,317500,1,53,40,,62409,25515,2,
1410,s==9|Tầng 1410,61410,50001,25515,2,1056,5,,,,2,1055,3,1,8,318500,1,54,40,,62410,24501,2,
1411,s==9|Tầng 1411,61411,50001,22502,1,9,50,,,,2,1055,3,1,8,318000,1,55,40,,62411,21510,2,
1412,s==9|Tầng 1412,61412,50001,23506,1,9,50,,,,2,1055,3,1,8,318000,1,56,35,,62412,24501,2,
1413,s==9|Tầng 1413,61413,50001,25513,1,9,50,,,,2,1055,3,1,8,318000,1,57,40,,62413,22502,2,
1414,s==9|Tầng 1414,61414,50001,21510,1,9,50,,,,2,1055,3,1,8,318000,1,58,40,,62414,23506,2,
1415,s==9|Tầng 1415,61415,50001,24503,2,1056,5,,,,2,1055,3,1,8,319000,1,41,40,,62415,25515,2,
1416,s==9|Tầng 1416,61416,50001,22502,1,9,50,,,,2,1055,3,1,8,318500,1,42,37,,62416,21510,2,
1417,s==9|Tầng 1417,61417,50001,21510,1,9,50,,,,2,1055,3,1,8,318500,1,43,40,,62417,23506,2,
1418,s==9|Tầng 1418,61418,50001,23506,1,9,50,,,,2,1055,3,1,8,318500,1,44,40,,62418,24501,2,
1419,s==9|Tầng 1419,61419,50001,22502,1,9,50,,,,2,1055,3,1,8,318500,1,45,40,,62419,25515,2,
1420,s==9|Tầng 1420,61420,50001,25515,2,1056,5,,,,2,1055,3,1,8,319500,1,46,35,,62420,24501,2,
1421,s==9|Tầng 1421,61421,50001,22502,1,9,50,,,,2,1055,3,1,8,319000,1,47,40,,62421,21510,2,
1422,s==9|Tầng 1422,61422,50001,23506,1,9,50,,,,2,1055,3,1,8,319000,1,48,40,,62422,24501,2,
1423,s==9|Tầng 1423,61423,50001,25513,1,9,50,,,,2,1055,3,1,8,319000,1,49,40,,62423,22502,2,
1424,s==9|Tầng 1424,61424,50001,21510,1,9,50,,,,2,1055,3,1,8,319000,1,50,37,,62424,23506,2,
1425,s==9|Tầng 1425,61425,50001,24503,2,1056,5,,,,2,1055,3,1,8,320000,1,51,40,,62425,25515,2,
1426,s==9|Tầng 1426,61426,50001,22502,1,9,50,,,,2,1055,3,1,8,319500,1,52,40,,62426,21510,2,
1427,s==9|Tầng 1427,61427,50001,21510,1,9,50,,,,2,1055,3,1,8,319500,1,53,40,,62427,23506,2,
1428,s==9|Tầng 1428,61428,50001,23506,1,9,50,,,,2,1055,3,1,8,319500,1,54,35,,62428,24501,2,
1429,s==9|Tầng 1429,61429,50001,22502,1,9,50,,,,2,1055,3,1,8,319500,1,55,40,,62429,25515,2,
1430,s==9|Tầng 1430,61430,50001,25515,2,1056,5,,,,2,1055,3,1,8,320500,1,56,40,,62430,24501,2,
1431,s==9|Tầng 1431,61431,50001,22502,1,9,50,,,,2,1055,3,1,8,320000,1,57,40,,62431,21510,2,
1432,s==9|Tầng 1432,61432,50001,23506,1,9,50,,,,2,1055,3,1,8,320000,1,58,37,,62432,24501,2,
1433,s==9|Tầng 1433,61433,50001,25513,1,9,50,,,,2,1055,3,1,8,320000,1,41,40,,62433,22502,2,
1434,s==9|Tầng 1434,61434,50001,21510,1,9,50,,,,2,1055,3,1,8,320000,1,42,40,,62434,23506,2,
1435,s==9|Tầng 1435,61435,50001,24503,2,1056,5,,,,2,1055,3,1,8,321000,1,43,40,,62435,25515,2,
1436,s==9|Tầng 1436,61436,50001,22502,1,9,50,,,,2,1055,3,1,8,320500,1,44,35,,62436,21510,2,
1437,s==9|Tầng 1437,61437,50001,21510,1,9,50,,,,2,1055,3,1,8,320500,1,45,40,,62437,23506,2,
1438,s==9|Tầng 1438,61438,50001,23506,1,9,50,,,,2,1055,3,1,8,320500,1,46,40,,62438,24501,2,
1439,s==9|Tầng 1439,61439,50001,22502,1,9,50,,,,2,1055,3,1,8,320500,1,47,40,,62439,25515,2,
1440,s==9|Tầng 1440,61440,50001,25515,2,1056,5,,,,2,1055,3,1,8,321500,1,48,37,,62440,24501,2,
1441,s==9|Tầng 1441,61441,50001,22502,1,9,50,,,,2,1055,3,1,8,321000,1,49,40,,62441,21510,2,
1442,s==9|Tầng 1442,61442,50001,23506,1,9,50,,,,2,1055,3,1,8,321000,1,50,40,,62442,24501,2,
1443,s==9|Tầng 1443,61443,50001,25513,1,9,50,,,,2,1055,3,1,8,321000,1,51,40,,62443,22502,2,
1444,s==9|Tầng 1444,61444,50001,21510,1,9,50,,,,2,1055,3,1,8,321000,1,52,35,,62444,23506,2,
1445,s==9|Tầng 1445,61445,50001,24503,2,1056,5,,,,2,1055,3,1,8,322000,1,53,40,,62445,25515,2,
1446,s==9|Tầng 1446,61446,50001,22502,1,9,50,,,,2,1055,3,1,8,321500,1,54,40,,62446,21510,2,
1447,s==9|Tầng 1447,61447,50001,21510,1,9,50,,,,2,1055,3,1,8,321500,1,55,40,,62447,23506,2,
1448,s==9|Tầng 1448,61448,50001,23506,1,9,50,,,,2,1055,3,1,8,321500,1,56,37,,62448,24501,2,
1449,s==9|Tầng 1449,61449,50001,22502,1,9,50,,,,2,1055,3,1,8,321500,1,57,40,,62449,25515,2,
1450,s==9|Tầng 1450,61450,50001,25515,2,1056,5,,,,2,1055,3,1,8,322500,1,58,40,,62450,24501,2,
1451,s==9|Tầng 1451,61451,50001,22502,1,9,50,,,,2,1055,3,1,8,322000,1,41,40,,62451,21510,2,
1452,s==9|Tầng 1452,61452,50001,23506,1,9,50,,,,2,1055,3,1,8,322000,1,42,35,,62452,24501,2,
1453,s==9|Tầng 1453,61453,50001,25513,1,9,50,,,,2,1055,3,1,8,322000,1,43,40,,62453,22502,2,
1454,s==9|Tầng 1454,61454,50001,21510,1,9,50,,,,2,1055,3,1,8,322000,1,44,40,,62454,23506,2,
1455,s==9|Tầng 1455,61455,50001,24503,2,1056,5,,,,2,1055,3,1,8,323000,1,45,40,,62455,25515,2,
1456,s==9|Tầng 1456,61456,50001,22502,1,9,50,,,,2,1055,3,1,8,322500,1,46,37,,62456,21510,2,
1457,s==9|Tầng 1457,61457,50001,21510,1,9,50,,,,2,1055,3,1,8,322500,1,47,40,,62457,23506,2,
1458,s==9|Tầng 1458,61458,50001,23506,1,9,50,,,,2,1055,3,1,8,322500,1,48,40,,62458,24501,2,
1459,s==9|Tầng 1459,61459,50001,22502,1,9,50,,,,2,1055,3,1,8,322500,1,49,40,,62459,25515,2,
1460,s==9|Tầng 1460,61460,50001,25515,2,1056,5,,,,2,1055,3,1,8,323500,1,50,35,,62460,24501,2,
1461,s==9|Tầng 1461,61461,50001,22502,1,9,50,,,,2,1055,3,1,8,323000,1,51,40,,62461,21510,2,
1462,s==9|Tầng 1462,61462,50001,23506,1,9,50,,,,2,1055,3,1,8,323000,1,52,40,,62462,24501,2,
1463,s==9|Tầng 1463,61463,50001,25513,1,9,50,,,,2,1055,3,1,8,323000,1,53,40,,62463,22502,2,
1464,s==9|Tầng 1464,61464,50001,21510,1,9,50,,,,2,1055,3,1,8,323000,1,54,37,,62464,23506,2,
1465,s==9|Tầng 1465,61465,50001,24503,2,1056,5,,,,2,1055,3,1,8,324000,1,55,40,,62465,25515,2,
1466,s==9|Tầng 1466,61466,50001,22502,1,9,50,,,,2,1055,3,1,8,323500,1,56,40,,62466,21510,2,
1467,s==9|Tầng 1467,61467,50001,21510,1,9,50,,,,2,1055,3,1,8,323500,1,57,40,,62467,23506,2,
1468,s==9|Tầng 1468,61468,50001,23506,1,9,50,,,,2,1055,3,1,8,323500,1,58,35,,62468,24501,2,
1469,s==9|Tầng 1469,61469,50001,22502,1,9,50,,,,2,1055,3,1,8,323500,1,41,40,,62469,25515,2,
1470,s==9|Tầng 1470,61470,50001,25515,2,1056,5,,,,2,1055,3,1,8,324500,1,42,40,,62470,24501,2,
1471,s==9|Tầng 1471,61471,50001,22502,1,9,50,,,,2,1055,3,1,8,324000,1,43,40,,62471,21510,2,
1472,s==9|Tầng 1472,61472,50001,23506,1,9,50,,,,2,1055,3,1,8,324000,1,44,37,,62472,24501,2,
1473,s==9|Tầng 1473,61473,50001,25513,1,9,50,,,,2,1055,3,1,8,324000,1,45,40,,62473,22502,2,
1474,s==9|Tầng 1474,61474,50001,21510,1,9,50,,,,2,1055,3,1,8,324000,1,46,40,,62474,23506,2,
1475,s==9|Tầng 1475,61475,50001,24503,2,1056,5,,,,2,1055,3,1,8,325000,1,47,40,,62475,25515,2,
1476,s==9|Tầng 1476,61476,50001,22502,1,9,50,,,,2,1055,3,1,8,324500,1,48,35,,62476,21510,2,
1477,s==9|Tầng 1477,61477,50001,21510,1,9,50,,,,2,1055,3,1,8,324500,1,49,40,,62477,23506,2,
1478,s==9|Tầng 1478,61478,50001,23506,1,9,50,,,,2,1055,3,1,8,324500,1,50,40,,62478,24501,2,
1479,s==9|Tầng 1479,61479,50001,22502,1,9,50,,,,2,1055,3,1,8,324500,1,51,40,,62479,25515,2,
1480,s==9|Tầng 1480,61480,50001,25515,2,1056,5,,,,2,1055,3,1,8,325500,1,52,37,,62480,24501,2,
1481,s==9|Tầng 1481,61481,50001,22502,1,9,50,,,,2,1055,3,1,8,325000,1,53,40,,62481,21510,2,
1482,s==9|Tầng 1482,61482,50001,23506,1,9,50,,,,2,1055,3,1,8,325000,1,54,40,,62482,24501,2,
1483,s==9|Tầng 1483,61483,50001,25513,1,9,50,,,,2,1055,3,1,8,325000,1,55,40,,62483,22502,2,
1484,s==9|Tầng 1484,61484,50001,21510,1,9,50,,,,2,1055,3,1,8,325000,1,56,35,,62484,23506,2,
1485,s==9|Tầng 1485,61485,50001,24503,2,1056,5,,,,2,1055,3,1,8,326000,1,57,40,,62485,25515,2,
1486,s==9|Tầng 1486,61486,50001,22502,1,9,50,,,,2,1055,3,1,8,325500,1,58,40,,62486,21510,2,
1487,s==9|Tầng 1487,61487,50001,21510,1,9,50,,,,2,1055,3,1,8,325500,1,41,40,,62487,23506,2,
1488,s==9|Tầng 1488,61488,50001,23506,1,9,50,,,,2,1055,3,1,8,325500,1,42,37,,62488,24501,2,
1489,s==9|Tầng 1489,61489,50001,22502,1,9,50,,,,2,1055,3,1,8,325500,1,43,40,,62489,25515,2,
1490,s==9|Tầng 1490,61490,50001,25515,2,1056,5,,,,2,1055,3,1,8,326500,1,44,40,,62490,24501,2,
1491,s==9|Tầng 1491,61491,50001,22502,1,9,50,,,,2,1055,3,1,8,326000,1,45,40,,62491,21510,2,
1492,s==9|Tầng 1492,61492,50001,23506,1,9,50,,,,2,1055,3,1,8,326000,1,46,35,,62492,24501,2,
1493,s==9|Tầng 1493,61493,50001,25513,1,9,50,,,,2,1055,3,1,8,326000,1,47,40,,62493,22502,2,
1494,s==9|Tầng 1494,61494,50001,21510,1,9,50,,,,2,1055,3,1,8,326000,1,48,40,,62494,23506,2,
1495,s==9|Tầng 1495,61495,50001,24503,2,1056,5,,,,2,1055,3,1,8,327000,1,49,40,,62495,25515,2,
1496,s==9|Tầng 1496,61496,50001,22502,1,9,50,,,,2,1055,3,1,8,326500,1,50,37,,62496,21510,2,
1497,s==9|Tầng 1497,61497,50001,21510,1,9,50,,,,2,1055,3,1,8,326500,1,51,40,,62497,23506,2,
1498,s==9|Tầng 1498,61498,50001,23506,1,9,50,,,,2,1055,3,1,8,326500,1,52,40,,62498,24501,2,
1499,s==9|Tầng 1499,61499,50001,22502,1,9,50,,,,2,1055,3,1,8,326500,1,53,40,,62499,25515,2,
1500,s==9|Tầng 1500,61500,50001,25515,2,1056,5,,,,2,1055,3,1,8,327500,1,54,35,,62500,24501,2,
1501,s==9|Tầng 1501,61501,50001,22502,1,9,50,,,,2,1055,3,1,8,327000,1,41,40,,62501,21510,2,
1502,s==9|Tầng 1502,61502,50001,23506,1,9,50,,,,2,1055,3,1,8,327000,1,42,40,,62502,24501,2,
1503,s==9|Tầng 1503,61503,50001,25513,1,9,50,,,,2,1055,3,1,8,327000,1,43,40,,62503,22502,2,
1504,s==9|Tầng 1504,61504,50001,21510,1,9,50,,,,2,1055,3,1,8,327000,1,44,35,,62504,23506,2,
1505,s==9|Tầng 1505,61505,50001,24503,2,1056,5,,,,2,1055,3,1,8,328000,1,45,40,,62505,25515,2,
1506,s==9|Tầng 1506,61506,50001,22502,1,9,50,,,,2,1055,3,1,8,327500,1,46,40,,62506,21510,2,
1507,s==9|Tầng 1507,61507,50001,21510,1,9,50,,,,2,1055,3,1,8,327500,1,47,40,,62507,23506,2,
1508,s==9|Tầng 1508,61508,50001,23506,1,9,50,,,,2,1055,3,1,8,327500,1,48,37,,62508,24501,2,
1509,s==9|Tầng 1509,61509,50001,22502,1,9,50,,,,2,1055,3,1,8,327500,1,49,40,,62509,25515,2,
1510,s==9|Tầng 1510,61510,50001,25515,2,1056,5,,,,2,1055,3,1,8,328500,1,50,40,,62510,24501,2,
1511,s==9|Tầng 1511,61511,50001,22502,1,9,50,,,,2,1055,3,1,8,328000,1,51,40,,62511,21510,2,
1512,s==9|Tầng 1512,61512,50001,23506,1,9,50,,,,2,1055,3,1,8,328000,1,52,35,,62512,24501,2,
1513,s==9|Tầng 1513,61513,50001,25513,1,9,50,,,,2,1055,3,1,8,328000,1,53,40,,62513,22502,2,
1514,s==9|Tầng 1514,61514,50001,21510,1,9,50,,,,2,1055,3,1,8,328000,1,54,40,,62514,23506,2,
1515,s==9|Tầng 1515,61515,50001,24503,2,1056,5,,,,2,1055,3,1,8,329000,1,55,40,,62515,25515,2,
1516,s==9|Tầng 1516,61516,50001,22502,1,9,50,,,,2,1055,3,1,8,328500,1,56,37,,62516,21510,2,
1517,s==9|Tầng 1517,61517,50001,21510,1,9,50,,,,2,1055,3,1,8,328500,1,57,40,,62517,23506,2,
1518,s==9|Tầng 1518,61518,50001,23506,1,9,50,,,,2,1055,3,1,8,328500,1,58,40,,62518,24501,2,
1519,s==9|Tầng 1519,61519,50001,22502,1,9,50,,,,2,1055,3,1,8,328500,1,41,40,,62519,25515,2,
1520,s==9|Tầng 1520,61520,50001,25515,2,1056,5,,,,2,1055,3,1,8,329500,1,42,35,,62520,24501,2,
1521,s==9|Tầng 1521,61521,50001,22502,1,9,50,,,,2,1055,3,1,8,329000,1,43,40,,62521,21510,2,
1522,s==9|Tầng 1522,61522,50001,23506,1,9,50,,,,2,1055,3,1,8,329000,1,44,40,,62522,24501,2,
1523,s==9|Tầng 1523,61523,50001,25513,1,9,50,,,,2,1055,3,1,8,329000,1,45,40,,62523,22502,2,
1524,s==9|Tầng 1524,61524,50001,21510,1,9,50,,,,2,1055,3,1,8,329000,1,46,37,,62524,23506,2,
1525,s==9|Tầng 1525,61525,50001,24503,2,1056,5,,,,2,1055,3,1,8,330000,1,47,40,,62525,25515,2,
1526,s==9|Tầng 1526,61526,50001,22502,1,9,50,,,,2,1055,3,1,8,329500,1,48,40,,62526,21510,2,
1527,s==9|Tầng 1527,61527,50001,21510,1,9,50,,,,2,1055,3,1,8,329500,1,49,40,,62527,23506,2,
1528,s==9|Tầng 1528,61528,50001,23506,1,9,50,,,,2,1055,3,1,8,329500,1,50,35,,62528,24501,2,
1529,s==9|Tầng 1529,61529,50001,22502,1,9,50,,,,2,1055,3,1,8,329500,1,51,40,,62529,25515,2,
1530,s==9|Tầng 1530,61530,50001,25515,2,1056,5,,,,2,1055,3,1,8,330500,1,52,40,,62530,24501,2,
1531,s==9|Tầng 1531,61531,50001,22502,1,9,50,,,,2,1055,3,1,8,330000,1,53,40,,62531,21510,2,
1532,s==9|Tầng 1532,61532,50001,23506,1,9,50,,,,2,1055,3,1,8,330000,1,54,37,,62532,24501,2,
1533,s==9|Tầng 1533,61533,50001,25513,1,9,50,,,,2,1055,3,1,8,330000,1,55,40,,62533,22502,2,
1534,s==9|Tầng 1534,61534,50001,21510,1,9,50,,,,2,1055,3,1,8,330000,1,56,40,,62534,23506,2,
1535,s==9|Tầng 1535,61535,50001,24503,2,1056,5,,,,2,1055,3,1,8,331000,1,57,40,,62535,25515,2,
1536,s==9|Tầng 1536,61536,50001,22502,1,9,50,,,,2,1055,3,1,8,330500,1,58,35,,62536,21510,2,
1537,s==9|Tầng 1537,61537,50001,21510,1,9,50,,,,2,1055,3,1,8,330500,1,41,40,,62537,23506,2,
1538,s==9|Tầng 1538,61538,50001,23506,1,9,50,,,,2,1055,3,1,8,330500,1,42,40,,62538,24501,2,
1539,s==9|Tầng 1539,61539,50001,22502,1,9,50,,,,2,1055,3,1,8,330500,1,43,40,,62539,25515,2,
1540,s==9|Tầng 1540,61540,50001,25515,2,1056,5,,,,2,1055,3,1,8,331500,1,44,37,,62540,24501,2,
1541,s==9|Tầng 1541,61541,50001,22502,1,9,50,,,,2,1055,3,1,8,331000,1,45,40,,62541,21510,2,
1542,s==9|Tầng 1542,61542,50001,23506,1,9,50,,,,2,1055,3,1,8,331000,1,46,40,,62542,24501,2,
1543,s==9|Tầng 1543,61543,50001,25513,1,9,50,,,,2,1055,3,1,8,331000,1,47,40,,62543,22502,2,
1544,s==9|Tầng 1544,61544,50001,21510,1,9,50,,,,2,1055,3,1,8,331000,1,48,35,,62544,23506,2,
1545,s==9|Tầng 1545,61545,50001,24503,2,1056,5,,,,2,1055,3,1,8,332000,1,49,40,,62545,25515,2,
1546,s==9|Tầng 1546,61546,50001,22502,1,9,50,,,,2,1055,3,1,8,331500,1,50,40,,62546,21510,2,
1547,s==9|Tầng 1547,61547,50001,21510,1,9,50,,,,2,1055,3,1,8,331500,1,51,40,,62547,23506,2,
1548,s==9|Tầng 1548,61548,50001,23506,1,9,50,,,,2,1055,3,1,8,331500,1,52,37,,62548,24501,2,
1549,s==9|Tầng 1549,61549,50001,22502,1,9,50,,,,2,1055,3,1,8,331500,1,53,40,,62549,25515,2,
1550,s==9|Tầng 1550,61550,50001,25515,2,1056,5,,,,2,1055,3,1,8,332500,1,54,40,,62550,24501,2,
1551,s==9|Tầng 1551,61551,50001,22502,1,9,50,,,,2,1055,3,1,8,332000,1,55,40,,62551,21510,2,
1552,s==9|Tầng 1552,61552,50001,23506,1,9,50,,,,2,1055,3,1,8,332000,1,56,35,,62552,24501,2,
1553,s==9|Tầng 1553,61553,50001,25513,1,9,50,,,,2,1055,3,1,8,332000,1,57,40,,62553,22502,2,
1554,s==9|Tầng 1554,61554,50001,21510,1,9,50,,,,2,1055,3,1,8,332000,1,58,40,,62554,23506,2,
1555,s==9|Tầng 1555,61555,50001,24503,2,1056,5,,,,2,1055,3,1,8,333000,1,41,40,,62555,25515,2,
1556,s==9|Tầng 1556,61556,50001,22502,1,9,50,,,,2,1055,3,1,8,332500,1,42,37,,62556,21510,2,
1557,s==9|Tầng 1557,61557,50001,21510,1,9,50,,,,2,1055,3,1,8,332500,1,43,40,,62557,23506,2,
1558,s==9|Tầng 1558,61558,50001,23506,1,9,50,,,,2,1055,3,1,8,332500,1,44,40,,62558,24501,2,
1559,s==9|Tầng 1559,61559,50001,22502,1,9,50,,,,2,1055,3,1,8,332500,1,45,40,,62559,25515,2,
1560,s==9|Tầng 1560,61560,50001,25515,2,1056,5,,,,2,1055,3,1,8,333500,1,46,35,,62560,24501,2,
1561,s==9|Tầng 1561,61561,50001,22502,1,9,50,,,,2,1055,3,1,8,333000,1,47,40,,62561,21510,2,
1562,s==9|Tầng 1562,61562,50001,23506,1,9,50,,,,2,1055,3,1,8,333000,1,48,40,,62562,24501,2,
1563,s==9|Tầng 1563,61563,50001,25513,1,9,50,,,,2,1055,3,1,8,333000,1,49,40,,62563,22502,2,
1564,s==9|Tầng 1564,61564,50001,21510,1,9,50,,,,2,1055,3,1,8,333000,1,50,37,,62564,23506,2,
1565,s==9|Tầng 1565,61565,50001,24503,2,1056,5,,,,2,1055,3,1,8,334000,1,51,40,,62565,25515,2,
1566,s==9|Tầng 1566,61566,50001,22502,1,9,50,,,,2,1055,3,1,8,333500,1,52,40,,62566,21510,2,
1567,s==9|Tầng 1567,61567,50001,21510,1,9,50,,,,2,1055,3,1,8,333500,1,53,40,,62567,23506,2,
1568,s==9|Tầng 1568,61568,50001,23506,1,9,50,,,,2,1055,3,1,8,333500,1,54,35,,62568,24501,2,
1569,s==9|Tầng 1569,61569,50001,22502,1,9,50,,,,2,1055,3,1,8,333500,1,55,40,,62569,25515,2,
1570,s==9|Tầng 1570,61570,50001,25515,2,1056,5,,,,2,1055,3,1,8,334500,1,56,40,,62570,24501,2,
1571,s==9|Tầng 1571,61571,50001,22502,1,9,50,,,,2,1055,3,1,8,334000,1,57,40,,62571,21510,2,
1572,s==9|Tầng 1572,61572,50001,23506,1,9,50,,,,2,1055,3,1,8,334000,1,58,37,,62572,24501,2,
1573,s==9|Tầng 1573,61573,50001,25513,1,9,50,,,,2,1055,3,1,8,334000,1,41,40,,62573,22502,2,
1574,s==9|Tầng 1574,61574,50001,21510,1,9,50,,,,2,1055,3,1,8,334000,1,42,40,,62574,23506,2,
1575,s==9|Tầng 1575,61575,50001,24503,2,1056,5,,,,2,1055,3,1,8,335000,1,43,40,,62575,25515,2,
1576,s==9|Tầng 1576,61576,50001,22502,1,9,50,,,,2,1055,3,1,8,334500,1,44,35,,62576,21510,2,
1577,s==9|Tầng 1577,61577,50001,21510,1,9,50,,,,2,1055,3,1,8,334500,1,45,40,,62577,23506,2,
1578,s==9|Tầng 1578,61578,50001,23506,1,9,50,,,,2,1055,3,1,8,334500,1,46,40,,62578,24501,2,
1579,s==9|Tầng 1579,61579,50001,22502,1,9,50,,,,2,1055,3,1,8,334500,1,47,40,,62579,25515,2,
1580,s==9|Tầng 1580,61580,50001,25515,2,1056,5,,,,2,1055,3,1,8,335500,1,48,37,,62580,24501,2,
1581,s==9|Tầng 1581,61581,50001,22502,1,9,50,,,,2,1055,3,1,8,335000,1,49,40,,62581,21510,2,
1582,s==9|Tầng 1582,61582,50001,23506,1,9,50,,,,2,1055,3,1,8,335000,1,50,40,,62582,24501,2,
1583,s==9|Tầng 1583,61583,50001,25513,1,9,50,,,,2,1055,3,1,8,335000,1,51,40,,62583,22502,2,
1584,s==9|Tầng 1584,61584,50001,21510,1,9,50,,,,2,1055,3,1,8,335000,1,52,35,,62584,23506,2,
1585,s==9|Tầng 1585,61585,50001,24503,2,1056,5,,,,2,1055,3,1,8,336000,1,53,40,,62585,25515,2,
1586,s==9|Tầng 1586,61586,50001,22502,1,9,50,,,,2,1055,3,1,8,335500,1,54,40,,62586,21510,2,
1587,s==9|Tầng 1587,61587,50001,21510,1,9,50,,,,2,1055,3,1,8,335500,1,55,40,,62587,23506,2,
1588,s==9|Tầng 1588,61588,50001,23506,1,9,50,,,,2,1055,3,1,8,335500,1,56,37,,62588,24501,2,
1589,s==9|Tầng 1589,61589,50001,22502,1,9,50,,,,2,1055,3,1,8,335500,1,57,40,,62589,25515,2,
1590,s==9|Tầng 1590,61590,50001,25515,2,1056,5,,,,2,1055,3,1,8,336500,1,58,40,,62590,24501,2,
1591,s==9|Tầng 1591,61591,50001,22502,1,9,50,,,,2,1055,3,1,8,336000,1,41,40,,62591,21510,2,
1592,s==9|Tầng 1592,61592,50001,23506,1,9,50,,,,2,1055,3,1,8,336000,1,42,35,,62592,24501,2,
1593,s==9|Tầng 1593,61593,50001,25513,1,9,50,,,,2,1055,3,1,8,336000,1,43,40,,62593,22502,2,
1594,s==9|Tầng 1594,61594,50001,21510,1,9,50,,,,2,1055,3,1,8,336000,1,44,40,,62594,23506,2,
1595,s==9|Tầng 1595,61595,50001,24503,2,1056,5,,,,2,1055,3,1,8,337000,1,45,40,,62595,25515,2,
1596,s==9|Tầng 1596,61596,50001,22502,1,9,50,,,,2,1055,3,1,8,336500,1,46,37,,62596,21510,2,
1597,s==9|Tầng 1597,61597,50001,21510,1,9,50,,,,2,1055,3,1,8,336500,1,47,40,,62597,23506,2,
1598,s==9|Tầng 1598,61598,50001,23506,1,9,50,,,,2,1055,3,1,8,336500,1,48,40,,62598,24501,2,
1599,s==9|Tầng 1599,61599,50001,22502,1,9,50,,,,2,1055,3,1,8,336500,1,49,40,,62599,25515,2,
1600,s==9|Tầng 1600,61600,50001,25515,2,1056,5,,,,2,1055,3,1,8,337500,1,50,35,,62600,24501,2,
1601,s==9|Tầng 1601,61601,50001,22502,1,9,50,,,,2,1055,3,1,8,337000,1,51,40,,62601,21510,2,
1602,s==9|Tầng 1602,61602,50001,23506,1,9,50,,,,2,1055,3,1,8,337000,1,52,40,,62602,24501,2,
1603,s==9|Tầng 1603,61603,50001,25513,1,9,50,,,,2,1055,3,1,8,337000,1,53,40,,62603,22502,2,
1604,s==9|Tầng 1604,61604,50001,21510,1,9,50,,,,2,1055,3,1,8,337000,1,54,37,,62604,23506,2,
1605,s==9|Tầng 1605,61605,50001,24503,2,1056,5,,,,2,1055,3,1,8,338000,1,55,40,,62605,25515,2,
1606,s==9|Tầng 1606,61606,50001,22502,1,9,50,,,,2,1055,3,1,8,337500,1,56,40,,62606,21510,2,
1607,s==9|Tầng 1607,61607,50001,21510,1,9,50,,,,2,1055,3,1,8,337500,1,57,40,,62607,23506,2,
1608,s==9|Tầng 1608,61608,50001,23506,1,9,50,,,,2,1055,3,1,8,337500,1,58,35,,62608,24501,2,
1609,s==9|Tầng 1609,61609,50001,22502,1,9,50,,,,2,1055,3,1,8,337500,1,41,40,,62609,25515,2,
1610,s==9|Tầng 1610,61610,50001,25515,2,1056,5,,,,2,1055,3,1,8,338500,1,42,40,,62610,24501,2,
1611,s==9|Tầng 1611,61611,50001,22502,1,9,50,,,,2,1055,3,1,8,338000,1,43,40,,62611,21510,2,
1612,s==9|Tầng 1612,61612,50001,23506,1,9,50,,,,2,1055,3,1,8,338000,1,44,37,,62612,24501,2,
1613,s==9|Tầng 1613,61613,50001,25513,1,9,50,,,,2,1055,3,1,8,338000,1,45,40,,62613,22502,2,
1614,s==9|Tầng 1614,61614,50001,21510,1,9,50,,,,2,1055,3,1,8,338000,1,46,40,,62614,23506,2,
1615,s==9|Tầng 1615,61615,50001,24503,2,1056,5,,,,2,1055,3,1,8,339000,1,47,40,,62615,25515,2,
1616,s==9|Tầng 1616,61616,50001,22502,1,9,50,,,,2,1055,3,1,8,338500,1,48,35,,62616,21510,2,
1617,s==9|Tầng 1617,61617,50001,21510,1,9,50,,,,2,1055,3,1,8,338500,1,49,40,,62617,23506,2,
1618,s==9|Tầng 1618,61618,50001,23506,1,9,50,,,,2,1055,3,1,8,338500,1,50,40,,62618,24501,2,
1619,s==9|Tầng 1619,61619,50001,22502,1,9,50,,,,2,1055,3,1,8,338500,1,51,40,,62619,25515,2,
1620,s==9|Tầng 1620,61620,50001,25515,2,1056,5,,,,2,1055,3,1,8,339500,1,52,37,,62620,24501,2,
1621,s==9|Tầng 1621,61621,50001,22502,1,9,50,,,,2,1055,3,1,8,339000,1,53,40,,62621,21510,2,
1622,s==9|Tầng 1622,61622,50001,23506,1,9,50,,,,2,1055,3,1,8,339000,1,54,40,,62622,24501,2,
1623,s==9|Tầng 1623,61623,50001,25513,1,9,50,,,,2,1055,3,1,8,339000,1,55,40,,62623,22502,2,
1624,s==9|Tầng 1624,61624,50001,21510,1,9,50,,,,2,1055,3,1,8,339000,1,56,35,,62624,23506,2,
1625,s==9|Tầng 1625,61625,50001,24503,2,1056,5,,,,2,1055,3,1,8,340000,1,57,40,,62625,25515,2,
1626,s==9|Tầng 1626,61626,50001,22502,1,9,50,,,,2,1055,3,1,8,339500,1,58,40,,62626,21510,2,
1627,s==9|Tầng 1627,61627,50001,21510,1,9,50,,,,2,1055,3,1,8,339500,1,41,40,,62627,23506,2,
1628,s==9|Tầng 1628,61628,50001,23506,1,9,50,,,,2,1055,3,1,8,339500,1,42,37,,62628,24501,2,
1629,s==9|Tầng 1629,61629,50001,22502,1,9,50,,,,2,1055,3,1,8,339500,1,43,40,,62629,25515,2,
1630,s==9|Tầng 1630,61630,50001,25515,2,1056,5,,,,2,1055,3,1,8,340500,1,44,40,,62630,24501,2,
1631,s==9|Tầng 1631,61631,50001,22502,1,9,50,,,,2,1055,3,1,8,340000,1,45,40,,62631,21510,2,
1632,s==9|Tầng 1632,61632,50001,23506,1,9,50,,,,2,1055,3,1,8,340000,1,46,35,,62632,24501,2,
1633,s==9|Tầng 1633,61633,50001,25513,1,9,50,,,,2,1055,3,1,8,340000,1,47,40,,62633,22502,2,
1634,s==9|Tầng 1634,61634,50001,21510,1,9,50,,,,2,1055,3,1,8,340000,1,48,40,,62634,23506,2,
1635,s==9|Tầng 1635,61635,50001,24503,2,1056,5,,,,2,1055,3,1,8,341000,1,49,40,,62635,25515,2,
1636,s==9|Tầng 1636,61636,50001,22502,1,9,50,,,,2,1055,3,1,8,340500,1,50,37,,62636,21510,2,
1637,s==9|Tầng 1637,61637,50001,21510,1,9,50,,,,2,1055,3,1,8,340500,1,51,40,,62637,23506,2,
1638,s==9|Tầng 1638,61638,50001,23506,1,9,50,,,,2,1055,3,1,8,340500,1,52,40,,62638,24501,2,
1639,s==9|Tầng 1639,61639,50001,22502,1,9,50,,,,2,1055,3,1,8,340500,1,53,40,,62639,25515,2,
1640,s==9|Tầng 1640,61640,50001,25515,2,1056,5,,,,2,1055,3,1,8,341500,1,54,35,,62640,24501,2,
1641,s==9|Tầng 1641,61641,50001,22502,1,9,50,,,,2,1055,3,1,8,341000,1,55,40,,62641,21510,2,
1642,s==9|Tầng 1642,61642,50001,23506,1,9,50,,,,2,1055,3,1,8,341000,1,56,40,,62642,24501,2,
1643,s==9|Tầng 1643,61643,50001,25513,1,9,50,,,,2,1055,3,1,8,341000,1,57,40,,62643,22502,2,
1644,s==9|Tầng 1644,61644,50001,21510,1,9,50,,,,2,1055,3,1,8,341000,1,58,37,,62644,23506,2,
1645,s==9|Tầng 1645,61645,50001,24503,2,1056,5,,,,2,1055,3,1,8,342000,1,41,40,,62645,25515,2,
1646,s==9|Tầng 1646,61646,50001,22502,1,9,50,,,,2,1055,3,1,8,341500,1,42,40,,62646,21510,2,
1647,s==9|Tầng 1647,61647,50001,21510,1,9,50,,,,2,1055,3,1,8,341500,1,43,40,,62647,23506,2,
1648,s==9|Tầng 1648,61648,50001,23506,1,9,50,,,,2,1055,3,1,8,341500,1,44,35,,62648,24501,2,
1649,s==9|Tầng 1649,61649,50001,22502,1,9,50,,,,2,1055,3,1,8,341500,1,45,40,,62649,25515,2,
1650,s==9|Tầng 1650,61650,50001,25515,2,1056,5,,,,2,1055,3,1,8,342500,1,46,40,,62650,24501,2,
1651,s==9|Tầng 1651,61651,50001,22502,1,9,50,,,,2,1055,3,1,8,342000,1,47,40,,62651,21510,2,
1652,s==9|Tầng 1652,61652,50001,23506,1,9,50,,,,2,1055,3,1,8,342000,1,48,37,,62652,24501,2,
1653,s==9|Tầng 1653,61653,50001,25513,1,9,50,,,,2,1055,3,1,8,342000,1,49,40,,62653,22502,2,
1654,s==9|Tầng 1654,61654,50001,21510,1,9,50,,,,2,1055,3,1,8,342000,1,50,40,,62654,23506,2,
1655,s==9|Tầng 1655,61655,50001,24503,2,1056,5,,,,2,1055,3,1,8,343000,1,51,40,,62655,25515,2,
1656,s==9|Tầng 1656,61656,50001,22502,1,9,50,,,,2,1055,3,1,8,342500,1,52,35,,62656,21510,2,
1657,s==9|Tầng 1657,61657,50001,21510,1,9,50,,,,2,1055,3,1,8,342500,1,53,40,,62657,23506,2,
1658,s==9|Tầng 1658,61658,50001,23506,1,9,50,,,,2,1055,3,1,8,342500,1,54,40,,62658,24501,2,
1659,s==9|Tầng 1659,61659,50001,22502,1,9,50,,,,2,1055,3,1,8,342500,1,55,40,,62659,25515,2,
1660,s==9|Tầng 1660,61660,50001,25515,2,1056,5,,,,2,1055,3,1,8,343500,1,56,37,,62660,24501,2,
1661,s==9|Tầng 1661,61661,50001,22502,1,9,50,,,,2,1055,3,1,8,343000,1,57,40,,62661,21510,2,
1662,s==9|Tầng 1662,61662,50001,23506,1,9,50,,,,2,1055,3,1,8,343000,1,58,40,,62662,24501,2,
1663,s==9|Tầng 1663,61663,50001,25513,1,9,50,,,,2,1055,3,1,8,343000,1,41,40,,62663,22502,2,
1664,s==9|Tầng 1664,61664,50001,21510,1,9,50,,,,2,1055,3,1,8,343000,1,42,35,,62664,23506,2,
1665,s==9|Tầng 1665,61665,50001,24503,2,1056,5,,,,2,1055,3,1,8,344000,1,43,40,,62665,25515,2,
1666,s==9|Tầng 1666,61666,50001,22502,1,9,50,,,,2,1055,3,1,8,343500,1,44,40,,62666,21510,2,
1667,s==9|Tầng 1667,61667,50001,21510,1,9,50,,,,2,1055,3,1,8,343500,1,45,40,,62667,23506,2,
1668,s==9|Tầng 1668,61668,50001,23506,1,9,50,,,,2,1055,3,1,8,343500,1,46,37,,62668,24501,2,
1669,s==9|Tầng 1669,61669,50001,22502,1,9,50,,,,2,1055,3,1,8,343500,1,47,40,,62669,25515,2,
1670,s==9|Tầng 1670,61670,50001,25515,2,1056,5,,,,2,1055,3,1,8,344500,1,48,40,,62670,24501,2,
1671,s==9|Tầng 1671,61671,50001,22502,1,9,50,,,,2,1055,3,1,8,344000,1,49,40,,62671,21510,2,
1672,s==9|Tầng 1672,61672,50001,23506,1,9,50,,,,2,1055,3,1,8,344000,1,50,35,,62672,24501,2,
1673,s==9|Tầng 1673,61673,50001,25513,1,9,50,,,,2,1055,3,1,8,344000,1,51,40,,62673,22502,2,
1674,s==9|Tầng 1674,61674,50001,21510,1,9,50,,,,2,1055,3,1,8,344000,1,52,40,,62674,23506,2,
1675,s==9|Tầng 1675,61675,50001,24503,2,1056,5,,,,2,1055,3,1,8,345000,1,53,40,,62675,25515,2,
1676,s==9|Tầng 1676,61676,50001,22502,1,9,50,,,,2,1055,3,1,8,344500,1,54,37,,62676,21510,2,
1677,s==9|Tầng 1677,61677,50001,21510,1,9,50,,,,2,1055,3,1,8,344500,1,55,40,,62677,23506,2,
1678,s==9|Tầng 1678,61678,50001,23506,1,9,50,,,,2,1055,3,1,8,344500,1,56,40,,62678,24501,2,
1679,s==9|Tầng 1679,61679,50001,22502,1,9,50,,,,2,1055,3,1,8,344500,1,57,40,,62679,25515,2,
1680,s==9|Tầng 1680,61680,50001,25515,2,1056,5,,,,2,1055,3,1,8,345500,1,58,35,,62680,24501,2,
1681,s==9|Tầng 1681,61681,50001,22502,1,9,50,,,,2,1055,3,1,8,345000,1,41,40,,62681,21510,2,
1682,s==9|Tầng 1682,61682,50001,23506,1,9,50,,,,2,1055,3,1,8,345000,1,42,40,,62682,24501,2,
1683,s==9|Tầng 1683,61683,50001,25513,1,9,50,,,,2,1055,3,1,8,345000,1,43,40,,62683,22502,2,
1684,s==9|Tầng 1684,61684,50001,21510,1,9,50,,,,2,1055,3,1,8,345000,1,44,37,,62684,23506,2,
1685,s==9|Tầng 1685,61685,50001,24503,2,1056,5,,,,2,1055,3,1,8,346000,1,45,40,,62685,25515,2,
1686,s==9|Tầng 1686,61686,50001,22502,1,9,50,,,,2,1055,3,1,8,345500,1,46,40,,62686,21510,2,
1687,s==9|Tầng 1687,61687,50001,21510,1,9,50,,,,2,1055,3,1,8,345500,1,47,40,,62687,23506,2,
1688,s==9|Tầng 1688,61688,50001,23506,1,9,50,,,,2,1055,3,1,8,345500,1,48,35,,62688,24501,2,
1689,s==9|Tầng 1689,61689,50001,22502,1,9,50,,,,2,1055,3,1,8,345500,1,49,40,,62689,25515,2,
1690,s==9|Tầng 1690,61690,50001,25515,2,1056,5,,,,2,1055,3,1,8,346500,1,50,40,,62690,24501,2,
1691,s==9|Tầng 1691,61691,50001,22502,1,9,50,,,,2,1055,3,1,8,346000,1,51,40,,62691,21510,2,
1692,s==9|Tầng 1692,61692,50001,23506,1,9,50,,,,2,1055,3,1,8,346000,1,52,37,,62692,24501,2,
1693,s==9|Tầng 1693,61693,50001,25513,1,9,50,,,,2,1055,3,1,8,346000,1,53,40,,62693,22502,2,
1694,s==9|Tầng 1694,61694,50001,21510,1,9,50,,,,2,1055,3,1,8,346000,1,54,40,,62694,23506,2,
1695,s==9|Tầng 1695,61695,50001,24503,2,1056,5,,,,2,1055,3,1,8,347000,1,55,40,,62695,25515,2,
1696,s==9|Tầng 1696,61696,50001,22502,1,9,50,,,,2,1055,3,1,8,346500,1,56,35,,62696,21510,2,
1697,s==9|Tầng 1697,61697,50001,21510,1,9,50,,,,2,1055,3,1,8,346500,1,57,40,,62697,23506,2,
1698,s==9|Tầng 1698,61698,50001,23506,1,9,50,,,,2,1055,3,1,8,346500,1,58,40,,62698,24501,2,
1699,s==9|Tầng 1699,61699,50001,22502,1,9,50,,,,2,1055,3,1,8,346500,1,41,40,,62699,25515,2,
1700,s==9|Tầng 1700,61700,50001,25515,2,1056,5,,,,2,1055,3,1,8,347500,1,42,37,,62700,24501,2,
1701,s==9|Tầng 1701,61701,50001,22502,1,9,50,,,,2,1055,3,1,8,347000,1,43,40,,62701,21510,2,
1702,s==9|Tầng 1702,61702,50001,23506,1,9,50,,,,2,1055,3,1,8,347000,1,44,40,,62702,24501,2,
1703,s==9|Tầng 1703,61703,50001,25513,1,9,50,,,,2,1055,3,1,8,347000,1,45,40,,62703,22502,2,
1704,s==9|Tầng 1704,61704,50001,21510,1,9,50,,,,2,1055,3,1,8,347000,1,46,35,,62704,23506,2,
1705,s==9|Tầng 1705,61705,50001,24503,2,1056,5,,,,2,1055,3,1,8,348000,1,47,40,,62705,25515,2,
1706,s==9|Tầng 1706,61706,50001,22502,1,9,50,,,,2,1055,3,1,8,347500,1,48,40,,62706,21510,2,
1707,s==9|Tầng 1707,61707,50001,21510,1,9,50,,,,2,1055,3,1,8,347500,1,49,40,,62707,23506,2,
1708,s==9|Tầng 1708,61708,50001,23506,1,9,50,,,,2,1055,3,1,8,347500,1,50,37,,62708,24501,2,
1709,s==9|Tầng 1709,61709,50001,22502,1,9,50,,,,2,1055,3,1,8,347500,1,51,40,,62709,25515,2,
1710,s==9|Tầng 1710,61710,50001,25515,2,1056,5,,,,2,1055,3,1,8,348500,1,52,40,,62710,24501,2,
1711,s==9|Tầng 1711,61711,50001,22502,1,9,50,,,,2,1055,3,1,8,348000,1,53,40,,62711,21510,2,
1712,s==9|Tầng 1712,61712,50001,23506,1,9,50,,,,2,1055,3,1,8,348000,1,54,35,,62712,24501,2,
1713,s==9|Tầng 1713,61713,50001,25513,1,9,50,,,,2,1055,3,1,8,348000,1,55,40,,62713,22502,2,
1714,s==9|Tầng 1714,61714,50001,21510,1,9,50,,,,2,1055,3,1,8,348000,1,56,40,,62714,23506,2,
1715,s==9|Tầng 1715,61715,50001,24503,2,1056,5,,,,2,1055,3,1,8,349000,1,57,40,,62715,25515,2,
1716,s==9|Tầng 1716,61716,50001,22502,1,9,50,,,,2,1055,3,1,8,348500,1,58,37,,62716,21510,2,
1717,s==9|Tầng 1717,61717,50001,21510,1,9,50,,,,2,1055,3,1,8,348500,1,41,40,,62717,23506,2,
1718,s==9|Tầng 1718,61718,50001,23506,1,9,50,,,,2,1055,3,1,8,348500,1,42,40,,62718,24501,2,
1719,s==9|Tầng 1719,61719,50001,22502,1,9,50,,,,2,1055,3,1,8,348500,1,43,40,,62719,25515,2,
1720,s==9|Tầng 1720,61720,50001,25515,2,1056,5,,,,2,1055,3,1,8,349500,1,44,35,,62720,24501,2,
1721,s==9|Tầng 1721,61721,50001,22502,1,9,50,,,,2,1055,3,1,8,349000,1,45,40,,62721,21510,2,
1722,s==9|Tầng 1722,61722,50001,23506,1,9,50,,,,2,1055,3,1,8,349000,1,46,40,,62722,24501,2,
1723,s==9|Tầng 1723,61723,50001,25513,1,9,50,,,,2,1055,3,1,8,349000,1,47,40,,62723,22502,2,
1724,s==9|Tầng 1724,61724,50001,21510,1,9,50,,,,2,1055,3,1,8,349000,1,48,37,,62724,23506,2,
1725,s==9|Tầng 1725,61725,50001,24503,2,1056,5,,,,2,1055,3,1,8,350000,1,49,40,,62725,25515,2,
1726,s==9|Tầng 1726,61726,50001,22502,1,9,50,,,,2,1055,3,1,8,349500,1,50,40,,62726,21510,2,
1727,s==9|Tầng 1727,61727,50001,21510,1,9,50,,,,2,1055,3,1,8,349500,1,51,40,,62727,23506,2,
1728,s==9|Tầng 1728,61728,50001,23506,1,9,50,,,,2,1055,3,1,8,349500,1,52,35,,62728,24501,2,
1729,s==9|Tầng 1729,61729,50001,22502,1,9,50,,,,2,1055,3,1,8,349500,1,53,40,,62729,25515,2,
1730,s==9|Tầng 1730,61730,50001,25515,2,1056,5,,,,2,1055,3,1,8,350500,1,54,40,,62730,24501,2,
1731,s==9|Tầng 1731,61731,50001,22502,1,9,50,,,,2,1055,3,1,8,350000,1,55,40,,62731,21510,2,
1732,s==9|Tầng 1732,61732,50001,23506,1,9,50,,,,2,1055,3,1,8,350000,1,56,37,,62732,24501,2,
1733,s==9|Tầng 1733,61733,50001,25513,1,9,50,,,,2,1055,3,1,8,350000,1,57,40,,62733,22502,2,
1734,s==9|Tầng 1734,61734,50001,21510,1,9,50,,,,2,1055,3,1,8,350000,1,58,40,,62734,23506,2,
1735,s==9|Tầng 1735,61735,50001,24503,2,1056,5,,,,2,1055,3,1,8,351000,1,41,40,,62735,25515,2,
1736,s==9|Tầng 1736,61736,50001,22502,1,9,50,,,,2,1055,3,1,8,350500,1,42,35,,62736,21510,2,
1737,s==9|Tầng 1737,61737,50001,21510,1,9,50,,,,2,1055,3,1,8,350500,1,43,40,,62737,23506,2,
1738,s==9|Tầng 1738,61738,50001,23506,1,9,50,,,,2,1055,3,1,8,350500,1,44,40,,62738,24501,2,
1739,s==9|Tầng 1739,61739,50001,22502,1,9,50,,,,2,1055,3,1,8,350500,1,45,40,,62739,25515,2,
1740,s==9|Tầng 1740,61740,50001,25515,2,1056,5,,,,2,1055,3,1,8,351500,1,46,37,,62740,24501,2,
1741,s==9|Tầng 1741,61741,50001,22502,1,9,50,,,,2,1055,3,1,8,351000,1,47,40,,62741,21510,2,
1742,s==9|Tầng 1742,61742,50001,23506,1,9,50,,,,2,1055,3,1,8,351000,1,48,40,,62742,24501,2,
1743,s==9|Tầng 1743,61743,50001,25513,1,9,50,,,,2,1055,3,1,8,351000,1,49,40,,62743,22502,2,
1744,s==9|Tầng 1744,61744,50001,21510,1,9,50,,,,2,1055,3,1,8,351000,1,50,35,,62744,23506,2,
1745,s==9|Tầng 1745,61745,50001,24503,2,1056,5,,,,2,1055,3,1,8,352000,1,51,40,,62745,25515,2,
1746,s==9|Tầng 1746,61746,50001,22502,1,9,50,,,,2,1055,3,1,8,351500,1,52,40,,62746,21510,2,
1747,s==9|Tầng 1747,61747,50001,21510,1,9,50,,,,2,1055,3,1,8,351500,1,53,40,,62747,23506,2,
1748,s==9|Tầng 1748,61748,50001,23506,1,9,50,,,,2,1055,3,1,8,351500,1,54,37,,62748,24501,2,
1749,s==9|Tầng 1749,61749,50001,22502,1,9,50,,,,2,1055,3,1,8,351500,1,55,40,,62749,25515,2,
1750,s==9|Tầng 1750,61750,50001,25515,2,1056,5,,,,2,1055,3,1,8,352500,1,56,40,,62750,24501,2,
1751,s==9|Tầng 1751,61751,50001,22502,1,9,50,,,,2,1055,3,1,8,352000,1,57,40,,62751,21510,2,
1752,s==9|Tầng 1752,61752,50001,23506,1,9,50,,,,2,1055,3,1,8,352000,1,58,35,,62752,24501,2,
1753,s==9|Tầng 1753,61753,50001,25513,1,9,50,,,,2,1055,3,1,8,352000,1,41,40,,62753,22502,2,
1754,s==9|Tầng 1754,61754,50001,21510,1,9,50,,,,2,1055,3,1,8,352000,1,42,40,,62754,23506,2,
1755,s==9|Tầng 1755,61755,50001,24503,2,1056,5,,,,2,1055,3,1,8,353000,1,43,40,,62755,25515,2,
1756,s==9|Tầng 1756,61756,50001,22502,1,9,50,,,,2,1055,3,1,8,352500,1,44,37,,62756,21510,2,
1757,s==9|Tầng 1757,61757,50001,21510,1,9,50,,,,2,1055,3,1,8,352500,1,45,40,,62757,23506,2,
1758,s==9|Tầng 1758,61758,50001,23506,1,9,50,,,,2,1055,3,1,8,352500,1,46,40,,62758,24501,2,
1759,s==9|Tầng 1759,61759,50001,22502,1,9,50,,,,2,1055,3,1,8,352500,1,47,40,,62759,25515,2,
1760,s==9|Tầng 1760,61760,50001,25515,2,1056,5,,,,2,1055,3,1,8,353500,1,48,35,,62760,24501,2,
1761,s==9|Tầng 1761,61761,50001,22502,1,9,50,,,,2,1055,3,1,8,353000,1,49,40,,62761,21510,2,
1762,s==9|Tầng 1762,61762,50001,23506,1,9,50,,,,2,1055,3,1,8,353000,1,50,40,,62762,24501,2,
1763,s==9|Tầng 1763,61763,50001,25513,1,9,50,,,,2,1055,3,1,8,353000,1,51,40,,62763,22502,2,
1764,s==9|Tầng 1764,61764,50001,21510,1,9,50,,,,2,1055,3,1,8,353000,1,52,37,,62764,23506,2,
1765,s==9|Tầng 1765,61765,50001,24503,2,1056,5,,,,2,1055,3,1,8,354000,1,53,40,,62765,25515,2,
1766,s==9|Tầng 1766,61766,50001,22502,1,9,50,,,,2,1055,3,1,8,353500,1,54,40,,62766,21510,2,
1767,s==9|Tầng 1767,61767,50001,21510,1,9,50,,,,2,1055,3,1,8,353500,1,55,40,,62767,23506,2,
1768,s==9|Tầng 1768,61768,50001,23506,1,9,50,,,,2,1055,3,1,8,353500,1,56,35,,62768,24501,2,
1769,s==9|Tầng 1769,61769,50001,22502,1,9,50,,,,2,1055,3,1,8,353500,1,57,40,,62769,25515,2,
1770,s==9|Tầng 1770,61770,50001,25515,2,1056,5,,,,2,1055,3,1,8,354500,1,58,40,,62770,24501,2,
1771,s==9|Tầng 1771,61771,50001,22502,1,9,50,,,,2,1055,3,1,8,354000,1,41,40,,62771,21510,2,
1772,s==9|Tầng 1772,61772,50001,23506,1,9,50,,,,2,1055,3,1,8,354000,1,42,37,,62772,24501,2,
1773,s==9|Tầng 1773,61773,50001,25513,1,9,50,,,,2,1055,3,1,8,354000,1,43,40,,62773,22502,2,
1774,s==9|Tầng 1774,61774,50001,21510,1,9,50,,,,2,1055,3,1,8,354000,1,44,40,,62774,23506,2,
1775,s==9|Tầng 1775,61775,50001,24503,2,1056,5,,,,2,1055,3,1,8,355000,1,45,40,,62775,25515,2,
1776,s==9|Tầng 1776,61776,50001,22502,1,9,50,,,,2,1055,3,1,8,354500,1,46,35,,62776,21510,2,
1777,s==9|Tầng 1777,61777,50001,21510,1,9,50,,,,2,1055,3,1,8,354500,1,47,40,,62777,23506,2,
1778,s==9|Tầng 1778,61778,50001,23506,1,9,50,,,,2,1055,3,1,8,354500,1,48,40,,62778,24501,2,
1779,s==9|Tầng 1779,61779,50001,22502,1,9,50,,,,2,1055,3,1,8,354500,1,49,40,,62779,25515,2,
1780,s==9|Tầng 1780,61780,50001,25515,2,1056,5,,,,2,1055,3,1,8,355500,1,50,37,,62780,24501,2,
1781,s==9|Tầng 1781,61781,50001,22502,1,9,50,,,,2,1055,3,1,8,355000,1,51,40,,62781,21510,2,
1782,s==9|Tầng 1782,61782,50001,23506,1,9,50,,,,2,1055,3,1,8,355000,1,52,40,,62782,24501,2,
1783,s==9|Tầng 1783,61783,50001,25513,1,9,50,,,,2,1055,3,1,8,355000,1,53,40,,62783,22502,2,
1784,s==9|Tầng 1784,61784,50001,21510,1,9,50,,,,2,1055,3,1,8,355000,1,54,35,,62784,23506,2,
1785,s==9|Tầng 1785,61785,50001,24503,2,1056,5,,,,2,1055,3,1,8,356000,1,55,40,,62785,25515,2,
1786,s==9|Tầng 1786,61786,50001,22502,1,9,50,,,,2,1055,3,1,8,355500,1,56,40,,62786,21510,2,
1787,s==9|Tầng 1787,61787,50001,21510,1,9,50,,,,2,1055,3,1,8,355500,1,57,40,,62787,23506,2,
1788,s==9|Tầng 1788,61788,50001,23506,1,9,50,,,,2,1055,3,1,8,355500,1,58,37,,62788,24501,2,
1789,s==9|Tầng 1789,61789,50001,22502,1,9,50,,,,2,1055,3,1,8,355500,1,41,40,,62789,25515,2,
1790,s==9|Tầng 1790,61790,50001,25515,2,1056,5,,,,2,1055,3,1,8,356500,1,42,40,,62790,24501,2,
1791,s==9|Tầng 1791,61791,50001,22502,1,9,50,,,,2,1055,3,1,8,356000,1,43,40,,62791,21510,2,
1792,s==9|Tầng 1792,61792,50001,23506,1,9,50,,,,2,1055,3,1,8,356000,1,44,35,,62792,24501,2,
1793,s==9|Tầng 1793,61793,50001,25513,1,9,50,,,,2,1055,3,1,8,356000,1,45,40,,62793,22502,2,
1794,s==9|Tầng 1794,61794,50001,21510,1,9,50,,,,2,1055,3,1,8,356000,1,46,40,,62794,23506,2,
1795,s==9|Tầng 1795,61795,50001,24503,2,1056,5,,,,2,1055,3,1,8,357000,1,47,40,,62795,25515,2,
1796,s==9|Tầng 1796,61796,50001,22502,1,9,50,,,,2,1055,3,1,8,356500,1,48,37,,62796,21510,2,
1797,s==9|Tầng 1797,61797,50001,21510,1,9,50,,,,2,1055,3,1,8,356500,1,49,40,,62797,23506,2,
1798,s==9|Tầng 1798,61798,50001,23506,1,9,50,,,,2,1055,3,1,8,356500,1,50,40,,62798,24501,2,
1799,s==9|Tầng 1799,61799,50001,22502,1,9,50,,,,2,1055,3,1,8,356500,1,51,40,,62799,25515,2,
1800,s==9|Tầng 1800,61800,50001,25515,2,1056,5,,,,2,1055,3,1,8,357500,1,52,35,,62800,24501,2,
1801,s==9|Tầng 1801,61801,50001,22502,1,9,50,,,,2,1055,3,1,8,357000,1,53,40,,62801,21510,2,
1802,s==9|Tầng 1802,61802,50001,23506,1,9,50,,,,2,1055,3,1,8,357000,1,54,40,,62802,24501,2,
1803,s==9|Tầng 1803,61803,50001,25513,1,9,50,,,,2,1055,3,1,8,357000,1,55,40,,62803,22502,2,
1804,s==9|Tầng 1804,61804,50001,21510,1,9,50,,,,2,1055,3,1,8,357000,1,56,37,,62804,23506,2,
1805,s==9|Tầng 1805,61805,50001,24503,2,1056,5,,,,2,1055,3,1,8,358000,1,57,40,,62805,25515,2,
1806,s==9|Tầng 1806,61806,50001,22502,1,9,50,,,,2,1055,3,1,8,357500,1,58,40,,62806,21510,2,
1807,s==9|Tầng 1807,61807,50001,21510,1,9,50,,,,2,1055,3,1,8,357500,1,41,40,,62807,23506,2,
1808,s==9|Tầng 1808,61808,50001,23506,1,9,50,,,,2,1055,3,1,8,357500,1,42,35,,62808,24501,2,
1809,s==9|Tầng 1809,61809,50001,22502,1,9,50,,,,2,1055,3,1,8,357500,1,43,40,,62809,25515,2,
1810,s==9|Tầng 1810,61810,50001,25515,2,1056,5,,,,2,1055,3,1,8,358500,1,44,40,,62810,24501,2,
1811,s==9|Tầng 1811,61811,50001,22502,1,9,50,,,,2,1055,3,1,8,358000,1,45,40,,62811,21510,2,
1812,s==9|Tầng 1812,61812,50001,23506,1,9,50,,,,2,1055,3,1,8,358000,1,46,37,,62812,24501,2,
1813,s==9|Tầng 1813,61813,50001,25513,1,9,50,,,,2,1055,3,1,8,358000,1,47,40,,62813,22502,2,
1814,s==9|Tầng 1814,61814,50001,21510,1,9,50,,,,2,1055,3,1,8,358000,1,48,40,,62814,23506,2,
1815,s==9|Tầng 1815,61815,50001,24503,2,1056,5,,,,2,1055,3,1,8,359000,1,49,40,,62815,25515,2,
1816,s==9|Tầng 1816,61816,50001,22502,1,9,50,,,,2,1055,3,1,8,358500,1,50,35,,62816,21510,2,
1817,s==9|Tầng 1817,61817,50001,21510,1,9,50,,,,2,1055,3,1,8,358500,1,51,40,,62817,23506,2,
1818,s==9|Tầng 1818,61818,50001,23506,1,9,50,,,,2,1055,3,1,8,358500,1,52,40,,62818,24501,2,
1819,s==9|Tầng 1819,61819,50001,22502,1,9,50,,,,2,1055,3,1,8,358500,1,53,40,,62819,25515,2,
1820,s==9|Tầng 1820,61820,50001,25515,2,1056,5,,,,2,1055,3,1,8,359500,1,54,37,,62820,24501,2,
1821,s==9|Tầng 1821,61821,50001,22502,1,9,50,,,,2,1055,3,1,8,359000,1,55,40,,62821,21510,2,
1822,s==9|Tầng 1822,61822,50001,23506,1,9,50,,,,2,1055,3,1,8,359000,1,56,40,,62822,24501,2,
1823,s==9|Tầng 1823,61823,50001,25513,1,9,50,,,,2,1055,3,1,8,359000,1,57,40,,62823,22502,2,
1824,s==9|Tầng 1824,61824,50001,21510,1,9,50,,,,2,1055,3,1,8,359000,1,58,35,,62824,23506,2,
1825,s==9|Tầng 1825,61825,50001,24503,2,1056,5,,,,2,1055,3,1,8,360000,1,41,40,,62825,25515,2,
1826,s==9|Tầng 1826,61826,50001,22502,1,9,50,,,,2,1055,3,1,8,359500,1,42,40,,62826,21510,2,
1827,s==9|Tầng 1827,61827,50001,21510,1,9,50,,,,2,1055,3,1,8,359500,1,43,40,,62827,23506,2,
1828,s==9|Tầng 1828,61828,50001,23506,1,9,50,,,,2,1055,3,1,8,359500,1,44,37,,62828,24501,2,
1829,s==9|Tầng 1829,61829,50001,22502,1,9,50,,,,2,1055,3,1,8,359500,1,45,40,,62829,25515,2,
1830,s==9|Tầng 1830,61830,50001,25515,2,1056,5,,,,2,1055,3,1,8,360500,1,46,40,,62830,24501,2,
1831,s==9|Tầng 1831,61831,50001,22502,1,9,50,,,,2,1055,3,1,8,360000,1,47,40,,62831,21510,2,
1832,s==9|Tầng 1832,61832,50001,23506,1,9,50,,,,2,1055,3,1,8,360000,1,48,35,,62832,24501,2,
1833,s==9|Tầng 1833,61833,50001,25513,1,9,50,,,,2,1055,3,1,8,360000,1,49,40,,62833,22502,2,
1834,s==9|Tầng 1834,61834,50001,21510,1,9,50,,,,2,1055,3,1,8,360000,1,50,40,,62834,23506,2,
1835,s==9|Tầng 1835,61835,50001,24503,2,1056,5,,,,2,1055,3,1,8,361000,1,51,40,,62835,25515,2,
1836,s==9|Tầng 1836,61836,50001,22502,1,9,50,,,,2,1055,3,1,8,360500,1,52,37,,62836,21510,2,
1837,s==9|Tầng 1837,61837,50001,21510,1,9,50,,,,2,1055,3,1,8,360500,1,53,40,,62837,23506,2,
1838,s==9|Tầng 1838,61838,50001,23506,1,9,50,,,,2,1055,3,1,8,360500,1,54,40,,62838,24501,2,
1839,s==9|Tầng 1839,61839,50001,22502,1,9,50,,,,2,1055,3,1,8,360500,1,55,40,,62839,25515,2,
1840,s==9|Tầng 1840,61840,50001,25515,2,1056,5,,,,2,1055,3,1,8,361500,1,56,35,,62840,24501,2,
1841,s==9|Tầng 1841,61841,50001,22502,1,9,50,,,,2,1055,3,1,8,361000,1,57,40,,62841,21510,2,
1842,s==9|Tầng 1842,61842,50001,23506,1,9,50,,,,2,1055,3,1,8,361000,1,58,40,,62842,24501,2,
1843,s==9|Tầng 1843,61843,50001,25513,1,9,50,,,,2,1055,3,1,8,361000,1,41,40,,62843,22502,2,
1844,s==9|Tầng 1844,61844,50001,21510,1,9,50,,,,2,1055,3,1,8,361000,1,42,37,,62844,23506,2,
1845,s==9|Tầng 1845,61845,50001,24503,2,1056,5,,,,2,1055,3,1,8,362000,1,43,40,,62845,25515,2,
1846,s==9|Tầng 1846,61846,50001,22502,1,9,50,,,,2,1055,3,1,8,361500,1,44,40,,62846,21510,2,
1847,s==9|Tầng 1847,61847,50001,21510,1,9,50,,,,2,1055,3,1,8,361500,1,45,40,,62847,23506,2,
1848,s==9|Tầng 1848,61848,50001,23506,1,9,50,,,,2,1055,3,1,8,361500,1,46,35,,62848,24501,2,
1849,s==9|Tầng 1849,61849,50001,22502,1,9,50,,,,2,1055,3,1,8,361500,1,47,40,,62849,25515,2,
1850,s==9|Tầng 1850,61850,50001,25515,2,1056,5,,,,2,1055,3,1,8,362500,1,48,40,,62850,24501,2,
1851,s==9|Tầng 1851,61851,50001,22502,1,9,50,,,,2,1055,3,1,8,362000,1,49,40,,62851,21510,2,
1852,s==9|Tầng 1852,61852,50001,23506,1,9,50,,,,2,1055,3,1,8,362000,1,50,37,,62852,24501,2,
1853,s==9|Tầng 1853,61853,50001,25513,1,9,50,,,,2,1055,3,1,8,362000,1,51,40,,62853,22502,2,
1854,s==9|Tầng 1854,61854,50001,21510,1,9,50,,,,2,1055,3,1,8,362000,1,52,40,,62854,23506,2,
1855,s==9|Tầng 1855,61855,50001,24503,2,1056,5,,,,2,1055,3,1,8,363000,1,53,40,,62855,25515,2,
1856,s==9|Tầng 1856,61856,50001,22502,1,9,50,,,,2,1055,3,1,8,362500,1,54,35,,62856,21510,2,
1857,s==9|Tầng 1857,61857,50001,21510,1,9,50,,,,2,1055,3,1,8,362500,1,55,40,,62857,23506,2,
1858,s==9|Tầng 1858,61858,50001,23506,1,9,50,,,,2,1055,3,1,8,362500,1,56,40,,62858,24501,2,
1859,s==9|Tầng 1859,61859,50001,22502,1,9,50,,,,2,1055,3,1,8,362500,1,57,40,,62859,25515,2,
1860,s==9|Tầng 1860,61860,50001,25515,2,1056,5,,,,2,1055,3,1,8,363500,1,58,37,,62860,24501,2,
1861,s==9|Tầng 1861,61861,50001,22502,1,9,50,,,,2,1055,3,1,8,363000,1,41,40,,62861,21510,2,
1862,s==9|Tầng 1862,61862,50001,23506,1,9,50,,,,2,1055,3,1,8,363000,1,42,40,,62862,24501,2,
1863,s==9|Tầng 1863,61863,50001,25513,1,9,50,,,,2,1055,3,1,8,363000,1,43,40,,62863,22502,2,
1864,s==9|Tầng 1864,61864,50001,21510,1,9,50,,,,2,1055,3,1,8,363000,1,44,35,,62864,23506,2,
1865,s==9|Tầng 1865,61865,50001,24503,2,1056,5,,,,2,1055,3,1,8,364000,1,45,40,,62865,25515,2,
1866,s==9|Tầng 1866,61866,50001,22502,1,9,50,,,,2,1055,3,1,8,363500,1,46,40,,62866,21510,2,
1867,s==9|Tầng 1867,61867,50001,21510,1,9,50,,,,2,1055,3,1,8,363500,1,47,40,,62867,23506,2,
1868,s==9|Tầng 1868,61868,50001,23506,1,9,50,,,,2,1055,3,1,8,363500,1,48,37,,62868,24501,2,
1869,s==9|Tầng 1869,61869,50001,22502,1,9,50,,,,2,1055,3,1,8,363500,1,49,40,,62869,25515,2,
1870,s==9|Tầng 1870,61870,50001,25515,2,1056,5,,,,2,1055,3,1,8,364500,1,50,40,,62870,24501,2,
1871,s==9|Tầng 1871,61871,50001,22502,1,9,50,,,,2,1055,3,1,8,364000,1,51,40,,62871,21510,2,
1872,s==9|Tầng 1872,61872,50001,23506,1,9,50,,,,2,1055,3,1,8,364000,1,52,35,,62872,24501,2,
1873,s==9|Tầng 1873,61873,50001,25513,1,9,50,,,,2,1055,3,1,8,364000,1,53,40,,62873,22502,2,
1874,s==9|Tầng 1874,61874,50001,21510,1,9,50,,,,2,1055,3,1,8,364000,1,54,40,,62874,23506,2,
1875,s==9|Tầng 1875,61875,50001,24503,2,1056,5,,,,2,1055,3,1,8,365000,1,55,40,,62875,25515,2,
1876,s==9|Tầng 1876,61876,50001,22502,1,9,50,,,,2,1055,3,1,8,364500,1,56,37,,62876,21510,2,
1877,s==9|Tầng 1877,61877,50001,21510,1,9,50,,,,2,1055,3,1,8,364500,1,57,40,,62877,23506,2,
1878,s==9|Tầng 1878,61878,50001,23506,1,9,50,,,,2,1055,3,1,8,364500,1,58,40,,62878,24501,2,
1879,s==9|Tầng 1879,61879,50001,22502,1,9,50,,,,2,1055,3,1,8,364500,1,41,40,,62879,25515,2,
1880,s==9|Tầng 1880,61880,50001,25515,2,1056,5,,,,2,1055,3,1,8,365500,1,42,35,,62880,24501,2,
1881,s==9|Tầng 1881,61881,50001,22502,1,9,50,,,,2,1055,3,1,8,365000,1,43,40,,62881,21510,2,
1882,s==9|Tầng 1882,61882,50001,23506,1,9,50,,,,2,1055,3,1,8,365000,1,44,40,,62882,24501,2,
1883,s==9|Tầng 1883,61883,50001,25513,1,9,50,,,,2,1055,3,1,8,365000,1,45,40,,62883,22502,2,
1884,s==9|Tầng 1884,61884,50001,21510,1,9,50,,,,2,1055,3,1,8,365000,1,46,37,,62884,23506,2,
1885,s==9|Tầng 1885,61885,50001,24503,2,1056,5,,,,2,1055,3,1,8,366000,1,47,40,,62885,25515,2,
1886,s==9|Tầng 1886,61886,50001,22502,1,9,50,,,,2,1055,3,1,8,365500,1,48,40,,62886,21510,2,
1887,s==9|Tầng 1887,61887,50001,21510,1,9,50,,,,2,1055,3,1,8,365500,1,49,40,,62887,23506,2,
1888,s==9|Tầng 1888,61888,50001,23506,1,9,50,,,,2,1055,3,1,8,365500,1,50,35,,62888,24501,2,
1889,s==9|Tầng 1889,61889,50001,22502,1,9,50,,,,2,1055,3,1,8,365500,1,51,40,,62889,25515,2,
1890,s==9|Tầng 1890,61890,50001,25515,2,1056,5,,,,2,1055,3,1,8,366500,1,52,40,,62890,24501,2,
1891,s==9|Tầng 1891,61891,50001,22502,1,9,50,,,,2,1055,3,1,8,366000,1,53,40,,62891,21510,2,
1892,s==9|Tầng 1892,61892,50001,23506,1,9,50,,,,2,1055,3,1,8,366000,1,54,37,,62892,24501,2,
1893,s==9|Tầng 1893,61893,50001,25513,1,9,50,,,,2,1055,3,1,8,366000,1,55,40,,62893,22502,2,
1894,s==9|Tầng 1894,61894,50001,21510,1,9,50,,,,2,1055,3,1,8,366000,1,56,40,,62894,23506,2,
1895,s==9|Tầng 1895,61895,50001,24503,2,1056,5,,,,2,1055,3,1,8,367000,1,57,40,,62895,25515,2,
1896,s==9|Tầng 1896,61896,50001,22502,1,9,50,,,,2,1055,3,1,8,366500,1,58,35,,62896,21510,2,
1897,s==9|Tầng 1897,61897,50001,21510,1,9,50,,,,2,1055,3,1,8,366500,1,41,40,,62897,23506,2,
1898,s==9|Tầng 1898,61898,50001,23506,1,9,50,,,,2,1055,3,1,8,366500,1,42,40,,62898,24501,2,
1899,s==9|Tầng 1899,61899,50001,22502,1,9,50,,,,2,1055,3,1,8,366500,1,43,40,,62899,25515,2,
1900,s==9|Tầng 1900,61900,50001,25515,2,1056,5,,,,2,1055,3,1,8,367500,1,44,37,,62900,24501,2,
1901,s==9|Tầng 1901,61901,50001,22502,1,9,50,,,,2,1055,3,1,8,367000,1,45,40,,62901,21510,2,
1902,s==9|Tầng 1902,61902,50001,23506,1,9,50,,,,2,1055,3,1,8,367000,1,46,40,,62902,24501,2,
1903,s==9|Tầng 1903,61903,50001,25513,1,9,50,,,,2,1055,3,1,8,367000,1,47,40,,62903,22502,2,
1904,s==9|Tầng 1904,61904,50001,21510,1,9,50,,,,2,1055,3,1,8,367000,1,48,35,,62904,23506,2,
1905,s==9|Tầng 1905,61905,50001,24503,2,1056,5,,,,2,1055,3,1,8,368000,1,49,40,,62905,25515,2,
1906,s==9|Tầng 1906,61906,50001,22502,1,9,50,,,,2,1055,3,1,8,367500,1,50,40,,62906,21510,2,
1907,s==9|Tầng 1907,61907,50001,21510,1,9,50,,,,2,1055,3,1,8,367500,1,51,40,,62907,23506,2,
1908,s==9|Tầng 1908,61908,50001,23506,1,9,50,,,,2,1055,3,1,8,367500,1,52,37,,62908,24501,2,
1909,s==9|Tầng 1909,61909,50001,22502,1,9,50,,,,2,1055,3,1,8,367500,1,53,40,,62909,25515,2,
1910,s==9|Tầng 1910,61910,50001,25515,2,1056,5,,,,2,1055,3,1,8,368500,1,54,40,,62910,24501,2,
1911,s==9|Tầng 1911,61911,50001,22502,1,9,50,,,,2,1055,3,1,8,368000,1,55,40,,62911,21510,2,
1912,s==9|Tầng 1912,61912,50001,23506,1,9,50,,,,2,1055,3,1,8,368000,1,56,35,,62912,24501,2,
1913,s==9|Tầng 1913,61913,50001,25513,1,9,50,,,,2,1055,3,1,8,368000,1,57,40,,62913,22502,2,
1914,s==9|Tầng 1914,61914,50001,21510,1,9,50,,,,2,1055,3,1,8,368000,1,58,40,,62914,23506,2,
1915,s==9|Tầng 1915,61915,50001,24503,2,1056,5,,,,2,1055,3,1,8,369000,1,41,40,,62915,25515,2,
1916,s==9|Tầng 1916,61916,50001,22502,1,9,50,,,,2,1055,3,1,8,368500,1,42,37,,62916,21510,2,
1917,s==9|Tầng 1917,61917,50001,21510,1,9,50,,,,2,1055,3,1,8,368500,1,43,40,,62917,23506,2,
1918,s==9|Tầng 1918,61918,50001,23506,1,9,50,,,,2,1055,3,1,8,368500,1,44,40,,62918,24501,2,
1919,s==9|Tầng 1919,61919,50001,22502,1,9,50,,,,2,1055,3,1,8,368500,1,45,40,,62919,25515,2,
1920,s==9|Tầng 1920,61920,50001,25515,2,1056,5,,,,2,1055,3,1,8,369500,1,46,35,,62920,24501,2,
1921,s==9|Tầng 1921,61921,50001,22502,1,9,50,,,,2,1055,3,1,8,369000,1,47,40,,62921,21510,2,
1922,s==9|Tầng 1922,61922,50001,23506,1,9,50,,,,2,1055,3,1,8,369000,1,48,40,,62922,24501,2,
1923,s==9|Tầng 1923,61923,50001,25513,1,9,50,,,,2,1055,3,1,8,369000,1,49,40,,62923,22502,2,
1924,s==9|Tầng 1924,61924,50001,21510,1,9,50,,,,2,1055,3,1,8,369000,1,50,37,,62924,23506,2,
1925,s==9|Tầng 1925,61925,50001,24503,2,1056,5,,,,2,1055,3,1,8,370000,1,51,40,,62925,25515,2,
1926,s==9|Tầng 1926,61926,50001,22502,1,9,50,,,,2,1055,3,1,8,369500,1,52,40,,62926,21510,2,
1927,s==9|Tầng 1927,61927,50001,21510,1,9,50,,,,2,1055,3,1,8,369500,1,53,40,,62927,23506,2,
1928,s==9|Tầng 1928,61928,50001,23506,1,9,50,,,,2,1055,3,1,8,369500,1,54,35,,62928,24501,2,
1929,s==9|Tầng 1929,61929,50001,22502,1,9,50,,,,2,1055,3,1,8,369500,1,55,40,,62929,25515,2,
1930,s==9|Tầng 1930,61930,50001,25515,2,1056,5,,,,2,1055,3,1,8,370500,1,56,40,,62930,24501,2,
1931,s==9|Tầng 1931,61931,50001,22502,1,9,50,,,,2,1055,3,1,8,370000,1,57,40,,62931,21510,2,
1932,s==9|Tầng 1932,61932,50001,23506,1,9,50,,,,2,1055,3,1,8,370000,1,58,37,,62932,24501,2,
1933,s==9|Tầng 1933,61933,50001,25513,1,9,50,,,,2,1055,3,1,8,370000,1,41,40,,62933,22502,2,
1934,s==9|Tầng 1934,61934,50001,21510,1,9,50,,,,2,1055,3,1,8,370000,1,42,40,,62934,23506,2,
1935,s==9|Tầng 1935,61935,50001,24503,2,1056,5,,,,2,1055,3,1,8,371000,1,43,40,,62935,25515,2,
1936,s==9|Tầng 1936,61936,50001,22502,1,9,50,,,,2,1055,3,1,8,370500,1,44,35,,62936,21510,2,
1937,s==9|Tầng 1937,61937,50001,21510,1,9,50,,,,2,1055,3,1,8,370500,1,45,40,,62937,23506,2,
1938,s==9|Tầng 1938,61938,50001,23506,1,9,50,,,,2,1055,3,1,8,370500,1,46,40,,62938,24501,2,
1939,s==9|Tầng 1939,61939,50001,22502,1,9,50,,,,2,1055,3,1,8,370500,1,47,40,,62939,25515,2,
1940,s==9|Tầng 1940,61940,50001,25515,2,1056,5,,,,2,1055,3,1,8,371500,1,48,37,,62940,24501,2,
1941,s==9|Tầng 1941,61941,50001,22502,1,9,50,,,,2,1055,3,1,8,371000,1,49,40,,62941,21510,2,
1942,s==9|Tầng 1942,61942,50001,23506,1,9,50,,,,2,1055,3,1,8,371000,1,50,40,,62942,24501,2,
1943,s==9|Tầng 1943,61943,50001,25513,1,9,50,,,,2,1055,3,1,8,371000,1,51,40,,62943,22502,2,
1944,s==9|Tầng 1944,61944,50001,21510,1,9,50,,,,2,1055,3,1,8,371000,1,52,35,,62944,23506,2,
1945,s==9|Tầng 1945,61945,50001,24503,2,1056,5,,,,2,1055,3,1,8,372000,1,53,40,,62945,25515,2,
1946,s==9|Tầng 1946,61946,50001,22502,1,9,50,,,,2,1055,3,1,8,371500,1,54,40,,62946,21510,2,
1947,s==9|Tầng 1947,61947,50001,21510,1,9,50,,,,2,1055,3,1,8,371500,1,55,40,,62947,23506,2,
1948,s==9|Tầng 1948,61948,50001,23506,1,9,50,,,,2,1055,3,1,8,371500,1,56,37,,62948,24501,2,
1949,s==9|Tầng 1949,61949,50001,22502,1,9,50,,,,2,1055,3,1,8,371500,1,57,40,,62949,25515,2,
1950,s==9|Tầng 1950,61950,50001,25515,2,1056,5,,,,2,1055,3,1,8,372500,1,58,40,,62950,24501,2,
1951,s==9|Tầng 1951,61951,50001,22502,1,9,50,,,,2,1055,3,1,8,372000,1,41,40,,62951,21510,2,
1952,s==9|Tầng 1952,61952,50001,23506,1,9,50,,,,2,1055,3,1,8,372000,1,42,35,,62952,24501,2,
1953,s==9|Tầng 1953,61953,50001,25513,1,9,50,,,,2,1055,3,1,8,372000,1,43,40,,62953,22502,2,
1954,s==9|Tầng 1954,61954,50001,21510,1,9,50,,,,2,1055,3,1,8,372000,1,44,40,,62954,23506,2,
1955,s==9|Tầng 1955,61955,50001,24503,2,1056,5,,,,2,1055,3,1,8,373000,1,45,40,,62955,25515,2,
1956,s==9|Tầng 1956,61956,50001,22502,1,9,50,,,,2,1055,3,1,8,372500,1,46,37,,62956,21510,2,
1957,s==9|Tầng 1957,61957,50001,21510,1,9,50,,,,2,1055,3,1,8,372500,1,47,40,,62957,23506,2,
1958,s==9|Tầng 1958,61958,50001,23506,1,9,50,,,,2,1055,3,1,8,372500,1,48,40,,62958,24501,2,
1959,s==9|Tầng 1959,61959,50001,22502,1,9,50,,,,2,1055,3,1,8,372500,1,49,40,,62959,25515,2,
1960,s==9|Tầng 1960,61960,50001,25515,2,1056,5,,,,2,1055,3,1,8,373500,1,50,35,,62960,24501,2,
1961,s==9|Tầng 1961,61961,50001,22502,1,9,50,,,,2,1055,3,1,8,373000,1,51,40,,62961,21510,2,
1962,s==9|Tầng 1962,61962,50001,23506,1,9,50,,,,2,1055,3,1,8,373000,1,52,40,,62962,24501,2,
1963,s==9|Tầng 1963,61963,50001,25513,1,9,50,,,,2,1055,3,1,8,373000,1,53,40,,62963,22502,2,
1964,s==9|Tầng 1964,61964,50001,21510,1,9,50,,,,2,1055,3,1,8,373000,1,54,37,,62964,23506,2,
1965,s==9|Tầng 1965,61965,50001,24503,2,1056,5,,,,2,1055,3,1,8,374000,1,55,40,,62965,25515,2,
1966,s==9|Tầng 1966,61966,50001,22502,1,9,50,,,,2,1055,3,1,8,373500,1,56,40,,62966,21510,2,
1967,s==9|Tầng 1967,61967,50001,21510,1,9,50,,,,2,1055,3,1,8,373500,1,57,40,,62967,23506,2,
1968,s==9|Tầng 1968,61968,50001,23506,1,9,50,,,,2,1055,3,1,8,373500,1,58,35,,62968,24501,2,
1969,s==9|Tầng 1969,61969,50001,22502,1,9,50,,,,2,1055,3,1,8,373500,1,41,40,,62969,25515,2,
1970,s==9|Tầng 1970,61970,50001,25515,2,1056,5,,,,2,1055,3,1,8,374500,1,42,40,,62970,24501,2,
1971,s==9|Tầng 1971,61971,50001,22502,1,9,50,,,,2,1055,3,1,8,374000,1,43,40,,62971,21510,2,
1972,s==9|Tầng 1972,61972,50001,23506,1,9,50,,,,2,1055,3,1,8,374000,1,44,37,,62972,24501,2,
1973,s==9|Tầng 1973,61973,50001,25513,1,9,50,,,,2,1055,3,1,8,374000,1,45,40,,62973,22502,2,
1974,s==9|Tầng 1974,61974,50001,21510,1,9,50,,,,2,1055,3,1,8,374000,1,46,40,,62974,23506,2,
1975,s==9|Tầng 1975,61975,50001,24503,2,1056,5,,,,2,1055,3,1,8,375000,1,47,40,,62975,25515,2,
1976,s==9|Tầng 1976,61976,50001,22502,1,9,50,,,,2,1055,3,1,8,374500,1,48,35,,62976,21510,2,
1977,s==9|Tầng 1977,61977,50001,21510,1,9,50,,,,2,1055,3,1,8,374500,1,49,40,,62977,23506,2,
1978,s==9|Tầng 1978,61978,50001,23506,1,9,50,,,,2,1055,3,1,8,374500,1,50,40,,62978,24501,2,
1979,s==9|Tầng 1979,61979,50001,22502,1,9,50,,,,2,1055,3,1,8,374500,1,51,40,,62979,25515,2,
1980,s==9|Tầng 1980,61980,50001,25515,2,1056,5,,,,2,1055,3,1,8,375500,1,52,37,,62980,24501,2,
1981,s==9|Tầng 1981,61981,50001,22502,1,9,50,,,,2,1055,3,1,8,375000,1,53,40,,62981,21510,2,
1982,s==9|Tầng 1982,61982,50001,23506,1,9,50,,,,2,1055,3,1,8,375000,1,54,40,,62982,24501,2,
1983,s==9|Tầng 1983,61983,50001,25513,1,9,50,,,,2,1055,3,1,8,375000,1,55,40,,62983,22502,2,
1984,s==9|Tầng 1984,61984,50001,21510,1,9,50,,,,2,1055,3,1,8,375000,1,56,35,,62984,23506,2,
1985,s==9|Tầng 1985,61985,50001,24503,2,1056,5,,,,2,1055,3,1,8,376000,1,57,40,,62985,25515,2,
1986,s==9|Tầng 1986,61986,50001,22502,1,9,50,,,,2,1055,3,1,8,375500,1,58,40,,62986,21510,2,
1987,s==9|Tầng 1987,61987,50001,21510,1,9,50,,,,2,1055,3,1,8,375500,1,41,40,,62987,23506,2,
1988,s==9|Tầng 1988,61988,50001,23506,1,9,50,,,,2,1055,3,1,8,375500,1,42,37,,62988,24501,2,
1989,s==9|Tầng 1989,61989,50001,22502,1,9,50,,,,2,1055,3,1,8,375500,1,43,40,,62989,25515,2,
1990,s==9|Tầng 1990,61990,50001,25515,2,1056,5,,,,2,1055,3,1,8,376500,1,44,40,,62990,24501,2,
1991,s==9|Tầng 1991,61991,50001,22502,1,9,50,,,,2,1055,3,1,8,376000,1,45,40,,62991,21510,2,
1992,s==9|Tầng 1992,61992,50001,23506,1,9,50,,,,2,1055,3,1,8,376000,1,46,35,,62992,24501,2,
1993,s==9|Tầng 1993,61993,50001,25513,1,9,50,,,,2,1055,3,1,8,376000,1,47,40,,62993,22502,2,
1994,s==9|Tầng 1994,61994,50001,21510,1,9,50,,,,2,1055,3,1,8,376000,1,48,40,,62994,23506,2,
1995,s==9|Tầng 1995,61995,50001,24503,2,1056,5,,,,2,1055,3,1,8,377000,1,49,40,,62995,25515,2,
1996,s==9|Tầng 1996,61996,50001,22502,1,9,50,,,,2,1055,3,1,8,376500,1,50,37,,62996,21510,2,
1997,s==9|Tầng 1997,61997,50001,21510,1,9,50,,,,2,1055,3,1,8,376500,1,51,40,,62997,23506,2,
1998,s==9|Tầng 1998,61998,50001,23506,1,9,50,,,,2,1055,3,1,8,376500,1,52,40,,62998,24501,2,
1999,s==9|Tầng 1999,61999,50001,22502,1,9,50,,,,2,1055,3,1,8,376500,1,53,40,,62999,25515,2,
2000,s==9|Tầng 2000,62000,50001,25515,2,1056,5,,,,2,1055,3,1,8,377500,1,54,35,,63000,24501,2,